testId	result	coveredStatements
comp5111.assignment.cut.Subject_randoop111_RegressionTest0#test001	PASS	<comp5111.assignment.cut.Subject$DateTimeAlgorithms: boolean checkValidDate(int,int,int)> ::: 3;<comp5111.assignment.cut.Subject$DateTimeAlgorithms: boolean checkValidDate(int,int,int)> ::: 4;<comp5111.assignment.cut.Subject$DateTimeAlgorithms: boolean checkValidDate(int,int,int)> ::: 5;<comp5111.assignment.cut.Subject$DateTimeAlgorithms: boolean checkValidDate(int,int,int)> ::: 6;<comp5111.assignment.cut.Subject$DateTimeAlgorithms: boolean checkValidDate(int,int,int)> ::: 7;<comp5111.assignment.cut.Subject$DateTimeAlgorithms: boolean checkValidDate(int,int,int)> ::: 8;<comp5111.assignment.cut.Subject$DateTimeAlgorithms: boolean checkValidDate(int,int,int)> ::: 9;<comp5111.assignment.cut.Subject$DateTimeAlgorithms: int calcDaysInMonth(int,int)> ::: 12;<comp5111.assignment.cut.Subject$DateTimeAlgorithms: int calcDaysInMonth(int,int)> ::: 13;<comp5111.assignment.cut.Subject$DateTimeAlgorithms: int calcDaysInMonth(int,int)> ::: 14;<comp5111.assignment.cut.Subject$DateTimeAlgorithms: int calcDaysInMonth(int,int)> ::: 15;<comp5111.assignment.cut.Subject$DateTimeAlgorithms: int calcDaysInMonth(int,int)> ::: 17;<comp5111.assignment.cut.Subject$DateTimeAlgorithms: int calcDaysInMonth(int,int)> ::: 2;<comp5111.assignment.cut.Subject$DateTimeAlgorithms: int calcDaysInMonth(int,int)> ::: 3;<comp5111.assignment.cut.Subject$DateTimeAlgorithms: int calcDaysInMonth(int,int)> ::: 5;<comp5111.assignment.cut.Subject$DateTimeAlgorithms: int daysBetweenDates(int,int,int,int,int,int)> ::: 10;<comp5111.assignment.cut.Subject$DateTimeAlgorithms: int daysBetweenDates(int,int,int,int,int,int)> ::: 11;<comp5111.assignment.cut.Subject$DateTimeAlgorithms: int daysBetweenDates(int,int,int,int,int,int)> ::: 12;<comp5111.assignment.cut.Subject$DateTimeAlgorithms: int daysBetweenDates(int,int,int,int,int,int)> ::: 13;<comp5111.assignment.cut.Subject$DateTimeAlgorithms: int daysBetweenDates(int,int,int,int,int,int)> ::: 14;<comp5111.assignment.cut.Subject$DateTimeAlgorithms: int daysBetweenDates(int,int,int,int,int,int)> ::: 6;<comp5111.assignment.cut.Subject$DateTimeAlgorithms: int daysBetweenDates(int,int,int,int,int,int)> ::: 7;<comp5111.assignment.cut.Subject$DateTimeAlgorithms: int daysBetweenDates(int,int,int,int,int,int)> ::: 8;<comp5111.assignment.cut.Subject$DateTimeAlgorithms: int daysBetweenDates(int,int,int,int,int,int)> ::: 9
comp5111.assignment.cut.Subject_randoop111_RegressionTest0#test002	PASS	<comp5111.assignment.cut.Subject$DateTimeAlgorithms: java.lang.String month2MonAbbr(int)> ::: 1;<comp5111.assignment.cut.Subject$DateTimeAlgorithms: java.lang.String month2MonAbbr(int)> ::: 2
comp5111.assignment.cut.Subject_randoop111_RegressionTest0#test003	PASS	<comp5111.assignment.cut.Subject$DateTimeAlgorithms: int monAbbr2month(java.lang.String)> ::: 1;<comp5111.assignment.cut.Subject$DateTimeAlgorithms: int monAbbr2month(java.lang.String)> ::: 10;<comp5111.assignment.cut.Subject$DateTimeAlgorithms: int monAbbr2month(java.lang.String)> ::: 11;<comp5111.assignment.cut.Subject$DateTimeAlgorithms: int monAbbr2month(java.lang.String)> ::: 12;<comp5111.assignment.cut.Subject$DateTimeAlgorithms: int monAbbr2month(java.lang.String)> ::: 14;<comp5111.assignment.cut.Subject$DateTimeAlgorithms: int monAbbr2month(java.lang.String)> ::: 16;<comp5111.assignment.cut.Subject$DateTimeAlgorithms: int monAbbr2month(java.lang.String)> ::: 18;<comp5111.assignment.cut.Subject$DateTimeAlgorithms: int monAbbr2month(java.lang.String)> ::: 2;<comp5111.assignment.cut.Subject$DateTimeAlgorithms: int monAbbr2month(java.lang.String)> ::: 20;<comp5111.assignment.cut.Subject$DateTimeAlgorithms: int monAbbr2month(java.lang.String)> ::: 22;<comp5111.assignment.cut.Subject$DateTimeAlgorithms: int monAbbr2month(java.lang.String)> ::: 24;<comp5111.assignment.cut.Subject$DateTimeAlgorithms: int monAbbr2month(java.lang.String)> ::: 26;<comp5111.assignment.cut.Subject$DateTimeAlgorithms: int monAbbr2month(java.lang.String)> ::: 28;<comp5111.assignment.cut.Subject$DateTimeAlgorithms: int monAbbr2month(java.lang.String)> ::: 3;<comp5111.assignment.cut.Subject$DateTimeAlgorithms: int monAbbr2month(java.lang.String)> ::: 30;<comp5111.assignment.cut.Subject$DateTimeAlgorithms: int monAbbr2month(java.lang.String)> ::: 32;<comp5111.assignment.cut.Subject$DateTimeAlgorithms: int monAbbr2month(java.lang.String)> ::: 34;<comp5111.assignment.cut.Subject$DateTimeAlgorithms: int monAbbr2month(java.lang.String)> ::: 36;<comp5111.assignment.cut.Subject$DateTimeAlgorithms: int monAbbr2month(java.lang.String)> ::: 5;<comp5111.assignment.cut.Subject$DateTimeAlgorithms: int monAbbr2month(java.lang.String)> ::: 6;<comp5111.assignment.cut.Subject$DateTimeAlgorithms: int monAbbr2month(java.lang.String)> ::: 7;<comp5111.assignment.cut.Subject$DateTimeAlgorithms: int monAbbr2month(java.lang.String)> ::: 8;<comp5111.assignment.cut.Subject$DateTimeAlgorithms: int monAbbr2month(java.lang.String)> ::: 9
comp5111.assignment.cut.Subject_randoop111_RegressionTest0#test004	PASS	<comp5111.assignment.cut.Subject$DateTimeAlgorithms: int daysBetweenDateStrings(java.lang.String,java.lang.String)> ::: 2;<comp5111.assignment.cut.Subject$DateTimeAlgorithms: int daysBetweenDateStrings(java.lang.String,java.lang.String)> ::: 3;<comp5111.assignment.cut.Subject$DateTimeAlgorithms: int daysBetweenDateStrings(java.lang.String,java.lang.String)> ::: 4;<comp5111.assignment.cut.Subject$DateTimeAlgorithms: int daysBetweenDateStrings(java.lang.String,java.lang.String)> ::: 5;<comp5111.assignment.cut.Subject$DateTimeAlgorithms: int daysBetweenDateStrings(java.lang.String,java.lang.String)> ::: 8
comp5111.assignment.cut.Subject_randoop111_RegressionTest0#test005	PASS	<comp5111.assignment.cut.Subject$DateTimeAlgorithms: java.lang.String roundSecondToString(long)> ::: 1;<comp5111.assignment.cut.Subject$DateTimeAlgorithms: java.lang.String roundSecondToString(long)> ::: 11;<comp5111.assignment.cut.Subject$DateTimeAlgorithms: java.lang.String roundSecondToString(long)> ::: 12;<comp5111.assignment.cut.Subject$DateTimeAlgorithms: java.lang.String roundSecondToString(long)> ::: 2;<comp5111.assignment.cut.Subject$DateTimeAlgorithms: java.lang.String roundSecondToString(long)> ::: 20;<comp5111.assignment.cut.Subject$DateTimeAlgorithms: java.lang.String roundSecondToString(long)> ::: 21;<comp5111.assignment.cut.Subject$DateTimeAlgorithms: java.lang.String roundSecondToString(long)> ::: 28;<comp5111.assignment.cut.Subject$DateTimeAlgorithms: java.lang.String roundSecondToString(long)> ::: 29;<comp5111.assignment.cut.Subject$DateTimeAlgorithms: java.lang.String roundSecondToString(long)> ::: 3;<comp5111.assignment.cut.Subject$DateTimeAlgorithms: java.lang.String roundSecondToString(long)> ::: 35;<comp5111.assignment.cut.Subject$DateTimeAlgorithms: java.lang.String roundSecondToString(long)> ::: 36;<comp5111.assignment.cut.Subject$DateTimeAlgorithms: java.lang.String roundSecondToString(long)> ::: 41;<comp5111.assignment.cut.Subject$DateTimeAlgorithms: java.lang.String roundSecondToString(long)> ::: 42;<comp5111.assignment.cut.Subject$DateTimeAlgorithms: java.lang.String roundSecondToString(long)> ::: 43;<comp5111.assignment.cut.Subject$DateTimeAlgorithms: java.lang.String roundSecondToString(long)> ::: 44;<comp5111.assignment.cut.Subject$DateTimeAlgorithms: java.lang.String roundSecondToString(long)> ::: 45
comp5111.assignment.cut.Subject_randoop111_RegressionTest0#test006	PASS	<comp5111.assignment.cut.Subject$DateTimeAlgorithms: java.lang.String firstDayOfMonth(int,int)> ::: 2;<comp5111.assignment.cut.Subject$DateTimeAlgorithms: java.lang.String firstDayOfMonth(int,int)> ::: 4
comp5111.assignment.cut.Subject_randoop111_RegressionTest0#test007	PASS	<comp5111.assignment.cut.Subject$DateTimeAlgorithms: void <init>()> ::: 1;<comp5111.assignment.cut.Subject$DateTimeAlgorithms: void <init>()> ::: 2
comp5111.assignment.cut.Subject_randoop111_RegressionTest0#test008	PASS	<comp5111.assignment.cut.Subject$StringAlgorithms: java.lang.Boolean strToBoolean(java.lang.String)> ::: 1;<comp5111.assignment.cut.Subject$StringAlgorithms: java.lang.Boolean strToBoolean(java.lang.String)> ::: 18;<comp5111.assignment.cut.Subject$StringAlgorithms: java.lang.Boolean strToBoolean(java.lang.String)> ::: 19;<comp5111.assignment.cut.Subject$StringAlgorithms: java.lang.Boolean strToBoolean(java.lang.String)> ::: 3;<comp5111.assignment.cut.Subject$StringAlgorithms: java.lang.Boolean strToBoolean(java.lang.String)> ::: 34;<comp5111.assignment.cut.Subject$StringAlgorithms: java.lang.Boolean strToBoolean(java.lang.String)> ::: 35;<comp5111.assignment.cut.Subject$StringAlgorithms: java.lang.Boolean strToBoolean(java.lang.String)> ::: 4;<comp5111.assignment.cut.Subject$StringAlgorithms: java.lang.Boolean strToBoolean(java.lang.String)> ::: 55;<comp5111.assignment.cut.Subject$StringAlgorithms: java.lang.Boolean strToBoolean(java.lang.String)> ::: 56;<comp5111.assignment.cut.Subject$StringAlgorithms: java.lang.Boolean strToBoolean(java.lang.String)> ::: 71;<comp5111.assignment.cut.Subject$StringAlgorithms: java.lang.Boolean strToBoolean(java.lang.String)> ::: 72;<comp5111.assignment.cut.Subject$StringAlgorithms: java.lang.Boolean strToBoolean(java.lang.String)> ::: 90
comp5111.assignment.cut.Subject_randoop111_RegressionTest0#test009	PASS	
comp5111.assignment.cut.Subject_randoop111_RegressionTest0#test010	PASS	<comp5111.assignment.cut.Subject$StringAlgorithms: int decodeOctets(int,java.nio.ByteBuffer,java.lang.StringBuilder)> ::: 3
comp5111.assignment.cut.Subject_randoop111_RegressionTest0#test011	PASS	
comp5111.assignment.cut.Subject_randoop111_RegressionTest0#test012	PASS	<comp5111.assignment.cut.Subject$DateTimeAlgorithms: boolean checkValidDate(int,int,int)> ::: 3;<comp5111.assignment.cut.Subject$DateTimeAlgorithms: boolean checkValidDate(int,int,int)> ::: 4;<comp5111.assignment.cut.Subject$DateTimeAlgorithms: boolean checkValidDate(int,int,int)> ::: 5;<comp5111.assignment.cut.Subject$DateTimeAlgorithms: int daysBetweenDates(int,int,int,int,int,int)> ::: 12;<comp5111.assignment.cut.Subject$DateTimeAlgorithms: int daysBetweenDates(int,int,int,int,int,int)> ::: 13;<comp5111.assignment.cut.Subject$DateTimeAlgorithms: int daysBetweenDates(int,int,int,int,int,int)> ::: 14;<comp5111.assignment.cut.Subject$DateTimeAlgorithms: int daysBetweenDates(int,int,int,int,int,int)> ::: 6;<comp5111.assignment.cut.Subject$DateTimeAlgorithms: int daysBetweenDates(int,int,int,int,int,int)> ::: 7;<comp5111.assignment.cut.Subject$DateTimeAlgorithms: int daysBetweenDates(int,int,int,int,int,int)> ::: 8;<comp5111.assignment.cut.Subject$DateTimeAlgorithms: int daysBetweenDates(int,int,int,int,int,int)> ::: 9
comp5111.assignment.cut.Subject_randoop111_RegressionTest0#test013	PASS	<comp5111.assignment.cut.Subject$StringAlgorithms: java.lang.String padLeft(java.lang.String,short,char)> ::: 3;<comp5111.assignment.cut.Subject$StringAlgorithms: java.lang.String padLeft(java.lang.String,short,char)> ::: 5;<comp5111.assignment.cut.Subject$StringAlgorithms: java.lang.String padLeft(java.lang.String,short,char)> ::: 6;<comp5111.assignment.cut.Subject$StringAlgorithms: java.lang.String padLeft(java.lang.String,short,char)> ::: 7;<comp5111.assignment.cut.Subject$StringAlgorithms: java.lang.String padLeft(java.lang.String,short,char)> ::: 8
comp5111.assignment.cut.Subject_randoop111_RegressionTest0#test014	PASS	<comp5111.assignment.cut.Subject$DateTimeAlgorithms: boolean judgeLeapYear(int)> ::: 1;<comp5111.assignment.cut.Subject$DateTimeAlgorithms: boolean judgeLeapYear(int)> ::: 2;<comp5111.assignment.cut.Subject$DateTimeAlgorithms: boolean judgeLeapYear(int)> ::: 4;<comp5111.assignment.cut.Subject$DateTimeAlgorithms: boolean judgeLeapYear(int)> ::: 5;<comp5111.assignment.cut.Subject$DateTimeAlgorithms: boolean judgeLeapYear(int)> ::: 6;<comp5111.assignment.cut.Subject$DateTimeAlgorithms: int daysInYear(int)> ::: 1;<comp5111.assignment.cut.Subject$DateTimeAlgorithms: int daysInYear(int)> ::: 2;<comp5111.assignment.cut.Subject$DateTimeAlgorithms: int daysInYear(int)> ::: 3;<comp5111.assignment.cut.Subject$DateTimeAlgorithms: int daysInYear(int)> ::: 4;<comp5111.assignment.cut.Subject$DateTimeAlgorithms: int daysInYear(int)> ::: 6
comp5111.assignment.cut.Subject_randoop111_RegressionTest0#test015	PASS	<comp5111.assignment.cut.Subject$DateTimeAlgorithms: int getQuarter(int)> ::: 1;<comp5111.assignment.cut.Subject$DateTimeAlgorithms: int getQuarter(int)> ::: 10;<comp5111.assignment.cut.Subject$DateTimeAlgorithms: int getQuarter(int)> ::: 2;<comp5111.assignment.cut.Subject$DateTimeAlgorithms: int getQuarter(int)> ::: 4;<comp5111.assignment.cut.Subject$DateTimeAlgorithms: int getQuarter(int)> ::: 6;<comp5111.assignment.cut.Subject$DateTimeAlgorithms: int getQuarter(int)> ::: 8
comp5111.assignment.cut.Subject_randoop111_RegressionTest0#test016	PASS	<comp5111.assignment.cut.Subject$DateTimeAlgorithms: java.lang.String roundSecondToString(long)> ::: 1;<comp5111.assignment.cut.Subject$DateTimeAlgorithms: java.lang.String roundSecondToString(long)> ::: 11;<comp5111.assignment.cut.Subject$DateTimeAlgorithms: java.lang.String roundSecondToString(long)> ::: 12;<comp5111.assignment.cut.Subject$DateTimeAlgorithms: java.lang.String roundSecondToString(long)> ::: 2;<comp5111.assignment.cut.Subject$DateTimeAlgorithms: java.lang.String roundSecondToString(long)> ::: 20;<comp5111.assignment.cut.Subject$DateTimeAlgorithms: java.lang.String roundSecondToString(long)> ::: 21;<comp5111.assignment.cut.Subject$DateTimeAlgorithms: java.lang.String roundSecondToString(long)> ::: 28;<comp5111.assignment.cut.Subject$DateTimeAlgorithms: java.lang.String roundSecondToString(long)> ::: 29;<comp5111.assignment.cut.Subject$DateTimeAlgorithms: java.lang.String roundSecondToString(long)> ::: 3;<comp5111.assignment.cut.Subject$DateTimeAlgorithms: java.lang.String roundSecondToString(long)> ::: 35;<comp5111.assignment.cut.Subject$DateTimeAlgorithms: java.lang.String roundSecondToString(long)> ::: 36;<comp5111.assignment.cut.Subject$DateTimeAlgorithms: java.lang.String roundSecondToString(long)> ::: 37;<comp5111.assignment.cut.Subject$DateTimeAlgorithms: java.lang.String roundSecondToString(long)> ::: 38;<comp5111.assignment.cut.Subject$DateTimeAlgorithms: java.lang.String roundSecondToString(long)> ::: 39;<comp5111.assignment.cut.Subject$DateTimeAlgorithms: java.lang.String roundSecondToString(long)> ::: 40;<comp5111.assignment.cut.Subject$DateTimeAlgorithms: java.lang.String roundSecondToString(long)> ::: 43;<comp5111.assignment.cut.Subject$DateTimeAlgorithms: java.lang.String roundSecondToString(long)> ::: 44;<comp5111.assignment.cut.Subject$DateTimeAlgorithms: java.lang.String roundSecondToString(long)> ::: 45
comp5111.assignment.cut.Subject_randoop111_RegressionTest0#test017	PASS	<comp5111.assignment.cut.Subject$DateTimeAlgorithms: int monthsBetween(int,int,int,int)> ::: 4;<comp5111.assignment.cut.Subject$DateTimeAlgorithms: int monthsBetween(int,int,int,int)> ::: 8
comp5111.assignment.cut.Subject_randoop111_RegressionTest0#test018	PASS	<comp5111.assignment.cut.Subject$StringAlgorithms: boolean startsWithIgnoreCase(java.lang.String,java.lang.String)> ::: 10;<comp5111.assignment.cut.Subject$StringAlgorithms: boolean startsWithIgnoreCase(java.lang.String,java.lang.String)> ::: 12;<comp5111.assignment.cut.Subject$StringAlgorithms: boolean startsWithIgnoreCase(java.lang.String,java.lang.String)> ::: 13;<comp5111.assignment.cut.Subject$StringAlgorithms: boolean startsWithIgnoreCase(java.lang.String,java.lang.String)> ::: 14;<comp5111.assignment.cut.Subject$StringAlgorithms: boolean startsWithIgnoreCase(java.lang.String,java.lang.String)> ::: 15;<comp5111.assignment.cut.Subject$StringAlgorithms: boolean startsWithIgnoreCase(java.lang.String,java.lang.String)> ::: 16;<comp5111.assignment.cut.Subject$StringAlgorithms: boolean startsWithIgnoreCase(java.lang.String,java.lang.String)> ::: 17;<comp5111.assignment.cut.Subject$StringAlgorithms: boolean startsWithIgnoreCase(java.lang.String,java.lang.String)> ::: 2;<comp5111.assignment.cut.Subject$StringAlgorithms: boolean startsWithIgnoreCase(java.lang.String,java.lang.String)> ::: 3;<comp5111.assignment.cut.Subject$StringAlgorithms: boolean startsWithIgnoreCase(java.lang.String,java.lang.String)> ::: 5;<comp5111.assignment.cut.Subject$StringAlgorithms: boolean startsWithIgnoreCase(java.lang.String,java.lang.String)> ::: 6;<comp5111.assignment.cut.Subject$StringAlgorithms: boolean startsWithIgnoreCase(java.lang.String,java.lang.String)> ::: 7;<comp5111.assignment.cut.Subject$StringAlgorithms: boolean startsWithIgnoreCase(java.lang.String,java.lang.String)> ::: 9
comp5111.assignment.cut.Subject_randoop111_RegressionTest0#test019	PASS	<comp5111.assignment.cut.Subject$StringAlgorithms: java.lang.String padLeft(java.lang.String,short,char)> ::: 10;<comp5111.assignment.cut.Subject$StringAlgorithms: java.lang.String padLeft(java.lang.String,short,char)> ::: 11;<comp5111.assignment.cut.Subject$StringAlgorithms: java.lang.String padLeft(java.lang.String,short,char)> ::: 12;<comp5111.assignment.cut.Subject$StringAlgorithms: java.lang.String padLeft(java.lang.String,short,char)> ::: 13;<comp5111.assignment.cut.Subject$StringAlgorithms: java.lang.String padLeft(java.lang.String,short,char)> ::: 14;<comp5111.assignment.cut.Subject$StringAlgorithms: java.lang.String padLeft(java.lang.String,short,char)> ::: 15;<comp5111.assignment.cut.Subject$StringAlgorithms: java.lang.String padLeft(java.lang.String,short,char)> ::: 16;<comp5111.assignment.cut.Subject$StringAlgorithms: java.lang.String padLeft(java.lang.String,short,char)> ::: 17;<comp5111.assignment.cut.Subject$StringAlgorithms: java.lang.String padLeft(java.lang.String,short,char)> ::: 18;<comp5111.assignment.cut.Subject$StringAlgorithms: java.lang.String padLeft(java.lang.String,short,char)> ::: 19;<comp5111.assignment.cut.Subject$StringAlgorithms: java.lang.String padLeft(java.lang.String,short,char)> ::: 3;<comp5111.assignment.cut.Subject$StringAlgorithms: java.lang.String padLeft(java.lang.String,short,char)> ::: 5;<comp5111.assignment.cut.Subject$StringAlgorithms: java.lang.String padLeft(java.lang.String,short,char)> ::: 6;<comp5111.assignment.cut.Subject$StringAlgorithms: java.lang.String padLeft(java.lang.String,short,char)> ::: 7;<comp5111.assignment.cut.Subject$StringAlgorithms: java.lang.String padLeft(java.lang.String,short,char)> ::: 9
comp5111.assignment.cut.Subject_randoop111_RegressionTest0#test020	PASS	<comp5111.assignment.cut.Subject$StringAlgorithms: int extractIntInStr(java.lang.String)> ::: 1;<comp5111.assignment.cut.Subject$StringAlgorithms: int extractIntInStr(java.lang.String)> ::: 10;<comp5111.assignment.cut.Subject$StringAlgorithms: int extractIntInStr(java.lang.String)> ::: 11;<comp5111.assignment.cut.Subject$StringAlgorithms: int extractIntInStr(java.lang.String)> ::: 16;<comp5111.assignment.cut.Subject$StringAlgorithms: int extractIntInStr(java.lang.String)> ::: 17;<comp5111.assignment.cut.Subject$StringAlgorithms: int extractIntInStr(java.lang.String)> ::: 2;<comp5111.assignment.cut.Subject$StringAlgorithms: int extractIntInStr(java.lang.String)> ::: 3;<comp5111.assignment.cut.Subject$StringAlgorithms: int extractIntInStr(java.lang.String)> ::: 5;<comp5111.assignment.cut.Subject$StringAlgorithms: int extractIntInStr(java.lang.String)> ::: 6;<comp5111.assignment.cut.Subject$StringAlgorithms: int extractIntInStr(java.lang.String)> ::: 7;<comp5111.assignment.cut.Subject$StringAlgorithms: int extractIntInStr(java.lang.String)> ::: 8;<comp5111.assignment.cut.Subject$StringAlgorithms: int extractIntInStr(java.lang.String)> ::: 9
comp5111.assignment.cut.Subject_randoop111_RegressionTest0#test021	PASS	<comp5111.assignment.cut.Subject$DateTimeAlgorithms: int monthsBetween(int,int,int,int)> ::: 4;<comp5111.assignment.cut.Subject$DateTimeAlgorithms: int monthsBetween(int,int,int,int)> ::: 5;<comp5111.assignment.cut.Subject$DateTimeAlgorithms: int monthsBetween(int,int,int,int)> ::: 8
comp5111.assignment.cut.Subject_randoop111_RegressionTest0#test022	PASS	<comp5111.assignment.cut.Subject$DateTimeAlgorithms: int daysBetweenDateStrings(java.lang.String,java.lang.String)> ::: 2;<comp5111.assignment.cut.Subject$DateTimeAlgorithms: int daysBetweenDateStrings(java.lang.String,java.lang.String)> ::: 3;<comp5111.assignment.cut.Subject$DateTimeAlgorithms: int daysBetweenDateStrings(java.lang.String,java.lang.String)> ::: 4;<comp5111.assignment.cut.Subject$DateTimeAlgorithms: int daysBetweenDateStrings(java.lang.String,java.lang.String)> ::: 5;<comp5111.assignment.cut.Subject$DateTimeAlgorithms: int daysBetweenDateStrings(java.lang.String,java.lang.String)> ::: 8
comp5111.assignment.cut.Subject_randoop111_RegressionTest0#test023	PASS	<comp5111.assignment.cut.Subject$DateTimeAlgorithms: java.lang.String roundSecondToString(long)> ::: 1;<comp5111.assignment.cut.Subject$DateTimeAlgorithms: java.lang.String roundSecondToString(long)> ::: 11;<comp5111.assignment.cut.Subject$DateTimeAlgorithms: java.lang.String roundSecondToString(long)> ::: 12;<comp5111.assignment.cut.Subject$DateTimeAlgorithms: java.lang.String roundSecondToString(long)> ::: 2;<comp5111.assignment.cut.Subject$DateTimeAlgorithms: java.lang.String roundSecondToString(long)> ::: 20;<comp5111.assignment.cut.Subject$DateTimeAlgorithms: java.lang.String roundSecondToString(long)> ::: 21;<comp5111.assignment.cut.Subject$DateTimeAlgorithms: java.lang.String roundSecondToString(long)> ::: 28;<comp5111.assignment.cut.Subject$DateTimeAlgorithms: java.lang.String roundSecondToString(long)> ::: 29;<comp5111.assignment.cut.Subject$DateTimeAlgorithms: java.lang.String roundSecondToString(long)> ::: 3;<comp5111.assignment.cut.Subject$DateTimeAlgorithms: java.lang.String roundSecondToString(long)> ::: 35;<comp5111.assignment.cut.Subject$DateTimeAlgorithms: java.lang.String roundSecondToString(long)> ::: 36;<comp5111.assignment.cut.Subject$DateTimeAlgorithms: java.lang.String roundSecondToString(long)> ::: 41;<comp5111.assignment.cut.Subject$DateTimeAlgorithms: java.lang.String roundSecondToString(long)> ::: 42;<comp5111.assignment.cut.Subject$DateTimeAlgorithms: java.lang.String roundSecondToString(long)> ::: 43;<comp5111.assignment.cut.Subject$DateTimeAlgorithms: java.lang.String roundSecondToString(long)> ::: 44;<comp5111.assignment.cut.Subject$DateTimeAlgorithms: java.lang.String roundSecondToString(long)> ::: 45
comp5111.assignment.cut.Subject_randoop111_RegressionTest0#test024	PASS	<comp5111.assignment.cut.Subject$DateTimeAlgorithms: boolean judgeLeapYear(int)> ::: 1;<comp5111.assignment.cut.Subject$DateTimeAlgorithms: boolean judgeLeapYear(int)> ::: 10;<comp5111.assignment.cut.Subject$DateTimeAlgorithms: boolean judgeLeapYear(int)> ::: 2;<comp5111.assignment.cut.Subject$DateTimeAlgorithms: boolean judgeLeapYear(int)> ::: 4;<comp5111.assignment.cut.Subject$DateTimeAlgorithms: boolean judgeLeapYear(int)> ::: 5;<comp5111.assignment.cut.Subject$DateTimeAlgorithms: boolean judgeLeapYear(int)> ::: 7;<comp5111.assignment.cut.Subject$DateTimeAlgorithms: boolean judgeLeapYear(int)> ::: 8;<comp5111.assignment.cut.Subject$DateTimeAlgorithms: int daysInYear(int)> ::: 1;<comp5111.assignment.cut.Subject$DateTimeAlgorithms: int daysInYear(int)> ::: 2;<comp5111.assignment.cut.Subject$DateTimeAlgorithms: int daysInYear(int)> ::: 5;<comp5111.assignment.cut.Subject$DateTimeAlgorithms: int daysInYear(int)> ::: 6
comp5111.assignment.cut.Subject_randoop111_RegressionTest0#test025	PASS	<comp5111.assignment.cut.Subject$DateTimeAlgorithms: int monAbbr2month(java.lang.String)> ::: 1;<comp5111.assignment.cut.Subject$DateTimeAlgorithms: int monAbbr2month(java.lang.String)> ::: 2;<comp5111.assignment.cut.Subject$DateTimeAlgorithms: int monAbbr2month(java.lang.String)> ::: 3;<comp5111.assignment.cut.Subject$DateTimeAlgorithms: int monAbbr2month(java.lang.String)> ::: 4
comp5111.assignment.cut.Subject_randoop111_RegressionTest0#test026	PASS	<comp5111.assignment.cut.Subject$DateTimeAlgorithms: boolean judgeLeapYear(int)> ::: 1;<comp5111.assignment.cut.Subject$DateTimeAlgorithms: boolean judgeLeapYear(int)> ::: 2;<comp5111.assignment.cut.Subject$DateTimeAlgorithms: boolean judgeLeapYear(int)> ::: 3;<comp5111.assignment.cut.Subject$DateTimeAlgorithms: int daysInYear(int)> ::: 1;<comp5111.assignment.cut.Subject$DateTimeAlgorithms: int daysInYear(int)> ::: 2;<comp5111.assignment.cut.Subject$DateTimeAlgorithms: int daysInYear(int)> ::: 5;<comp5111.assignment.cut.Subject$DateTimeAlgorithms: int daysInYear(int)> ::: 6
comp5111.assignment.cut.Subject_randoop111_RegressionTest0#test027	PASS	<comp5111.assignment.cut.Subject$DateTimeAlgorithms: boolean judgeLeapYear(int)> ::: 1;<comp5111.assignment.cut.Subject$DateTimeAlgorithms: boolean judgeLeapYear(int)> ::: 2;<comp5111.assignment.cut.Subject$DateTimeAlgorithms: boolean judgeLeapYear(int)> ::: 4;<comp5111.assignment.cut.Subject$DateTimeAlgorithms: boolean judgeLeapYear(int)> ::: 5;<comp5111.assignment.cut.Subject$DateTimeAlgorithms: boolean judgeLeapYear(int)> ::: 6;<comp5111.assignment.cut.Subject$DateTimeAlgorithms: int daysInYear(int)> ::: 1;<comp5111.assignment.cut.Subject$DateTimeAlgorithms: int daysInYear(int)> ::: 2;<comp5111.assignment.cut.Subject$DateTimeAlgorithms: int daysInYear(int)> ::: 3;<comp5111.assignment.cut.Subject$DateTimeAlgorithms: int daysInYear(int)> ::: 4;<comp5111.assignment.cut.Subject$DateTimeAlgorithms: int daysInYear(int)> ::: 6
comp5111.assignment.cut.Subject_randoop111_RegressionTest0#test028	PASS	
comp5111.assignment.cut.Subject_randoop111_RegressionTest0#test029	PASS	
comp5111.assignment.cut.Subject_randoop111_RegressionTest0#test030	PASS	<comp5111.assignment.cut.Subject$DateTimeAlgorithms: java.lang.String firstDayOfMonth(int,int)> ::: 10;<comp5111.assignment.cut.Subject$DateTimeAlgorithms: java.lang.String firstDayOfMonth(int,int)> ::: 11;<comp5111.assignment.cut.Subject$DateTimeAlgorithms: java.lang.String firstDayOfMonth(int,int)> ::: 2;<comp5111.assignment.cut.Subject$DateTimeAlgorithms: java.lang.String firstDayOfMonth(int,int)> ::: 3;<comp5111.assignment.cut.Subject$DateTimeAlgorithms: java.lang.String firstDayOfMonth(int,int)> ::: 5;<comp5111.assignment.cut.Subject$DateTimeAlgorithms: java.lang.String firstDayOfMonth(int,int)> ::: 6;<comp5111.assignment.cut.Subject$DateTimeAlgorithms: java.lang.String firstDayOfMonth(int,int)> ::: 7;<comp5111.assignment.cut.Subject$DateTimeAlgorithms: java.lang.String firstDayOfMonth(int,int)> ::: 8;<comp5111.assignment.cut.Subject$DateTimeAlgorithms: java.lang.String firstDayOfMonth(int,int)> ::: 9
comp5111.assignment.cut.Subject_randoop111_RegressionTest0#test031	PASS	<comp5111.assignment.cut.Subject$DateTimeAlgorithms: java.lang.String dayStr(int)> ::: 1;<comp5111.assignment.cut.Subject$DateTimeAlgorithms: java.lang.String dayStr(int)> ::: 10;<comp5111.assignment.cut.Subject$DateTimeAlgorithms: java.lang.String dayStr(int)> ::: 11;<comp5111.assignment.cut.Subject$DateTimeAlgorithms: java.lang.String dayStr(int)> ::: 14;<comp5111.assignment.cut.Subject$DateTimeAlgorithms: java.lang.String dayStr(int)> ::: 15;<comp5111.assignment.cut.Subject$DateTimeAlgorithms: java.lang.String dayStr(int)> ::: 18;<comp5111.assignment.cut.Subject$DateTimeAlgorithms: java.lang.String dayStr(int)> ::: 19;<comp5111.assignment.cut.Subject$DateTimeAlgorithms: java.lang.String dayStr(int)> ::: 2;<comp5111.assignment.cut.Subject$DateTimeAlgorithms: java.lang.String dayStr(int)> ::: 21;<comp5111.assignment.cut.Subject$DateTimeAlgorithms: java.lang.String dayStr(int)> ::: 22;<comp5111.assignment.cut.Subject$DateTimeAlgorithms: java.lang.String dayStr(int)> ::: 6;<comp5111.assignment.cut.Subject$DateTimeAlgorithms: java.lang.String dayStr(int)> ::: 7
comp5111.assignment.cut.Subject_randoop111_RegressionTest0#test032	PASS	<comp5111.assignment.cut.Subject$DateTimeAlgorithms: java.lang.String roundSecondToString(long)> ::: 1;<comp5111.assignment.cut.Subject$DateTimeAlgorithms: java.lang.String roundSecondToString(long)> ::: 11;<comp5111.assignment.cut.Subject$DateTimeAlgorithms: java.lang.String roundSecondToString(long)> ::: 12;<comp5111.assignment.cut.Subject$DateTimeAlgorithms: java.lang.String roundSecondToString(long)> ::: 2;<comp5111.assignment.cut.Subject$DateTimeAlgorithms: java.lang.String roundSecondToString(long)> ::: 20;<comp5111.assignment.cut.Subject$DateTimeAlgorithms: java.lang.String roundSecondToString(long)> ::: 21;<comp5111.assignment.cut.Subject$DateTimeAlgorithms: java.lang.String roundSecondToString(long)> ::: 28;<comp5111.assignment.cut.Subject$DateTimeAlgorithms: java.lang.String roundSecondToString(long)> ::: 29;<comp5111.assignment.cut.Subject$DateTimeAlgorithms: java.lang.String roundSecondToString(long)> ::: 3;<comp5111.assignment.cut.Subject$DateTimeAlgorithms: java.lang.String roundSecondToString(long)> ::: 35;<comp5111.assignment.cut.Subject$DateTimeAlgorithms: java.lang.String roundSecondToString(long)> ::: 36;<comp5111.assignment.cut.Subject$DateTimeAlgorithms: java.lang.String roundSecondToString(long)> ::: 41;<comp5111.assignment.cut.Subject$DateTimeAlgorithms: java.lang.String roundSecondToString(long)> ::: 42;<comp5111.assignment.cut.Subject$DateTimeAlgorithms: java.lang.String roundSecondToString(long)> ::: 43;<comp5111.assignment.cut.Subject$DateTimeAlgorithms: java.lang.String roundSecondToString(long)> ::: 44;<comp5111.assignment.cut.Subject$DateTimeAlgorithms: java.lang.String roundSecondToString(long)> ::: 45
comp5111.assignment.cut.Subject_randoop111_RegressionTest0#test033	PASS	
comp5111.assignment.cut.Subject_randoop111_RegressionTest0#test034	PASS	<comp5111.assignment.cut.Subject$StringAlgorithms: void enlarge(int,byte[],int)> ::: 3
comp5111.assignment.cut.Subject_randoop111_RegressionTest0#test035	PASS	<comp5111.assignment.cut.Subject$DateTimeAlgorithms: int calcDaysInMonth(int,int)> ::: 12;<comp5111.assignment.cut.Subject$DateTimeAlgorithms: int calcDaysInMonth(int,int)> ::: 13;<comp5111.assignment.cut.Subject$DateTimeAlgorithms: int calcDaysInMonth(int,int)> ::: 14;<comp5111.assignment.cut.Subject$DateTimeAlgorithms: int calcDaysInMonth(int,int)> ::: 15;<comp5111.assignment.cut.Subject$DateTimeAlgorithms: int calcDaysInMonth(int,int)> ::: 17;<comp5111.assignment.cut.Subject$DateTimeAlgorithms: int calcDaysInMonth(int,int)> ::: 2;<comp5111.assignment.cut.Subject$DateTimeAlgorithms: int calcDaysInMonth(int,int)> ::: 3;<comp5111.assignment.cut.Subject$DateTimeAlgorithms: int calcDaysInMonth(int,int)> ::: 5;<comp5111.assignment.cut.Subject$DateTimeAlgorithms: java.lang.String lastDayOfMonth(int,int)> ::: 10;<comp5111.assignment.cut.Subject$DateTimeAlgorithms: java.lang.String lastDayOfMonth(int,int)> ::: 11;<comp5111.assignment.cut.Subject$DateTimeAlgorithms: java.lang.String lastDayOfMonth(int,int)> ::: 12;<comp5111.assignment.cut.Subject$DateTimeAlgorithms: java.lang.String lastDayOfMonth(int,int)> ::: 13;<comp5111.assignment.cut.Subject$DateTimeAlgorithms: java.lang.String lastDayOfMonth(int,int)> ::: 2;<comp5111.assignment.cut.Subject$DateTimeAlgorithms: java.lang.String lastDayOfMonth(int,int)> ::: 3;<comp5111.assignment.cut.Subject$DateTimeAlgorithms: java.lang.String lastDayOfMonth(int,int)> ::: 5;<comp5111.assignment.cut.Subject$DateTimeAlgorithms: java.lang.String lastDayOfMonth(int,int)> ::: 6;<comp5111.assignment.cut.Subject$DateTimeAlgorithms: java.lang.String lastDayOfMonth(int,int)> ::: 7;<comp5111.assignment.cut.Subject$DateTimeAlgorithms: java.lang.String lastDayOfMonth(int,int)> ::: 8;<comp5111.assignment.cut.Subject$DateTimeAlgorithms: java.lang.String lastDayOfMonth(int,int)> ::: 9
comp5111.assignment.cut.Subject_randoop111_RegressionTest0#test036	PASS	<comp5111.assignment.cut.Subject$StringAlgorithms: int extractIntInStr(java.lang.String)> ::: 1;<comp5111.assignment.cut.Subject$StringAlgorithms: int extractIntInStr(java.lang.String)> ::: 10;<comp5111.assignment.cut.Subject$StringAlgorithms: int extractIntInStr(java.lang.String)> ::: 11;<comp5111.assignment.cut.Subject$StringAlgorithms: int extractIntInStr(java.lang.String)> ::: 16;<comp5111.assignment.cut.Subject$StringAlgorithms: int extractIntInStr(java.lang.String)> ::: 17;<comp5111.assignment.cut.Subject$StringAlgorithms: int extractIntInStr(java.lang.String)> ::: 2;<comp5111.assignment.cut.Subject$StringAlgorithms: int extractIntInStr(java.lang.String)> ::: 3;<comp5111.assignment.cut.Subject$StringAlgorithms: int extractIntInStr(java.lang.String)> ::: 5;<comp5111.assignment.cut.Subject$StringAlgorithms: int extractIntInStr(java.lang.String)> ::: 6;<comp5111.assignment.cut.Subject$StringAlgorithms: int extractIntInStr(java.lang.String)> ::: 7;<comp5111.assignment.cut.Subject$StringAlgorithms: int extractIntInStr(java.lang.String)> ::: 8;<comp5111.assignment.cut.Subject$StringAlgorithms: int extractIntInStr(java.lang.String)> ::: 9
comp5111.assignment.cut.Subject_randoop111_RegressionTest0#test037	PASS	<comp5111.assignment.cut.Subject$DateTimeAlgorithms: boolean judgeLeapYear(int)> ::: 1;<comp5111.assignment.cut.Subject$DateTimeAlgorithms: boolean judgeLeapYear(int)> ::: 2;<comp5111.assignment.cut.Subject$DateTimeAlgorithms: boolean judgeLeapYear(int)> ::: 4;<comp5111.assignment.cut.Subject$DateTimeAlgorithms: boolean judgeLeapYear(int)> ::: 5;<comp5111.assignment.cut.Subject$DateTimeAlgorithms: boolean judgeLeapYear(int)> ::: 7;<comp5111.assignment.cut.Subject$DateTimeAlgorithms: boolean judgeLeapYear(int)> ::: 8;<comp5111.assignment.cut.Subject$DateTimeAlgorithms: boolean judgeLeapYear(int)> ::: 9;<comp5111.assignment.cut.Subject$DateTimeAlgorithms: int daysInYear(int)> ::: 1;<comp5111.assignment.cut.Subject$DateTimeAlgorithms: int daysInYear(int)> ::: 2;<comp5111.assignment.cut.Subject$DateTimeAlgorithms: int daysInYear(int)> ::: 3;<comp5111.assignment.cut.Subject$DateTimeAlgorithms: int daysInYear(int)> ::: 4;<comp5111.assignment.cut.Subject$DateTimeAlgorithms: int daysInYear(int)> ::: 6
comp5111.assignment.cut.Subject_randoop111_RegressionTest0#test038	PASS	<comp5111.assignment.cut.Subject$StringAlgorithms: java.lang.Boolean strToBoolean(java.lang.String,java.lang.String,java.lang.String,java.lang.String)> ::: 13;<comp5111.assignment.cut.Subject$StringAlgorithms: java.lang.Boolean strToBoolean(java.lang.String,java.lang.String,java.lang.String,java.lang.String)> ::: 14;<comp5111.assignment.cut.Subject$StringAlgorithms: java.lang.Boolean strToBoolean(java.lang.String,java.lang.String,java.lang.String,java.lang.String)> ::: 17;<comp5111.assignment.cut.Subject$StringAlgorithms: java.lang.Boolean strToBoolean(java.lang.String,java.lang.String,java.lang.String,java.lang.String)> ::: 18;<comp5111.assignment.cut.Subject$StringAlgorithms: java.lang.Boolean strToBoolean(java.lang.String,java.lang.String,java.lang.String,java.lang.String)> ::: 21;<comp5111.assignment.cut.Subject$StringAlgorithms: java.lang.Boolean strToBoolean(java.lang.String,java.lang.String,java.lang.String,java.lang.String)> ::: 22;<comp5111.assignment.cut.Subject$StringAlgorithms: java.lang.Boolean strToBoolean(java.lang.String,java.lang.String,java.lang.String,java.lang.String)> ::: 24;<comp5111.assignment.cut.Subject$StringAlgorithms: java.lang.Boolean strToBoolean(java.lang.String,java.lang.String,java.lang.String,java.lang.String)> ::: 25;<comp5111.assignment.cut.Subject$StringAlgorithms: java.lang.Boolean strToBoolean(java.lang.String,java.lang.String,java.lang.String,java.lang.String)> ::: 26;<comp5111.assignment.cut.Subject$StringAlgorithms: java.lang.Boolean strToBoolean(java.lang.String,java.lang.String,java.lang.String,java.lang.String)> ::: 4
comp5111.assignment.cut.Subject_randoop111_RegressionTest0#test039	PASS	<comp5111.assignment.cut.Subject$StringAlgorithms: int decodeOctets(int,java.nio.ByteBuffer,java.lang.StringBuilder)> ::: 3
comp5111.assignment.cut.Subject_randoop111_RegressionTest0#test040	FAIL	<comp5111.assignment.cut.Subject$StringAlgorithms: int extractIntInStr(java.lang.String)> ::: 1;<comp5111.assignment.cut.Subject$StringAlgorithms: int extractIntInStr(java.lang.String)> ::: 10;<comp5111.assignment.cut.Subject$StringAlgorithms: int extractIntInStr(java.lang.String)> ::: 11;<comp5111.assignment.cut.Subject$StringAlgorithms: int extractIntInStr(java.lang.String)> ::: 12;<comp5111.assignment.cut.Subject$StringAlgorithms: int extractIntInStr(java.lang.String)> ::: 13;<comp5111.assignment.cut.Subject$StringAlgorithms: int extractIntInStr(java.lang.String)> ::: 14;<comp5111.assignment.cut.Subject$StringAlgorithms: int extractIntInStr(java.lang.String)> ::: 15;<comp5111.assignment.cut.Subject$StringAlgorithms: int extractIntInStr(java.lang.String)> ::: 16;<comp5111.assignment.cut.Subject$StringAlgorithms: int extractIntInStr(java.lang.String)> ::: 17;<comp5111.assignment.cut.Subject$StringAlgorithms: int extractIntInStr(java.lang.String)> ::: 2;<comp5111.assignment.cut.Subject$StringAlgorithms: int extractIntInStr(java.lang.String)> ::: 3;<comp5111.assignment.cut.Subject$StringAlgorithms: int extractIntInStr(java.lang.String)> ::: 5;<comp5111.assignment.cut.Subject$StringAlgorithms: int extractIntInStr(java.lang.String)> ::: 6;<comp5111.assignment.cut.Subject$StringAlgorithms: int extractIntInStr(java.lang.String)> ::: 7;<comp5111.assignment.cut.Subject$StringAlgorithms: int extractIntInStr(java.lang.String)> ::: 8;<comp5111.assignment.cut.Subject$StringAlgorithms: int extractIntInStr(java.lang.String)> ::: 9
comp5111.assignment.cut.Subject_randoop111_RegressionTest0#test041	PASS	<comp5111.assignment.cut.Subject$DateTimeAlgorithms: boolean checkValidDate(int,int,int)> ::: 3;<comp5111.assignment.cut.Subject$DateTimeAlgorithms: boolean checkValidDate(int,int,int)> ::: 4;<comp5111.assignment.cut.Subject$DateTimeAlgorithms: boolean checkValidDate(int,int,int)> ::: 5;<comp5111.assignment.cut.Subject$DateTimeAlgorithms: java.util.List listDatesBetween(int,int,int,int,int,int)> ::: 10;<comp5111.assignment.cut.Subject$DateTimeAlgorithms: java.util.List listDatesBetween(int,int,int,int,int,int)> ::: 13;<comp5111.assignment.cut.Subject$DateTimeAlgorithms: java.util.List listDatesBetween(int,int,int,int,int,int)> ::: 6;<comp5111.assignment.cut.Subject$DateTimeAlgorithms: java.util.List listDatesBetween(int,int,int,int,int,int)> ::: 7;<comp5111.assignment.cut.Subject$DateTimeAlgorithms: java.util.List listDatesBetween(int,int,int,int,int,int)> ::: 8;<comp5111.assignment.cut.Subject$DateTimeAlgorithms: java.util.List listDatesBetween(int,int,int,int,int,int)> ::: 9
comp5111.assignment.cut.Subject_randoop111_RegressionTest0#test042	PASS	<comp5111.assignment.cut.Subject$DateTimeAlgorithms: java.lang.String roundSecondToString(long)> ::: 1;<comp5111.assignment.cut.Subject$DateTimeAlgorithms: java.lang.String roundSecondToString(long)> ::: 11;<comp5111.assignment.cut.Subject$DateTimeAlgorithms: java.lang.String roundSecondToString(long)> ::: 12;<comp5111.assignment.cut.Subject$DateTimeAlgorithms: java.lang.String roundSecondToString(long)> ::: 2;<comp5111.assignment.cut.Subject$DateTimeAlgorithms: java.lang.String roundSecondToString(long)> ::: 20;<comp5111.assignment.cut.Subject$DateTimeAlgorithms: java.lang.String roundSecondToString(long)> ::: 21;<comp5111.assignment.cut.Subject$DateTimeAlgorithms: java.lang.String roundSecondToString(long)> ::: 28;<comp5111.assignment.cut.Subject$DateTimeAlgorithms: java.lang.String roundSecondToString(long)> ::: 29;<comp5111.assignment.cut.Subject$DateTimeAlgorithms: java.lang.String roundSecondToString(long)> ::: 3;<comp5111.assignment.cut.Subject$DateTimeAlgorithms: java.lang.String roundSecondToString(long)> ::: 35;<comp5111.assignment.cut.Subject$DateTimeAlgorithms: java.lang.String roundSecondToString(long)> ::: 36;<comp5111.assignment.cut.Subject$DateTimeAlgorithms: java.lang.String roundSecondToString(long)> ::: 41;<comp5111.assignment.cut.Subject$DateTimeAlgorithms: java.lang.String roundSecondToString(long)> ::: 42;<comp5111.assignment.cut.Subject$DateTimeAlgorithms: java.lang.String roundSecondToString(long)> ::: 43;<comp5111.assignment.cut.Subject$DateTimeAlgorithms: java.lang.String roundSecondToString(long)> ::: 44;<comp5111.assignment.cut.Subject$DateTimeAlgorithms: java.lang.String roundSecondToString(long)> ::: 45
comp5111.assignment.cut.Subject_randoop111_RegressionTest0#test043	PASS	<comp5111.assignment.cut.Subject$StringAlgorithms: void <init>()> ::: 1;<comp5111.assignment.cut.Subject$StringAlgorithms: void <init>()> ::: 2
comp5111.assignment.cut.Subject_randoop111_RegressionTest0#test044	PASS	<comp5111.assignment.cut.Subject$StringAlgorithms: java.lang.Boolean strToBoolean(java.lang.String)> ::: 1;<comp5111.assignment.cut.Subject$StringAlgorithms: java.lang.Boolean strToBoolean(java.lang.String)> ::: 18;<comp5111.assignment.cut.Subject$StringAlgorithms: java.lang.Boolean strToBoolean(java.lang.String)> ::: 19;<comp5111.assignment.cut.Subject$StringAlgorithms: java.lang.Boolean strToBoolean(java.lang.String)> ::: 3;<comp5111.assignment.cut.Subject$StringAlgorithms: java.lang.Boolean strToBoolean(java.lang.String)> ::: 34;<comp5111.assignment.cut.Subject$StringAlgorithms: java.lang.Boolean strToBoolean(java.lang.String)> ::: 35;<comp5111.assignment.cut.Subject$StringAlgorithms: java.lang.Boolean strToBoolean(java.lang.String)> ::: 36;<comp5111.assignment.cut.Subject$StringAlgorithms: java.lang.Boolean strToBoolean(java.lang.String)> ::: 37;<comp5111.assignment.cut.Subject$StringAlgorithms: java.lang.Boolean strToBoolean(java.lang.String)> ::: 38;<comp5111.assignment.cut.Subject$StringAlgorithms: java.lang.Boolean strToBoolean(java.lang.String)> ::: 39;<comp5111.assignment.cut.Subject$StringAlgorithms: java.lang.Boolean strToBoolean(java.lang.String)> ::: 4;<comp5111.assignment.cut.Subject$StringAlgorithms: java.lang.Boolean strToBoolean(java.lang.String)> ::: 40;<comp5111.assignment.cut.Subject$StringAlgorithms: java.lang.Boolean strToBoolean(java.lang.String)> ::: 47;<comp5111.assignment.cut.Subject$StringAlgorithms: java.lang.Boolean strToBoolean(java.lang.String)> ::: 48;<comp5111.assignment.cut.Subject$StringAlgorithms: java.lang.Boolean strToBoolean(java.lang.String)> ::: 90
comp5111.assignment.cut.Subject_randoop111_RegressionTest0#test045	PASS	<comp5111.assignment.cut.Subject$StringAlgorithms: java.lang.String padRight(java.lang.String,short,char)> ::: 3;<comp5111.assignment.cut.Subject$StringAlgorithms: java.lang.String padRight(java.lang.String,short,char)> ::: 5;<comp5111.assignment.cut.Subject$StringAlgorithms: java.lang.String padRight(java.lang.String,short,char)> ::: 6;<comp5111.assignment.cut.Subject$StringAlgorithms: java.lang.String padRight(java.lang.String,short,char)> ::: 7;<comp5111.assignment.cut.Subject$StringAlgorithms: java.lang.String padRight(java.lang.String,short,char)> ::: 8
comp5111.assignment.cut.Subject_randoop111_RegressionTest0#test046	PASS	
comp5111.assignment.cut.Subject_randoop111_RegressionTest0#test047	PASS	<comp5111.assignment.cut.Subject$DateTimeAlgorithms: java.lang.String month2MonAbbr(int)> ::: 1;<comp5111.assignment.cut.Subject$DateTimeAlgorithms: java.lang.String month2MonAbbr(int)> ::: 14
comp5111.assignment.cut.Subject_randoop111_RegressionTest0#test048	PASS	<comp5111.assignment.cut.Subject$DateTimeAlgorithms: java.lang.String dayStr(int)> ::: 1;<comp5111.assignment.cut.Subject$DateTimeAlgorithms: java.lang.String dayStr(int)> ::: 19;<comp5111.assignment.cut.Subject$DateTimeAlgorithms: java.lang.String dayStr(int)> ::: 2;<comp5111.assignment.cut.Subject$DateTimeAlgorithms: java.lang.String dayStr(int)> ::: 20;<comp5111.assignment.cut.Subject$DateTimeAlgorithms: java.lang.String dayStr(int)> ::: 22;<comp5111.assignment.cut.Subject$DateTimeAlgorithms: java.lang.String dayStr(int)> ::: 6;<comp5111.assignment.cut.Subject$DateTimeAlgorithms: java.lang.String dayStr(int)> ::: 7;<comp5111.assignment.cut.Subject$DateTimeAlgorithms: java.lang.String dayStr(int)> ::: 8;<comp5111.assignment.cut.Subject$DateTimeAlgorithms: java.lang.String dayStr(int)> ::: 9
comp5111.assignment.cut.Subject_randoop111_RegressionTest0#test049	PASS	<comp5111.assignment.cut.Subject$DateTimeAlgorithms: int daysBetweenDateStrings(java.lang.String,java.lang.String)> ::: 2;<comp5111.assignment.cut.Subject$DateTimeAlgorithms: int daysBetweenDateStrings(java.lang.String,java.lang.String)> ::: 3;<comp5111.assignment.cut.Subject$DateTimeAlgorithms: int daysBetweenDateStrings(java.lang.String,java.lang.String)> ::: 4;<comp5111.assignment.cut.Subject$DateTimeAlgorithms: int daysBetweenDateStrings(java.lang.String,java.lang.String)> ::: 5;<comp5111.assignment.cut.Subject$DateTimeAlgorithms: int daysBetweenDateStrings(java.lang.String,java.lang.String)> ::: 6;<comp5111.assignment.cut.Subject$DateTimeAlgorithms: int daysBetweenDateStrings(java.lang.String,java.lang.String)> ::: 7;<comp5111.assignment.cut.Subject$DateTimeAlgorithms: int daysBetweenDateStrings(java.lang.String,java.lang.String)> ::: 8
comp5111.assignment.cut.Subject_randoop111_RegressionTest0#test050	PASS	<comp5111.assignment.cut.Subject$DateTimeAlgorithms: boolean checkValidDate(int,int,int)> ::: 3;<comp5111.assignment.cut.Subject$DateTimeAlgorithms: boolean checkValidDate(int,int,int)> ::: 5;<comp5111.assignment.cut.Subject$DateTimeAlgorithms: java.util.List listDatesBetween(int,int,int,int,int,int)> ::: 10;<comp5111.assignment.cut.Subject$DateTimeAlgorithms: java.util.List listDatesBetween(int,int,int,int,int,int)> ::: 13;<comp5111.assignment.cut.Subject$DateTimeAlgorithms: java.util.List listDatesBetween(int,int,int,int,int,int)> ::: 6;<comp5111.assignment.cut.Subject$DateTimeAlgorithms: java.util.List listDatesBetween(int,int,int,int,int,int)> ::: 7;<comp5111.assignment.cut.Subject$DateTimeAlgorithms: java.util.List listDatesBetween(int,int,int,int,int,int)> ::: 8;<comp5111.assignment.cut.Subject$DateTimeAlgorithms: java.util.List listDatesBetween(int,int,int,int,int,int)> ::: 9
comp5111.assignment.cut.Subject_randoop111_RegressionTest0#test051	PASS	<comp5111.assignment.cut.Subject$StringAlgorithms: java.lang.Boolean strToBoolean(java.lang.String,java.lang.String,java.lang.String,java.lang.String)> ::: 13;<comp5111.assignment.cut.Subject$StringAlgorithms: java.lang.Boolean strToBoolean(java.lang.String,java.lang.String,java.lang.String,java.lang.String)> ::: 14;<comp5111.assignment.cut.Subject$StringAlgorithms: java.lang.Boolean strToBoolean(java.lang.String,java.lang.String,java.lang.String,java.lang.String)> ::: 17;<comp5111.assignment.cut.Subject$StringAlgorithms: java.lang.Boolean strToBoolean(java.lang.String,java.lang.String,java.lang.String,java.lang.String)> ::: 18;<comp5111.assignment.cut.Subject$StringAlgorithms: java.lang.Boolean strToBoolean(java.lang.String,java.lang.String,java.lang.String,java.lang.String)> ::: 19;<comp5111.assignment.cut.Subject$StringAlgorithms: java.lang.Boolean strToBoolean(java.lang.String,java.lang.String,java.lang.String,java.lang.String)> ::: 20;<comp5111.assignment.cut.Subject$StringAlgorithms: java.lang.Boolean strToBoolean(java.lang.String,java.lang.String,java.lang.String,java.lang.String)> ::: 4
comp5111.assignment.cut.Subject_randoop111_RegressionTest0#test052	PASS	<comp5111.assignment.cut.Subject$DateTimeAlgorithms: int calcDaysInMonth(int,int)> ::: 12;<comp5111.assignment.cut.Subject$DateTimeAlgorithms: int calcDaysInMonth(int,int)> ::: 13;<comp5111.assignment.cut.Subject$DateTimeAlgorithms: int calcDaysInMonth(int,int)> ::: 14;<comp5111.assignment.cut.Subject$DateTimeAlgorithms: int calcDaysInMonth(int,int)> ::: 15;<comp5111.assignment.cut.Subject$DateTimeAlgorithms: int calcDaysInMonth(int,int)> ::: 17;<comp5111.assignment.cut.Subject$DateTimeAlgorithms: int calcDaysInMonth(int,int)> ::: 2;<comp5111.assignment.cut.Subject$DateTimeAlgorithms: int calcDaysInMonth(int,int)> ::: 3;<comp5111.assignment.cut.Subject$DateTimeAlgorithms: int calcDaysInMonth(int,int)> ::: 5;<comp5111.assignment.cut.Subject$DateTimeAlgorithms: java.lang.String lastDayOfMonth(int,int)> ::: 10;<comp5111.assignment.cut.Subject$DateTimeAlgorithms: java.lang.String lastDayOfMonth(int,int)> ::: 11;<comp5111.assignment.cut.Subject$DateTimeAlgorithms: java.lang.String lastDayOfMonth(int,int)> ::: 12;<comp5111.assignment.cut.Subject$DateTimeAlgorithms: java.lang.String lastDayOfMonth(int,int)> ::: 13;<comp5111.assignment.cut.Subject$DateTimeAlgorithms: java.lang.String lastDayOfMonth(int,int)> ::: 2;<comp5111.assignment.cut.Subject$DateTimeAlgorithms: java.lang.String lastDayOfMonth(int,int)> ::: 3;<comp5111.assignment.cut.Subject$DateTimeAlgorithms: java.lang.String lastDayOfMonth(int,int)> ::: 5;<comp5111.assignment.cut.Subject$DateTimeAlgorithms: java.lang.String lastDayOfMonth(int,int)> ::: 6;<comp5111.assignment.cut.Subject$DateTimeAlgorithms: java.lang.String lastDayOfMonth(int,int)> ::: 7;<comp5111.assignment.cut.Subject$DateTimeAlgorithms: java.lang.String lastDayOfMonth(int,int)> ::: 8;<comp5111.assignment.cut.Subject$DateTimeAlgorithms: java.lang.String lastDayOfMonth(int,int)> ::: 9
comp5111.assignment.cut.Subject_randoop111_RegressionTest0#test053	PASS	<comp5111.assignment.cut.Subject$DateTimeAlgorithms: int monthsBetween(int,int,int,int)> ::: 4;<comp5111.assignment.cut.Subject$DateTimeAlgorithms: int monthsBetween(int,int,int,int)> ::: 5;<comp5111.assignment.cut.Subject$DateTimeAlgorithms: int monthsBetween(int,int,int,int)> ::: 8
comp5111.assignment.cut.Subject_randoop111_RegressionTest0#test054	PASS	<comp5111.assignment.cut.Subject$StringAlgorithms: boolean startsWithIgnoreCase(java.lang.String,java.lang.String)> ::: 10;<comp5111.assignment.cut.Subject$StringAlgorithms: boolean startsWithIgnoreCase(java.lang.String,java.lang.String)> ::: 12;<comp5111.assignment.cut.Subject$StringAlgorithms: boolean startsWithIgnoreCase(java.lang.String,java.lang.String)> ::: 13;<comp5111.assignment.cut.Subject$StringAlgorithms: boolean startsWithIgnoreCase(java.lang.String,java.lang.String)> ::: 14;<comp5111.assignment.cut.Subject$StringAlgorithms: boolean startsWithIgnoreCase(java.lang.String,java.lang.String)> ::: 15;<comp5111.assignment.cut.Subject$StringAlgorithms: boolean startsWithIgnoreCase(java.lang.String,java.lang.String)> ::: 16;<comp5111.assignment.cut.Subject$StringAlgorithms: boolean startsWithIgnoreCase(java.lang.String,java.lang.String)> ::: 17;<comp5111.assignment.cut.Subject$StringAlgorithms: boolean startsWithIgnoreCase(java.lang.String,java.lang.String)> ::: 2;<comp5111.assignment.cut.Subject$StringAlgorithms: boolean startsWithIgnoreCase(java.lang.String,java.lang.String)> ::: 3;<comp5111.assignment.cut.Subject$StringAlgorithms: boolean startsWithIgnoreCase(java.lang.String,java.lang.String)> ::: 5;<comp5111.assignment.cut.Subject$StringAlgorithms: boolean startsWithIgnoreCase(java.lang.String,java.lang.String)> ::: 6;<comp5111.assignment.cut.Subject$StringAlgorithms: boolean startsWithIgnoreCase(java.lang.String,java.lang.String)> ::: 7;<comp5111.assignment.cut.Subject$StringAlgorithms: boolean startsWithIgnoreCase(java.lang.String,java.lang.String)> ::: 9
comp5111.assignment.cut.Subject_randoop111_RegressionTest0#test055	PASS	<comp5111.assignment.cut.Subject$StringAlgorithms: java.lang.String padRight(java.lang.String,short,char)> ::: 3;<comp5111.assignment.cut.Subject$StringAlgorithms: java.lang.String padRight(java.lang.String,short,char)> ::: 5;<comp5111.assignment.cut.Subject$StringAlgorithms: java.lang.String padRight(java.lang.String,short,char)> ::: 6;<comp5111.assignment.cut.Subject$StringAlgorithms: java.lang.String padRight(java.lang.String,short,char)> ::: 7;<comp5111.assignment.cut.Subject$StringAlgorithms: java.lang.String padRight(java.lang.String,short,char)> ::: 8
comp5111.assignment.cut.Subject_randoop111_RegressionTest0#test056	PASS	<comp5111.assignment.cut.Subject$StringAlgorithms: boolean startsWithIgnoreCase(java.lang.String,java.lang.String)> ::: 2;<comp5111.assignment.cut.Subject$StringAlgorithms: boolean startsWithIgnoreCase(java.lang.String,java.lang.String)> ::: 3;<comp5111.assignment.cut.Subject$StringAlgorithms: boolean startsWithIgnoreCase(java.lang.String,java.lang.String)> ::: 5;<comp5111.assignment.cut.Subject$StringAlgorithms: boolean startsWithIgnoreCase(java.lang.String,java.lang.String)> ::: 6;<comp5111.assignment.cut.Subject$StringAlgorithms: boolean startsWithIgnoreCase(java.lang.String,java.lang.String)> ::: 7;<comp5111.assignment.cut.Subject$StringAlgorithms: boolean startsWithIgnoreCase(java.lang.String,java.lang.String)> ::: 8
comp5111.assignment.cut.Subject_randoop111_RegressionTest0#test057	PASS	<comp5111.assignment.cut.Subject$DateTimeAlgorithms: boolean checkValidDate(int,int,int)> ::: 3;<comp5111.assignment.cut.Subject$DateTimeAlgorithms: boolean checkValidDate(int,int,int)> ::: 4;<comp5111.assignment.cut.Subject$DateTimeAlgorithms: boolean checkValidDate(int,int,int)> ::: 6;<comp5111.assignment.cut.Subject$DateTimeAlgorithms: boolean checkValidDate(int,int,int)> ::: 7;<comp5111.assignment.cut.Subject$DateTimeAlgorithms: boolean checkValidDate(int,int,int)> ::: 8;<comp5111.assignment.cut.Subject$DateTimeAlgorithms: boolean checkValidDate(int,int,int)> ::: 9;<comp5111.assignment.cut.Subject$DateTimeAlgorithms: int calcDaysInMonth(int,int)> ::: 12;<comp5111.assignment.cut.Subject$DateTimeAlgorithms: int calcDaysInMonth(int,int)> ::: 13;<comp5111.assignment.cut.Subject$DateTimeAlgorithms: int calcDaysInMonth(int,int)> ::: 14;<comp5111.assignment.cut.Subject$DateTimeAlgorithms: int calcDaysInMonth(int,int)> ::: 15;<comp5111.assignment.cut.Subject$DateTimeAlgorithms: int calcDaysInMonth(int,int)> ::: 17;<comp5111.assignment.cut.Subject$DateTimeAlgorithms: int calcDaysInMonth(int,int)> ::: 2;<comp5111.assignment.cut.Subject$DateTimeAlgorithms: int calcDaysInMonth(int,int)> ::: 3;<comp5111.assignment.cut.Subject$DateTimeAlgorithms: int calcDaysInMonth(int,int)> ::: 5;<comp5111.assignment.cut.Subject$DateTimeAlgorithms: java.lang.String dayStr(int)> ::: 1;<comp5111.assignment.cut.Subject$DateTimeAlgorithms: java.lang.String dayStr(int)> ::: 19;<comp5111.assignment.cut.Subject$DateTimeAlgorithms: java.lang.String dayStr(int)> ::: 2;<comp5111.assignment.cut.Subject$DateTimeAlgorithms: java.lang.String dayStr(int)> ::: 20;<comp5111.assignment.cut.Subject$DateTimeAlgorithms: java.lang.String dayStr(int)> ::: 22;<comp5111.assignment.cut.Subject$DateTimeAlgorithms: java.lang.String dayStr(int)> ::: 6;<comp5111.assignment.cut.Subject$DateTimeAlgorithms: java.lang.String dayStr(int)> ::: 7;<comp5111.assignment.cut.Subject$DateTimeAlgorithms: java.lang.String dayStr(int)> ::: 8;<comp5111.assignment.cut.Subject$DateTimeAlgorithms: java.lang.String dayStr(int)> ::: 9;<comp5111.assignment.cut.Subject$DateTimeAlgorithms: java.lang.String formatFullDate(int,int,int)> ::: 3;<comp5111.assignment.cut.Subject$DateTimeAlgorithms: java.lang.String formatFullDate(int,int,int)> ::: 4;<comp5111.assignment.cut.Subject$DateTimeAlgorithms: java.lang.String formatFullDate(int,int,int)> ::: 6;<comp5111.assignment.cut.Subject$DateTimeAlgorithms: java.lang.String formatFullDate(int,int,int)> ::: 7;<comp5111.assignment.cut.Subject$DateTimeAlgorithms: java.lang.String formatFullDate(int,int,int)> ::: 8;<comp5111.assignment.cut.Subject$DateTimeAlgorithms: java.lang.String formatFullDate(int,int,int)> ::: 9;<comp5111.assignment.cut.Subject$DateTimeAlgorithms: java.lang.String month2MonAbbr(int)> ::: 1;<comp5111.assignment.cut.Subject$DateTimeAlgorithms: java.lang.String month2MonAbbr(int)> ::: 2
comp5111.assignment.cut.Subject_randoop111_RegressionTest0#test058	PASS	
comp5111.assignment.cut.Subject_randoop111_RegressionTest0#test059	PASS	<comp5111.assignment.cut.Subject$DateTimeAlgorithms: boolean judgeLeapYear(int)> ::: 1;<comp5111.assignment.cut.Subject$DateTimeAlgorithms: boolean judgeLeapYear(int)> ::: 2;<comp5111.assignment.cut.Subject$DateTimeAlgorithms: boolean judgeLeapYear(int)> ::: 4;<comp5111.assignment.cut.Subject$DateTimeAlgorithms: boolean judgeLeapYear(int)> ::: 5;<comp5111.assignment.cut.Subject$DateTimeAlgorithms: boolean judgeLeapYear(int)> ::: 6;<comp5111.assignment.cut.Subject$DateTimeAlgorithms: int daysInYear(int)> ::: 1;<comp5111.assignment.cut.Subject$DateTimeAlgorithms: int daysInYear(int)> ::: 2;<comp5111.assignment.cut.Subject$DateTimeAlgorithms: int daysInYear(int)> ::: 3;<comp5111.assignment.cut.Subject$DateTimeAlgorithms: int daysInYear(int)> ::: 4;<comp5111.assignment.cut.Subject$DateTimeAlgorithms: int daysInYear(int)> ::: 6
comp5111.assignment.cut.Subject_randoop111_RegressionTest0#test060	PASS	<comp5111.assignment.cut.Subject$StringAlgorithms: int decodeOctets(int,java.nio.ByteBuffer,java.lang.StringBuilder)> ::: 3
comp5111.assignment.cut.Subject_randoop111_RegressionTest0#test061	PASS	<comp5111.assignment.cut.Subject$StringAlgorithms: java.lang.Boolean strToBoolean(java.lang.String,java.lang.String,java.lang.String,java.lang.String)> ::: 13;<comp5111.assignment.cut.Subject$StringAlgorithms: java.lang.Boolean strToBoolean(java.lang.String,java.lang.String,java.lang.String,java.lang.String)> ::: 14;<comp5111.assignment.cut.Subject$StringAlgorithms: java.lang.Boolean strToBoolean(java.lang.String,java.lang.String,java.lang.String,java.lang.String)> ::: 17;<comp5111.assignment.cut.Subject$StringAlgorithms: java.lang.Boolean strToBoolean(java.lang.String,java.lang.String,java.lang.String,java.lang.String)> ::: 18;<comp5111.assignment.cut.Subject$StringAlgorithms: java.lang.Boolean strToBoolean(java.lang.String,java.lang.String,java.lang.String,java.lang.String)> ::: 21;<comp5111.assignment.cut.Subject$StringAlgorithms: java.lang.Boolean strToBoolean(java.lang.String,java.lang.String,java.lang.String,java.lang.String)> ::: 22;<comp5111.assignment.cut.Subject$StringAlgorithms: java.lang.Boolean strToBoolean(java.lang.String,java.lang.String,java.lang.String,java.lang.String)> ::: 24;<comp5111.assignment.cut.Subject$StringAlgorithms: java.lang.Boolean strToBoolean(java.lang.String,java.lang.String,java.lang.String,java.lang.String)> ::: 25;<comp5111.assignment.cut.Subject$StringAlgorithms: java.lang.Boolean strToBoolean(java.lang.String,java.lang.String,java.lang.String,java.lang.String)> ::: 26;<comp5111.assignment.cut.Subject$StringAlgorithms: java.lang.Boolean strToBoolean(java.lang.String,java.lang.String,java.lang.String,java.lang.String)> ::: 4
comp5111.assignment.cut.Subject_randoop111_RegressionTest0#test062	PASS	<comp5111.assignment.cut.Subject$DateTimeAlgorithms: int daysBetweenDateStrings(java.lang.String,java.lang.String)> ::: 2;<comp5111.assignment.cut.Subject$DateTimeAlgorithms: int daysBetweenDateStrings(java.lang.String,java.lang.String)> ::: 3;<comp5111.assignment.cut.Subject$DateTimeAlgorithms: int daysBetweenDateStrings(java.lang.String,java.lang.String)> ::: 4;<comp5111.assignment.cut.Subject$DateTimeAlgorithms: int daysBetweenDateStrings(java.lang.String,java.lang.String)> ::: 5;<comp5111.assignment.cut.Subject$DateTimeAlgorithms: int daysBetweenDateStrings(java.lang.String,java.lang.String)> ::: 8
comp5111.assignment.cut.Subject_randoop111_RegressionTest0#test063	PASS	
comp5111.assignment.cut.Subject_randoop111_RegressionTest0#test064	PASS	<comp5111.assignment.cut.Subject$DateTimeAlgorithms: boolean checkValidDate(int,int,int)> ::: 3;<comp5111.assignment.cut.Subject$DateTimeAlgorithms: boolean checkValidDate(int,int,int)> ::: 4;<comp5111.assignment.cut.Subject$DateTimeAlgorithms: boolean checkValidDate(int,int,int)> ::: 5;<comp5111.assignment.cut.Subject$DateTimeAlgorithms: int daysBetweenDates(int,int,int,int,int,int)> ::: 12;<comp5111.assignment.cut.Subject$DateTimeAlgorithms: int daysBetweenDates(int,int,int,int,int,int)> ::: 13;<comp5111.assignment.cut.Subject$DateTimeAlgorithms: int daysBetweenDates(int,int,int,int,int,int)> ::: 14;<comp5111.assignment.cut.Subject$DateTimeAlgorithms: int daysBetweenDates(int,int,int,int,int,int)> ::: 6;<comp5111.assignment.cut.Subject$DateTimeAlgorithms: int daysBetweenDates(int,int,int,int,int,int)> ::: 7;<comp5111.assignment.cut.Subject$DateTimeAlgorithms: int daysBetweenDates(int,int,int,int,int,int)> ::: 8;<comp5111.assignment.cut.Subject$DateTimeAlgorithms: int daysBetweenDates(int,int,int,int,int,int)> ::: 9
comp5111.assignment.cut.Subject_randoop111_RegressionTest0#test065	PASS	<comp5111.assignment.cut.Subject$DateTimeAlgorithms: java.lang.String dayStr(int)> ::: 1;<comp5111.assignment.cut.Subject$DateTimeAlgorithms: java.lang.String dayStr(int)> ::: 10;<comp5111.assignment.cut.Subject$DateTimeAlgorithms: java.lang.String dayStr(int)> ::: 11;<comp5111.assignment.cut.Subject$DateTimeAlgorithms: java.lang.String dayStr(int)> ::: 14;<comp5111.assignment.cut.Subject$DateTimeAlgorithms: java.lang.String dayStr(int)> ::: 15;<comp5111.assignment.cut.Subject$DateTimeAlgorithms: java.lang.String dayStr(int)> ::: 18;<comp5111.assignment.cut.Subject$DateTimeAlgorithms: java.lang.String dayStr(int)> ::: 19;<comp5111.assignment.cut.Subject$DateTimeAlgorithms: java.lang.String dayStr(int)> ::: 2;<comp5111.assignment.cut.Subject$DateTimeAlgorithms: java.lang.String dayStr(int)> ::: 20;<comp5111.assignment.cut.Subject$DateTimeAlgorithms: java.lang.String dayStr(int)> ::: 21;<comp5111.assignment.cut.Subject$DateTimeAlgorithms: java.lang.String dayStr(int)> ::: 22;<comp5111.assignment.cut.Subject$DateTimeAlgorithms: java.lang.String dayStr(int)> ::: 3;<comp5111.assignment.cut.Subject$DateTimeAlgorithms: java.lang.String dayStr(int)> ::: 6;<comp5111.assignment.cut.Subject$DateTimeAlgorithms: java.lang.String dayStr(int)> ::: 7
comp5111.assignment.cut.Subject_randoop111_RegressionTest0#test066	PASS	<comp5111.assignment.cut.Subject$StringAlgorithms: java.lang.String padLeft(java.lang.String,short,char)> ::: 3;<comp5111.assignment.cut.Subject$StringAlgorithms: java.lang.String padLeft(java.lang.String,short,char)> ::: 5;<comp5111.assignment.cut.Subject$StringAlgorithms: java.lang.String padLeft(java.lang.String,short,char)> ::: 6;<comp5111.assignment.cut.Subject$StringAlgorithms: java.lang.String padLeft(java.lang.String,short,char)> ::: 7;<comp5111.assignment.cut.Subject$StringAlgorithms: java.lang.String padLeft(java.lang.String,short,char)> ::: 8
comp5111.assignment.cut.Subject_randoop111_RegressionTest0#test067	PASS	
comp5111.assignment.cut.Subject_randoop111_RegressionTest0#test068	PASS	<comp5111.assignment.cut.Subject$DateTimeAlgorithms: int calcDaysInMonth(int,int)> ::: 12;<comp5111.assignment.cut.Subject$DateTimeAlgorithms: int calcDaysInMonth(int,int)> ::: 13;<comp5111.assignment.cut.Subject$DateTimeAlgorithms: int calcDaysInMonth(int,int)> ::: 14;<comp5111.assignment.cut.Subject$DateTimeAlgorithms: int calcDaysInMonth(int,int)> ::: 15;<comp5111.assignment.cut.Subject$DateTimeAlgorithms: int calcDaysInMonth(int,int)> ::: 17;<comp5111.assignment.cut.Subject$DateTimeAlgorithms: int calcDaysInMonth(int,int)> ::: 2;<comp5111.assignment.cut.Subject$DateTimeAlgorithms: int calcDaysInMonth(int,int)> ::: 3;<comp5111.assignment.cut.Subject$DateTimeAlgorithms: int calcDaysInMonth(int,int)> ::: 5;<comp5111.assignment.cut.Subject$DateTimeAlgorithms: java.lang.String lastDayOfMonth(int,int)> ::: 10;<comp5111.assignment.cut.Subject$DateTimeAlgorithms: java.lang.String lastDayOfMonth(int,int)> ::: 11;<comp5111.assignment.cut.Subject$DateTimeAlgorithms: java.lang.String lastDayOfMonth(int,int)> ::: 12;<comp5111.assignment.cut.Subject$DateTimeAlgorithms: java.lang.String lastDayOfMonth(int,int)> ::: 13;<comp5111.assignment.cut.Subject$DateTimeAlgorithms: java.lang.String lastDayOfMonth(int,int)> ::: 2;<comp5111.assignment.cut.Subject$DateTimeAlgorithms: java.lang.String lastDayOfMonth(int,int)> ::: 3;<comp5111.assignment.cut.Subject$DateTimeAlgorithms: java.lang.String lastDayOfMonth(int,int)> ::: 5;<comp5111.assignment.cut.Subject$DateTimeAlgorithms: java.lang.String lastDayOfMonth(int,int)> ::: 6;<comp5111.assignment.cut.Subject$DateTimeAlgorithms: java.lang.String lastDayOfMonth(int,int)> ::: 7;<comp5111.assignment.cut.Subject$DateTimeAlgorithms: java.lang.String lastDayOfMonth(int,int)> ::: 8;<comp5111.assignment.cut.Subject$DateTimeAlgorithms: java.lang.String lastDayOfMonth(int,int)> ::: 9
comp5111.assignment.cut.Subject_randoop111_RegressionTest0#test069	PASS	<comp5111.assignment.cut.Subject$StringAlgorithms: java.lang.Boolean strToBoolean(java.lang.String,java.lang.String,java.lang.String,java.lang.String)> ::: 13;<comp5111.assignment.cut.Subject$StringAlgorithms: java.lang.Boolean strToBoolean(java.lang.String,java.lang.String,java.lang.String,java.lang.String)> ::: 14;<comp5111.assignment.cut.Subject$StringAlgorithms: java.lang.Boolean strToBoolean(java.lang.String,java.lang.String,java.lang.String,java.lang.String)> ::: 15;<comp5111.assignment.cut.Subject$StringAlgorithms: java.lang.Boolean strToBoolean(java.lang.String,java.lang.String,java.lang.String,java.lang.String)> ::: 16;<comp5111.assignment.cut.Subject$StringAlgorithms: java.lang.Boolean strToBoolean(java.lang.String,java.lang.String,java.lang.String,java.lang.String)> ::: 4
comp5111.assignment.cut.Subject_randoop111_RegressionTest0#test070	PASS	<comp5111.assignment.cut.Subject$DateTimeAlgorithms: java.lang.String firstDayOfMonth(int,int)> ::: 2;<comp5111.assignment.cut.Subject$DateTimeAlgorithms: java.lang.String firstDayOfMonth(int,int)> ::: 4
comp5111.assignment.cut.Subject_randoop111_RegressionTest0#test071	FAIL	<comp5111.assignment.cut.Subject$DateTimeAlgorithms: boolean checkValidDate(int,int,int)> ::: 10;<comp5111.assignment.cut.Subject$DateTimeAlgorithms: boolean checkValidDate(int,int,int)> ::: 3;<comp5111.assignment.cut.Subject$DateTimeAlgorithms: boolean checkValidDate(int,int,int)> ::: 4;<comp5111.assignment.cut.Subject$DateTimeAlgorithms: boolean checkValidDate(int,int,int)> ::: 6;<comp5111.assignment.cut.Subject$DateTimeAlgorithms: boolean checkValidDate(int,int,int)> ::: 7;<comp5111.assignment.cut.Subject$DateTimeAlgorithms: boolean checkValidDate(int,int,int)> ::: 8;<comp5111.assignment.cut.Subject$DateTimeAlgorithms: int calcDaysInMonth(int,int)> ::: 12;<comp5111.assignment.cut.Subject$DateTimeAlgorithms: int calcDaysInMonth(int,int)> ::: 13;<comp5111.assignment.cut.Subject$DateTimeAlgorithms: int calcDaysInMonth(int,int)> ::: 14;<comp5111.assignment.cut.Subject$DateTimeAlgorithms: int calcDaysInMonth(int,int)> ::: 15;<comp5111.assignment.cut.Subject$DateTimeAlgorithms: int calcDaysInMonth(int,int)> ::: 17;<comp5111.assignment.cut.Subject$DateTimeAlgorithms: int calcDaysInMonth(int,int)> ::: 2;<comp5111.assignment.cut.Subject$DateTimeAlgorithms: int calcDaysInMonth(int,int)> ::: 3;<comp5111.assignment.cut.Subject$DateTimeAlgorithms: int calcDaysInMonth(int,int)> ::: 5;<comp5111.assignment.cut.Subject$DateTimeAlgorithms: int daysBetweenDateStrings(java.lang.String,java.lang.String)> ::: 10;<comp5111.assignment.cut.Subject$DateTimeAlgorithms: int daysBetweenDateStrings(java.lang.String,java.lang.String)> ::: 11;<comp5111.assignment.cut.Subject$DateTimeAlgorithms: int daysBetweenDateStrings(java.lang.String,java.lang.String)> ::: 12;<comp5111.assignment.cut.Subject$DateTimeAlgorithms: int daysBetweenDateStrings(java.lang.String,java.lang.String)> ::: 13;<comp5111.assignment.cut.Subject$DateTimeAlgorithms: int daysBetweenDateStrings(java.lang.String,java.lang.String)> ::: 14;<comp5111.assignment.cut.Subject$DateTimeAlgorithms: int daysBetweenDateStrings(java.lang.String,java.lang.String)> ::: 15;<comp5111.assignment.cut.Subject$DateTimeAlgorithms: int daysBetweenDateStrings(java.lang.String,java.lang.String)> ::: 16;<comp5111.assignment.cut.Subject$DateTimeAlgorithms: int daysBetweenDateStrings(java.lang.String,java.lang.String)> ::: 17;<comp5111.assignment.cut.Subject$DateTimeAlgorithms: int daysBetweenDateStrings(java.lang.String,java.lang.String)> ::: 18;<comp5111.assignment.cut.Subject$DateTimeAlgorithms: int daysBetweenDateStrings(java.lang.String,java.lang.String)> ::: 19;<comp5111.assignment.cut.Subject$DateTimeAlgorithms: int daysBetweenDateStrings(java.lang.String,java.lang.String)> ::: 2;<comp5111.assignment.cut.Subject$DateTimeAlgorithms: int daysBetweenDateStrings(java.lang.String,java.lang.String)> ::: 20;<comp5111.assignment.cut.Subject$DateTimeAlgorithms: int daysBetweenDateStrings(java.lang.String,java.lang.String)> ::: 21;<comp5111.assignment.cut.Subject$DateTimeAlgorithms: int daysBetweenDateStrings(java.lang.String,java.lang.String)> ::: 24;<comp5111.assignment.cut.Subject$DateTimeAlgorithms: int daysBetweenDateStrings(java.lang.String,java.lang.String)> ::: 25;<comp5111.assignment.cut.Subject$DateTimeAlgorithms: int daysBetweenDateStrings(java.lang.String,java.lang.String)> ::: 3;<comp5111.assignment.cut.Subject$DateTimeAlgorithms: int daysBetweenDateStrings(java.lang.String,java.lang.String)> ::: 4;<comp5111.assignment.cut.Subject$DateTimeAlgorithms: int daysBetweenDateStrings(java.lang.String,java.lang.String)> ::: 5;<comp5111.assignment.cut.Subject$DateTimeAlgorithms: int daysBetweenDateStrings(java.lang.String,java.lang.String)> ::: 6;<comp5111.assignment.cut.Subject$DateTimeAlgorithms: int daysBetweenDateStrings(java.lang.String,java.lang.String)> ::: 7;<comp5111.assignment.cut.Subject$DateTimeAlgorithms: int daysBetweenDateStrings(java.lang.String,java.lang.String)> ::: 9;<comp5111.assignment.cut.Subject$DateTimeAlgorithms: int daysBetweenDates(int,int,int,int,int,int)> ::: 12;<comp5111.assignment.cut.Subject$DateTimeAlgorithms: int daysBetweenDates(int,int,int,int,int,int)> ::: 13;<comp5111.assignment.cut.Subject$DateTimeAlgorithms: int daysBetweenDates(int,int,int,int,int,int)> ::: 14;<comp5111.assignment.cut.Subject$DateTimeAlgorithms: int daysBetweenDates(int,int,int,int,int,int)> ::: 6;<comp5111.assignment.cut.Subject$DateTimeAlgorithms: int daysBetweenDates(int,int,int,int,int,int)> ::: 7;<comp5111.assignment.cut.Subject$DateTimeAlgorithms: int daysBetweenDates(int,int,int,int,int,int)> ::: 8;<comp5111.assignment.cut.Subject$DateTimeAlgorithms: int daysBetweenDates(int,int,int,int,int,int)> ::: 9
comp5111.assignment.cut.Subject_randoop111_RegressionTest0#test072	PASS	
comp5111.assignment.cut.Subject_randoop111_RegressionTest0#test073	PASS	<comp5111.assignment.cut.Subject$GameConfiguration: void <init>(comp5111.assignment.cut.Subject,int,comp5111.assignment.cut.Subject$GamePlayer[])> ::: 10;<comp5111.assignment.cut.Subject$GameConfiguration: void <init>(comp5111.assignment.cut.Subject,int,comp5111.assignment.cut.Subject$GamePlayer[])> ::: 11;<comp5111.assignment.cut.Subject$GameConfiguration: void <init>(comp5111.assignment.cut.Subject,int,comp5111.assignment.cut.Subject$GamePlayer[])> ::: 12;<comp5111.assignment.cut.Subject$GameConfiguration: void <init>(comp5111.assignment.cut.Subject,int,comp5111.assignment.cut.Subject$GamePlayer[])> ::: 13;<comp5111.assignment.cut.Subject$GameConfiguration: void <init>(comp5111.assignment.cut.Subject,int,comp5111.assignment.cut.Subject$GamePlayer[])> ::: 14;<comp5111.assignment.cut.Subject$GameConfiguration: void <init>(comp5111.assignment.cut.Subject,int,comp5111.assignment.cut.Subject$GamePlayer[])> ::: 4;<comp5111.assignment.cut.Subject$GameConfiguration: void <init>(comp5111.assignment.cut.Subject,int,comp5111.assignment.cut.Subject$GamePlayer[])> ::: 5;<comp5111.assignment.cut.Subject$GameConfiguration: void <init>(comp5111.assignment.cut.Subject,int,comp5111.assignment.cut.Subject$GamePlayer[])> ::: 6;<comp5111.assignment.cut.Subject: void <init>()> ::: 1;<comp5111.assignment.cut.Subject: void <init>()> ::: 2
comp5111.assignment.cut.Subject_randoop111_RegressionTest0#test074	PASS	<comp5111.assignment.cut.Subject$DateTimeAlgorithms: java.lang.String dayStr(int)> ::: 1;<comp5111.assignment.cut.Subject$DateTimeAlgorithms: java.lang.String dayStr(int)> ::: 10;<comp5111.assignment.cut.Subject$DateTimeAlgorithms: java.lang.String dayStr(int)> ::: 11;<comp5111.assignment.cut.Subject$DateTimeAlgorithms: java.lang.String dayStr(int)> ::: 14;<comp5111.assignment.cut.Subject$DateTimeAlgorithms: java.lang.String dayStr(int)> ::: 15;<comp5111.assignment.cut.Subject$DateTimeAlgorithms: java.lang.String dayStr(int)> ::: 18;<comp5111.assignment.cut.Subject$DateTimeAlgorithms: java.lang.String dayStr(int)> ::: 19;<comp5111.assignment.cut.Subject$DateTimeAlgorithms: java.lang.String dayStr(int)> ::: 2;<comp5111.assignment.cut.Subject$DateTimeAlgorithms: java.lang.String dayStr(int)> ::: 21;<comp5111.assignment.cut.Subject$DateTimeAlgorithms: java.lang.String dayStr(int)> ::: 22;<comp5111.assignment.cut.Subject$DateTimeAlgorithms: java.lang.String dayStr(int)> ::: 6;<comp5111.assignment.cut.Subject$DateTimeAlgorithms: java.lang.String dayStr(int)> ::: 7
comp5111.assignment.cut.Subject_randoop111_RegressionTest0#test075	PASS	<comp5111.assignment.cut.Subject$StringAlgorithms: java.lang.String padRight(java.lang.String,short,char)> ::: 10;<comp5111.assignment.cut.Subject$StringAlgorithms: java.lang.String padRight(java.lang.String,short,char)> ::: 11;<comp5111.assignment.cut.Subject$StringAlgorithms: java.lang.String padRight(java.lang.String,short,char)> ::: 12;<comp5111.assignment.cut.Subject$StringAlgorithms: java.lang.String padRight(java.lang.String,short,char)> ::: 13;<comp5111.assignment.cut.Subject$StringAlgorithms: java.lang.String padRight(java.lang.String,short,char)> ::: 14;<comp5111.assignment.cut.Subject$StringAlgorithms: java.lang.String padRight(java.lang.String,short,char)> ::: 15;<comp5111.assignment.cut.Subject$StringAlgorithms: java.lang.String padRight(java.lang.String,short,char)> ::: 16;<comp5111.assignment.cut.Subject$StringAlgorithms: java.lang.String padRight(java.lang.String,short,char)> ::: 17;<comp5111.assignment.cut.Subject$StringAlgorithms: java.lang.String padRight(java.lang.String,short,char)> ::: 18;<comp5111.assignment.cut.Subject$StringAlgorithms: java.lang.String padRight(java.lang.String,short,char)> ::: 3;<comp5111.assignment.cut.Subject$StringAlgorithms: java.lang.String padRight(java.lang.String,short,char)> ::: 5;<comp5111.assignment.cut.Subject$StringAlgorithms: java.lang.String padRight(java.lang.String,short,char)> ::: 6;<comp5111.assignment.cut.Subject$StringAlgorithms: java.lang.String padRight(java.lang.String,short,char)> ::: 7;<comp5111.assignment.cut.Subject$StringAlgorithms: java.lang.String padRight(java.lang.String,short,char)> ::: 9
comp5111.assignment.cut.Subject_randoop111_RegressionTest0#test076	PASS	<comp5111.assignment.cut.Subject$DateTimeAlgorithms: int daysBetweenDateStrings(java.lang.String,java.lang.String)> ::: 2;<comp5111.assignment.cut.Subject$DateTimeAlgorithms: int daysBetweenDateStrings(java.lang.String,java.lang.String)> ::: 3;<comp5111.assignment.cut.Subject$DateTimeAlgorithms: int daysBetweenDateStrings(java.lang.String,java.lang.String)> ::: 4;<comp5111.assignment.cut.Subject$DateTimeAlgorithms: int daysBetweenDateStrings(java.lang.String,java.lang.String)> ::: 5;<comp5111.assignment.cut.Subject$DateTimeAlgorithms: int daysBetweenDateStrings(java.lang.String,java.lang.String)> ::: 8
comp5111.assignment.cut.Subject_randoop111_RegressionTest0#test077	PASS	<comp5111.assignment.cut.Subject$DateTimeAlgorithms: java.lang.String firstDayOfMonth(int,int)> ::: 2;<comp5111.assignment.cut.Subject$DateTimeAlgorithms: java.lang.String firstDayOfMonth(int,int)> ::: 3;<comp5111.assignment.cut.Subject$DateTimeAlgorithms: java.lang.String firstDayOfMonth(int,int)> ::: 4
comp5111.assignment.cut.Subject_randoop111_RegressionTest0#test078	PASS	<comp5111.assignment.cut.Subject$StringAlgorithms: int decodeOctets(int,java.nio.ByteBuffer,java.lang.StringBuilder)> ::: 3
comp5111.assignment.cut.Subject_randoop111_RegressionTest0#test079	PASS	<comp5111.assignment.cut.Subject$DateTimeAlgorithms: boolean checkValidDate(int,int,int)> ::: 3;<comp5111.assignment.cut.Subject$DateTimeAlgorithms: boolean checkValidDate(int,int,int)> ::: 4;<comp5111.assignment.cut.Subject$DateTimeAlgorithms: boolean checkValidDate(int,int,int)> ::: 5;<comp5111.assignment.cut.Subject$DateTimeAlgorithms: java.lang.String formatFullDate(int,int,int)> ::: 3;<comp5111.assignment.cut.Subject$DateTimeAlgorithms: java.lang.String formatFullDate(int,int,int)> ::: 4;<comp5111.assignment.cut.Subject$DateTimeAlgorithms: java.lang.String formatFullDate(int,int,int)> ::: 5
comp5111.assignment.cut.Subject_randoop111_RegressionTest0#test080	PASS	<comp5111.assignment.cut.Subject$StringAlgorithms: java.lang.Boolean strToBoolean(java.lang.String,java.lang.String,java.lang.String,java.lang.String)> ::: 13;<comp5111.assignment.cut.Subject$StringAlgorithms: java.lang.Boolean strToBoolean(java.lang.String,java.lang.String,java.lang.String,java.lang.String)> ::: 14;<comp5111.assignment.cut.Subject$StringAlgorithms: java.lang.Boolean strToBoolean(java.lang.String,java.lang.String,java.lang.String,java.lang.String)> ::: 17;<comp5111.assignment.cut.Subject$StringAlgorithms: java.lang.Boolean strToBoolean(java.lang.String,java.lang.String,java.lang.String,java.lang.String)> ::: 18;<comp5111.assignment.cut.Subject$StringAlgorithms: java.lang.Boolean strToBoolean(java.lang.String,java.lang.String,java.lang.String,java.lang.String)> ::: 21;<comp5111.assignment.cut.Subject$StringAlgorithms: java.lang.Boolean strToBoolean(java.lang.String,java.lang.String,java.lang.String,java.lang.String)> ::: 22;<comp5111.assignment.cut.Subject$StringAlgorithms: java.lang.Boolean strToBoolean(java.lang.String,java.lang.String,java.lang.String,java.lang.String)> ::: 24;<comp5111.assignment.cut.Subject$StringAlgorithms: java.lang.Boolean strToBoolean(java.lang.String,java.lang.String,java.lang.String,java.lang.String)> ::: 25;<comp5111.assignment.cut.Subject$StringAlgorithms: java.lang.Boolean strToBoolean(java.lang.String,java.lang.String,java.lang.String,java.lang.String)> ::: 26;<comp5111.assignment.cut.Subject$StringAlgorithms: java.lang.Boolean strToBoolean(java.lang.String,java.lang.String,java.lang.String,java.lang.String)> ::: 4
comp5111.assignment.cut.Subject_randoop111_RegressionTest0#test081	PASS	<comp5111.assignment.cut.Subject$DateTimeAlgorithms: int calcDaysInMonth(int,int)> ::: 2;<comp5111.assignment.cut.Subject$DateTimeAlgorithms: int calcDaysInMonth(int,int)> ::: 3;<comp5111.assignment.cut.Subject$DateTimeAlgorithms: int calcDaysInMonth(int,int)> ::: 4;<comp5111.assignment.cut.Subject$DateTimeAlgorithms: java.lang.String lastDayOfMonth(int,int)> ::: 2;<comp5111.assignment.cut.Subject$DateTimeAlgorithms: java.lang.String lastDayOfMonth(int,int)> ::: 3;<comp5111.assignment.cut.Subject$DateTimeAlgorithms: java.lang.String lastDayOfMonth(int,int)> ::: 4
comp5111.assignment.cut.Subject_randoop111_RegressionTest0#test082	PASS	<comp5111.assignment.cut.Subject$DateTimeAlgorithms: java.lang.String dayStr(int)> ::: 1;<comp5111.assignment.cut.Subject$DateTimeAlgorithms: java.lang.String dayStr(int)> ::: 19;<comp5111.assignment.cut.Subject$DateTimeAlgorithms: java.lang.String dayStr(int)> ::: 2;<comp5111.assignment.cut.Subject$DateTimeAlgorithms: java.lang.String dayStr(int)> ::: 20;<comp5111.assignment.cut.Subject$DateTimeAlgorithms: java.lang.String dayStr(int)> ::: 22;<comp5111.assignment.cut.Subject$DateTimeAlgorithms: java.lang.String dayStr(int)> ::: 6;<comp5111.assignment.cut.Subject$DateTimeAlgorithms: java.lang.String dayStr(int)> ::: 7;<comp5111.assignment.cut.Subject$DateTimeAlgorithms: java.lang.String dayStr(int)> ::: 8;<comp5111.assignment.cut.Subject$DateTimeAlgorithms: java.lang.String dayStr(int)> ::: 9
comp5111.assignment.cut.Subject_randoop111_RegressionTest0#test083	PASS	<comp5111.assignment.cut.Subject$GameConfiguration: void <init>(comp5111.assignment.cut.Subject,int)> ::: 10;<comp5111.assignment.cut.Subject$GameConfiguration: void <init>(comp5111.assignment.cut.Subject,int)> ::: 3;<comp5111.assignment.cut.Subject$GameConfiguration: void <init>(comp5111.assignment.cut.Subject,int)> ::: 4;<comp5111.assignment.cut.Subject$GameConfiguration: void <init>(comp5111.assignment.cut.Subject,int)> ::: 5;<comp5111.assignment.cut.Subject$GameConfiguration: void <init>(comp5111.assignment.cut.Subject,int)> ::: 6;<comp5111.assignment.cut.Subject$GameConfiguration: void <init>(comp5111.assignment.cut.Subject,int)> ::: 7;<comp5111.assignment.cut.Subject$GameConfiguration: void <init>(comp5111.assignment.cut.Subject,int)> ::: 8;<comp5111.assignment.cut.Subject$GameConfiguration: void <init>(comp5111.assignment.cut.Subject,int)> ::: 9;<comp5111.assignment.cut.Subject$GameConfiguration: void <init>(comp5111.assignment.cut.Subject,int,comp5111.assignment.cut.Subject$GamePlayer[])> ::: 10;<comp5111.assignment.cut.Subject$GameConfiguration: void <init>(comp5111.assignment.cut.Subject,int,comp5111.assignment.cut.Subject$GamePlayer[])> ::: 11;<comp5111.assignment.cut.Subject$GameConfiguration: void <init>(comp5111.assignment.cut.Subject,int,comp5111.assignment.cut.Subject$GamePlayer[])> ::: 12;<comp5111.assignment.cut.Subject$GameConfiguration: void <init>(comp5111.assignment.cut.Subject,int,comp5111.assignment.cut.Subject$GamePlayer[])> ::: 13;<comp5111.assignment.cut.Subject$GameConfiguration: void <init>(comp5111.assignment.cut.Subject,int,comp5111.assignment.cut.Subject$GamePlayer[])> ::: 14;<comp5111.assignment.cut.Subject$GameConfiguration: void <init>(comp5111.assignment.cut.Subject,int,comp5111.assignment.cut.Subject$GamePlayer[])> ::: 4;<comp5111.assignment.cut.Subject$GameConfiguration: void <init>(comp5111.assignment.cut.Subject,int,comp5111.assignment.cut.Subject$GamePlayer[])> ::: 5;<comp5111.assignment.cut.Subject$GameConfiguration: void <init>(comp5111.assignment.cut.Subject,int,comp5111.assignment.cut.Subject$GamePlayer[])> ::: 6;<comp5111.assignment.cut.Subject$GamePlayer: void <init>(comp5111.assignment.cut.Subject,java.lang.String)> ::: 3;<comp5111.assignment.cut.Subject$GamePlayer: void <init>(comp5111.assignment.cut.Subject,java.lang.String)> ::: 4;<comp5111.assignment.cut.Subject$GamePlayer: void <init>(comp5111.assignment.cut.Subject,java.lang.String)> ::: 5;<comp5111.assignment.cut.Subject$GamePlayer: void <init>(comp5111.assignment.cut.Subject,java.lang.String)> ::: 6;<comp5111.assignment.cut.Subject: void <init>()> ::: 1;<comp5111.assignment.cut.Subject: void <init>()> ::: 2
comp5111.assignment.cut.Subject_randoop111_RegressionTest0#test084	PASS	<comp5111.assignment.cut.Subject$StringAlgorithms: java.lang.String[] trimArrayElements(java.lang.String[])> ::: 1;<comp5111.assignment.cut.Subject$StringAlgorithms: java.lang.String[] trimArrayElements(java.lang.String[])> ::: 10;<comp5111.assignment.cut.Subject$StringAlgorithms: java.lang.String[] trimArrayElements(java.lang.String[])> ::: 11;<comp5111.assignment.cut.Subject$StringAlgorithms: java.lang.String[] trimArrayElements(java.lang.String[])> ::: 12;<comp5111.assignment.cut.Subject$StringAlgorithms: java.lang.String[] trimArrayElements(java.lang.String[])> ::: 13;<comp5111.assignment.cut.Subject$StringAlgorithms: java.lang.String[] trimArrayElements(java.lang.String[])> ::: 14;<comp5111.assignment.cut.Subject$StringAlgorithms: java.lang.String[] trimArrayElements(java.lang.String[])> ::: 16;<comp5111.assignment.cut.Subject$StringAlgorithms: java.lang.String[] trimArrayElements(java.lang.String[])> ::: 17;<comp5111.assignment.cut.Subject$StringAlgorithms: java.lang.String[] trimArrayElements(java.lang.String[])> ::: 18;<comp5111.assignment.cut.Subject$StringAlgorithms: java.lang.String[] trimArrayElements(java.lang.String[])> ::: 19;<comp5111.assignment.cut.Subject$StringAlgorithms: java.lang.String[] trimArrayElements(java.lang.String[])> ::: 2;<comp5111.assignment.cut.Subject$StringAlgorithms: java.lang.String[] trimArrayElements(java.lang.String[])> ::: 20;<comp5111.assignment.cut.Subject$StringAlgorithms: java.lang.String[] trimArrayElements(java.lang.String[])> ::: 3;<comp5111.assignment.cut.Subject$StringAlgorithms: java.lang.String[] trimArrayElements(java.lang.String[])> ::: 6;<comp5111.assignment.cut.Subject$StringAlgorithms: java.lang.String[] trimArrayElements(java.lang.String[])> ::: 7;<comp5111.assignment.cut.Subject$StringAlgorithms: java.lang.String[] trimArrayElements(java.lang.String[])> ::: 8;<comp5111.assignment.cut.Subject$StringAlgorithms: java.lang.String[] trimArrayElements(java.lang.String[])> ::: 9
comp5111.assignment.cut.Subject_randoop111_RegressionTest0#test085	PASS	<comp5111.assignment.cut.Subject$StringAlgorithms: int decodeOctets(int,java.nio.ByteBuffer,java.lang.StringBuilder)> ::: 3
comp5111.assignment.cut.Subject_randoop111_RegressionTest0#test086	PASS	<comp5111.assignment.cut.Subject$DateTimeAlgorithms: boolean checkValidDate(int,int,int)> ::: 3;<comp5111.assignment.cut.Subject$DateTimeAlgorithms: boolean checkValidDate(int,int,int)> ::: 4;<comp5111.assignment.cut.Subject$DateTimeAlgorithms: boolean checkValidDate(int,int,int)> ::: 5;<comp5111.assignment.cut.Subject$DateTimeAlgorithms: java.lang.String formatFullDate(int,int,int)> ::: 3;<comp5111.assignment.cut.Subject$DateTimeAlgorithms: java.lang.String formatFullDate(int,int,int)> ::: 4;<comp5111.assignment.cut.Subject$DateTimeAlgorithms: java.lang.String formatFullDate(int,int,int)> ::: 5
comp5111.assignment.cut.Subject_randoop111_RegressionTest0#test087	PASS	<comp5111.assignment.cut.Subject$DateTimeAlgorithms: int calcDaysInMonth(int,int)> ::: 2;<comp5111.assignment.cut.Subject$DateTimeAlgorithms: int calcDaysInMonth(int,int)> ::: 4;<comp5111.assignment.cut.Subject$DateTimeAlgorithms: java.lang.String lastDayOfMonth(int,int)> ::: 2;<comp5111.assignment.cut.Subject$DateTimeAlgorithms: java.lang.String lastDayOfMonth(int,int)> ::: 3;<comp5111.assignment.cut.Subject$DateTimeAlgorithms: java.lang.String lastDayOfMonth(int,int)> ::: 4
comp5111.assignment.cut.Subject_randoop111_RegressionTest0#test088	PASS	<comp5111.assignment.cut.Subject$DateTimeAlgorithms: boolean judgeLeapYear(int)> ::: 1;<comp5111.assignment.cut.Subject$DateTimeAlgorithms: boolean judgeLeapYear(int)> ::: 2;<comp5111.assignment.cut.Subject$DateTimeAlgorithms: boolean judgeLeapYear(int)> ::: 4;<comp5111.assignment.cut.Subject$DateTimeAlgorithms: boolean judgeLeapYear(int)> ::: 5;<comp5111.assignment.cut.Subject$DateTimeAlgorithms: boolean judgeLeapYear(int)> ::: 7;<comp5111.assignment.cut.Subject$DateTimeAlgorithms: boolean judgeLeapYear(int)> ::: 8;<comp5111.assignment.cut.Subject$DateTimeAlgorithms: boolean judgeLeapYear(int)> ::: 9
comp5111.assignment.cut.Subject_randoop111_RegressionTest0#test089	PASS	<comp5111.assignment.cut.Subject$StringAlgorithms: java.lang.String padLeft(java.lang.String,short,char)> ::: 3;<comp5111.assignment.cut.Subject$StringAlgorithms: java.lang.String padLeft(java.lang.String,short,char)> ::: 5;<comp5111.assignment.cut.Subject$StringAlgorithms: java.lang.String padLeft(java.lang.String,short,char)> ::: 6;<comp5111.assignment.cut.Subject$StringAlgorithms: java.lang.String padLeft(java.lang.String,short,char)> ::: 7;<comp5111.assignment.cut.Subject$StringAlgorithms: java.lang.String padLeft(java.lang.String,short,char)> ::: 8
comp5111.assignment.cut.Subject_randoop111_RegressionTest0#test090	PASS	<comp5111.assignment.cut.Subject$DateTimeAlgorithms: boolean checkValidDate(int,int,int)> ::: 3;<comp5111.assignment.cut.Subject$DateTimeAlgorithms: boolean checkValidDate(int,int,int)> ::: 4;<comp5111.assignment.cut.Subject$DateTimeAlgorithms: boolean checkValidDate(int,int,int)> ::: 5;<comp5111.assignment.cut.Subject$DateTimeAlgorithms: java.lang.String formatFullDate(int,int,int)> ::: 3;<comp5111.assignment.cut.Subject$DateTimeAlgorithms: java.lang.String formatFullDate(int,int,int)> ::: 4;<comp5111.assignment.cut.Subject$DateTimeAlgorithms: java.lang.String formatFullDate(int,int,int)> ::: 5
comp5111.assignment.cut.Subject_randoop111_RegressionTest0#test091	PASS	<comp5111.assignment.cut.Subject$StringAlgorithms: java.lang.Boolean strToBoolean(java.lang.String,java.lang.String,java.lang.String,java.lang.String)> ::: 13;<comp5111.assignment.cut.Subject$StringAlgorithms: java.lang.Boolean strToBoolean(java.lang.String,java.lang.String,java.lang.String,java.lang.String)> ::: 14;<comp5111.assignment.cut.Subject$StringAlgorithms: java.lang.Boolean strToBoolean(java.lang.String,java.lang.String,java.lang.String,java.lang.String)> ::: 15;<comp5111.assignment.cut.Subject$StringAlgorithms: java.lang.Boolean strToBoolean(java.lang.String,java.lang.String,java.lang.String,java.lang.String)> ::: 16;<comp5111.assignment.cut.Subject$StringAlgorithms: java.lang.Boolean strToBoolean(java.lang.String,java.lang.String,java.lang.String,java.lang.String)> ::: 4
comp5111.assignment.cut.Subject_randoop111_RegressionTest0#test092	PASS	<comp5111.assignment.cut.Subject$DateTimeAlgorithms: java.lang.String month2MonAbbr(int)> ::: 1;<comp5111.assignment.cut.Subject$DateTimeAlgorithms: java.lang.String month2MonAbbr(int)> ::: 5
comp5111.assignment.cut.Subject_randoop111_RegressionTest0#test093	PASS	<comp5111.assignment.cut.Subject$GamePlace: boolean isAdjacent(comp5111.assignment.cut.Subject$GamePlace)> ::: 10;<comp5111.assignment.cut.Subject$GamePlace: boolean isAdjacent(comp5111.assignment.cut.Subject$GamePlace)> ::: 11;<comp5111.assignment.cut.Subject$GamePlace: boolean isAdjacent(comp5111.assignment.cut.Subject$GamePlace)> ::: 12;<comp5111.assignment.cut.Subject$GamePlace: boolean isAdjacent(comp5111.assignment.cut.Subject$GamePlace)> ::: 13;<comp5111.assignment.cut.Subject$GamePlace: boolean isAdjacent(comp5111.assignment.cut.Subject$GamePlace)> ::: 15;<comp5111.assignment.cut.Subject$GamePlace: boolean isAdjacent(comp5111.assignment.cut.Subject$GamePlace)> ::: 2;<comp5111.assignment.cut.Subject$GamePlace: boolean isAdjacent(comp5111.assignment.cut.Subject$GamePlace)> ::: 3;<comp5111.assignment.cut.Subject$GamePlace: boolean isAdjacent(comp5111.assignment.cut.Subject$GamePlace)> ::: 4;<comp5111.assignment.cut.Subject$GamePlace: boolean isAdjacent(comp5111.assignment.cut.Subject$GamePlace)> ::: 5;<comp5111.assignment.cut.Subject$GamePlace: boolean isAdjacent(comp5111.assignment.cut.Subject$GamePlace)> ::: 6;<comp5111.assignment.cut.Subject$GamePlace: boolean isAdjacent(comp5111.assignment.cut.Subject$GamePlace)> ::: 7;<comp5111.assignment.cut.Subject$GamePlace: boolean isAdjacent(comp5111.assignment.cut.Subject$GamePlace)> ::: 8;<comp5111.assignment.cut.Subject$GamePlace: boolean isAdjacent(comp5111.assignment.cut.Subject$GamePlace)> ::: 9;<comp5111.assignment.cut.Subject$GamePlace: int y()> ::: 1;<comp5111.assignment.cut.Subject$GamePlace: int y()> ::: 2;<comp5111.assignment.cut.Subject$GamePlace: void <init>(comp5111.assignment.cut.Subject,int,int)> ::: 4;<comp5111.assignment.cut.Subject$GamePlace: void <init>(comp5111.assignment.cut.Subject,int,int)> ::: 5;<comp5111.assignment.cut.Subject$GamePlace: void <init>(comp5111.assignment.cut.Subject,int,int)> ::: 6;<comp5111.assignment.cut.Subject$GamePlace: void <init>(comp5111.assignment.cut.Subject,int,int)> ::: 7;<comp5111.assignment.cut.Subject$GamePlace: void <init>(comp5111.assignment.cut.Subject,int,int)> ::: 8;<comp5111.assignment.cut.Subject: void <init>()> ::: 1;<comp5111.assignment.cut.Subject: void <init>()> ::: 2
comp5111.assignment.cut.Subject_randoop111_RegressionTest0#test094	PASS	<comp5111.assignment.cut.Subject$DateTimeAlgorithms: java.lang.String month2MonAbbr(int)> ::: 1;<comp5111.assignment.cut.Subject$DateTimeAlgorithms: java.lang.String month2MonAbbr(int)> ::: 14
comp5111.assignment.cut.Subject_randoop111_RegressionTest0#test095	PASS	<comp5111.assignment.cut.Subject$StringAlgorithms: java.lang.Boolean strToBoolean(java.lang.String,java.lang.String,java.lang.String,java.lang.String)> ::: 13;<comp5111.assignment.cut.Subject$StringAlgorithms: java.lang.Boolean strToBoolean(java.lang.String,java.lang.String,java.lang.String,java.lang.String)> ::: 14;<comp5111.assignment.cut.Subject$StringAlgorithms: java.lang.Boolean strToBoolean(java.lang.String,java.lang.String,java.lang.String,java.lang.String)> ::: 17;<comp5111.assignment.cut.Subject$StringAlgorithms: java.lang.Boolean strToBoolean(java.lang.String,java.lang.String,java.lang.String,java.lang.String)> ::: 18;<comp5111.assignment.cut.Subject$StringAlgorithms: java.lang.Boolean strToBoolean(java.lang.String,java.lang.String,java.lang.String,java.lang.String)> ::: 21;<comp5111.assignment.cut.Subject$StringAlgorithms: java.lang.Boolean strToBoolean(java.lang.String,java.lang.String,java.lang.String,java.lang.String)> ::: 22;<comp5111.assignment.cut.Subject$StringAlgorithms: java.lang.Boolean strToBoolean(java.lang.String,java.lang.String,java.lang.String,java.lang.String)> ::: 24;<comp5111.assignment.cut.Subject$StringAlgorithms: java.lang.Boolean strToBoolean(java.lang.String,java.lang.String,java.lang.String,java.lang.String)> ::: 25;<comp5111.assignment.cut.Subject$StringAlgorithms: java.lang.Boolean strToBoolean(java.lang.String,java.lang.String,java.lang.String,java.lang.String)> ::: 26;<comp5111.assignment.cut.Subject$StringAlgorithms: java.lang.Boolean strToBoolean(java.lang.String,java.lang.String,java.lang.String,java.lang.String)> ::: 4
comp5111.assignment.cut.Subject_randoop111_RegressionTest0#test096	PASS	<comp5111.assignment.cut.Subject$StringAlgorithms: java.lang.Boolean strToBoolean(java.lang.String,java.lang.String,java.lang.String,java.lang.String)> ::: 13;<comp5111.assignment.cut.Subject$StringAlgorithms: java.lang.Boolean strToBoolean(java.lang.String,java.lang.String,java.lang.String,java.lang.String)> ::: 14;<comp5111.assignment.cut.Subject$StringAlgorithms: java.lang.Boolean strToBoolean(java.lang.String,java.lang.String,java.lang.String,java.lang.String)> ::: 17;<comp5111.assignment.cut.Subject$StringAlgorithms: java.lang.Boolean strToBoolean(java.lang.String,java.lang.String,java.lang.String,java.lang.String)> ::: 18;<comp5111.assignment.cut.Subject$StringAlgorithms: java.lang.Boolean strToBoolean(java.lang.String,java.lang.String,java.lang.String,java.lang.String)> ::: 21;<comp5111.assignment.cut.Subject$StringAlgorithms: java.lang.Boolean strToBoolean(java.lang.String,java.lang.String,java.lang.String,java.lang.String)> ::: 22;<comp5111.assignment.cut.Subject$StringAlgorithms: java.lang.Boolean strToBoolean(java.lang.String,java.lang.String,java.lang.String,java.lang.String)> ::: 24;<comp5111.assignment.cut.Subject$StringAlgorithms: java.lang.Boolean strToBoolean(java.lang.String,java.lang.String,java.lang.String,java.lang.String)> ::: 25;<comp5111.assignment.cut.Subject$StringAlgorithms: java.lang.Boolean strToBoolean(java.lang.String,java.lang.String,java.lang.String,java.lang.String)> ::: 26;<comp5111.assignment.cut.Subject$StringAlgorithms: java.lang.Boolean strToBoolean(java.lang.String,java.lang.String,java.lang.String,java.lang.String)> ::: 4
comp5111.assignment.cut.Subject_randoop111_RegressionTest0#test097	PASS	<comp5111.assignment.cut.Subject$DateTimeAlgorithms: java.lang.String dayStr(int)> ::: 1;<comp5111.assignment.cut.Subject$DateTimeAlgorithms: java.lang.String dayStr(int)> ::: 10;<comp5111.assignment.cut.Subject$DateTimeAlgorithms: java.lang.String dayStr(int)> ::: 11;<comp5111.assignment.cut.Subject$DateTimeAlgorithms: java.lang.String dayStr(int)> ::: 12;<comp5111.assignment.cut.Subject$DateTimeAlgorithms: java.lang.String dayStr(int)> ::: 13;<comp5111.assignment.cut.Subject$DateTimeAlgorithms: java.lang.String dayStr(int)> ::: 19;<comp5111.assignment.cut.Subject$DateTimeAlgorithms: java.lang.String dayStr(int)> ::: 2;<comp5111.assignment.cut.Subject$DateTimeAlgorithms: java.lang.String dayStr(int)> ::: 20;<comp5111.assignment.cut.Subject$DateTimeAlgorithms: java.lang.String dayStr(int)> ::: 21;<comp5111.assignment.cut.Subject$DateTimeAlgorithms: java.lang.String dayStr(int)> ::: 22;<comp5111.assignment.cut.Subject$DateTimeAlgorithms: java.lang.String dayStr(int)> ::: 3;<comp5111.assignment.cut.Subject$DateTimeAlgorithms: java.lang.String dayStr(int)> ::: 6;<comp5111.assignment.cut.Subject$DateTimeAlgorithms: java.lang.String dayStr(int)> ::: 7
comp5111.assignment.cut.Subject_randoop111_RegressionTest0#test098	PASS	<comp5111.assignment.cut.Subject$StringAlgorithms: java.lang.String padRight(java.lang.String,short,char)> ::: 10;<comp5111.assignment.cut.Subject$StringAlgorithms: java.lang.String padRight(java.lang.String,short,char)> ::: 11;<comp5111.assignment.cut.Subject$StringAlgorithms: java.lang.String padRight(java.lang.String,short,char)> ::: 12;<comp5111.assignment.cut.Subject$StringAlgorithms: java.lang.String padRight(java.lang.String,short,char)> ::: 13;<comp5111.assignment.cut.Subject$StringAlgorithms: java.lang.String padRight(java.lang.String,short,char)> ::: 14;<comp5111.assignment.cut.Subject$StringAlgorithms: java.lang.String padRight(java.lang.String,short,char)> ::: 15;<comp5111.assignment.cut.Subject$StringAlgorithms: java.lang.String padRight(java.lang.String,short,char)> ::: 16;<comp5111.assignment.cut.Subject$StringAlgorithms: java.lang.String padRight(java.lang.String,short,char)> ::: 17;<comp5111.assignment.cut.Subject$StringAlgorithms: java.lang.String padRight(java.lang.String,short,char)> ::: 18;<comp5111.assignment.cut.Subject$StringAlgorithms: java.lang.String padRight(java.lang.String,short,char)> ::: 3;<comp5111.assignment.cut.Subject$StringAlgorithms: java.lang.String padRight(java.lang.String,short,char)> ::: 5;<comp5111.assignment.cut.Subject$StringAlgorithms: java.lang.String padRight(java.lang.String,short,char)> ::: 6;<comp5111.assignment.cut.Subject$StringAlgorithms: java.lang.String padRight(java.lang.String,short,char)> ::: 7;<comp5111.assignment.cut.Subject$StringAlgorithms: java.lang.String padRight(java.lang.String,short,char)> ::: 9
comp5111.assignment.cut.Subject_randoop111_RegressionTest0#test099	PASS	<comp5111.assignment.cut.Subject$StringAlgorithms: boolean startsWithIgnoreCase(java.lang.String,java.lang.String)> ::: 10;<comp5111.assignment.cut.Subject$StringAlgorithms: boolean startsWithIgnoreCase(java.lang.String,java.lang.String)> ::: 12;<comp5111.assignment.cut.Subject$StringAlgorithms: boolean startsWithIgnoreCase(java.lang.String,java.lang.String)> ::: 13;<comp5111.assignment.cut.Subject$StringAlgorithms: boolean startsWithIgnoreCase(java.lang.String,java.lang.String)> ::: 14;<comp5111.assignment.cut.Subject$StringAlgorithms: boolean startsWithIgnoreCase(java.lang.String,java.lang.String)> ::: 15;<comp5111.assignment.cut.Subject$StringAlgorithms: boolean startsWithIgnoreCase(java.lang.String,java.lang.String)> ::: 16;<comp5111.assignment.cut.Subject$StringAlgorithms: boolean startsWithIgnoreCase(java.lang.String,java.lang.String)> ::: 17;<comp5111.assignment.cut.Subject$StringAlgorithms: boolean startsWithIgnoreCase(java.lang.String,java.lang.String)> ::: 2;<comp5111.assignment.cut.Subject$StringAlgorithms: boolean startsWithIgnoreCase(java.lang.String,java.lang.String)> ::: 3;<comp5111.assignment.cut.Subject$StringAlgorithms: boolean startsWithIgnoreCase(java.lang.String,java.lang.String)> ::: 5;<comp5111.assignment.cut.Subject$StringAlgorithms: boolean startsWithIgnoreCase(java.lang.String,java.lang.String)> ::: 6;<comp5111.assignment.cut.Subject$StringAlgorithms: boolean startsWithIgnoreCase(java.lang.String,java.lang.String)> ::: 7;<comp5111.assignment.cut.Subject$StringAlgorithms: boolean startsWithIgnoreCase(java.lang.String,java.lang.String)> ::: 9
comp5111.assignment.cut.Subject_randoop111_RegressionTest0#test100	PASS	<comp5111.assignment.cut.Subject$DateTimeAlgorithms: java.lang.String firstDayOfMonth(int,int)> ::: 2;<comp5111.assignment.cut.Subject$DateTimeAlgorithms: java.lang.String firstDayOfMonth(int,int)> ::: 4
comp5111.assignment.cut.Subject_randoop111_RegressionTest0#test101	PASS	<comp5111.assignment.cut.Subject$DateTimeAlgorithms: java.lang.String roundSecondToString(long)> ::: 1;<comp5111.assignment.cut.Subject$DateTimeAlgorithms: java.lang.String roundSecondToString(long)> ::: 11;<comp5111.assignment.cut.Subject$DateTimeAlgorithms: java.lang.String roundSecondToString(long)> ::: 12;<comp5111.assignment.cut.Subject$DateTimeAlgorithms: java.lang.String roundSecondToString(long)> ::: 2;<comp5111.assignment.cut.Subject$DateTimeAlgorithms: java.lang.String roundSecondToString(long)> ::: 20;<comp5111.assignment.cut.Subject$DateTimeAlgorithms: java.lang.String roundSecondToString(long)> ::: 21;<comp5111.assignment.cut.Subject$DateTimeAlgorithms: java.lang.String roundSecondToString(long)> ::: 28;<comp5111.assignment.cut.Subject$DateTimeAlgorithms: java.lang.String roundSecondToString(long)> ::: 29;<comp5111.assignment.cut.Subject$DateTimeAlgorithms: java.lang.String roundSecondToString(long)> ::: 3;<comp5111.assignment.cut.Subject$DateTimeAlgorithms: java.lang.String roundSecondToString(long)> ::: 35;<comp5111.assignment.cut.Subject$DateTimeAlgorithms: java.lang.String roundSecondToString(long)> ::: 36;<comp5111.assignment.cut.Subject$DateTimeAlgorithms: java.lang.String roundSecondToString(long)> ::: 41;<comp5111.assignment.cut.Subject$DateTimeAlgorithms: java.lang.String roundSecondToString(long)> ::: 42;<comp5111.assignment.cut.Subject$DateTimeAlgorithms: java.lang.String roundSecondToString(long)> ::: 43;<comp5111.assignment.cut.Subject$DateTimeAlgorithms: java.lang.String roundSecondToString(long)> ::: 44;<comp5111.assignment.cut.Subject$DateTimeAlgorithms: java.lang.String roundSecondToString(long)> ::: 45
comp5111.assignment.cut.Subject_randoop111_RegressionTest0#test102	PASS	<comp5111.assignment.cut.Subject$GameConfiguration: void <init>(comp5111.assignment.cut.Subject,int,comp5111.assignment.cut.Subject$GamePlayer[])> ::: 4;<comp5111.assignment.cut.Subject$GameConfiguration: void <init>(comp5111.assignment.cut.Subject,int,comp5111.assignment.cut.Subject$GamePlayer[])> ::: 5;<comp5111.assignment.cut.Subject$GameConfiguration: void <init>(comp5111.assignment.cut.Subject,int,comp5111.assignment.cut.Subject$GamePlayer[])> ::: 6;<comp5111.assignment.cut.Subject$GameConfiguration: void <init>(comp5111.assignment.cut.Subject,int,comp5111.assignment.cut.Subject$GamePlayer[])> ::: 7;<comp5111.assignment.cut.Subject$GameConfiguration: void <init>(comp5111.assignment.cut.Subject,int,comp5111.assignment.cut.Subject$GamePlayer[])> ::: 8;<comp5111.assignment.cut.Subject$GameConfiguration: void <init>(comp5111.assignment.cut.Subject,int,comp5111.assignment.cut.Subject$GamePlayer[])> ::: 9;<comp5111.assignment.cut.Subject: void <init>()> ::: 1;<comp5111.assignment.cut.Subject: void <init>()> ::: 2
comp5111.assignment.cut.Subject_randoop111_RegressionTest0#test103	PASS	<comp5111.assignment.cut.Subject$StringAlgorithms: int extractIntInStr(java.lang.String)> ::: 1;<comp5111.assignment.cut.Subject$StringAlgorithms: int extractIntInStr(java.lang.String)> ::: 10;<comp5111.assignment.cut.Subject$StringAlgorithms: int extractIntInStr(java.lang.String)> ::: 11;<comp5111.assignment.cut.Subject$StringAlgorithms: int extractIntInStr(java.lang.String)> ::: 16;<comp5111.assignment.cut.Subject$StringAlgorithms: int extractIntInStr(java.lang.String)> ::: 17;<comp5111.assignment.cut.Subject$StringAlgorithms: int extractIntInStr(java.lang.String)> ::: 2;<comp5111.assignment.cut.Subject$StringAlgorithms: int extractIntInStr(java.lang.String)> ::: 3;<comp5111.assignment.cut.Subject$StringAlgorithms: int extractIntInStr(java.lang.String)> ::: 5;<comp5111.assignment.cut.Subject$StringAlgorithms: int extractIntInStr(java.lang.String)> ::: 6;<comp5111.assignment.cut.Subject$StringAlgorithms: int extractIntInStr(java.lang.String)> ::: 7;<comp5111.assignment.cut.Subject$StringAlgorithms: int extractIntInStr(java.lang.String)> ::: 8;<comp5111.assignment.cut.Subject$StringAlgorithms: int extractIntInStr(java.lang.String)> ::: 9;<comp5111.assignment.cut.Subject$StringAlgorithms: int[] getVersionNo(java.lang.String)> ::: 1;<comp5111.assignment.cut.Subject$StringAlgorithms: int[] getVersionNo(java.lang.String)> ::: 10;<comp5111.assignment.cut.Subject$StringAlgorithms: int[] getVersionNo(java.lang.String)> ::: 11;<comp5111.assignment.cut.Subject$StringAlgorithms: int[] getVersionNo(java.lang.String)> ::: 12;<comp5111.assignment.cut.Subject$StringAlgorithms: int[] getVersionNo(java.lang.String)> ::: 14;<comp5111.assignment.cut.Subject$StringAlgorithms: int[] getVersionNo(java.lang.String)> ::: 15;<comp5111.assignment.cut.Subject$StringAlgorithms: int[] getVersionNo(java.lang.String)> ::: 16;<comp5111.assignment.cut.Subject$StringAlgorithms: int[] getVersionNo(java.lang.String)> ::: 17;<comp5111.assignment.cut.Subject$StringAlgorithms: int[] getVersionNo(java.lang.String)> ::: 2;<comp5111.assignment.cut.Subject$StringAlgorithms: int[] getVersionNo(java.lang.String)> ::: 22;<comp5111.assignment.cut.Subject$StringAlgorithms: int[] getVersionNo(java.lang.String)> ::: 23;<comp5111.assignment.cut.Subject$StringAlgorithms: int[] getVersionNo(java.lang.String)> ::: 24;<comp5111.assignment.cut.Subject$StringAlgorithms: int[] getVersionNo(java.lang.String)> ::: 25;<comp5111.assignment.cut.Subject$StringAlgorithms: int[] getVersionNo(java.lang.String)> ::: 26;<comp5111.assignment.cut.Subject$StringAlgorithms: int[] getVersionNo(java.lang.String)> ::: 27;<comp5111.assignment.cut.Subject$StringAlgorithms: int[] getVersionNo(java.lang.String)> ::: 3;<comp5111.assignment.cut.Subject$StringAlgorithms: int[] getVersionNo(java.lang.String)> ::: 5;<comp5111.assignment.cut.Subject$StringAlgorithms: int[] getVersionNo(java.lang.String)> ::: 6;<comp5111.assignment.cut.Subject$StringAlgorithms: int[] getVersionNo(java.lang.String)> ::: 7;<comp5111.assignment.cut.Subject$StringAlgorithms: int[] getVersionNo(java.lang.String)> ::: 8;<comp5111.assignment.cut.Subject$StringAlgorithms: int[] getVersionNo(java.lang.String)> ::: 9
comp5111.assignment.cut.Subject_randoop111_RegressionTest0#test104	PASS	<comp5111.assignment.cut.Subject$StringAlgorithms: java.lang.Boolean strToBoolean(java.lang.String,java.lang.String,java.lang.String,java.lang.String)> ::: 13;<comp5111.assignment.cut.Subject$StringAlgorithms: java.lang.Boolean strToBoolean(java.lang.String,java.lang.String,java.lang.String,java.lang.String)> ::: 14;<comp5111.assignment.cut.Subject$StringAlgorithms: java.lang.Boolean strToBoolean(java.lang.String,java.lang.String,java.lang.String,java.lang.String)> ::: 17;<comp5111.assignment.cut.Subject$StringAlgorithms: java.lang.Boolean strToBoolean(java.lang.String,java.lang.String,java.lang.String,java.lang.String)> ::: 18;<comp5111.assignment.cut.Subject$StringAlgorithms: java.lang.Boolean strToBoolean(java.lang.String,java.lang.String,java.lang.String,java.lang.String)> ::: 21;<comp5111.assignment.cut.Subject$StringAlgorithms: java.lang.Boolean strToBoolean(java.lang.String,java.lang.String,java.lang.String,java.lang.String)> ::: 22;<comp5111.assignment.cut.Subject$StringAlgorithms: java.lang.Boolean strToBoolean(java.lang.String,java.lang.String,java.lang.String,java.lang.String)> ::: 24;<comp5111.assignment.cut.Subject$StringAlgorithms: java.lang.Boolean strToBoolean(java.lang.String,java.lang.String,java.lang.String,java.lang.String)> ::: 25;<comp5111.assignment.cut.Subject$StringAlgorithms: java.lang.Boolean strToBoolean(java.lang.String,java.lang.String,java.lang.String,java.lang.String)> ::: 26;<comp5111.assignment.cut.Subject$StringAlgorithms: java.lang.Boolean strToBoolean(java.lang.String,java.lang.String,java.lang.String,java.lang.String)> ::: 4
comp5111.assignment.cut.Subject_randoop111_RegressionTest0#test105	PASS	<comp5111.assignment.cut.Subject$DateTimeAlgorithms: int monAbbr2month(java.lang.String)> ::: 1;<comp5111.assignment.cut.Subject$DateTimeAlgorithms: int monAbbr2month(java.lang.String)> ::: 2;<comp5111.assignment.cut.Subject$DateTimeAlgorithms: int monAbbr2month(java.lang.String)> ::: 3;<comp5111.assignment.cut.Subject$DateTimeAlgorithms: int monAbbr2month(java.lang.String)> ::: 4
comp5111.assignment.cut.Subject_randoop111_RegressionTest0#test106	PASS	<comp5111.assignment.cut.Subject$DateTimeAlgorithms: int calcDaysInMonth(int,int)> ::: 12;<comp5111.assignment.cut.Subject$DateTimeAlgorithms: int calcDaysInMonth(int,int)> ::: 13;<comp5111.assignment.cut.Subject$DateTimeAlgorithms: int calcDaysInMonth(int,int)> ::: 14;<comp5111.assignment.cut.Subject$DateTimeAlgorithms: int calcDaysInMonth(int,int)> ::: 15;<comp5111.assignment.cut.Subject$DateTimeAlgorithms: int calcDaysInMonth(int,int)> ::: 17;<comp5111.assignment.cut.Subject$DateTimeAlgorithms: int calcDaysInMonth(int,int)> ::: 2;<comp5111.assignment.cut.Subject$DateTimeAlgorithms: int calcDaysInMonth(int,int)> ::: 3;<comp5111.assignment.cut.Subject$DateTimeAlgorithms: int calcDaysInMonth(int,int)> ::: 5
comp5111.assignment.cut.Subject_randoop111_RegressionTest0#test107	PASS	<comp5111.assignment.cut.Subject$StringAlgorithms: java.lang.String padRight(java.lang.String,short,char)> ::: 10;<comp5111.assignment.cut.Subject$StringAlgorithms: java.lang.String padRight(java.lang.String,short,char)> ::: 11;<comp5111.assignment.cut.Subject$StringAlgorithms: java.lang.String padRight(java.lang.String,short,char)> ::: 12;<comp5111.assignment.cut.Subject$StringAlgorithms: java.lang.String padRight(java.lang.String,short,char)> ::: 13;<comp5111.assignment.cut.Subject$StringAlgorithms: java.lang.String padRight(java.lang.String,short,char)> ::: 14;<comp5111.assignment.cut.Subject$StringAlgorithms: java.lang.String padRight(java.lang.String,short,char)> ::: 15;<comp5111.assignment.cut.Subject$StringAlgorithms: java.lang.String padRight(java.lang.String,short,char)> ::: 16;<comp5111.assignment.cut.Subject$StringAlgorithms: java.lang.String padRight(java.lang.String,short,char)> ::: 17;<comp5111.assignment.cut.Subject$StringAlgorithms: java.lang.String padRight(java.lang.String,short,char)> ::: 18;<comp5111.assignment.cut.Subject$StringAlgorithms: java.lang.String padRight(java.lang.String,short,char)> ::: 3;<comp5111.assignment.cut.Subject$StringAlgorithms: java.lang.String padRight(java.lang.String,short,char)> ::: 5;<comp5111.assignment.cut.Subject$StringAlgorithms: java.lang.String padRight(java.lang.String,short,char)> ::: 6;<comp5111.assignment.cut.Subject$StringAlgorithms: java.lang.String padRight(java.lang.String,short,char)> ::: 7;<comp5111.assignment.cut.Subject$StringAlgorithms: java.lang.String padRight(java.lang.String,short,char)> ::: 9
comp5111.assignment.cut.Subject_randoop111_RegressionTest0#test108	PASS	<comp5111.assignment.cut.Subject$DateTimeAlgorithms: boolean checkValidDate(int,int,int)> ::: 3;<comp5111.assignment.cut.Subject$DateTimeAlgorithms: boolean checkValidDate(int,int,int)> ::: 4;<comp5111.assignment.cut.Subject$DateTimeAlgorithms: boolean checkValidDate(int,int,int)> ::: 5;<comp5111.assignment.cut.Subject$DateTimeAlgorithms: java.util.List listDatesBetween(int,int,int,int,int,int)> ::: 10;<comp5111.assignment.cut.Subject$DateTimeAlgorithms: java.util.List listDatesBetween(int,int,int,int,int,int)> ::: 13;<comp5111.assignment.cut.Subject$DateTimeAlgorithms: java.util.List listDatesBetween(int,int,int,int,int,int)> ::: 6;<comp5111.assignment.cut.Subject$DateTimeAlgorithms: java.util.List listDatesBetween(int,int,int,int,int,int)> ::: 7;<comp5111.assignment.cut.Subject$DateTimeAlgorithms: java.util.List listDatesBetween(int,int,int,int,int,int)> ::: 8;<comp5111.assignment.cut.Subject$DateTimeAlgorithms: java.util.List listDatesBetween(int,int,int,int,int,int)> ::: 9
comp5111.assignment.cut.Subject_randoop111_RegressionTest0#test109	PASS	<comp5111.assignment.cut.Subject$StringAlgorithms: int decodeOctets(int,java.nio.ByteBuffer,java.lang.StringBuilder)> ::: 3
comp5111.assignment.cut.Subject_randoop111_RegressionTest0#test110	PASS	<comp5111.assignment.cut.Subject$StringAlgorithms: java.lang.String padRight(java.lang.String,short,char)> ::: 3;<comp5111.assignment.cut.Subject$StringAlgorithms: java.lang.String padRight(java.lang.String,short,char)> ::: 5;<comp5111.assignment.cut.Subject$StringAlgorithms: java.lang.String padRight(java.lang.String,short,char)> ::: 6;<comp5111.assignment.cut.Subject$StringAlgorithms: java.lang.String padRight(java.lang.String,short,char)> ::: 7;<comp5111.assignment.cut.Subject$StringAlgorithms: java.lang.String padRight(java.lang.String,short,char)> ::: 8
comp5111.assignment.cut.Subject_randoop111_RegressionTest0#test111	PASS	<comp5111.assignment.cut.Subject$StringAlgorithms: void enlarge(int,byte[],int)> ::: 10;<comp5111.assignment.cut.Subject$StringAlgorithms: void enlarge(int,byte[],int)> ::: 11;<comp5111.assignment.cut.Subject$StringAlgorithms: void enlarge(int,byte[],int)> ::: 12;<comp5111.assignment.cut.Subject$StringAlgorithms: void enlarge(int,byte[],int)> ::: 13;<comp5111.assignment.cut.Subject$StringAlgorithms: void enlarge(int,byte[],int)> ::: 3;<comp5111.assignment.cut.Subject$StringAlgorithms: void enlarge(int,byte[],int)> ::: 4;<comp5111.assignment.cut.Subject$StringAlgorithms: void enlarge(int,byte[],int)> ::: 5;<comp5111.assignment.cut.Subject$StringAlgorithms: void enlarge(int,byte[],int)> ::: 6;<comp5111.assignment.cut.Subject$StringAlgorithms: void enlarge(int,byte[],int)> ::: 7;<comp5111.assignment.cut.Subject$StringAlgorithms: void enlarge(int,byte[],int)> ::: 8
comp5111.assignment.cut.Subject_randoop111_RegressionTest0#test112	PASS	<comp5111.assignment.cut.Subject$StringAlgorithms: boolean startsWithIgnoreCase(java.lang.String,java.lang.String)> ::: 2;<comp5111.assignment.cut.Subject$StringAlgorithms: boolean startsWithIgnoreCase(java.lang.String,java.lang.String)> ::: 3;<comp5111.assignment.cut.Subject$StringAlgorithms: boolean startsWithIgnoreCase(java.lang.String,java.lang.String)> ::: 5;<comp5111.assignment.cut.Subject$StringAlgorithms: boolean startsWithIgnoreCase(java.lang.String,java.lang.String)> ::: 6;<comp5111.assignment.cut.Subject$StringAlgorithms: boolean startsWithIgnoreCase(java.lang.String,java.lang.String)> ::: 7;<comp5111.assignment.cut.Subject$StringAlgorithms: boolean startsWithIgnoreCase(java.lang.String,java.lang.String)> ::: 8
comp5111.assignment.cut.Subject_randoop111_RegressionTest0#test113	PASS	<comp5111.assignment.cut.Subject$DateTimeAlgorithms: int calcDaysInMonth(int,int)> ::: 2;<comp5111.assignment.cut.Subject$DateTimeAlgorithms: int calcDaysInMonth(int,int)> ::: 3;<comp5111.assignment.cut.Subject$DateTimeAlgorithms: int calcDaysInMonth(int,int)> ::: 4
comp5111.assignment.cut.Subject_randoop111_RegressionTest0#test114	PASS	<comp5111.assignment.cut.Subject$StringAlgorithms: int decodeOctets(int,java.nio.ByteBuffer,java.lang.StringBuilder)> ::: 3
comp5111.assignment.cut.Subject_randoop111_RegressionTest0#test115	PASS	<comp5111.assignment.cut.Subject$StringAlgorithms: int decodeOctets(int,java.nio.ByteBuffer,java.lang.StringBuilder)> ::: 3
comp5111.assignment.cut.Subject_randoop111_RegressionTest0#test116	PASS	<comp5111.assignment.cut.Subject$StringAlgorithms: java.lang.Boolean strToBoolean(java.lang.String)> ::: 1;<comp5111.assignment.cut.Subject$StringAlgorithms: java.lang.Boolean strToBoolean(java.lang.String)> ::: 18;<comp5111.assignment.cut.Subject$StringAlgorithms: java.lang.Boolean strToBoolean(java.lang.String)> ::: 19;<comp5111.assignment.cut.Subject$StringAlgorithms: java.lang.Boolean strToBoolean(java.lang.String)> ::: 3;<comp5111.assignment.cut.Subject$StringAlgorithms: java.lang.Boolean strToBoolean(java.lang.String)> ::: 34;<comp5111.assignment.cut.Subject$StringAlgorithms: java.lang.Boolean strToBoolean(java.lang.String)> ::: 35;<comp5111.assignment.cut.Subject$StringAlgorithms: java.lang.Boolean strToBoolean(java.lang.String)> ::: 4;<comp5111.assignment.cut.Subject$StringAlgorithms: java.lang.Boolean strToBoolean(java.lang.String)> ::: 55;<comp5111.assignment.cut.Subject$StringAlgorithms: java.lang.Boolean strToBoolean(java.lang.String)> ::: 56;<comp5111.assignment.cut.Subject$StringAlgorithms: java.lang.Boolean strToBoolean(java.lang.String)> ::: 71;<comp5111.assignment.cut.Subject$StringAlgorithms: java.lang.Boolean strToBoolean(java.lang.String)> ::: 72;<comp5111.assignment.cut.Subject$StringAlgorithms: java.lang.Boolean strToBoolean(java.lang.String)> ::: 90
comp5111.assignment.cut.Subject_randoop111_RegressionTest0#test117	PASS	<comp5111.assignment.cut.Subject$StringAlgorithms: java.lang.Boolean strToBoolean(java.lang.String,java.lang.String,java.lang.String,java.lang.String)> ::: 13;<comp5111.assignment.cut.Subject$StringAlgorithms: java.lang.Boolean strToBoolean(java.lang.String,java.lang.String,java.lang.String,java.lang.String)> ::: 14;<comp5111.assignment.cut.Subject$StringAlgorithms: java.lang.Boolean strToBoolean(java.lang.String,java.lang.String,java.lang.String,java.lang.String)> ::: 17;<comp5111.assignment.cut.Subject$StringAlgorithms: java.lang.Boolean strToBoolean(java.lang.String,java.lang.String,java.lang.String,java.lang.String)> ::: 18;<comp5111.assignment.cut.Subject$StringAlgorithms: java.lang.Boolean strToBoolean(java.lang.String,java.lang.String,java.lang.String,java.lang.String)> ::: 21;<comp5111.assignment.cut.Subject$StringAlgorithms: java.lang.Boolean strToBoolean(java.lang.String,java.lang.String,java.lang.String,java.lang.String)> ::: 22;<comp5111.assignment.cut.Subject$StringAlgorithms: java.lang.Boolean strToBoolean(java.lang.String,java.lang.String,java.lang.String,java.lang.String)> ::: 24;<comp5111.assignment.cut.Subject$StringAlgorithms: java.lang.Boolean strToBoolean(java.lang.String,java.lang.String,java.lang.String,java.lang.String)> ::: 25;<comp5111.assignment.cut.Subject$StringAlgorithms: java.lang.Boolean strToBoolean(java.lang.String,java.lang.String,java.lang.String,java.lang.String)> ::: 26;<comp5111.assignment.cut.Subject$StringAlgorithms: java.lang.Boolean strToBoolean(java.lang.String,java.lang.String,java.lang.String,java.lang.String)> ::: 4
comp5111.assignment.cut.Subject_randoop111_RegressionTest0#test118	PASS	<comp5111.assignment.cut.Subject$StringAlgorithms: void enlarge(int,byte[],int)> ::: 10;<comp5111.assignment.cut.Subject$StringAlgorithms: void enlarge(int,byte[],int)> ::: 11;<comp5111.assignment.cut.Subject$StringAlgorithms: void enlarge(int,byte[],int)> ::: 12;<comp5111.assignment.cut.Subject$StringAlgorithms: void enlarge(int,byte[],int)> ::: 13;<comp5111.assignment.cut.Subject$StringAlgorithms: void enlarge(int,byte[],int)> ::: 3;<comp5111.assignment.cut.Subject$StringAlgorithms: void enlarge(int,byte[],int)> ::: 4;<comp5111.assignment.cut.Subject$StringAlgorithms: void enlarge(int,byte[],int)> ::: 5;<comp5111.assignment.cut.Subject$StringAlgorithms: void enlarge(int,byte[],int)> ::: 6;<comp5111.assignment.cut.Subject$StringAlgorithms: void enlarge(int,byte[],int)> ::: 7;<comp5111.assignment.cut.Subject$StringAlgorithms: void enlarge(int,byte[],int)> ::: 8;<comp5111.assignment.cut.Subject$StringAlgorithms: void enlarge(int,byte[],int)> ::: 9
comp5111.assignment.cut.Subject_randoop111_RegressionTest0#test119	PASS	<comp5111.assignment.cut.Subject$DateTimeAlgorithms: int monthsBetween(int,int,int,int)> ::: 4;<comp5111.assignment.cut.Subject$DateTimeAlgorithms: int monthsBetween(int,int,int,int)> ::: 5;<comp5111.assignment.cut.Subject$DateTimeAlgorithms: int monthsBetween(int,int,int,int)> ::: 8
comp5111.assignment.cut.Subject_randoop111_RegressionTest0#test120	PASS	<comp5111.assignment.cut.Subject$StringAlgorithms: java.lang.Boolean strToBoolean(java.lang.String)> ::: 1;<comp5111.assignment.cut.Subject$StringAlgorithms: java.lang.Boolean strToBoolean(java.lang.String)> ::: 18;<comp5111.assignment.cut.Subject$StringAlgorithms: java.lang.Boolean strToBoolean(java.lang.String)> ::: 19;<comp5111.assignment.cut.Subject$StringAlgorithms: java.lang.Boolean strToBoolean(java.lang.String)> ::: 3;<comp5111.assignment.cut.Subject$StringAlgorithms: java.lang.Boolean strToBoolean(java.lang.String)> ::: 34;<comp5111.assignment.cut.Subject$StringAlgorithms: java.lang.Boolean strToBoolean(java.lang.String)> ::: 35;<comp5111.assignment.cut.Subject$StringAlgorithms: java.lang.Boolean strToBoolean(java.lang.String)> ::: 36;<comp5111.assignment.cut.Subject$StringAlgorithms: java.lang.Boolean strToBoolean(java.lang.String)> ::: 37;<comp5111.assignment.cut.Subject$StringAlgorithms: java.lang.Boolean strToBoolean(java.lang.String)> ::: 38;<comp5111.assignment.cut.Subject$StringAlgorithms: java.lang.Boolean strToBoolean(java.lang.String)> ::: 39;<comp5111.assignment.cut.Subject$StringAlgorithms: java.lang.Boolean strToBoolean(java.lang.String)> ::: 4;<comp5111.assignment.cut.Subject$StringAlgorithms: java.lang.Boolean strToBoolean(java.lang.String)> ::: 40;<comp5111.assignment.cut.Subject$StringAlgorithms: java.lang.Boolean strToBoolean(java.lang.String)> ::: 47;<comp5111.assignment.cut.Subject$StringAlgorithms: java.lang.Boolean strToBoolean(java.lang.String)> ::: 48;<comp5111.assignment.cut.Subject$StringAlgorithms: java.lang.Boolean strToBoolean(java.lang.String)> ::: 90
comp5111.assignment.cut.Subject_randoop111_RegressionTest0#test121	PASS	<comp5111.assignment.cut.Subject$GamePlayer: comp5111.assignment.cut.Subject$GamePlayer clone()> ::: 1;<comp5111.assignment.cut.Subject$GamePlayer: comp5111.assignment.cut.Subject$GamePlayer clone()> ::: 2;<comp5111.assignment.cut.Subject$GamePlayer: comp5111.assignment.cut.Subject$GamePlayer clone()> ::: 3;<comp5111.assignment.cut.Subject$GamePlayer: comp5111.assignment.cut.Subject$GamePlayer clone()> ::: 4;<comp5111.assignment.cut.Subject$GamePlayer: comp5111.assignment.cut.Subject$GamePlayer clone()> ::: 5;<comp5111.assignment.cut.Subject$GamePlayer: comp5111.assignment.cut.Subject$GamePlayer clone()> ::: 6;<comp5111.assignment.cut.Subject$GamePlayer: comp5111.assignment.cut.Subject$GamePlayer clone()> ::: 7;<comp5111.assignment.cut.Subject$GamePlayer: comp5111.assignment.cut.Subject$GamePlayer clone()> ::: 8;<comp5111.assignment.cut.Subject$GamePlayer: void <init>(comp5111.assignment.cut.Subject)> ::: 2;<comp5111.assignment.cut.Subject$GamePlayer: void <init>(comp5111.assignment.cut.Subject)> ::: 3;<comp5111.assignment.cut.Subject$GamePlayer: void <init>(comp5111.assignment.cut.Subject)> ::: 4;<comp5111.assignment.cut.Subject$GamePlayer: void <init>(comp5111.assignment.cut.Subject)> ::: 5;<comp5111.assignment.cut.Subject$GamePlayer: void <init>(comp5111.assignment.cut.Subject,java.lang.String)> ::: 3;<comp5111.assignment.cut.Subject$GamePlayer: void <init>(comp5111.assignment.cut.Subject,java.lang.String)> ::: 4;<comp5111.assignment.cut.Subject$GamePlayer: void <init>(comp5111.assignment.cut.Subject,java.lang.String)> ::: 5;<comp5111.assignment.cut.Subject$GamePlayer: void <init>(comp5111.assignment.cut.Subject,java.lang.String)> ::: 6;<comp5111.assignment.cut.Subject: void <init>()> ::: 1;<comp5111.assignment.cut.Subject: void <init>()> ::: 2
comp5111.assignment.cut.Subject_randoop111_RegressionTest0#test122	PASS	<comp5111.assignment.cut.Subject$StringAlgorithms: int decodeOctets(int,java.nio.ByteBuffer,java.lang.StringBuilder)> ::: 3
comp5111.assignment.cut.Subject_randoop111_RegressionTest0#test123	PASS	<comp5111.assignment.cut.Subject$StringAlgorithms: java.lang.Boolean strToBoolean(java.lang.String)> ::: 1;<comp5111.assignment.cut.Subject$StringAlgorithms: java.lang.Boolean strToBoolean(java.lang.String)> ::: 18;<comp5111.assignment.cut.Subject$StringAlgorithms: java.lang.Boolean strToBoolean(java.lang.String)> ::: 19;<comp5111.assignment.cut.Subject$StringAlgorithms: java.lang.Boolean strToBoolean(java.lang.String)> ::: 3;<comp5111.assignment.cut.Subject$StringAlgorithms: java.lang.Boolean strToBoolean(java.lang.String)> ::: 34;<comp5111.assignment.cut.Subject$StringAlgorithms: java.lang.Boolean strToBoolean(java.lang.String)> ::: 35;<comp5111.assignment.cut.Subject$StringAlgorithms: java.lang.Boolean strToBoolean(java.lang.String)> ::: 4;<comp5111.assignment.cut.Subject$StringAlgorithms: java.lang.Boolean strToBoolean(java.lang.String)> ::: 55;<comp5111.assignment.cut.Subject$StringAlgorithms: java.lang.Boolean strToBoolean(java.lang.String)> ::: 56;<comp5111.assignment.cut.Subject$StringAlgorithms: java.lang.Boolean strToBoolean(java.lang.String)> ::: 57;<comp5111.assignment.cut.Subject$StringAlgorithms: java.lang.Boolean strToBoolean(java.lang.String)> ::: 58;<comp5111.assignment.cut.Subject$StringAlgorithms: java.lang.Boolean strToBoolean(java.lang.String)> ::: 59;<comp5111.assignment.cut.Subject$StringAlgorithms: java.lang.Boolean strToBoolean(java.lang.String)> ::: 60;<comp5111.assignment.cut.Subject$StringAlgorithms: java.lang.Boolean strToBoolean(java.lang.String)> ::: 61;<comp5111.assignment.cut.Subject$StringAlgorithms: java.lang.Boolean strToBoolean(java.lang.String)> ::: 62;<comp5111.assignment.cut.Subject$StringAlgorithms: java.lang.Boolean strToBoolean(java.lang.String)> ::: 90
comp5111.assignment.cut.Subject_randoop111_RegressionTest0#test124	PASS	<comp5111.assignment.cut.Subject$GameConfiguration: void <init>(comp5111.assignment.cut.Subject,int,comp5111.assignment.cut.Subject$GamePlayer[])> ::: 10;<comp5111.assignment.cut.Subject$GameConfiguration: void <init>(comp5111.assignment.cut.Subject,int,comp5111.assignment.cut.Subject$GamePlayer[])> ::: 11;<comp5111.assignment.cut.Subject$GameConfiguration: void <init>(comp5111.assignment.cut.Subject,int,comp5111.assignment.cut.Subject$GamePlayer[])> ::: 12;<comp5111.assignment.cut.Subject$GameConfiguration: void <init>(comp5111.assignment.cut.Subject,int,comp5111.assignment.cut.Subject$GamePlayer[])> ::: 13;<comp5111.assignment.cut.Subject$GameConfiguration: void <init>(comp5111.assignment.cut.Subject,int,comp5111.assignment.cut.Subject$GamePlayer[])> ::: 14;<comp5111.assignment.cut.Subject$GameConfiguration: void <init>(comp5111.assignment.cut.Subject,int,comp5111.assignment.cut.Subject$GamePlayer[])> ::: 4;<comp5111.assignment.cut.Subject$GameConfiguration: void <init>(comp5111.assignment.cut.Subject,int,comp5111.assignment.cut.Subject$GamePlayer[])> ::: 5;<comp5111.assignment.cut.Subject$GameConfiguration: void <init>(comp5111.assignment.cut.Subject,int,comp5111.assignment.cut.Subject$GamePlayer[])> ::: 6;<comp5111.assignment.cut.Subject$GamePlace: void <init>(comp5111.assignment.cut.Subject,int,int)> ::: 4;<comp5111.assignment.cut.Subject$GamePlace: void <init>(comp5111.assignment.cut.Subject,int,int)> ::: 5;<comp5111.assignment.cut.Subject$GamePlace: void <init>(comp5111.assignment.cut.Subject,int,int)> ::: 6;<comp5111.assignment.cut.Subject$GamePlace: void <init>(comp5111.assignment.cut.Subject,int,int)> ::: 7;<comp5111.assignment.cut.Subject$GamePlace: void <init>(comp5111.assignment.cut.Subject,int,int)> ::: 8;<comp5111.assignment.cut.Subject$GamePlayer: comp5111.assignment.cut.Subject$GamePlayer clone()> ::: 1;<comp5111.assignment.cut.Subject$GamePlayer: comp5111.assignment.cut.Subject$GamePlayer clone()> ::: 2;<comp5111.assignment.cut.Subject$GamePlayer: comp5111.assignment.cut.Subject$GamePlayer clone()> ::: 3;<comp5111.assignment.cut.Subject$GamePlayer: comp5111.assignment.cut.Subject$GamePlayer clone()> ::: 4;<comp5111.assignment.cut.Subject$GamePlayer: comp5111.assignment.cut.Subject$GamePlayer clone()> ::: 5;<comp5111.assignment.cut.Subject$GamePlayer: comp5111.assignment.cut.Subject$GamePlayer clone()> ::: 6;<comp5111.assignment.cut.Subject$GamePlayer: comp5111.assignment.cut.Subject$GamePlayer clone()> ::: 7;<comp5111.assignment.cut.Subject$GamePlayer: comp5111.assignment.cut.Subject$GamePlayer clone()> ::: 8;<comp5111.assignment.cut.Subject$GamePlayer: void <init>(comp5111.assignment.cut.Subject)> ::: 2;<comp5111.assignment.cut.Subject$GamePlayer: void <init>(comp5111.assignment.cut.Subject)> ::: 3;<comp5111.assignment.cut.Subject$GamePlayer: void <init>(comp5111.assignment.cut.Subject)> ::: 4;<comp5111.assignment.cut.Subject$GamePlayer: void <init>(comp5111.assignment.cut.Subject)> ::: 5;<comp5111.assignment.cut.Subject$GamePlayer: void <init>(comp5111.assignment.cut.Subject,java.lang.String)> ::: 3;<comp5111.assignment.cut.Subject$GamePlayer: void <init>(comp5111.assignment.cut.Subject,java.lang.String)> ::: 4;<comp5111.assignment.cut.Subject$GamePlayer: void <init>(comp5111.assignment.cut.Subject,java.lang.String)> ::: 5;<comp5111.assignment.cut.Subject$GamePlayer: void <init>(comp5111.assignment.cut.Subject,java.lang.String)> ::: 6;<comp5111.assignment.cut.Subject: void <init>()> ::: 1;<comp5111.assignment.cut.Subject: void <init>()> ::: 2
comp5111.assignment.cut.Subject_randoop111_RegressionTest0#test125	PASS	<comp5111.assignment.cut.Subject$StringAlgorithms: java.lang.String[] trimArrayElements(java.lang.String[])> ::: 1;<comp5111.assignment.cut.Subject$StringAlgorithms: java.lang.String[] trimArrayElements(java.lang.String[])> ::: 10;<comp5111.assignment.cut.Subject$StringAlgorithms: java.lang.String[] trimArrayElements(java.lang.String[])> ::: 11;<comp5111.assignment.cut.Subject$StringAlgorithms: java.lang.String[] trimArrayElements(java.lang.String[])> ::: 12;<comp5111.assignment.cut.Subject$StringAlgorithms: java.lang.String[] trimArrayElements(java.lang.String[])> ::: 13;<comp5111.assignment.cut.Subject$StringAlgorithms: java.lang.String[] trimArrayElements(java.lang.String[])> ::: 14;<comp5111.assignment.cut.Subject$StringAlgorithms: java.lang.String[] trimArrayElements(java.lang.String[])> ::: 16;<comp5111.assignment.cut.Subject$StringAlgorithms: java.lang.String[] trimArrayElements(java.lang.String[])> ::: 17;<comp5111.assignment.cut.Subject$StringAlgorithms: java.lang.String[] trimArrayElements(java.lang.String[])> ::: 18;<comp5111.assignment.cut.Subject$StringAlgorithms: java.lang.String[] trimArrayElements(java.lang.String[])> ::: 19;<comp5111.assignment.cut.Subject$StringAlgorithms: java.lang.String[] trimArrayElements(java.lang.String[])> ::: 2;<comp5111.assignment.cut.Subject$StringAlgorithms: java.lang.String[] trimArrayElements(java.lang.String[])> ::: 20;<comp5111.assignment.cut.Subject$StringAlgorithms: java.lang.String[] trimArrayElements(java.lang.String[])> ::: 3;<comp5111.assignment.cut.Subject$StringAlgorithms: java.lang.String[] trimArrayElements(java.lang.String[])> ::: 6;<comp5111.assignment.cut.Subject$StringAlgorithms: java.lang.String[] trimArrayElements(java.lang.String[])> ::: 7;<comp5111.assignment.cut.Subject$StringAlgorithms: java.lang.String[] trimArrayElements(java.lang.String[])> ::: 8;<comp5111.assignment.cut.Subject$StringAlgorithms: java.lang.String[] trimArrayElements(java.lang.String[])> ::: 9
comp5111.assignment.cut.Subject_randoop111_RegressionTest0#test126	PASS	<comp5111.assignment.cut.Subject$DateTimeAlgorithms: boolean checkValidDate(int,int,int)> ::: 10;<comp5111.assignment.cut.Subject$DateTimeAlgorithms: boolean checkValidDate(int,int,int)> ::: 3;<comp5111.assignment.cut.Subject$DateTimeAlgorithms: boolean checkValidDate(int,int,int)> ::: 4;<comp5111.assignment.cut.Subject$DateTimeAlgorithms: boolean checkValidDate(int,int,int)> ::: 6;<comp5111.assignment.cut.Subject$DateTimeAlgorithms: boolean checkValidDate(int,int,int)> ::: 7;<comp5111.assignment.cut.Subject$DateTimeAlgorithms: boolean checkValidDate(int,int,int)> ::: 8;<comp5111.assignment.cut.Subject$DateTimeAlgorithms: int calcDaysInMonth(int,int)> ::: 12;<comp5111.assignment.cut.Subject$DateTimeAlgorithms: int calcDaysInMonth(int,int)> ::: 16;<comp5111.assignment.cut.Subject$DateTimeAlgorithms: int calcDaysInMonth(int,int)> ::: 2;<comp5111.assignment.cut.Subject$DateTimeAlgorithms: int calcDaysInMonth(int,int)> ::: 3;<comp5111.assignment.cut.Subject$DateTimeAlgorithms: int calcDaysInMonth(int,int)> ::: 5;<comp5111.assignment.cut.Subject$DateTimeAlgorithms: java.util.List listDatesBetween(int,int,int,int,int,int)> ::: 10;<comp5111.assignment.cut.Subject$DateTimeAlgorithms: java.util.List listDatesBetween(int,int,int,int,int,int)> ::: 13;<comp5111.assignment.cut.Subject$DateTimeAlgorithms: java.util.List listDatesBetween(int,int,int,int,int,int)> ::: 6;<comp5111.assignment.cut.Subject$DateTimeAlgorithms: java.util.List listDatesBetween(int,int,int,int,int,int)> ::: 7;<comp5111.assignment.cut.Subject$DateTimeAlgorithms: java.util.List listDatesBetween(int,int,int,int,int,int)> ::: 8;<comp5111.assignment.cut.Subject$DateTimeAlgorithms: java.util.List listDatesBetween(int,int,int,int,int,int)> ::: 9
comp5111.assignment.cut.Subject_randoop111_RegressionTest0#test127	FAIL	<comp5111.assignment.cut.Subject$StringAlgorithms: int extractIntInStr(java.lang.String)> ::: 1;<comp5111.assignment.cut.Subject$StringAlgorithms: int extractIntInStr(java.lang.String)> ::: 10;<comp5111.assignment.cut.Subject$StringAlgorithms: int extractIntInStr(java.lang.String)> ::: 11;<comp5111.assignment.cut.Subject$StringAlgorithms: int extractIntInStr(java.lang.String)> ::: 12;<comp5111.assignment.cut.Subject$StringAlgorithms: int extractIntInStr(java.lang.String)> ::: 13;<comp5111.assignment.cut.Subject$StringAlgorithms: int extractIntInStr(java.lang.String)> ::: 14;<comp5111.assignment.cut.Subject$StringAlgorithms: int extractIntInStr(java.lang.String)> ::: 15;<comp5111.assignment.cut.Subject$StringAlgorithms: int extractIntInStr(java.lang.String)> ::: 16;<comp5111.assignment.cut.Subject$StringAlgorithms: int extractIntInStr(java.lang.String)> ::: 17;<comp5111.assignment.cut.Subject$StringAlgorithms: int extractIntInStr(java.lang.String)> ::: 2;<comp5111.assignment.cut.Subject$StringAlgorithms: int extractIntInStr(java.lang.String)> ::: 3;<comp5111.assignment.cut.Subject$StringAlgorithms: int extractIntInStr(java.lang.String)> ::: 5;<comp5111.assignment.cut.Subject$StringAlgorithms: int extractIntInStr(java.lang.String)> ::: 6;<comp5111.assignment.cut.Subject$StringAlgorithms: int extractIntInStr(java.lang.String)> ::: 7;<comp5111.assignment.cut.Subject$StringAlgorithms: int extractIntInStr(java.lang.String)> ::: 8;<comp5111.assignment.cut.Subject$StringAlgorithms: int extractIntInStr(java.lang.String)> ::: 9
comp5111.assignment.cut.Subject_randoop111_RegressionTest0#test128	PASS	<comp5111.assignment.cut.Subject$DateTimeAlgorithms: int daysBetweenDateStrings(java.lang.String,java.lang.String)> ::: 2;<comp5111.assignment.cut.Subject$DateTimeAlgorithms: int daysBetweenDateStrings(java.lang.String,java.lang.String)> ::: 3;<comp5111.assignment.cut.Subject$DateTimeAlgorithms: int daysBetweenDateStrings(java.lang.String,java.lang.String)> ::: 4;<comp5111.assignment.cut.Subject$DateTimeAlgorithms: int daysBetweenDateStrings(java.lang.String,java.lang.String)> ::: 5;<comp5111.assignment.cut.Subject$DateTimeAlgorithms: int daysBetweenDateStrings(java.lang.String,java.lang.String)> ::: 8
comp5111.assignment.cut.Subject_randoop111_RegressionTest0#test129	PASS	<comp5111.assignment.cut.Subject$GamePlace: void <init>(comp5111.assignment.cut.Subject,int,int)> ::: 4;<comp5111.assignment.cut.Subject$GamePlace: void <init>(comp5111.assignment.cut.Subject,int,int)> ::: 5;<comp5111.assignment.cut.Subject$GamePlace: void <init>(comp5111.assignment.cut.Subject,int,int)> ::: 6;<comp5111.assignment.cut.Subject$GamePlace: void <init>(comp5111.assignment.cut.Subject,int,int)> ::: 7;<comp5111.assignment.cut.Subject$GamePlace: void <init>(comp5111.assignment.cut.Subject,int,int)> ::: 8;<comp5111.assignment.cut.Subject$GamePlayer: void <init>(comp5111.assignment.cut.Subject)> ::: 2;<comp5111.assignment.cut.Subject$GamePlayer: void <init>(comp5111.assignment.cut.Subject)> ::: 3;<comp5111.assignment.cut.Subject$GamePlayer: void <init>(comp5111.assignment.cut.Subject)> ::: 4;<comp5111.assignment.cut.Subject$GamePlayer: void <init>(comp5111.assignment.cut.Subject)> ::: 5;<comp5111.assignment.cut.Subject: void <init>()> ::: 1;<comp5111.assignment.cut.Subject: void <init>()> ::: 2
comp5111.assignment.cut.Subject_randoop111_RegressionTest0#test130	PASS	<comp5111.assignment.cut.Subject$DateTimeAlgorithms: int monAbbr2month(java.lang.String)> ::: 1;<comp5111.assignment.cut.Subject$DateTimeAlgorithms: int monAbbr2month(java.lang.String)> ::: 10;<comp5111.assignment.cut.Subject$DateTimeAlgorithms: int monAbbr2month(java.lang.String)> ::: 11;<comp5111.assignment.cut.Subject$DateTimeAlgorithms: int monAbbr2month(java.lang.String)> ::: 12;<comp5111.assignment.cut.Subject$DateTimeAlgorithms: int monAbbr2month(java.lang.String)> ::: 14;<comp5111.assignment.cut.Subject$DateTimeAlgorithms: int monAbbr2month(java.lang.String)> ::: 16;<comp5111.assignment.cut.Subject$DateTimeAlgorithms: int monAbbr2month(java.lang.String)> ::: 18;<comp5111.assignment.cut.Subject$DateTimeAlgorithms: int monAbbr2month(java.lang.String)> ::: 2;<comp5111.assignment.cut.Subject$DateTimeAlgorithms: int monAbbr2month(java.lang.String)> ::: 20;<comp5111.assignment.cut.Subject$DateTimeAlgorithms: int monAbbr2month(java.lang.String)> ::: 22;<comp5111.assignment.cut.Subject$DateTimeAlgorithms: int monAbbr2month(java.lang.String)> ::: 24;<comp5111.assignment.cut.Subject$DateTimeAlgorithms: int monAbbr2month(java.lang.String)> ::: 26;<comp5111.assignment.cut.Subject$DateTimeAlgorithms: int monAbbr2month(java.lang.String)> ::: 28;<comp5111.assignment.cut.Subject$DateTimeAlgorithms: int monAbbr2month(java.lang.String)> ::: 3;<comp5111.assignment.cut.Subject$DateTimeAlgorithms: int monAbbr2month(java.lang.String)> ::: 30;<comp5111.assignment.cut.Subject$DateTimeAlgorithms: int monAbbr2month(java.lang.String)> ::: 32;<comp5111.assignment.cut.Subject$DateTimeAlgorithms: int monAbbr2month(java.lang.String)> ::: 34;<comp5111.assignment.cut.Subject$DateTimeAlgorithms: int monAbbr2month(java.lang.String)> ::: 36;<comp5111.assignment.cut.Subject$DateTimeAlgorithms: int monAbbr2month(java.lang.String)> ::: 5;<comp5111.assignment.cut.Subject$DateTimeAlgorithms: int monAbbr2month(java.lang.String)> ::: 6;<comp5111.assignment.cut.Subject$DateTimeAlgorithms: int monAbbr2month(java.lang.String)> ::: 7;<comp5111.assignment.cut.Subject$DateTimeAlgorithms: int monAbbr2month(java.lang.String)> ::: 8;<comp5111.assignment.cut.Subject$DateTimeAlgorithms: int monAbbr2month(java.lang.String)> ::: 9
comp5111.assignment.cut.Subject_randoop111_RegressionTest0#test131	PASS	<comp5111.assignment.cut.Subject$StringAlgorithms: int decodeOctets(int,java.nio.ByteBuffer,java.lang.StringBuilder)> ::: 3
comp5111.assignment.cut.Subject_randoop111_RegressionTest0#test132	PASS	<comp5111.assignment.cut.Subject$GamePlace: boolean isAdjacent(comp5111.assignment.cut.Subject$GamePlace)> ::: 10;<comp5111.assignment.cut.Subject$GamePlace: boolean isAdjacent(comp5111.assignment.cut.Subject$GamePlace)> ::: 11;<comp5111.assignment.cut.Subject$GamePlace: boolean isAdjacent(comp5111.assignment.cut.Subject$GamePlace)> ::: 12;<comp5111.assignment.cut.Subject$GamePlace: boolean isAdjacent(comp5111.assignment.cut.Subject$GamePlace)> ::: 13;<comp5111.assignment.cut.Subject$GamePlace: boolean isAdjacent(comp5111.assignment.cut.Subject$GamePlace)> ::: 15;<comp5111.assignment.cut.Subject$GamePlace: boolean isAdjacent(comp5111.assignment.cut.Subject$GamePlace)> ::: 2;<comp5111.assignment.cut.Subject$GamePlace: boolean isAdjacent(comp5111.assignment.cut.Subject$GamePlace)> ::: 3;<comp5111.assignment.cut.Subject$GamePlace: boolean isAdjacent(comp5111.assignment.cut.Subject$GamePlace)> ::: 4;<comp5111.assignment.cut.Subject$GamePlace: boolean isAdjacent(comp5111.assignment.cut.Subject$GamePlace)> ::: 5;<comp5111.assignment.cut.Subject$GamePlace: boolean isAdjacent(comp5111.assignment.cut.Subject$GamePlace)> ::: 6;<comp5111.assignment.cut.Subject$GamePlace: boolean isAdjacent(comp5111.assignment.cut.Subject$GamePlace)> ::: 7;<comp5111.assignment.cut.Subject$GamePlace: boolean isAdjacent(comp5111.assignment.cut.Subject$GamePlace)> ::: 8;<comp5111.assignment.cut.Subject$GamePlace: boolean isAdjacent(comp5111.assignment.cut.Subject$GamePlace)> ::: 9;<comp5111.assignment.cut.Subject$GamePlace: void <init>(comp5111.assignment.cut.Subject,int,int)> ::: 4;<comp5111.assignment.cut.Subject$GamePlace: void <init>(comp5111.assignment.cut.Subject,int,int)> ::: 5;<comp5111.assignment.cut.Subject$GamePlace: void <init>(comp5111.assignment.cut.Subject,int,int)> ::: 6;<comp5111.assignment.cut.Subject$GamePlace: void <init>(comp5111.assignment.cut.Subject,int,int)> ::: 7;<comp5111.assignment.cut.Subject$GamePlace: void <init>(comp5111.assignment.cut.Subject,int,int)> ::: 8;<comp5111.assignment.cut.Subject: void <init>()> ::: 1;<comp5111.assignment.cut.Subject: void <init>()> ::: 2
comp5111.assignment.cut.Subject_randoop111_RegressionTest0#test133	PASS	<comp5111.assignment.cut.Subject$GameConfiguration: void <init>(comp5111.assignment.cut.Subject,int,comp5111.assignment.cut.Subject$GamePlayer[])> ::: 4;<comp5111.assignment.cut.Subject$GameConfiguration: void <init>(comp5111.assignment.cut.Subject,int,comp5111.assignment.cut.Subject$GamePlayer[])> ::: 5;<comp5111.assignment.cut.Subject$GameConfiguration: void <init>(comp5111.assignment.cut.Subject,int,comp5111.assignment.cut.Subject$GamePlayer[])> ::: 6;<comp5111.assignment.cut.Subject$GameConfiguration: void <init>(comp5111.assignment.cut.Subject,int,comp5111.assignment.cut.Subject$GamePlayer[])> ::: 7;<comp5111.assignment.cut.Subject$GameConfiguration: void <init>(comp5111.assignment.cut.Subject,int,comp5111.assignment.cut.Subject$GamePlayer[])> ::: 8;<comp5111.assignment.cut.Subject$GameConfiguration: void <init>(comp5111.assignment.cut.Subject,int,comp5111.assignment.cut.Subject$GamePlayer[])> ::: 9;<comp5111.assignment.cut.Subject$GamePlace: void <init>(comp5111.assignment.cut.Subject,int,int)> ::: 4;<comp5111.assignment.cut.Subject$GamePlace: void <init>(comp5111.assignment.cut.Subject,int,int)> ::: 5;<comp5111.assignment.cut.Subject$GamePlace: void <init>(comp5111.assignment.cut.Subject,int,int)> ::: 6;<comp5111.assignment.cut.Subject$GamePlace: void <init>(comp5111.assignment.cut.Subject,int,int)> ::: 7;<comp5111.assignment.cut.Subject$GamePlace: void <init>(comp5111.assignment.cut.Subject,int,int)> ::: 8;<comp5111.assignment.cut.Subject: void <init>()> ::: 1;<comp5111.assignment.cut.Subject: void <init>()> ::: 2
comp5111.assignment.cut.Subject_randoop111_RegressionTest0#test134	PASS	<comp5111.assignment.cut.Subject$DateTimeAlgorithms: boolean checkValidDate(int,int,int)> ::: 3;<comp5111.assignment.cut.Subject$DateTimeAlgorithms: boolean checkValidDate(int,int,int)> ::: 4;<comp5111.assignment.cut.Subject$DateTimeAlgorithms: boolean checkValidDate(int,int,int)> ::: 5;<comp5111.assignment.cut.Subject$DateTimeAlgorithms: int daysBetweenDates(int,int,int,int,int,int)> ::: 12;<comp5111.assignment.cut.Subject$DateTimeAlgorithms: int daysBetweenDates(int,int,int,int,int,int)> ::: 13;<comp5111.assignment.cut.Subject$DateTimeAlgorithms: int daysBetweenDates(int,int,int,int,int,int)> ::: 14;<comp5111.assignment.cut.Subject$DateTimeAlgorithms: int daysBetweenDates(int,int,int,int,int,int)> ::: 6;<comp5111.assignment.cut.Subject$DateTimeAlgorithms: int daysBetweenDates(int,int,int,int,int,int)> ::: 7;<comp5111.assignment.cut.Subject$DateTimeAlgorithms: int daysBetweenDates(int,int,int,int,int,int)> ::: 8;<comp5111.assignment.cut.Subject$DateTimeAlgorithms: int daysBetweenDates(int,int,int,int,int,int)> ::: 9
comp5111.assignment.cut.Subject_randoop111_RegressionTest0#test135	PASS	<comp5111.assignment.cut.Subject$DateTimeAlgorithms: int monAbbr2month(java.lang.String)> ::: 1;<comp5111.assignment.cut.Subject$DateTimeAlgorithms: int monAbbr2month(java.lang.String)> ::: 2;<comp5111.assignment.cut.Subject$DateTimeAlgorithms: int monAbbr2month(java.lang.String)> ::: 3;<comp5111.assignment.cut.Subject$DateTimeAlgorithms: int monAbbr2month(java.lang.String)> ::: 4
comp5111.assignment.cut.Subject_randoop111_RegressionTest0#test136	PASS	<comp5111.assignment.cut.Subject$DateTimeAlgorithms: int calcDaysInMonth(int,int)> ::: 12;<comp5111.assignment.cut.Subject$DateTimeAlgorithms: int calcDaysInMonth(int,int)> ::: 13;<comp5111.assignment.cut.Subject$DateTimeAlgorithms: int calcDaysInMonth(int,int)> ::: 14;<comp5111.assignment.cut.Subject$DateTimeAlgorithms: int calcDaysInMonth(int,int)> ::: 15;<comp5111.assignment.cut.Subject$DateTimeAlgorithms: int calcDaysInMonth(int,int)> ::: 17;<comp5111.assignment.cut.Subject$DateTimeAlgorithms: int calcDaysInMonth(int,int)> ::: 2;<comp5111.assignment.cut.Subject$DateTimeAlgorithms: int calcDaysInMonth(int,int)> ::: 3;<comp5111.assignment.cut.Subject$DateTimeAlgorithms: int calcDaysInMonth(int,int)> ::: 5;<comp5111.assignment.cut.Subject$DateTimeAlgorithms: java.lang.String lastDayOfMonth(int,int)> ::: 10;<comp5111.assignment.cut.Subject$DateTimeAlgorithms: java.lang.String lastDayOfMonth(int,int)> ::: 11;<comp5111.assignment.cut.Subject$DateTimeAlgorithms: java.lang.String lastDayOfMonth(int,int)> ::: 12;<comp5111.assignment.cut.Subject$DateTimeAlgorithms: java.lang.String lastDayOfMonth(int,int)> ::: 13;<comp5111.assignment.cut.Subject$DateTimeAlgorithms: java.lang.String lastDayOfMonth(int,int)> ::: 2;<comp5111.assignment.cut.Subject$DateTimeAlgorithms: java.lang.String lastDayOfMonth(int,int)> ::: 3;<comp5111.assignment.cut.Subject$DateTimeAlgorithms: java.lang.String lastDayOfMonth(int,int)> ::: 5;<comp5111.assignment.cut.Subject$DateTimeAlgorithms: java.lang.String lastDayOfMonth(int,int)> ::: 6;<comp5111.assignment.cut.Subject$DateTimeAlgorithms: java.lang.String lastDayOfMonth(int,int)> ::: 7;<comp5111.assignment.cut.Subject$DateTimeAlgorithms: java.lang.String lastDayOfMonth(int,int)> ::: 8;<comp5111.assignment.cut.Subject$DateTimeAlgorithms: java.lang.String lastDayOfMonth(int,int)> ::: 9
comp5111.assignment.cut.Subject_randoop111_RegressionTest0#test137	PASS	<comp5111.assignment.cut.Subject$DateTimeAlgorithms: boolean checkValidDate(int,int,int)> ::: 3;<comp5111.assignment.cut.Subject$DateTimeAlgorithms: boolean checkValidDate(int,int,int)> ::: 4;<comp5111.assignment.cut.Subject$DateTimeAlgorithms: boolean checkValidDate(int,int,int)> ::: 5;<comp5111.assignment.cut.Subject$DateTimeAlgorithms: int daysBetweenDates(int,int,int,int,int,int)> ::: 12;<comp5111.assignment.cut.Subject$DateTimeAlgorithms: int daysBetweenDates(int,int,int,int,int,int)> ::: 13;<comp5111.assignment.cut.Subject$DateTimeAlgorithms: int daysBetweenDates(int,int,int,int,int,int)> ::: 14;<comp5111.assignment.cut.Subject$DateTimeAlgorithms: int daysBetweenDates(int,int,int,int,int,int)> ::: 6;<comp5111.assignment.cut.Subject$DateTimeAlgorithms: int daysBetweenDates(int,int,int,int,int,int)> ::: 7;<comp5111.assignment.cut.Subject$DateTimeAlgorithms: int daysBetweenDates(int,int,int,int,int,int)> ::: 8;<comp5111.assignment.cut.Subject$DateTimeAlgorithms: int daysBetweenDates(int,int,int,int,int,int)> ::: 9
comp5111.assignment.cut.Subject_randoop111_RegressionTest0#test138	PASS	<comp5111.assignment.cut.Subject$GameConfiguration: void <init>(comp5111.assignment.cut.Subject,int)> ::: 10;<comp5111.assignment.cut.Subject$GameConfiguration: void <init>(comp5111.assignment.cut.Subject,int)> ::: 3;<comp5111.assignment.cut.Subject$GameConfiguration: void <init>(comp5111.assignment.cut.Subject,int)> ::: 4;<comp5111.assignment.cut.Subject$GameConfiguration: void <init>(comp5111.assignment.cut.Subject,int)> ::: 5;<comp5111.assignment.cut.Subject$GameConfiguration: void <init>(comp5111.assignment.cut.Subject,int)> ::: 6;<comp5111.assignment.cut.Subject$GameConfiguration: void <init>(comp5111.assignment.cut.Subject,int)> ::: 7;<comp5111.assignment.cut.Subject$GameConfiguration: void <init>(comp5111.assignment.cut.Subject,int)> ::: 8;<comp5111.assignment.cut.Subject$GameConfiguration: void <init>(comp5111.assignment.cut.Subject,int)> ::: 9;<comp5111.assignment.cut.Subject$GameConfiguration: void <init>(comp5111.assignment.cut.Subject,int,comp5111.assignment.cut.Subject$GamePlayer[])> ::: 10;<comp5111.assignment.cut.Subject$GameConfiguration: void <init>(comp5111.assignment.cut.Subject,int,comp5111.assignment.cut.Subject$GamePlayer[])> ::: 11;<comp5111.assignment.cut.Subject$GameConfiguration: void <init>(comp5111.assignment.cut.Subject,int,comp5111.assignment.cut.Subject$GamePlayer[])> ::: 15;<comp5111.assignment.cut.Subject$GameConfiguration: void <init>(comp5111.assignment.cut.Subject,int,comp5111.assignment.cut.Subject$GamePlayer[])> ::: 16;<comp5111.assignment.cut.Subject$GameConfiguration: void <init>(comp5111.assignment.cut.Subject,int,comp5111.assignment.cut.Subject$GamePlayer[])> ::: 17;<comp5111.assignment.cut.Subject$GameConfiguration: void <init>(comp5111.assignment.cut.Subject,int,comp5111.assignment.cut.Subject$GamePlayer[])> ::: 18;<comp5111.assignment.cut.Subject$GameConfiguration: void <init>(comp5111.assignment.cut.Subject,int,comp5111.assignment.cut.Subject$GamePlayer[])> ::: 4;<comp5111.assignment.cut.Subject$GameConfiguration: void <init>(comp5111.assignment.cut.Subject,int,comp5111.assignment.cut.Subject$GamePlayer[])> ::: 5;<comp5111.assignment.cut.Subject$GameConfiguration: void <init>(comp5111.assignment.cut.Subject,int,comp5111.assignment.cut.Subject$GamePlayer[])> ::: 6;<comp5111.assignment.cut.Subject$GamePlayer: void <init>(comp5111.assignment.cut.Subject)> ::: 2;<comp5111.assignment.cut.Subject$GamePlayer: void <init>(comp5111.assignment.cut.Subject)> ::: 3;<comp5111.assignment.cut.Subject$GamePlayer: void <init>(comp5111.assignment.cut.Subject)> ::: 4;<comp5111.assignment.cut.Subject$GamePlayer: void <init>(comp5111.assignment.cut.Subject)> ::: 5;<comp5111.assignment.cut.Subject$GamePlayer: void <init>(comp5111.assignment.cut.Subject,java.lang.String)> ::: 3;<comp5111.assignment.cut.Subject$GamePlayer: void <init>(comp5111.assignment.cut.Subject,java.lang.String)> ::: 4;<comp5111.assignment.cut.Subject$GamePlayer: void <init>(comp5111.assignment.cut.Subject,java.lang.String)> ::: 5;<comp5111.assignment.cut.Subject$GamePlayer: void <init>(comp5111.assignment.cut.Subject,java.lang.String)> ::: 6;<comp5111.assignment.cut.Subject: void <init>()> ::: 1;<comp5111.assignment.cut.Subject: void <init>()> ::: 2
comp5111.assignment.cut.Subject_randoop111_RegressionTest0#test139	FAIL	<comp5111.assignment.cut.Subject$StringAlgorithms: int extractIntInStr(java.lang.String)> ::: 1;<comp5111.assignment.cut.Subject$StringAlgorithms: int extractIntInStr(java.lang.String)> ::: 10;<comp5111.assignment.cut.Subject$StringAlgorithms: int extractIntInStr(java.lang.String)> ::: 11;<comp5111.assignment.cut.Subject$StringAlgorithms: int extractIntInStr(java.lang.String)> ::: 12;<comp5111.assignment.cut.Subject$StringAlgorithms: int extractIntInStr(java.lang.String)> ::: 13;<comp5111.assignment.cut.Subject$StringAlgorithms: int extractIntInStr(java.lang.String)> ::: 14;<comp5111.assignment.cut.Subject$StringAlgorithms: int extractIntInStr(java.lang.String)> ::: 15;<comp5111.assignment.cut.Subject$StringAlgorithms: int extractIntInStr(java.lang.String)> ::: 16;<comp5111.assignment.cut.Subject$StringAlgorithms: int extractIntInStr(java.lang.String)> ::: 17;<comp5111.assignment.cut.Subject$StringAlgorithms: int extractIntInStr(java.lang.String)> ::: 2;<comp5111.assignment.cut.Subject$StringAlgorithms: int extractIntInStr(java.lang.String)> ::: 3;<comp5111.assignment.cut.Subject$StringAlgorithms: int extractIntInStr(java.lang.String)> ::: 5;<comp5111.assignment.cut.Subject$StringAlgorithms: int extractIntInStr(java.lang.String)> ::: 6;<comp5111.assignment.cut.Subject$StringAlgorithms: int extractIntInStr(java.lang.String)> ::: 7;<comp5111.assignment.cut.Subject$StringAlgorithms: int extractIntInStr(java.lang.String)> ::: 8;<comp5111.assignment.cut.Subject$StringAlgorithms: int extractIntInStr(java.lang.String)> ::: 9;<comp5111.assignment.cut.Subject$StringAlgorithms: int[] getVersionNo(java.lang.String)> ::: 1;<comp5111.assignment.cut.Subject$StringAlgorithms: int[] getVersionNo(java.lang.String)> ::: 10;<comp5111.assignment.cut.Subject$StringAlgorithms: int[] getVersionNo(java.lang.String)> ::: 11;<comp5111.assignment.cut.Subject$StringAlgorithms: int[] getVersionNo(java.lang.String)> ::: 12;<comp5111.assignment.cut.Subject$StringAlgorithms: int[] getVersionNo(java.lang.String)> ::: 14;<comp5111.assignment.cut.Subject$StringAlgorithms: int[] getVersionNo(java.lang.String)> ::: 15;<comp5111.assignment.cut.Subject$StringAlgorithms: int[] getVersionNo(java.lang.String)> ::: 16;<comp5111.assignment.cut.Subject$StringAlgorithms: int[] getVersionNo(java.lang.String)> ::: 17;<comp5111.assignment.cut.Subject$StringAlgorithms: int[] getVersionNo(java.lang.String)> ::: 2;<comp5111.assignment.cut.Subject$StringAlgorithms: int[] getVersionNo(java.lang.String)> ::: 22;<comp5111.assignment.cut.Subject$StringAlgorithms: int[] getVersionNo(java.lang.String)> ::: 23;<comp5111.assignment.cut.Subject$StringAlgorithms: int[] getVersionNo(java.lang.String)> ::: 24;<comp5111.assignment.cut.Subject$StringAlgorithms: int[] getVersionNo(java.lang.String)> ::: 25;<comp5111.assignment.cut.Subject$StringAlgorithms: int[] getVersionNo(java.lang.String)> ::: 26;<comp5111.assignment.cut.Subject$StringAlgorithms: int[] getVersionNo(java.lang.String)> ::: 27;<comp5111.assignment.cut.Subject$StringAlgorithms: int[] getVersionNo(java.lang.String)> ::: 3;<comp5111.assignment.cut.Subject$StringAlgorithms: int[] getVersionNo(java.lang.String)> ::: 5;<comp5111.assignment.cut.Subject$StringAlgorithms: int[] getVersionNo(java.lang.String)> ::: 6;<comp5111.assignment.cut.Subject$StringAlgorithms: int[] getVersionNo(java.lang.String)> ::: 7;<comp5111.assignment.cut.Subject$StringAlgorithms: int[] getVersionNo(java.lang.String)> ::: 8;<comp5111.assignment.cut.Subject$StringAlgorithms: int[] getVersionNo(java.lang.String)> ::: 9
comp5111.assignment.cut.Subject_randoop111_RegressionTest0#test140	PASS	<comp5111.assignment.cut.Subject$DateTimeAlgorithms: boolean checkValidDate(int,int,int)> ::: 3;<comp5111.assignment.cut.Subject$DateTimeAlgorithms: boolean checkValidDate(int,int,int)> ::: 5;<comp5111.assignment.cut.Subject$DateTimeAlgorithms: int daysBetweenDates(int,int,int,int,int,int)> ::: 12;<comp5111.assignment.cut.Subject$DateTimeAlgorithms: int daysBetweenDates(int,int,int,int,int,int)> ::: 13;<comp5111.assignment.cut.Subject$DateTimeAlgorithms: int daysBetweenDates(int,int,int,int,int,int)> ::: 14;<comp5111.assignment.cut.Subject$DateTimeAlgorithms: int daysBetweenDates(int,int,int,int,int,int)> ::: 6;<comp5111.assignment.cut.Subject$DateTimeAlgorithms: int daysBetweenDates(int,int,int,int,int,int)> ::: 7;<comp5111.assignment.cut.Subject$DateTimeAlgorithms: int daysBetweenDates(int,int,int,int,int,int)> ::: 8;<comp5111.assignment.cut.Subject$DateTimeAlgorithms: int daysBetweenDates(int,int,int,int,int,int)> ::: 9
comp5111.assignment.cut.Subject_randoop111_RegressionTest0#test141	PASS	<comp5111.assignment.cut.Subject$DateTimeAlgorithms: boolean checkValidDate(int,int,int)> ::: 3;<comp5111.assignment.cut.Subject$DateTimeAlgorithms: boolean checkValidDate(int,int,int)> ::: 5;<comp5111.assignment.cut.Subject$DateTimeAlgorithms: java.util.List listDatesBetween(int,int,int,int,int,int)> ::: 10;<comp5111.assignment.cut.Subject$DateTimeAlgorithms: java.util.List listDatesBetween(int,int,int,int,int,int)> ::: 13;<comp5111.assignment.cut.Subject$DateTimeAlgorithms: java.util.List listDatesBetween(int,int,int,int,int,int)> ::: 6;<comp5111.assignment.cut.Subject$DateTimeAlgorithms: java.util.List listDatesBetween(int,int,int,int,int,int)> ::: 7;<comp5111.assignment.cut.Subject$DateTimeAlgorithms: java.util.List listDatesBetween(int,int,int,int,int,int)> ::: 8;<comp5111.assignment.cut.Subject$DateTimeAlgorithms: java.util.List listDatesBetween(int,int,int,int,int,int)> ::: 9
comp5111.assignment.cut.Subject_randoop111_RegressionTest0#test142	PASS	<comp5111.assignment.cut.Subject$StringAlgorithms: java.lang.Number parseNumber(java.lang.String)> ::: 1;<comp5111.assignment.cut.Subject$StringAlgorithms: java.lang.Number parseNumber(java.lang.String)> ::: 10;<comp5111.assignment.cut.Subject$StringAlgorithms: java.lang.Number parseNumber(java.lang.String)> ::: 105;<comp5111.assignment.cut.Subject$StringAlgorithms: java.lang.Number parseNumber(java.lang.String)> ::: 11;<comp5111.assignment.cut.Subject$StringAlgorithms: java.lang.Number parseNumber(java.lang.String)> ::: 112;<comp5111.assignment.cut.Subject$StringAlgorithms: java.lang.Number parseNumber(java.lang.String)> ::: 113;<comp5111.assignment.cut.Subject$StringAlgorithms: java.lang.Number parseNumber(java.lang.String)> ::: 114;<comp5111.assignment.cut.Subject$StringAlgorithms: java.lang.Number parseNumber(java.lang.String)> ::: 115;<comp5111.assignment.cut.Subject$StringAlgorithms: java.lang.Number parseNumber(java.lang.String)> ::: 116;<comp5111.assignment.cut.Subject$StringAlgorithms: java.lang.Number parseNumber(java.lang.String)> ::: 13;<comp5111.assignment.cut.Subject$StringAlgorithms: java.lang.Number parseNumber(java.lang.String)> ::: 14;<comp5111.assignment.cut.Subject$StringAlgorithms: java.lang.Number parseNumber(java.lang.String)> ::: 15;<comp5111.assignment.cut.Subject$StringAlgorithms: java.lang.Number parseNumber(java.lang.String)> ::: 16;<comp5111.assignment.cut.Subject$StringAlgorithms: java.lang.Number parseNumber(java.lang.String)> ::: 19;<comp5111.assignment.cut.Subject$StringAlgorithms: java.lang.Number parseNumber(java.lang.String)> ::: 2;<comp5111.assignment.cut.Subject$StringAlgorithms: java.lang.Number parseNumber(java.lang.String)> ::: 20;<comp5111.assignment.cut.Subject$StringAlgorithms: java.lang.Number parseNumber(java.lang.String)> ::: 21;<comp5111.assignment.cut.Subject$StringAlgorithms: java.lang.Number parseNumber(java.lang.String)> ::: 22;<comp5111.assignment.cut.Subject$StringAlgorithms: java.lang.Number parseNumber(java.lang.String)> ::: 23;<comp5111.assignment.cut.Subject$StringAlgorithms: java.lang.Number parseNumber(java.lang.String)> ::: 24;<comp5111.assignment.cut.Subject$StringAlgorithms: java.lang.Number parseNumber(java.lang.String)> ::: 25;<comp5111.assignment.cut.Subject$StringAlgorithms: java.lang.Number parseNumber(java.lang.String)> ::: 26;<comp5111.assignment.cut.Subject$StringAlgorithms: java.lang.Number parseNumber(java.lang.String)> ::: 27;<comp5111.assignment.cut.Subject$StringAlgorithms: java.lang.Number parseNumber(java.lang.String)> ::: 3;<comp5111.assignment.cut.Subject$StringAlgorithms: java.lang.Number parseNumber(java.lang.String)> ::: 39;<comp5111.assignment.cut.Subject$StringAlgorithms: java.lang.Number parseNumber(java.lang.String)> ::: 4;<comp5111.assignment.cut.Subject$StringAlgorithms: java.lang.Number parseNumber(java.lang.String)> ::: 40;<comp5111.assignment.cut.Subject$StringAlgorithms: java.lang.Number parseNumber(java.lang.String)> ::: 41;<comp5111.assignment.cut.Subject$StringAlgorithms: java.lang.Number parseNumber(java.lang.String)> ::: 5
comp5111.assignment.cut.Subject_randoop111_RegressionTest0#test143	PASS	<comp5111.assignment.cut.Subject$GamePlayer: void <init>(comp5111.assignment.cut.Subject)> ::: 2;<comp5111.assignment.cut.Subject$GamePlayer: void <init>(comp5111.assignment.cut.Subject)> ::: 3;<comp5111.assignment.cut.Subject$GamePlayer: void <init>(comp5111.assignment.cut.Subject)> ::: 4;<comp5111.assignment.cut.Subject$GamePlayer: void <init>(comp5111.assignment.cut.Subject)> ::: 5;<comp5111.assignment.cut.Subject: void <init>()> ::: 1;<comp5111.assignment.cut.Subject: void <init>()> ::: 2
comp5111.assignment.cut.Subject_randoop111_RegressionTest0#test144	PASS	<comp5111.assignment.cut.Subject$DateTimeAlgorithms: java.lang.String dayStr(int)> ::: 1;<comp5111.assignment.cut.Subject$DateTimeAlgorithms: java.lang.String dayStr(int)> ::: 10;<comp5111.assignment.cut.Subject$DateTimeAlgorithms: java.lang.String dayStr(int)> ::: 11;<comp5111.assignment.cut.Subject$DateTimeAlgorithms: java.lang.String dayStr(int)> ::: 14;<comp5111.assignment.cut.Subject$DateTimeAlgorithms: java.lang.String dayStr(int)> ::: 15;<comp5111.assignment.cut.Subject$DateTimeAlgorithms: java.lang.String dayStr(int)> ::: 18;<comp5111.assignment.cut.Subject$DateTimeAlgorithms: java.lang.String dayStr(int)> ::: 19;<comp5111.assignment.cut.Subject$DateTimeAlgorithms: java.lang.String dayStr(int)> ::: 2;<comp5111.assignment.cut.Subject$DateTimeAlgorithms: java.lang.String dayStr(int)> ::: 20;<comp5111.assignment.cut.Subject$DateTimeAlgorithms: java.lang.String dayStr(int)> ::: 21;<comp5111.assignment.cut.Subject$DateTimeAlgorithms: java.lang.String dayStr(int)> ::: 22;<comp5111.assignment.cut.Subject$DateTimeAlgorithms: java.lang.String dayStr(int)> ::: 3;<comp5111.assignment.cut.Subject$DateTimeAlgorithms: java.lang.String dayStr(int)> ::: 6;<comp5111.assignment.cut.Subject$DateTimeAlgorithms: java.lang.String dayStr(int)> ::: 7
comp5111.assignment.cut.Subject_randoop111_RegressionTest0#test145	PASS	<comp5111.assignment.cut.Subject$StringAlgorithms: java.lang.String padLeft(java.lang.String,short,char)> ::: 10;<comp5111.assignment.cut.Subject$StringAlgorithms: java.lang.String padLeft(java.lang.String,short,char)> ::: 11;<comp5111.assignment.cut.Subject$StringAlgorithms: java.lang.String padLeft(java.lang.String,short,char)> ::: 12;<comp5111.assignment.cut.Subject$StringAlgorithms: java.lang.String padLeft(java.lang.String,short,char)> ::: 13;<comp5111.assignment.cut.Subject$StringAlgorithms: java.lang.String padLeft(java.lang.String,short,char)> ::: 14;<comp5111.assignment.cut.Subject$StringAlgorithms: java.lang.String padLeft(java.lang.String,short,char)> ::: 15;<comp5111.assignment.cut.Subject$StringAlgorithms: java.lang.String padLeft(java.lang.String,short,char)> ::: 16;<comp5111.assignment.cut.Subject$StringAlgorithms: java.lang.String padLeft(java.lang.String,short,char)> ::: 17;<comp5111.assignment.cut.Subject$StringAlgorithms: java.lang.String padLeft(java.lang.String,short,char)> ::: 18;<comp5111.assignment.cut.Subject$StringAlgorithms: java.lang.String padLeft(java.lang.String,short,char)> ::: 19;<comp5111.assignment.cut.Subject$StringAlgorithms: java.lang.String padLeft(java.lang.String,short,char)> ::: 3;<comp5111.assignment.cut.Subject$StringAlgorithms: java.lang.String padLeft(java.lang.String,short,char)> ::: 5;<comp5111.assignment.cut.Subject$StringAlgorithms: java.lang.String padLeft(java.lang.String,short,char)> ::: 6;<comp5111.assignment.cut.Subject$StringAlgorithms: java.lang.String padLeft(java.lang.String,short,char)> ::: 7;<comp5111.assignment.cut.Subject$StringAlgorithms: java.lang.String padLeft(java.lang.String,short,char)> ::: 9
comp5111.assignment.cut.Subject_randoop111_RegressionTest0#test146	PASS	<comp5111.assignment.cut.Subject$StringAlgorithms: java.lang.String padLeft(java.lang.String,short,char)> ::: 10;<comp5111.assignment.cut.Subject$StringAlgorithms: java.lang.String padLeft(java.lang.String,short,char)> ::: 11;<comp5111.assignment.cut.Subject$StringAlgorithms: java.lang.String padLeft(java.lang.String,short,char)> ::: 12;<comp5111.assignment.cut.Subject$StringAlgorithms: java.lang.String padLeft(java.lang.String,short,char)> ::: 13;<comp5111.assignment.cut.Subject$StringAlgorithms: java.lang.String padLeft(java.lang.String,short,char)> ::: 14;<comp5111.assignment.cut.Subject$StringAlgorithms: java.lang.String padLeft(java.lang.String,short,char)> ::: 15;<comp5111.assignment.cut.Subject$StringAlgorithms: java.lang.String padLeft(java.lang.String,short,char)> ::: 16;<comp5111.assignment.cut.Subject$StringAlgorithms: java.lang.String padLeft(java.lang.String,short,char)> ::: 17;<comp5111.assignment.cut.Subject$StringAlgorithms: java.lang.String padLeft(java.lang.String,short,char)> ::: 18;<comp5111.assignment.cut.Subject$StringAlgorithms: java.lang.String padLeft(java.lang.String,short,char)> ::: 19;<comp5111.assignment.cut.Subject$StringAlgorithms: java.lang.String padLeft(java.lang.String,short,char)> ::: 3;<comp5111.assignment.cut.Subject$StringAlgorithms: java.lang.String padLeft(java.lang.String,short,char)> ::: 5;<comp5111.assignment.cut.Subject$StringAlgorithms: java.lang.String padLeft(java.lang.String,short,char)> ::: 6;<comp5111.assignment.cut.Subject$StringAlgorithms: java.lang.String padLeft(java.lang.String,short,char)> ::: 7;<comp5111.assignment.cut.Subject$StringAlgorithms: java.lang.String padLeft(java.lang.String,short,char)> ::: 9
comp5111.assignment.cut.Subject_randoop111_RegressionTest0#test147	PASS	<comp5111.assignment.cut.Subject$GamePlayer: void <init>(comp5111.assignment.cut.Subject)> ::: 2;<comp5111.assignment.cut.Subject$GamePlayer: void <init>(comp5111.assignment.cut.Subject)> ::: 3;<comp5111.assignment.cut.Subject$GamePlayer: void <init>(comp5111.assignment.cut.Subject)> ::: 4;<comp5111.assignment.cut.Subject$GamePlayer: void <init>(comp5111.assignment.cut.Subject)> ::: 5;<comp5111.assignment.cut.Subject$GamePlayer: void <init>(comp5111.assignment.cut.Subject,java.lang.String)> ::: 3;<comp5111.assignment.cut.Subject$GamePlayer: void <init>(comp5111.assignment.cut.Subject,java.lang.String)> ::: 4;<comp5111.assignment.cut.Subject$GamePlayer: void <init>(comp5111.assignment.cut.Subject,java.lang.String)> ::: 5;<comp5111.assignment.cut.Subject$GamePlayer: void <init>(comp5111.assignment.cut.Subject,java.lang.String)> ::: 6;<comp5111.assignment.cut.Subject$GamePlayer: void setScore(int)> ::: 2;<comp5111.assignment.cut.Subject$GamePlayer: void setScore(int)> ::: 3;<comp5111.assignment.cut.Subject: void <init>()> ::: 1;<comp5111.assignment.cut.Subject: void <init>()> ::: 2
comp5111.assignment.cut.Subject_randoop111_RegressionTest0#test148	PASS	<comp5111.assignment.cut.Subject$DateTimeAlgorithms: int calcDaysInMonth(int,int)> ::: 2;<comp5111.assignment.cut.Subject$DateTimeAlgorithms: int calcDaysInMonth(int,int)> ::: 3;<comp5111.assignment.cut.Subject$DateTimeAlgorithms: int calcDaysInMonth(int,int)> ::: 4
comp5111.assignment.cut.Subject_randoop111_RegressionTest0#test149	PASS	<comp5111.assignment.cut.Subject$DateTimeAlgorithms: boolean checkValidDate(int,int,int)> ::: 3;<comp5111.assignment.cut.Subject$DateTimeAlgorithms: boolean checkValidDate(int,int,int)> ::: 4;<comp5111.assignment.cut.Subject$DateTimeAlgorithms: boolean checkValidDate(int,int,int)> ::: 5;<comp5111.assignment.cut.Subject$DateTimeAlgorithms: java.lang.String formatFullDate(int,int,int)> ::: 3;<comp5111.assignment.cut.Subject$DateTimeAlgorithms: java.lang.String formatFullDate(int,int,int)> ::: 4;<comp5111.assignment.cut.Subject$DateTimeAlgorithms: java.lang.String formatFullDate(int,int,int)> ::: 5
comp5111.assignment.cut.Subject_randoop111_RegressionTest0#test150	PASS	<comp5111.assignment.cut.Subject$StringAlgorithms: java.lang.String padLeft(java.lang.String,short,char)> ::: 3;<comp5111.assignment.cut.Subject$StringAlgorithms: java.lang.String padLeft(java.lang.String,short,char)> ::: 5;<comp5111.assignment.cut.Subject$StringAlgorithms: java.lang.String padLeft(java.lang.String,short,char)> ::: 6;<comp5111.assignment.cut.Subject$StringAlgorithms: java.lang.String padLeft(java.lang.String,short,char)> ::: 7;<comp5111.assignment.cut.Subject$StringAlgorithms: java.lang.String padLeft(java.lang.String,short,char)> ::: 8
comp5111.assignment.cut.Subject_randoop111_RegressionTest0#test151	PASS	
comp5111.assignment.cut.Subject_randoop111_RegressionTest0#test152	PASS	<comp5111.assignment.cut.Subject$DateTimeAlgorithms: int monAbbr2month(java.lang.String)> ::: 1;<comp5111.assignment.cut.Subject$DateTimeAlgorithms: int monAbbr2month(java.lang.String)> ::: 10;<comp5111.assignment.cut.Subject$DateTimeAlgorithms: int monAbbr2month(java.lang.String)> ::: 11;<comp5111.assignment.cut.Subject$DateTimeAlgorithms: int monAbbr2month(java.lang.String)> ::: 12;<comp5111.assignment.cut.Subject$DateTimeAlgorithms: int monAbbr2month(java.lang.String)> ::: 14;<comp5111.assignment.cut.Subject$DateTimeAlgorithms: int monAbbr2month(java.lang.String)> ::: 16;<comp5111.assignment.cut.Subject$DateTimeAlgorithms: int monAbbr2month(java.lang.String)> ::: 18;<comp5111.assignment.cut.Subject$DateTimeAlgorithms: int monAbbr2month(java.lang.String)> ::: 19;<comp5111.assignment.cut.Subject$DateTimeAlgorithms: int monAbbr2month(java.lang.String)> ::: 2;<comp5111.assignment.cut.Subject$DateTimeAlgorithms: int monAbbr2month(java.lang.String)> ::: 3;<comp5111.assignment.cut.Subject$DateTimeAlgorithms: int monAbbr2month(java.lang.String)> ::: 5;<comp5111.assignment.cut.Subject$DateTimeAlgorithms: int monAbbr2month(java.lang.String)> ::: 6;<comp5111.assignment.cut.Subject$DateTimeAlgorithms: int monAbbr2month(java.lang.String)> ::: 7;<comp5111.assignment.cut.Subject$DateTimeAlgorithms: int monAbbr2month(java.lang.String)> ::: 8;<comp5111.assignment.cut.Subject$DateTimeAlgorithms: int monAbbr2month(java.lang.String)> ::: 9
comp5111.assignment.cut.Subject_randoop111_RegressionTest0#test153	PASS	<comp5111.assignment.cut.Subject$StringAlgorithms: java.lang.Number parseNumber(java.lang.String)> ::: 1;<comp5111.assignment.cut.Subject$StringAlgorithms: java.lang.Number parseNumber(java.lang.String)> ::: 10;<comp5111.assignment.cut.Subject$StringAlgorithms: java.lang.Number parseNumber(java.lang.String)> ::: 102;<comp5111.assignment.cut.Subject$StringAlgorithms: java.lang.Number parseNumber(java.lang.String)> ::: 103;<comp5111.assignment.cut.Subject$StringAlgorithms: java.lang.Number parseNumber(java.lang.String)> ::: 104;<comp5111.assignment.cut.Subject$StringAlgorithms: java.lang.Number parseNumber(java.lang.String)> ::: 11;<comp5111.assignment.cut.Subject$StringAlgorithms: java.lang.Number parseNumber(java.lang.String)> ::: 13;<comp5111.assignment.cut.Subject$StringAlgorithms: java.lang.Number parseNumber(java.lang.String)> ::: 14;<comp5111.assignment.cut.Subject$StringAlgorithms: java.lang.Number parseNumber(java.lang.String)> ::: 15;<comp5111.assignment.cut.Subject$StringAlgorithms: java.lang.Number parseNumber(java.lang.String)> ::: 16;<comp5111.assignment.cut.Subject$StringAlgorithms: java.lang.Number parseNumber(java.lang.String)> ::: 19;<comp5111.assignment.cut.Subject$StringAlgorithms: java.lang.Number parseNumber(java.lang.String)> ::: 2;<comp5111.assignment.cut.Subject$StringAlgorithms: java.lang.Number parseNumber(java.lang.String)> ::: 20;<comp5111.assignment.cut.Subject$StringAlgorithms: java.lang.Number parseNumber(java.lang.String)> ::: 21;<comp5111.assignment.cut.Subject$StringAlgorithms: java.lang.Number parseNumber(java.lang.String)> ::: 22;<comp5111.assignment.cut.Subject$StringAlgorithms: java.lang.Number parseNumber(java.lang.String)> ::: 23;<comp5111.assignment.cut.Subject$StringAlgorithms: java.lang.Number parseNumber(java.lang.String)> ::: 24;<comp5111.assignment.cut.Subject$StringAlgorithms: java.lang.Number parseNumber(java.lang.String)> ::: 25;<comp5111.assignment.cut.Subject$StringAlgorithms: java.lang.Number parseNumber(java.lang.String)> ::: 26;<comp5111.assignment.cut.Subject$StringAlgorithms: java.lang.Number parseNumber(java.lang.String)> ::: 27;<comp5111.assignment.cut.Subject$StringAlgorithms: java.lang.Number parseNumber(java.lang.String)> ::: 3;<comp5111.assignment.cut.Subject$StringAlgorithms: java.lang.Number parseNumber(java.lang.String)> ::: 39;<comp5111.assignment.cut.Subject$StringAlgorithms: java.lang.Number parseNumber(java.lang.String)> ::: 4;<comp5111.assignment.cut.Subject$StringAlgorithms: java.lang.Number parseNumber(java.lang.String)> ::: 40;<comp5111.assignment.cut.Subject$StringAlgorithms: java.lang.Number parseNumber(java.lang.String)> ::: 41;<comp5111.assignment.cut.Subject$StringAlgorithms: java.lang.Number parseNumber(java.lang.String)> ::: 42;<comp5111.assignment.cut.Subject$StringAlgorithms: java.lang.Number parseNumber(java.lang.String)> ::: 5;<comp5111.assignment.cut.Subject$StringAlgorithms: java.lang.Number parseNumber(java.lang.String)> ::: 51;<comp5111.assignment.cut.Subject$StringAlgorithms: java.lang.Number parseNumber(java.lang.String)> ::: 52;<comp5111.assignment.cut.Subject$StringAlgorithms: java.lang.Number parseNumber(java.lang.String)> ::: 53;<comp5111.assignment.cut.Subject$StringAlgorithms: java.lang.Number parseNumber(java.lang.String)> ::: 54;<comp5111.assignment.cut.Subject$StringAlgorithms: java.lang.Number parseNumber(java.lang.String)> ::: 55;<comp5111.assignment.cut.Subject$StringAlgorithms: java.lang.Number parseNumber(java.lang.String)> ::: 56;<comp5111.assignment.cut.Subject$StringAlgorithms: java.lang.Number parseNumber(java.lang.String)> ::: 86;<comp5111.assignment.cut.Subject$StringAlgorithms: java.lang.Number parseNumber(java.lang.String)> ::: 87;<comp5111.assignment.cut.Subject$StringAlgorithms: java.lang.Number parseNumber(java.lang.String)> ::: 90;<comp5111.assignment.cut.Subject$StringAlgorithms: java.lang.Number parseNumber(java.lang.String)> ::: 91
comp5111.assignment.cut.Subject_randoop111_RegressionTest0#test154	PASS	<comp5111.assignment.cut.Subject$GamePlace: boolean equals(java.lang.Object)> ::: 2;<comp5111.assignment.cut.Subject$GamePlace: boolean equals(java.lang.Object)> ::: 4;<comp5111.assignment.cut.Subject$GamePlace: boolean equals(java.lang.Object)> ::: 5;<comp5111.assignment.cut.Subject$GamePlace: boolean equals(java.lang.Object)> ::: 6;<comp5111.assignment.cut.Subject$GamePlace: boolean equals(java.lang.Object)> ::: 7;<comp5111.assignment.cut.Subject$GamePlace: boolean equals(java.lang.Object)> ::: 8;<comp5111.assignment.cut.Subject$GamePlace: boolean isAdjacent(comp5111.assignment.cut.Subject$GamePlace)> ::: 10;<comp5111.assignment.cut.Subject$GamePlace: boolean isAdjacent(comp5111.assignment.cut.Subject$GamePlace)> ::: 11;<comp5111.assignment.cut.Subject$GamePlace: boolean isAdjacent(comp5111.assignment.cut.Subject$GamePlace)> ::: 12;<comp5111.assignment.cut.Subject$GamePlace: boolean isAdjacent(comp5111.assignment.cut.Subject$GamePlace)> ::: 13;<comp5111.assignment.cut.Subject$GamePlace: boolean isAdjacent(comp5111.assignment.cut.Subject$GamePlace)> ::: 15;<comp5111.assignment.cut.Subject$GamePlace: boolean isAdjacent(comp5111.assignment.cut.Subject$GamePlace)> ::: 2;<comp5111.assignment.cut.Subject$GamePlace: boolean isAdjacent(comp5111.assignment.cut.Subject$GamePlace)> ::: 3;<comp5111.assignment.cut.Subject$GamePlace: boolean isAdjacent(comp5111.assignment.cut.Subject$GamePlace)> ::: 4;<comp5111.assignment.cut.Subject$GamePlace: boolean isAdjacent(comp5111.assignment.cut.Subject$GamePlace)> ::: 5;<comp5111.assignment.cut.Subject$GamePlace: boolean isAdjacent(comp5111.assignment.cut.Subject$GamePlace)> ::: 6;<comp5111.assignment.cut.Subject$GamePlace: boolean isAdjacent(comp5111.assignment.cut.Subject$GamePlace)> ::: 7;<comp5111.assignment.cut.Subject$GamePlace: boolean isAdjacent(comp5111.assignment.cut.Subject$GamePlace)> ::: 8;<comp5111.assignment.cut.Subject$GamePlace: boolean isAdjacent(comp5111.assignment.cut.Subject$GamePlace)> ::: 9;<comp5111.assignment.cut.Subject$GamePlace: comp5111.assignment.cut.Subject$GamePlace clone()> ::: 1;<comp5111.assignment.cut.Subject$GamePlace: comp5111.assignment.cut.Subject$GamePlace clone()> ::: 2;<comp5111.assignment.cut.Subject$GamePlace: comp5111.assignment.cut.Subject$GamePlace clone()> ::: 3;<comp5111.assignment.cut.Subject$GamePlace: comp5111.assignment.cut.Subject$GamePlace clone()> ::: 4;<comp5111.assignment.cut.Subject$GamePlace: comp5111.assignment.cut.Subject$GamePlace clone()> ::: 5;<comp5111.assignment.cut.Subject$GamePlace: comp5111.assignment.cut.Subject$GamePlace clone()> ::: 6;<comp5111.assignment.cut.Subject$GamePlace: comp5111.assignment.cut.Subject$GamePlace clone()> ::: 7;<comp5111.assignment.cut.Subject$GamePlace: comp5111.assignment.cut.Subject$GamePlace clone()> ::: 8;<comp5111.assignment.cut.Subject$GamePlace: comp5111.assignment.cut.Subject$GamePlace clone()> ::: 9;<comp5111.assignment.cut.Subject$GamePlace: java.lang.String toString()> ::: 1;<comp5111.assignment.cut.Subject$GamePlace: java.lang.String toString()> ::: 2;<comp5111.assignment.cut.Subject$GamePlace: java.lang.String toString()> ::: 3;<comp5111.assignment.cut.Subject$GamePlace: java.lang.String toString()> ::: 4;<comp5111.assignment.cut.Subject$GamePlace: void <init>(comp5111.assignment.cut.Subject,int,int)> ::: 4;<comp5111.assignment.cut.Subject$GamePlace: void <init>(comp5111.assignment.cut.Subject,int,int)> ::: 5;<comp5111.assignment.cut.Subject$GamePlace: void <init>(comp5111.assignment.cut.Subject,int,int)> ::: 6;<comp5111.assignment.cut.Subject$GamePlace: void <init>(comp5111.assignment.cut.Subject,int,int)> ::: 7;<comp5111.assignment.cut.Subject$GamePlace: void <init>(comp5111.assignment.cut.Subject,int,int)> ::: 8;<comp5111.assignment.cut.Subject$GamePlace: void y(int)> ::: 2;<comp5111.assignment.cut.Subject$GamePlace: void y(int)> ::: 3;<comp5111.assignment.cut.Subject: void <init>()> ::: 1;<comp5111.assignment.cut.Subject: void <init>()> ::: 2
comp5111.assignment.cut.Subject_randoop111_RegressionTest0#test155	PASS	<comp5111.assignment.cut.Subject$DateTimeAlgorithms: int monAbbr2month(java.lang.String)> ::: 1;<comp5111.assignment.cut.Subject$DateTimeAlgorithms: int monAbbr2month(java.lang.String)> ::: 2;<comp5111.assignment.cut.Subject$DateTimeAlgorithms: int monAbbr2month(java.lang.String)> ::: 3;<comp5111.assignment.cut.Subject$DateTimeAlgorithms: int monAbbr2month(java.lang.String)> ::: 4
comp5111.assignment.cut.Subject_randoop111_RegressionTest0#test156	PASS	<comp5111.assignment.cut.Subject$DateTimeAlgorithms: boolean checkValidDate(int,int,int)> ::: 3;<comp5111.assignment.cut.Subject$DateTimeAlgorithms: boolean checkValidDate(int,int,int)> ::: 4;<comp5111.assignment.cut.Subject$DateTimeAlgorithms: boolean checkValidDate(int,int,int)> ::: 5;<comp5111.assignment.cut.Subject$DateTimeAlgorithms: int daysBetweenDates(int,int,int,int,int,int)> ::: 12;<comp5111.assignment.cut.Subject$DateTimeAlgorithms: int daysBetweenDates(int,int,int,int,int,int)> ::: 13;<comp5111.assignment.cut.Subject$DateTimeAlgorithms: int daysBetweenDates(int,int,int,int,int,int)> ::: 14;<comp5111.assignment.cut.Subject$DateTimeAlgorithms: int daysBetweenDates(int,int,int,int,int,int)> ::: 6;<comp5111.assignment.cut.Subject$DateTimeAlgorithms: int daysBetweenDates(int,int,int,int,int,int)> ::: 7;<comp5111.assignment.cut.Subject$DateTimeAlgorithms: int daysBetweenDates(int,int,int,int,int,int)> ::: 8;<comp5111.assignment.cut.Subject$DateTimeAlgorithms: int daysBetweenDates(int,int,int,int,int,int)> ::: 9
comp5111.assignment.cut.Subject_randoop111_RegressionTest0#test157	PASS	<comp5111.assignment.cut.Subject$GamePlace: boolean equals(java.lang.Object)> ::: 2;<comp5111.assignment.cut.Subject$GamePlace: boolean equals(java.lang.Object)> ::: 4;<comp5111.assignment.cut.Subject$GamePlace: boolean equals(java.lang.Object)> ::: 5;<comp5111.assignment.cut.Subject$GamePlace: boolean equals(java.lang.Object)> ::: 6;<comp5111.assignment.cut.Subject$GamePlace: boolean equals(java.lang.Object)> ::: 7;<comp5111.assignment.cut.Subject$GamePlace: boolean equals(java.lang.Object)> ::: 8;<comp5111.assignment.cut.Subject$GamePlace: boolean isAdjacent(comp5111.assignment.cut.Subject$GamePlace)> ::: 10;<comp5111.assignment.cut.Subject$GamePlace: boolean isAdjacent(comp5111.assignment.cut.Subject$GamePlace)> ::: 11;<comp5111.assignment.cut.Subject$GamePlace: boolean isAdjacent(comp5111.assignment.cut.Subject$GamePlace)> ::: 12;<comp5111.assignment.cut.Subject$GamePlace: boolean isAdjacent(comp5111.assignment.cut.Subject$GamePlace)> ::: 13;<comp5111.assignment.cut.Subject$GamePlace: boolean isAdjacent(comp5111.assignment.cut.Subject$GamePlace)> ::: 15;<comp5111.assignment.cut.Subject$GamePlace: boolean isAdjacent(comp5111.assignment.cut.Subject$GamePlace)> ::: 2;<comp5111.assignment.cut.Subject$GamePlace: boolean isAdjacent(comp5111.assignment.cut.Subject$GamePlace)> ::: 3;<comp5111.assignment.cut.Subject$GamePlace: boolean isAdjacent(comp5111.assignment.cut.Subject$GamePlace)> ::: 4;<comp5111.assignment.cut.Subject$GamePlace: boolean isAdjacent(comp5111.assignment.cut.Subject$GamePlace)> ::: 5;<comp5111.assignment.cut.Subject$GamePlace: boolean isAdjacent(comp5111.assignment.cut.Subject$GamePlace)> ::: 6;<comp5111.assignment.cut.Subject$GamePlace: boolean isAdjacent(comp5111.assignment.cut.Subject$GamePlace)> ::: 7;<comp5111.assignment.cut.Subject$GamePlace: boolean isAdjacent(comp5111.assignment.cut.Subject$GamePlace)> ::: 8;<comp5111.assignment.cut.Subject$GamePlace: boolean isAdjacent(comp5111.assignment.cut.Subject$GamePlace)> ::: 9;<comp5111.assignment.cut.Subject$GamePlace: comp5111.assignment.cut.Subject$GamePlace clone()> ::: 1;<comp5111.assignment.cut.Subject$GamePlace: comp5111.assignment.cut.Subject$GamePlace clone()> ::: 2;<comp5111.assignment.cut.Subject$GamePlace: comp5111.assignment.cut.Subject$GamePlace clone()> ::: 3;<comp5111.assignment.cut.Subject$GamePlace: comp5111.assignment.cut.Subject$GamePlace clone()> ::: 4;<comp5111.assignment.cut.Subject$GamePlace: comp5111.assignment.cut.Subject$GamePlace clone()> ::: 5;<comp5111.assignment.cut.Subject$GamePlace: comp5111.assignment.cut.Subject$GamePlace clone()> ::: 6;<comp5111.assignment.cut.Subject$GamePlace: comp5111.assignment.cut.Subject$GamePlace clone()> ::: 7;<comp5111.assignment.cut.Subject$GamePlace: comp5111.assignment.cut.Subject$GamePlace clone()> ::: 8;<comp5111.assignment.cut.Subject$GamePlace: comp5111.assignment.cut.Subject$GamePlace clone()> ::: 9;<comp5111.assignment.cut.Subject$GamePlace: void <init>(comp5111.assignment.cut.Subject,int,int)> ::: 4;<comp5111.assignment.cut.Subject$GamePlace: void <init>(comp5111.assignment.cut.Subject,int,int)> ::: 5;<comp5111.assignment.cut.Subject$GamePlace: void <init>(comp5111.assignment.cut.Subject,int,int)> ::: 6;<comp5111.assignment.cut.Subject$GamePlace: void <init>(comp5111.assignment.cut.Subject,int,int)> ::: 7;<comp5111.assignment.cut.Subject$GamePlace: void <init>(comp5111.assignment.cut.Subject,int,int)> ::: 8;<comp5111.assignment.cut.Subject$GamePlace: void y(int)> ::: 2;<comp5111.assignment.cut.Subject$GamePlace: void y(int)> ::: 3;<comp5111.assignment.cut.Subject: void <init>()> ::: 1;<comp5111.assignment.cut.Subject: void <init>()> ::: 2
comp5111.assignment.cut.Subject_randoop111_RegressionTest0#test158	PASS	<comp5111.assignment.cut.Subject$DateTimeAlgorithms: boolean checkValidDate(int,int,int)> ::: 10;<comp5111.assignment.cut.Subject$DateTimeAlgorithms: boolean checkValidDate(int,int,int)> ::: 3;<comp5111.assignment.cut.Subject$DateTimeAlgorithms: boolean checkValidDate(int,int,int)> ::: 4;<comp5111.assignment.cut.Subject$DateTimeAlgorithms: boolean checkValidDate(int,int,int)> ::: 6;<comp5111.assignment.cut.Subject$DateTimeAlgorithms: boolean checkValidDate(int,int,int)> ::: 7;<comp5111.assignment.cut.Subject$DateTimeAlgorithms: boolean checkValidDate(int,int,int)> ::: 8;<comp5111.assignment.cut.Subject$DateTimeAlgorithms: int calcDaysInMonth(int,int)> ::: 12;<comp5111.assignment.cut.Subject$DateTimeAlgorithms: int calcDaysInMonth(int,int)> ::: 13;<comp5111.assignment.cut.Subject$DateTimeAlgorithms: int calcDaysInMonth(int,int)> ::: 14;<comp5111.assignment.cut.Subject$DateTimeAlgorithms: int calcDaysInMonth(int,int)> ::: 15;<comp5111.assignment.cut.Subject$DateTimeAlgorithms: int calcDaysInMonth(int,int)> ::: 17;<comp5111.assignment.cut.Subject$DateTimeAlgorithms: int calcDaysInMonth(int,int)> ::: 2;<comp5111.assignment.cut.Subject$DateTimeAlgorithms: int calcDaysInMonth(int,int)> ::: 3;<comp5111.assignment.cut.Subject$DateTimeAlgorithms: int calcDaysInMonth(int,int)> ::: 5;<comp5111.assignment.cut.Subject$DateTimeAlgorithms: java.lang.String formatFullDate(int,int,int)> ::: 3;<comp5111.assignment.cut.Subject$DateTimeAlgorithms: java.lang.String formatFullDate(int,int,int)> ::: 4;<comp5111.assignment.cut.Subject$DateTimeAlgorithms: java.lang.String formatFullDate(int,int,int)> ::: 5
comp5111.assignment.cut.Subject_randoop111_RegressionTest0#test159	PASS	<comp5111.assignment.cut.Subject$GameConfiguration: void <init>(comp5111.assignment.cut.Subject,int)> ::: 10;<comp5111.assignment.cut.Subject$GameConfiguration: void <init>(comp5111.assignment.cut.Subject,int)> ::: 3;<comp5111.assignment.cut.Subject$GameConfiguration: void <init>(comp5111.assignment.cut.Subject,int)> ::: 4;<comp5111.assignment.cut.Subject$GameConfiguration: void <init>(comp5111.assignment.cut.Subject,int)> ::: 5;<comp5111.assignment.cut.Subject$GameConfiguration: void <init>(comp5111.assignment.cut.Subject,int)> ::: 6;<comp5111.assignment.cut.Subject$GameConfiguration: void <init>(comp5111.assignment.cut.Subject,int)> ::: 7;<comp5111.assignment.cut.Subject$GameConfiguration: void <init>(comp5111.assignment.cut.Subject,int)> ::: 8;<comp5111.assignment.cut.Subject$GameConfiguration: void <init>(comp5111.assignment.cut.Subject,int)> ::: 9;<comp5111.assignment.cut.Subject$GameConfiguration: void <init>(comp5111.assignment.cut.Subject,int,comp5111.assignment.cut.Subject$GamePlayer[])> ::: 4;<comp5111.assignment.cut.Subject$GameConfiguration: void <init>(comp5111.assignment.cut.Subject,int,comp5111.assignment.cut.Subject$GamePlayer[])> ::: 5;<comp5111.assignment.cut.Subject$GameConfiguration: void <init>(comp5111.assignment.cut.Subject,int,comp5111.assignment.cut.Subject$GamePlayer[])> ::: 6;<comp5111.assignment.cut.Subject$GameConfiguration: void <init>(comp5111.assignment.cut.Subject,int,comp5111.assignment.cut.Subject$GamePlayer[])> ::: 7;<comp5111.assignment.cut.Subject$GameConfiguration: void <init>(comp5111.assignment.cut.Subject,int,comp5111.assignment.cut.Subject$GamePlayer[])> ::: 8;<comp5111.assignment.cut.Subject$GameConfiguration: void <init>(comp5111.assignment.cut.Subject,int,comp5111.assignment.cut.Subject$GamePlayer[])> ::: 9;<comp5111.assignment.cut.Subject$GamePlayer: void <init>(comp5111.assignment.cut.Subject,java.lang.String)> ::: 3;<comp5111.assignment.cut.Subject$GamePlayer: void <init>(comp5111.assignment.cut.Subject,java.lang.String)> ::: 4;<comp5111.assignment.cut.Subject$GamePlayer: void <init>(comp5111.assignment.cut.Subject,java.lang.String)> ::: 5;<comp5111.assignment.cut.Subject$GamePlayer: void <init>(comp5111.assignment.cut.Subject,java.lang.String)> ::: 6;<comp5111.assignment.cut.Subject: void <init>()> ::: 1;<comp5111.assignment.cut.Subject: void <init>()> ::: 2
comp5111.assignment.cut.Subject_randoop111_RegressionTest0#test160	FAIL	<comp5111.assignment.cut.Subject$StringAlgorithms: int extractIntInStr(java.lang.String)> ::: 1;<comp5111.assignment.cut.Subject$StringAlgorithms: int extractIntInStr(java.lang.String)> ::: 10;<comp5111.assignment.cut.Subject$StringAlgorithms: int extractIntInStr(java.lang.String)> ::: 11;<comp5111.assignment.cut.Subject$StringAlgorithms: int extractIntInStr(java.lang.String)> ::: 12;<comp5111.assignment.cut.Subject$StringAlgorithms: int extractIntInStr(java.lang.String)> ::: 13;<comp5111.assignment.cut.Subject$StringAlgorithms: int extractIntInStr(java.lang.String)> ::: 14;<comp5111.assignment.cut.Subject$StringAlgorithms: int extractIntInStr(java.lang.String)> ::: 15;<comp5111.assignment.cut.Subject$StringAlgorithms: int extractIntInStr(java.lang.String)> ::: 16;<comp5111.assignment.cut.Subject$StringAlgorithms: int extractIntInStr(java.lang.String)> ::: 17;<comp5111.assignment.cut.Subject$StringAlgorithms: int extractIntInStr(java.lang.String)> ::: 2;<comp5111.assignment.cut.Subject$StringAlgorithms: int extractIntInStr(java.lang.String)> ::: 3;<comp5111.assignment.cut.Subject$StringAlgorithms: int extractIntInStr(java.lang.String)> ::: 5;<comp5111.assignment.cut.Subject$StringAlgorithms: int extractIntInStr(java.lang.String)> ::: 6;<comp5111.assignment.cut.Subject$StringAlgorithms: int extractIntInStr(java.lang.String)> ::: 7;<comp5111.assignment.cut.Subject$StringAlgorithms: int extractIntInStr(java.lang.String)> ::: 8;<comp5111.assignment.cut.Subject$StringAlgorithms: int extractIntInStr(java.lang.String)> ::: 9;<comp5111.assignment.cut.Subject$StringAlgorithms: int[] getVersionNo(java.lang.String)> ::: 1;<comp5111.assignment.cut.Subject$StringAlgorithms: int[] getVersionNo(java.lang.String)> ::: 10;<comp5111.assignment.cut.Subject$StringAlgorithms: int[] getVersionNo(java.lang.String)> ::: 11;<comp5111.assignment.cut.Subject$StringAlgorithms: int[] getVersionNo(java.lang.String)> ::: 12;<comp5111.assignment.cut.Subject$StringAlgorithms: int[] getVersionNo(java.lang.String)> ::: 14;<comp5111.assignment.cut.Subject$StringAlgorithms: int[] getVersionNo(java.lang.String)> ::: 15;<comp5111.assignment.cut.Subject$StringAlgorithms: int[] getVersionNo(java.lang.String)> ::: 16;<comp5111.assignment.cut.Subject$StringAlgorithms: int[] getVersionNo(java.lang.String)> ::: 17;<comp5111.assignment.cut.Subject$StringAlgorithms: int[] getVersionNo(java.lang.String)> ::: 2;<comp5111.assignment.cut.Subject$StringAlgorithms: int[] getVersionNo(java.lang.String)> ::: 22;<comp5111.assignment.cut.Subject$StringAlgorithms: int[] getVersionNo(java.lang.String)> ::: 23;<comp5111.assignment.cut.Subject$StringAlgorithms: int[] getVersionNo(java.lang.String)> ::: 24;<comp5111.assignment.cut.Subject$StringAlgorithms: int[] getVersionNo(java.lang.String)> ::: 25;<comp5111.assignment.cut.Subject$StringAlgorithms: int[] getVersionNo(java.lang.String)> ::: 26;<comp5111.assignment.cut.Subject$StringAlgorithms: int[] getVersionNo(java.lang.String)> ::: 27;<comp5111.assignment.cut.Subject$StringAlgorithms: int[] getVersionNo(java.lang.String)> ::: 3;<comp5111.assignment.cut.Subject$StringAlgorithms: int[] getVersionNo(java.lang.String)> ::: 5;<comp5111.assignment.cut.Subject$StringAlgorithms: int[] getVersionNo(java.lang.String)> ::: 6;<comp5111.assignment.cut.Subject$StringAlgorithms: int[] getVersionNo(java.lang.String)> ::: 7;<comp5111.assignment.cut.Subject$StringAlgorithms: int[] getVersionNo(java.lang.String)> ::: 8;<comp5111.assignment.cut.Subject$StringAlgorithms: int[] getVersionNo(java.lang.String)> ::: 9
comp5111.assignment.cut.Subject_randoop111_RegressionTest0#test161	PASS	<comp5111.assignment.cut.Subject$DateTimeAlgorithms: int getQuarter(int)> ::: 1;<comp5111.assignment.cut.Subject$DateTimeAlgorithms: int getQuarter(int)> ::: 2;<comp5111.assignment.cut.Subject$DateTimeAlgorithms: int getQuarter(int)> ::: 3
comp5111.assignment.cut.Subject_randoop111_RegressionTest0#test162	PASS	<comp5111.assignment.cut.Subject$DateTimeAlgorithms: int daysBetweenDateStrings(java.lang.String,java.lang.String)> ::: 2;<comp5111.assignment.cut.Subject$DateTimeAlgorithms: int daysBetweenDateStrings(java.lang.String,java.lang.String)> ::: 3;<comp5111.assignment.cut.Subject$DateTimeAlgorithms: int daysBetweenDateStrings(java.lang.String,java.lang.String)> ::: 4;<comp5111.assignment.cut.Subject$DateTimeAlgorithms: int daysBetweenDateStrings(java.lang.String,java.lang.String)> ::: 5;<comp5111.assignment.cut.Subject$DateTimeAlgorithms: int daysBetweenDateStrings(java.lang.String,java.lang.String)> ::: 8
comp5111.assignment.cut.Subject_randoop111_RegressionTest0#test163	PASS	<comp5111.assignment.cut.Subject$DateTimeAlgorithms: int calcDaysInMonth(int,int)> ::: 2;<comp5111.assignment.cut.Subject$DateTimeAlgorithms: int calcDaysInMonth(int,int)> ::: 4;<comp5111.assignment.cut.Subject$DateTimeAlgorithms: java.lang.String lastDayOfMonth(int,int)> ::: 2;<comp5111.assignment.cut.Subject$DateTimeAlgorithms: java.lang.String lastDayOfMonth(int,int)> ::: 3;<comp5111.assignment.cut.Subject$DateTimeAlgorithms: java.lang.String lastDayOfMonth(int,int)> ::: 4
comp5111.assignment.cut.Subject_randoop111_RegressionTest0#test164	PASS	<comp5111.assignment.cut.Subject$DateTimeAlgorithms: java.lang.String firstDayOfMonth(int,int)> ::: 2;<comp5111.assignment.cut.Subject$DateTimeAlgorithms: java.lang.String firstDayOfMonth(int,int)> ::: 4
comp5111.assignment.cut.Subject_randoop111_RegressionTest0#test165	PASS	<comp5111.assignment.cut.Subject$StringAlgorithms: java.lang.Boolean strToBoolean(java.lang.String,java.lang.String,java.lang.String,java.lang.String)> ::: 13;<comp5111.assignment.cut.Subject$StringAlgorithms: java.lang.Boolean strToBoolean(java.lang.String,java.lang.String,java.lang.String,java.lang.String)> ::: 14;<comp5111.assignment.cut.Subject$StringAlgorithms: java.lang.Boolean strToBoolean(java.lang.String,java.lang.String,java.lang.String,java.lang.String)> ::: 17;<comp5111.assignment.cut.Subject$StringAlgorithms: java.lang.Boolean strToBoolean(java.lang.String,java.lang.String,java.lang.String,java.lang.String)> ::: 18;<comp5111.assignment.cut.Subject$StringAlgorithms: java.lang.Boolean strToBoolean(java.lang.String,java.lang.String,java.lang.String,java.lang.String)> ::: 21;<comp5111.assignment.cut.Subject$StringAlgorithms: java.lang.Boolean strToBoolean(java.lang.String,java.lang.String,java.lang.String,java.lang.String)> ::: 22;<comp5111.assignment.cut.Subject$StringAlgorithms: java.lang.Boolean strToBoolean(java.lang.String,java.lang.String,java.lang.String,java.lang.String)> ::: 24;<comp5111.assignment.cut.Subject$StringAlgorithms: java.lang.Boolean strToBoolean(java.lang.String,java.lang.String,java.lang.String,java.lang.String)> ::: 25;<comp5111.assignment.cut.Subject$StringAlgorithms: java.lang.Boolean strToBoolean(java.lang.String,java.lang.String,java.lang.String,java.lang.String)> ::: 26;<comp5111.assignment.cut.Subject$StringAlgorithms: java.lang.Boolean strToBoolean(java.lang.String,java.lang.String,java.lang.String,java.lang.String)> ::: 4
comp5111.assignment.cut.Subject_randoop111_RegressionTest0#test166	PASS	<comp5111.assignment.cut.Subject$DateTimeAlgorithms: boolean checkValidDate(int,int,int)> ::: 10;<comp5111.assignment.cut.Subject$DateTimeAlgorithms: boolean checkValidDate(int,int,int)> ::: 3;<comp5111.assignment.cut.Subject$DateTimeAlgorithms: boolean checkValidDate(int,int,int)> ::: 4;<comp5111.assignment.cut.Subject$DateTimeAlgorithms: boolean checkValidDate(int,int,int)> ::: 6;<comp5111.assignment.cut.Subject$DateTimeAlgorithms: boolean checkValidDate(int,int,int)> ::: 7;<comp5111.assignment.cut.Subject$DateTimeAlgorithms: boolean checkValidDate(int,int,int)> ::: 8;<comp5111.assignment.cut.Subject$DateTimeAlgorithms: int calcDaysInMonth(int,int)> ::: 12;<comp5111.assignment.cut.Subject$DateTimeAlgorithms: int calcDaysInMonth(int,int)> ::: 13;<comp5111.assignment.cut.Subject$DateTimeAlgorithms: int calcDaysInMonth(int,int)> ::: 14;<comp5111.assignment.cut.Subject$DateTimeAlgorithms: int calcDaysInMonth(int,int)> ::: 15;<comp5111.assignment.cut.Subject$DateTimeAlgorithms: int calcDaysInMonth(int,int)> ::: 17;<comp5111.assignment.cut.Subject$DateTimeAlgorithms: int calcDaysInMonth(int,int)> ::: 2;<comp5111.assignment.cut.Subject$DateTimeAlgorithms: int calcDaysInMonth(int,int)> ::: 3;<comp5111.assignment.cut.Subject$DateTimeAlgorithms: int calcDaysInMonth(int,int)> ::: 5;<comp5111.assignment.cut.Subject$DateTimeAlgorithms: int daysBetweenDates(int,int,int,int,int,int)> ::: 12;<comp5111.assignment.cut.Subject$DateTimeAlgorithms: int daysBetweenDates(int,int,int,int,int,int)> ::: 13;<comp5111.assignment.cut.Subject$DateTimeAlgorithms: int daysBetweenDates(int,int,int,int,int,int)> ::: 14;<comp5111.assignment.cut.Subject$DateTimeAlgorithms: int daysBetweenDates(int,int,int,int,int,int)> ::: 6;<comp5111.assignment.cut.Subject$DateTimeAlgorithms: int daysBetweenDates(int,int,int,int,int,int)> ::: 7;<comp5111.assignment.cut.Subject$DateTimeAlgorithms: int daysBetweenDates(int,int,int,int,int,int)> ::: 8;<comp5111.assignment.cut.Subject$DateTimeAlgorithms: int daysBetweenDates(int,int,int,int,int,int)> ::: 9
comp5111.assignment.cut.Subject_randoop111_RegressionTest0#test167	FAIL	<comp5111.assignment.cut.Subject$StringAlgorithms: boolean isOneOf(char,char[])> ::: 10;<comp5111.assignment.cut.Subject$StringAlgorithms: boolean isOneOf(char,char[])> ::: 11;<comp5111.assignment.cut.Subject$StringAlgorithms: boolean isOneOf(char,char[])> ::: 12;<comp5111.assignment.cut.Subject$StringAlgorithms: boolean isOneOf(char,char[])> ::: 13;<comp5111.assignment.cut.Subject$StringAlgorithms: boolean isOneOf(char,char[])> ::: 2;<comp5111.assignment.cut.Subject$StringAlgorithms: boolean isOneOf(char,char[])> ::: 3;<comp5111.assignment.cut.Subject$StringAlgorithms: boolean isOneOf(char,char[])> ::: 4;<comp5111.assignment.cut.Subject$StringAlgorithms: boolean isOneOf(char,char[])> ::: 5;<comp5111.assignment.cut.Subject$StringAlgorithms: boolean isOneOf(char,char[])> ::: 6;<comp5111.assignment.cut.Subject$StringAlgorithms: boolean isOneOf(char,char[])> ::: 7;<comp5111.assignment.cut.Subject$StringAlgorithms: boolean isOneOf(char,char[])> ::: 8;<comp5111.assignment.cut.Subject$StringAlgorithms: boolean isOneOf(char,char[])> ::: 9;<comp5111.assignment.cut.Subject$StringAlgorithms: java.lang.String parseToken(java.lang.String,char[])> ::: 10;<comp5111.assignment.cut.Subject$StringAlgorithms: java.lang.String parseToken(java.lang.String,char[])> ::: 11;<comp5111.assignment.cut.Subject$StringAlgorithms: java.lang.String parseToken(java.lang.String,char[])> ::: 12;<comp5111.assignment.cut.Subject$StringAlgorithms: java.lang.String parseToken(java.lang.String,char[])> ::: 13;<comp5111.assignment.cut.Subject$StringAlgorithms: java.lang.String parseToken(java.lang.String,char[])> ::: 14;<comp5111.assignment.cut.Subject$StringAlgorithms: java.lang.String parseToken(java.lang.String,char[])> ::: 2;<comp5111.assignment.cut.Subject$StringAlgorithms: java.lang.String parseToken(java.lang.String,char[])> ::: 3;<comp5111.assignment.cut.Subject$StringAlgorithms: java.lang.String parseToken(java.lang.String,char[])> ::: 4;<comp5111.assignment.cut.Subject$StringAlgorithms: java.lang.String parseToken(java.lang.String,char[])> ::: 5;<comp5111.assignment.cut.Subject$StringAlgorithms: java.lang.String parseToken(java.lang.String,char[])> ::: 6;<comp5111.assignment.cut.Subject$StringAlgorithms: java.lang.String parseToken(java.lang.String,char[])> ::: 7;<comp5111.assignment.cut.Subject$StringAlgorithms: java.lang.String parseToken(java.lang.String,char[])> ::: 8;<comp5111.assignment.cut.Subject$StringAlgorithms: java.lang.String parseToken(java.lang.String,char[])> ::: 9
comp5111.assignment.cut.Subject_randoop111_RegressionTest0#test168	PASS	<comp5111.assignment.cut.Subject$DateTimeAlgorithms: int calcDaysInMonth(int,int)> ::: 2;<comp5111.assignment.cut.Subject$DateTimeAlgorithms: int calcDaysInMonth(int,int)> ::: 3;<comp5111.assignment.cut.Subject$DateTimeAlgorithms: int calcDaysInMonth(int,int)> ::: 4;<comp5111.assignment.cut.Subject$DateTimeAlgorithms: java.lang.String lastDayOfMonth(int,int)> ::: 2;<comp5111.assignment.cut.Subject$DateTimeAlgorithms: java.lang.String lastDayOfMonth(int,int)> ::: 3;<comp5111.assignment.cut.Subject$DateTimeAlgorithms: java.lang.String lastDayOfMonth(int,int)> ::: 4
comp5111.assignment.cut.Subject_randoop111_RegressionTest0#test169	PASS	<comp5111.assignment.cut.Subject$DateTimeAlgorithms: boolean judgeLeapYear(int)> ::: 1;<comp5111.assignment.cut.Subject$DateTimeAlgorithms: boolean judgeLeapYear(int)> ::: 2;<comp5111.assignment.cut.Subject$DateTimeAlgorithms: boolean judgeLeapYear(int)> ::: 3
comp5111.assignment.cut.Subject_randoop111_RegressionTest0#test170	PASS	<comp5111.assignment.cut.Subject$DateTimeAlgorithms: boolean judgeLeapYear(int)> ::: 1;<comp5111.assignment.cut.Subject$DateTimeAlgorithms: boolean judgeLeapYear(int)> ::: 2;<comp5111.assignment.cut.Subject$DateTimeAlgorithms: boolean judgeLeapYear(int)> ::: 3;<comp5111.assignment.cut.Subject$DateTimeAlgorithms: int daysInYear(int)> ::: 1;<comp5111.assignment.cut.Subject$DateTimeAlgorithms: int daysInYear(int)> ::: 2;<comp5111.assignment.cut.Subject$DateTimeAlgorithms: int daysInYear(int)> ::: 5;<comp5111.assignment.cut.Subject$DateTimeAlgorithms: int daysInYear(int)> ::: 6
comp5111.assignment.cut.Subject_randoop111_RegressionTest0#test171	PASS	<comp5111.assignment.cut.Subject$DateTimeAlgorithms: int getQuarter(int)> ::: 1;<comp5111.assignment.cut.Subject$DateTimeAlgorithms: int getQuarter(int)> ::: 2;<comp5111.assignment.cut.Subject$DateTimeAlgorithms: int getQuarter(int)> ::: 3
comp5111.assignment.cut.Subject_randoop111_RegressionTest0#test172	PASS	<comp5111.assignment.cut.Subject$StringAlgorithms: void enlarge(int,byte[],int)> ::: 10;<comp5111.assignment.cut.Subject$StringAlgorithms: void enlarge(int,byte[],int)> ::: 11;<comp5111.assignment.cut.Subject$StringAlgorithms: void enlarge(int,byte[],int)> ::: 12;<comp5111.assignment.cut.Subject$StringAlgorithms: void enlarge(int,byte[],int)> ::: 13;<comp5111.assignment.cut.Subject$StringAlgorithms: void enlarge(int,byte[],int)> ::: 3;<comp5111.assignment.cut.Subject$StringAlgorithms: void enlarge(int,byte[],int)> ::: 4;<comp5111.assignment.cut.Subject$StringAlgorithms: void enlarge(int,byte[],int)> ::: 5;<comp5111.assignment.cut.Subject$StringAlgorithms: void enlarge(int,byte[],int)> ::: 6;<comp5111.assignment.cut.Subject$StringAlgorithms: void enlarge(int,byte[],int)> ::: 9
comp5111.assignment.cut.Subject_randoop111_RegressionTest0#test173	PASS	<comp5111.assignment.cut.Subject$DateTimeAlgorithms: boolean checkValidDate(int,int,int)> ::: 3;<comp5111.assignment.cut.Subject$DateTimeAlgorithms: boolean checkValidDate(int,int,int)> ::: 4;<comp5111.assignment.cut.Subject$DateTimeAlgorithms: boolean checkValidDate(int,int,int)> ::: 5;<comp5111.assignment.cut.Subject$DateTimeAlgorithms: java.util.List listDatesBetween(int,int,int,int,int,int)> ::: 10;<comp5111.assignment.cut.Subject$DateTimeAlgorithms: java.util.List listDatesBetween(int,int,int,int,int,int)> ::: 13;<comp5111.assignment.cut.Subject$DateTimeAlgorithms: java.util.List listDatesBetween(int,int,int,int,int,int)> ::: 6;<comp5111.assignment.cut.Subject$DateTimeAlgorithms: java.util.List listDatesBetween(int,int,int,int,int,int)> ::: 7;<comp5111.assignment.cut.Subject$DateTimeAlgorithms: java.util.List listDatesBetween(int,int,int,int,int,int)> ::: 8;<comp5111.assignment.cut.Subject$DateTimeAlgorithms: java.util.List listDatesBetween(int,int,int,int,int,int)> ::: 9
comp5111.assignment.cut.Subject_randoop111_RegressionTest0#test174	PASS	<comp5111.assignment.cut.Subject$DateTimeAlgorithms: boolean checkValidDate(int,int,int)> ::: 10;<comp5111.assignment.cut.Subject$DateTimeAlgorithms: boolean checkValidDate(int,int,int)> ::: 3;<comp5111.assignment.cut.Subject$DateTimeAlgorithms: boolean checkValidDate(int,int,int)> ::: 4;<comp5111.assignment.cut.Subject$DateTimeAlgorithms: boolean checkValidDate(int,int,int)> ::: 6;<comp5111.assignment.cut.Subject$DateTimeAlgorithms: boolean checkValidDate(int,int,int)> ::: 7;<comp5111.assignment.cut.Subject$DateTimeAlgorithms: boolean checkValidDate(int,int,int)> ::: 8;<comp5111.assignment.cut.Subject$DateTimeAlgorithms: int calcDaysInMonth(int,int)> ::: 12;<comp5111.assignment.cut.Subject$DateTimeAlgorithms: int calcDaysInMonth(int,int)> ::: 16;<comp5111.assignment.cut.Subject$DateTimeAlgorithms: int calcDaysInMonth(int,int)> ::: 2;<comp5111.assignment.cut.Subject$DateTimeAlgorithms: int calcDaysInMonth(int,int)> ::: 3;<comp5111.assignment.cut.Subject$DateTimeAlgorithms: int calcDaysInMonth(int,int)> ::: 5;<comp5111.assignment.cut.Subject$DateTimeAlgorithms: int daysBetweenDates(int,int,int,int,int,int)> ::: 12;<comp5111.assignment.cut.Subject$DateTimeAlgorithms: int daysBetweenDates(int,int,int,int,int,int)> ::: 13;<comp5111.assignment.cut.Subject$DateTimeAlgorithms: int daysBetweenDates(int,int,int,int,int,int)> ::: 14;<comp5111.assignment.cut.Subject$DateTimeAlgorithms: int daysBetweenDates(int,int,int,int,int,int)> ::: 6;<comp5111.assignment.cut.Subject$DateTimeAlgorithms: int daysBetweenDates(int,int,int,int,int,int)> ::: 7;<comp5111.assignment.cut.Subject$DateTimeAlgorithms: int daysBetweenDates(int,int,int,int,int,int)> ::: 8;<comp5111.assignment.cut.Subject$DateTimeAlgorithms: int daysBetweenDates(int,int,int,int,int,int)> ::: 9
comp5111.assignment.cut.Subject_randoop111_RegressionTest0#test175	PASS	<comp5111.assignment.cut.Subject$StringAlgorithms: void enlarge(int,byte[],int)> ::: 10;<comp5111.assignment.cut.Subject$StringAlgorithms: void enlarge(int,byte[],int)> ::: 11;<comp5111.assignment.cut.Subject$StringAlgorithms: void enlarge(int,byte[],int)> ::: 12;<comp5111.assignment.cut.Subject$StringAlgorithms: void enlarge(int,byte[],int)> ::: 13;<comp5111.assignment.cut.Subject$StringAlgorithms: void enlarge(int,byte[],int)> ::: 3;<comp5111.assignment.cut.Subject$StringAlgorithms: void enlarge(int,byte[],int)> ::: 4;<comp5111.assignment.cut.Subject$StringAlgorithms: void enlarge(int,byte[],int)> ::: 5;<comp5111.assignment.cut.Subject$StringAlgorithms: void enlarge(int,byte[],int)> ::: 6;<comp5111.assignment.cut.Subject$StringAlgorithms: void enlarge(int,byte[],int)> ::: 9
comp5111.assignment.cut.Subject_randoop111_RegressionTest0#test176	PASS	<comp5111.assignment.cut.Subject$StringAlgorithms: java.lang.String padRight(java.lang.String,short,char)> ::: 10;<comp5111.assignment.cut.Subject$StringAlgorithms: java.lang.String padRight(java.lang.String,short,char)> ::: 11;<comp5111.assignment.cut.Subject$StringAlgorithms: java.lang.String padRight(java.lang.String,short,char)> ::: 12;<comp5111.assignment.cut.Subject$StringAlgorithms: java.lang.String padRight(java.lang.String,short,char)> ::: 13;<comp5111.assignment.cut.Subject$StringAlgorithms: java.lang.String padRight(java.lang.String,short,char)> ::: 14;<comp5111.assignment.cut.Subject$StringAlgorithms: java.lang.String padRight(java.lang.String,short,char)> ::: 15;<comp5111.assignment.cut.Subject$StringAlgorithms: java.lang.String padRight(java.lang.String,short,char)> ::: 16;<comp5111.assignment.cut.Subject$StringAlgorithms: java.lang.String padRight(java.lang.String,short,char)> ::: 17;<comp5111.assignment.cut.Subject$StringAlgorithms: java.lang.String padRight(java.lang.String,short,char)> ::: 18;<comp5111.assignment.cut.Subject$StringAlgorithms: java.lang.String padRight(java.lang.String,short,char)> ::: 3;<comp5111.assignment.cut.Subject$StringAlgorithms: java.lang.String padRight(java.lang.String,short,char)> ::: 5;<comp5111.assignment.cut.Subject$StringAlgorithms: java.lang.String padRight(java.lang.String,short,char)> ::: 6;<comp5111.assignment.cut.Subject$StringAlgorithms: java.lang.String padRight(java.lang.String,short,char)> ::: 7;<comp5111.assignment.cut.Subject$StringAlgorithms: java.lang.String padRight(java.lang.String,short,char)> ::: 9
comp5111.assignment.cut.Subject_randoop111_RegressionTest0#test177	PASS	<comp5111.assignment.cut.Subject$GamePlayer: java.lang.String toString()> ::: 1;<comp5111.assignment.cut.Subject$GamePlayer: java.lang.String toString()> ::: 2;<comp5111.assignment.cut.Subject$GamePlayer: java.lang.String toString()> ::: 3;<comp5111.assignment.cut.Subject$GamePlayer: java.lang.String toString()> ::: 4;<comp5111.assignment.cut.Subject$GamePlayer: void <init>(comp5111.assignment.cut.Subject,java.lang.String)> ::: 3;<comp5111.assignment.cut.Subject$GamePlayer: void <init>(comp5111.assignment.cut.Subject,java.lang.String)> ::: 4;<comp5111.assignment.cut.Subject$GamePlayer: void <init>(comp5111.assignment.cut.Subject,java.lang.String)> ::: 5;<comp5111.assignment.cut.Subject$GamePlayer: void <init>(comp5111.assignment.cut.Subject,java.lang.String)> ::: 6;<comp5111.assignment.cut.Subject: void <init>()> ::: 1;<comp5111.assignment.cut.Subject: void <init>()> ::: 2
comp5111.assignment.cut.Subject_randoop111_RegressionTest0#test178	PASS	<comp5111.assignment.cut.Subject$DateTimeAlgorithms: boolean checkValidDate(int,int,int)> ::: 10;<comp5111.assignment.cut.Subject$DateTimeAlgorithms: boolean checkValidDate(int,int,int)> ::: 3;<comp5111.assignment.cut.Subject$DateTimeAlgorithms: boolean checkValidDate(int,int,int)> ::: 4;<comp5111.assignment.cut.Subject$DateTimeAlgorithms: boolean checkValidDate(int,int,int)> ::: 6;<comp5111.assignment.cut.Subject$DateTimeAlgorithms: boolean checkValidDate(int,int,int)> ::: 7;<comp5111.assignment.cut.Subject$DateTimeAlgorithms: int calcDaysInMonth(int,int)> ::: 12;<comp5111.assignment.cut.Subject$DateTimeAlgorithms: int calcDaysInMonth(int,int)> ::: 13;<comp5111.assignment.cut.Subject$DateTimeAlgorithms: int calcDaysInMonth(int,int)> ::: 14;<comp5111.assignment.cut.Subject$DateTimeAlgorithms: int calcDaysInMonth(int,int)> ::: 15;<comp5111.assignment.cut.Subject$DateTimeAlgorithms: int calcDaysInMonth(int,int)> ::: 17;<comp5111.assignment.cut.Subject$DateTimeAlgorithms: int calcDaysInMonth(int,int)> ::: 2;<comp5111.assignment.cut.Subject$DateTimeAlgorithms: int calcDaysInMonth(int,int)> ::: 3;<comp5111.assignment.cut.Subject$DateTimeAlgorithms: int calcDaysInMonth(int,int)> ::: 5;<comp5111.assignment.cut.Subject$DateTimeAlgorithms: java.lang.String formatFullDate(int,int,int)> ::: 3;<comp5111.assignment.cut.Subject$DateTimeAlgorithms: java.lang.String formatFullDate(int,int,int)> ::: 4;<comp5111.assignment.cut.Subject$DateTimeAlgorithms: java.lang.String formatFullDate(int,int,int)> ::: 5
comp5111.assignment.cut.Subject_randoop111_RegressionTest0#test179	PASS	<comp5111.assignment.cut.Subject$DateTimeAlgorithms: java.lang.String roundSecondToString(long)> ::: 1;<comp5111.assignment.cut.Subject$DateTimeAlgorithms: java.lang.String roundSecondToString(long)> ::: 11;<comp5111.assignment.cut.Subject$DateTimeAlgorithms: java.lang.String roundSecondToString(long)> ::: 12;<comp5111.assignment.cut.Subject$DateTimeAlgorithms: java.lang.String roundSecondToString(long)> ::: 2;<comp5111.assignment.cut.Subject$DateTimeAlgorithms: java.lang.String roundSecondToString(long)> ::: 20;<comp5111.assignment.cut.Subject$DateTimeAlgorithms: java.lang.String roundSecondToString(long)> ::: 21;<comp5111.assignment.cut.Subject$DateTimeAlgorithms: java.lang.String roundSecondToString(long)> ::: 28;<comp5111.assignment.cut.Subject$DateTimeAlgorithms: java.lang.String roundSecondToString(long)> ::: 29;<comp5111.assignment.cut.Subject$DateTimeAlgorithms: java.lang.String roundSecondToString(long)> ::: 3;<comp5111.assignment.cut.Subject$DateTimeAlgorithms: java.lang.String roundSecondToString(long)> ::: 35;<comp5111.assignment.cut.Subject$DateTimeAlgorithms: java.lang.String roundSecondToString(long)> ::: 36;<comp5111.assignment.cut.Subject$DateTimeAlgorithms: java.lang.String roundSecondToString(long)> ::: 41;<comp5111.assignment.cut.Subject$DateTimeAlgorithms: java.lang.String roundSecondToString(long)> ::: 42;<comp5111.assignment.cut.Subject$DateTimeAlgorithms: java.lang.String roundSecondToString(long)> ::: 43;<comp5111.assignment.cut.Subject$DateTimeAlgorithms: java.lang.String roundSecondToString(long)> ::: 44;<comp5111.assignment.cut.Subject$DateTimeAlgorithms: java.lang.String roundSecondToString(long)> ::: 45
comp5111.assignment.cut.Subject_randoop111_RegressionTest0#test180	PASS	<comp5111.assignment.cut.Subject$StringAlgorithms: boolean startsWithIgnoreCase(java.lang.String,java.lang.String)> ::: 10;<comp5111.assignment.cut.Subject$StringAlgorithms: boolean startsWithIgnoreCase(java.lang.String,java.lang.String)> ::: 12;<comp5111.assignment.cut.Subject$StringAlgorithms: boolean startsWithIgnoreCase(java.lang.String,java.lang.String)> ::: 13;<comp5111.assignment.cut.Subject$StringAlgorithms: boolean startsWithIgnoreCase(java.lang.String,java.lang.String)> ::: 14;<comp5111.assignment.cut.Subject$StringAlgorithms: boolean startsWithIgnoreCase(java.lang.String,java.lang.String)> ::: 15;<comp5111.assignment.cut.Subject$StringAlgorithms: boolean startsWithIgnoreCase(java.lang.String,java.lang.String)> ::: 16;<comp5111.assignment.cut.Subject$StringAlgorithms: boolean startsWithIgnoreCase(java.lang.String,java.lang.String)> ::: 17;<comp5111.assignment.cut.Subject$StringAlgorithms: boolean startsWithIgnoreCase(java.lang.String,java.lang.String)> ::: 2;<comp5111.assignment.cut.Subject$StringAlgorithms: boolean startsWithIgnoreCase(java.lang.String,java.lang.String)> ::: 3;<comp5111.assignment.cut.Subject$StringAlgorithms: boolean startsWithIgnoreCase(java.lang.String,java.lang.String)> ::: 5;<comp5111.assignment.cut.Subject$StringAlgorithms: boolean startsWithIgnoreCase(java.lang.String,java.lang.String)> ::: 6;<comp5111.assignment.cut.Subject$StringAlgorithms: boolean startsWithIgnoreCase(java.lang.String,java.lang.String)> ::: 7;<comp5111.assignment.cut.Subject$StringAlgorithms: boolean startsWithIgnoreCase(java.lang.String,java.lang.String)> ::: 9
comp5111.assignment.cut.Subject_randoop111_RegressionTest0#test181	PASS	<comp5111.assignment.cut.Subject$DateTimeAlgorithms: boolean checkValidDate(int,int,int)> ::: 3;<comp5111.assignment.cut.Subject$DateTimeAlgorithms: boolean checkValidDate(int,int,int)> ::: 4;<comp5111.assignment.cut.Subject$DateTimeAlgorithms: boolean checkValidDate(int,int,int)> ::: 5;<comp5111.assignment.cut.Subject$DateTimeAlgorithms: java.util.List listDatesBetween(int,int,int,int,int,int)> ::: 10;<comp5111.assignment.cut.Subject$DateTimeAlgorithms: java.util.List listDatesBetween(int,int,int,int,int,int)> ::: 13;<comp5111.assignment.cut.Subject$DateTimeAlgorithms: java.util.List listDatesBetween(int,int,int,int,int,int)> ::: 6;<comp5111.assignment.cut.Subject$DateTimeAlgorithms: java.util.List listDatesBetween(int,int,int,int,int,int)> ::: 7;<comp5111.assignment.cut.Subject$DateTimeAlgorithms: java.util.List listDatesBetween(int,int,int,int,int,int)> ::: 8;<comp5111.assignment.cut.Subject$DateTimeAlgorithms: java.util.List listDatesBetween(int,int,int,int,int,int)> ::: 9
comp5111.assignment.cut.Subject_randoop111_RegressionTest0#test182	PASS	<comp5111.assignment.cut.Subject$StringAlgorithms: java.lang.String padLeft(java.lang.String,short,char)> ::: 3;<comp5111.assignment.cut.Subject$StringAlgorithms: java.lang.String padLeft(java.lang.String,short,char)> ::: 5;<comp5111.assignment.cut.Subject$StringAlgorithms: java.lang.String padLeft(java.lang.String,short,char)> ::: 6;<comp5111.assignment.cut.Subject$StringAlgorithms: java.lang.String padLeft(java.lang.String,short,char)> ::: 7;<comp5111.assignment.cut.Subject$StringAlgorithms: java.lang.String padLeft(java.lang.String,short,char)> ::: 8
comp5111.assignment.cut.Subject_randoop111_RegressionTest0#test183	PASS	<comp5111.assignment.cut.Subject$GamePlace: boolean isAdjacent(comp5111.assignment.cut.Subject$GamePlace)> ::: 2;<comp5111.assignment.cut.Subject$GamePlace: boolean isAdjacent(comp5111.assignment.cut.Subject$GamePlace)> ::: 3;<comp5111.assignment.cut.Subject$GamePlace: comp5111.assignment.cut.Subject$GamePlace clone()> ::: 1;<comp5111.assignment.cut.Subject$GamePlace: comp5111.assignment.cut.Subject$GamePlace clone()> ::: 2;<comp5111.assignment.cut.Subject$GamePlace: comp5111.assignment.cut.Subject$GamePlace clone()> ::: 3;<comp5111.assignment.cut.Subject$GamePlace: comp5111.assignment.cut.Subject$GamePlace clone()> ::: 4;<comp5111.assignment.cut.Subject$GamePlace: comp5111.assignment.cut.Subject$GamePlace clone()> ::: 5;<comp5111.assignment.cut.Subject$GamePlace: comp5111.assignment.cut.Subject$GamePlace clone()> ::: 6;<comp5111.assignment.cut.Subject$GamePlace: comp5111.assignment.cut.Subject$GamePlace clone()> ::: 7;<comp5111.assignment.cut.Subject$GamePlace: comp5111.assignment.cut.Subject$GamePlace clone()> ::: 8;<comp5111.assignment.cut.Subject$GamePlace: comp5111.assignment.cut.Subject$GamePlace clone()> ::: 9;<comp5111.assignment.cut.Subject$GamePlace: void <init>(comp5111.assignment.cut.Subject,int,int)> ::: 4;<comp5111.assignment.cut.Subject$GamePlace: void <init>(comp5111.assignment.cut.Subject,int,int)> ::: 5;<comp5111.assignment.cut.Subject$GamePlace: void <init>(comp5111.assignment.cut.Subject,int,int)> ::: 6;<comp5111.assignment.cut.Subject$GamePlace: void <init>(comp5111.assignment.cut.Subject,int,int)> ::: 7;<comp5111.assignment.cut.Subject$GamePlace: void <init>(comp5111.assignment.cut.Subject,int,int)> ::: 8;<comp5111.assignment.cut.Subject$GamePlace: void y(int)> ::: 2;<comp5111.assignment.cut.Subject$GamePlace: void y(int)> ::: 3;<comp5111.assignment.cut.Subject: void <init>()> ::: 1;<comp5111.assignment.cut.Subject: void <init>()> ::: 2
comp5111.assignment.cut.Subject_randoop111_RegressionTest0#test184	PASS	<comp5111.assignment.cut.Subject$StringAlgorithms: java.lang.Boolean strToBoolean(java.lang.String)> ::: 1;<comp5111.assignment.cut.Subject$StringAlgorithms: java.lang.Boolean strToBoolean(java.lang.String)> ::: 18;<comp5111.assignment.cut.Subject$StringAlgorithms: java.lang.Boolean strToBoolean(java.lang.String)> ::: 19;<comp5111.assignment.cut.Subject$StringAlgorithms: java.lang.Boolean strToBoolean(java.lang.String)> ::: 3;<comp5111.assignment.cut.Subject$StringAlgorithms: java.lang.Boolean strToBoolean(java.lang.String)> ::: 34;<comp5111.assignment.cut.Subject$StringAlgorithms: java.lang.Boolean strToBoolean(java.lang.String)> ::: 35;<comp5111.assignment.cut.Subject$StringAlgorithms: java.lang.Boolean strToBoolean(java.lang.String)> ::: 4;<comp5111.assignment.cut.Subject$StringAlgorithms: java.lang.Boolean strToBoolean(java.lang.String)> ::: 55;<comp5111.assignment.cut.Subject$StringAlgorithms: java.lang.Boolean strToBoolean(java.lang.String)> ::: 56;<comp5111.assignment.cut.Subject$StringAlgorithms: java.lang.Boolean strToBoolean(java.lang.String)> ::: 71;<comp5111.assignment.cut.Subject$StringAlgorithms: java.lang.Boolean strToBoolean(java.lang.String)> ::: 72;<comp5111.assignment.cut.Subject$StringAlgorithms: java.lang.Boolean strToBoolean(java.lang.String)> ::: 90
comp5111.assignment.cut.Subject_randoop111_RegressionTest0#test185	PASS	<comp5111.assignment.cut.Subject$GameConfiguration: void <init>(comp5111.assignment.cut.Subject,int)> ::: 10;<comp5111.assignment.cut.Subject$GameConfiguration: void <init>(comp5111.assignment.cut.Subject,int)> ::: 3;<comp5111.assignment.cut.Subject$GameConfiguration: void <init>(comp5111.assignment.cut.Subject,int)> ::: 4;<comp5111.assignment.cut.Subject$GameConfiguration: void <init>(comp5111.assignment.cut.Subject,int)> ::: 5;<comp5111.assignment.cut.Subject$GameConfiguration: void <init>(comp5111.assignment.cut.Subject,int)> ::: 6;<comp5111.assignment.cut.Subject$GameConfiguration: void <init>(comp5111.assignment.cut.Subject,int)> ::: 7;<comp5111.assignment.cut.Subject$GameConfiguration: void <init>(comp5111.assignment.cut.Subject,int)> ::: 8;<comp5111.assignment.cut.Subject$GameConfiguration: void <init>(comp5111.assignment.cut.Subject,int)> ::: 9;<comp5111.assignment.cut.Subject$GameConfiguration: void <init>(comp5111.assignment.cut.Subject,int,comp5111.assignment.cut.Subject$GamePlayer[])> ::: 4;<comp5111.assignment.cut.Subject$GameConfiguration: void <init>(comp5111.assignment.cut.Subject,int,comp5111.assignment.cut.Subject$GamePlayer[])> ::: 5;<comp5111.assignment.cut.Subject$GameConfiguration: void <init>(comp5111.assignment.cut.Subject,int,comp5111.assignment.cut.Subject$GamePlayer[])> ::: 6;<comp5111.assignment.cut.Subject$GameConfiguration: void <init>(comp5111.assignment.cut.Subject,int,comp5111.assignment.cut.Subject$GamePlayer[])> ::: 7;<comp5111.assignment.cut.Subject$GameConfiguration: void <init>(comp5111.assignment.cut.Subject,int,comp5111.assignment.cut.Subject$GamePlayer[])> ::: 8;<comp5111.assignment.cut.Subject$GameConfiguration: void <init>(comp5111.assignment.cut.Subject,int,comp5111.assignment.cut.Subject$GamePlayer[])> ::: 9;<comp5111.assignment.cut.Subject$GamePlayer: void <init>(comp5111.assignment.cut.Subject,java.lang.String)> ::: 3;<comp5111.assignment.cut.Subject$GamePlayer: void <init>(comp5111.assignment.cut.Subject,java.lang.String)> ::: 4;<comp5111.assignment.cut.Subject$GamePlayer: void <init>(comp5111.assignment.cut.Subject,java.lang.String)> ::: 5;<comp5111.assignment.cut.Subject$GamePlayer: void <init>(comp5111.assignment.cut.Subject,java.lang.String)> ::: 6;<comp5111.assignment.cut.Subject: void <init>()> ::: 1;<comp5111.assignment.cut.Subject: void <init>()> ::: 2
comp5111.assignment.cut.Subject_randoop111_RegressionTest0#test186	PASS	<comp5111.assignment.cut.Subject$GamePlayer: void <init>(comp5111.assignment.cut.Subject)> ::: 2;<comp5111.assignment.cut.Subject$GamePlayer: void <init>(comp5111.assignment.cut.Subject)> ::: 3;<comp5111.assignment.cut.Subject$GamePlayer: void <init>(comp5111.assignment.cut.Subject)> ::: 4;<comp5111.assignment.cut.Subject$GamePlayer: void <init>(comp5111.assignment.cut.Subject)> ::: 5;<comp5111.assignment.cut.Subject$GamePlayer: void resetScore()> ::: 1;<comp5111.assignment.cut.Subject$GamePlayer: void resetScore()> ::: 2;<comp5111.assignment.cut.Subject: void <init>()> ::: 1;<comp5111.assignment.cut.Subject: void <init>()> ::: 2
comp5111.assignment.cut.Subject_randoop111_RegressionTest0#test187	FAIL	<comp5111.assignment.cut.Subject$StringAlgorithms: boolean isOneOf(char,char[])> ::: 10;<comp5111.assignment.cut.Subject$StringAlgorithms: boolean isOneOf(char,char[])> ::: 11;<comp5111.assignment.cut.Subject$StringAlgorithms: boolean isOneOf(char,char[])> ::: 12;<comp5111.assignment.cut.Subject$StringAlgorithms: boolean isOneOf(char,char[])> ::: 13;<comp5111.assignment.cut.Subject$StringAlgorithms: boolean isOneOf(char,char[])> ::: 2;<comp5111.assignment.cut.Subject$StringAlgorithms: boolean isOneOf(char,char[])> ::: 3;<comp5111.assignment.cut.Subject$StringAlgorithms: boolean isOneOf(char,char[])> ::: 4;<comp5111.assignment.cut.Subject$StringAlgorithms: boolean isOneOf(char,char[])> ::: 5;<comp5111.assignment.cut.Subject$StringAlgorithms: boolean isOneOf(char,char[])> ::: 6;<comp5111.assignment.cut.Subject$StringAlgorithms: boolean isOneOf(char,char[])> ::: 7;<comp5111.assignment.cut.Subject$StringAlgorithms: boolean isOneOf(char,char[])> ::: 8;<comp5111.assignment.cut.Subject$StringAlgorithms: boolean isOneOf(char,char[])> ::: 9;<comp5111.assignment.cut.Subject$StringAlgorithms: java.lang.String parseToken(java.lang.String,char[])> ::: 10;<comp5111.assignment.cut.Subject$StringAlgorithms: java.lang.String parseToken(java.lang.String,char[])> ::: 11;<comp5111.assignment.cut.Subject$StringAlgorithms: java.lang.String parseToken(java.lang.String,char[])> ::: 12;<comp5111.assignment.cut.Subject$StringAlgorithms: java.lang.String parseToken(java.lang.String,char[])> ::: 13;<comp5111.assignment.cut.Subject$StringAlgorithms: java.lang.String parseToken(java.lang.String,char[])> ::: 14;<comp5111.assignment.cut.Subject$StringAlgorithms: java.lang.String parseToken(java.lang.String,char[])> ::: 2;<comp5111.assignment.cut.Subject$StringAlgorithms: java.lang.String parseToken(java.lang.String,char[])> ::: 3;<comp5111.assignment.cut.Subject$StringAlgorithms: java.lang.String parseToken(java.lang.String,char[])> ::: 4;<comp5111.assignment.cut.Subject$StringAlgorithms: java.lang.String parseToken(java.lang.String,char[])> ::: 5;<comp5111.assignment.cut.Subject$StringAlgorithms: java.lang.String parseToken(java.lang.String,char[])> ::: 6;<comp5111.assignment.cut.Subject$StringAlgorithms: java.lang.String parseToken(java.lang.String,char[])> ::: 7;<comp5111.assignment.cut.Subject$StringAlgorithms: java.lang.String parseToken(java.lang.String,char[])> ::: 8;<comp5111.assignment.cut.Subject$StringAlgorithms: java.lang.String parseToken(java.lang.String,char[])> ::: 9
comp5111.assignment.cut.Subject_randoop111_RegressionTest0#test188	PASS	<comp5111.assignment.cut.Subject$StringAlgorithms: java.lang.Boolean strToBoolean(java.lang.String,java.lang.String,java.lang.String,java.lang.String)> ::: 13;<comp5111.assignment.cut.Subject$StringAlgorithms: java.lang.Boolean strToBoolean(java.lang.String,java.lang.String,java.lang.String,java.lang.String)> ::: 14;<comp5111.assignment.cut.Subject$StringAlgorithms: java.lang.Boolean strToBoolean(java.lang.String,java.lang.String,java.lang.String,java.lang.String)> ::: 17;<comp5111.assignment.cut.Subject$StringAlgorithms: java.lang.Boolean strToBoolean(java.lang.String,java.lang.String,java.lang.String,java.lang.String)> ::: 18;<comp5111.assignment.cut.Subject$StringAlgorithms: java.lang.Boolean strToBoolean(java.lang.String,java.lang.String,java.lang.String,java.lang.String)> ::: 21;<comp5111.assignment.cut.Subject$StringAlgorithms: java.lang.Boolean strToBoolean(java.lang.String,java.lang.String,java.lang.String,java.lang.String)> ::: 22;<comp5111.assignment.cut.Subject$StringAlgorithms: java.lang.Boolean strToBoolean(java.lang.String,java.lang.String,java.lang.String,java.lang.String)> ::: 24;<comp5111.assignment.cut.Subject$StringAlgorithms: java.lang.Boolean strToBoolean(java.lang.String,java.lang.String,java.lang.String,java.lang.String)> ::: 25;<comp5111.assignment.cut.Subject$StringAlgorithms: java.lang.Boolean strToBoolean(java.lang.String,java.lang.String,java.lang.String,java.lang.String)> ::: 26;<comp5111.assignment.cut.Subject$StringAlgorithms: java.lang.Boolean strToBoolean(java.lang.String,java.lang.String,java.lang.String,java.lang.String)> ::: 4
comp5111.assignment.cut.Subject_randoop111_RegressionTest0#test189	FAIL	<comp5111.assignment.cut.Subject$StringAlgorithms: int extractIntInStr(java.lang.String)> ::: 1;<comp5111.assignment.cut.Subject$StringAlgorithms: int extractIntInStr(java.lang.String)> ::: 10;<comp5111.assignment.cut.Subject$StringAlgorithms: int extractIntInStr(java.lang.String)> ::: 11;<comp5111.assignment.cut.Subject$StringAlgorithms: int extractIntInStr(java.lang.String)> ::: 12;<comp5111.assignment.cut.Subject$StringAlgorithms: int extractIntInStr(java.lang.String)> ::: 13;<comp5111.assignment.cut.Subject$StringAlgorithms: int extractIntInStr(java.lang.String)> ::: 14;<comp5111.assignment.cut.Subject$StringAlgorithms: int extractIntInStr(java.lang.String)> ::: 15;<comp5111.assignment.cut.Subject$StringAlgorithms: int extractIntInStr(java.lang.String)> ::: 16;<comp5111.assignment.cut.Subject$StringAlgorithms: int extractIntInStr(java.lang.String)> ::: 17;<comp5111.assignment.cut.Subject$StringAlgorithms: int extractIntInStr(java.lang.String)> ::: 2;<comp5111.assignment.cut.Subject$StringAlgorithms: int extractIntInStr(java.lang.String)> ::: 3;<comp5111.assignment.cut.Subject$StringAlgorithms: int extractIntInStr(java.lang.String)> ::: 5;<comp5111.assignment.cut.Subject$StringAlgorithms: int extractIntInStr(java.lang.String)> ::: 6;<comp5111.assignment.cut.Subject$StringAlgorithms: int extractIntInStr(java.lang.String)> ::: 7;<comp5111.assignment.cut.Subject$StringAlgorithms: int extractIntInStr(java.lang.String)> ::: 8;<comp5111.assignment.cut.Subject$StringAlgorithms: int extractIntInStr(java.lang.String)> ::: 9;<comp5111.assignment.cut.Subject$StringAlgorithms: int[] getVersionNo(java.lang.String)> ::: 1;<comp5111.assignment.cut.Subject$StringAlgorithms: int[] getVersionNo(java.lang.String)> ::: 10;<comp5111.assignment.cut.Subject$StringAlgorithms: int[] getVersionNo(java.lang.String)> ::: 11;<comp5111.assignment.cut.Subject$StringAlgorithms: int[] getVersionNo(java.lang.String)> ::: 12;<comp5111.assignment.cut.Subject$StringAlgorithms: int[] getVersionNo(java.lang.String)> ::: 14;<comp5111.assignment.cut.Subject$StringAlgorithms: int[] getVersionNo(java.lang.String)> ::: 15;<comp5111.assignment.cut.Subject$StringAlgorithms: int[] getVersionNo(java.lang.String)> ::: 16;<comp5111.assignment.cut.Subject$StringAlgorithms: int[] getVersionNo(java.lang.String)> ::: 17;<comp5111.assignment.cut.Subject$StringAlgorithms: int[] getVersionNo(java.lang.String)> ::: 2;<comp5111.assignment.cut.Subject$StringAlgorithms: int[] getVersionNo(java.lang.String)> ::: 22;<comp5111.assignment.cut.Subject$StringAlgorithms: int[] getVersionNo(java.lang.String)> ::: 23;<comp5111.assignment.cut.Subject$StringAlgorithms: int[] getVersionNo(java.lang.String)> ::: 24;<comp5111.assignment.cut.Subject$StringAlgorithms: int[] getVersionNo(java.lang.String)> ::: 25;<comp5111.assignment.cut.Subject$StringAlgorithms: int[] getVersionNo(java.lang.String)> ::: 26;<comp5111.assignment.cut.Subject$StringAlgorithms: int[] getVersionNo(java.lang.String)> ::: 27;<comp5111.assignment.cut.Subject$StringAlgorithms: int[] getVersionNo(java.lang.String)> ::: 3;<comp5111.assignment.cut.Subject$StringAlgorithms: int[] getVersionNo(java.lang.String)> ::: 5;<comp5111.assignment.cut.Subject$StringAlgorithms: int[] getVersionNo(java.lang.String)> ::: 6;<comp5111.assignment.cut.Subject$StringAlgorithms: int[] getVersionNo(java.lang.String)> ::: 7;<comp5111.assignment.cut.Subject$StringAlgorithms: int[] getVersionNo(java.lang.String)> ::: 8;<comp5111.assignment.cut.Subject$StringAlgorithms: int[] getVersionNo(java.lang.String)> ::: 9
comp5111.assignment.cut.Subject_randoop111_RegressionTest0#test190	PASS	<comp5111.assignment.cut.Subject$StringAlgorithms: java.lang.Number parseNumber(java.lang.String)> ::: 1;<comp5111.assignment.cut.Subject$StringAlgorithms: java.lang.Number parseNumber(java.lang.String)> ::: 2;<comp5111.assignment.cut.Subject$StringAlgorithms: java.lang.Number parseNumber(java.lang.String)> ::: 3;<comp5111.assignment.cut.Subject$StringAlgorithms: java.lang.Number parseNumber(java.lang.String)> ::: 9
comp5111.assignment.cut.Subject_randoop111_RegressionTest0#test191	PASS	<comp5111.assignment.cut.Subject$StringAlgorithms: java.lang.String padLeft(java.lang.String,short,char)> ::: 3;<comp5111.assignment.cut.Subject$StringAlgorithms: java.lang.String padLeft(java.lang.String,short,char)> ::: 5;<comp5111.assignment.cut.Subject$StringAlgorithms: java.lang.String padLeft(java.lang.String,short,char)> ::: 6;<comp5111.assignment.cut.Subject$StringAlgorithms: java.lang.String padLeft(java.lang.String,short,char)> ::: 7;<comp5111.assignment.cut.Subject$StringAlgorithms: java.lang.String padLeft(java.lang.String,short,char)> ::: 8
comp5111.assignment.cut.Subject_randoop111_RegressionTest0#test192	PASS	<comp5111.assignment.cut.Subject$StringAlgorithms: java.lang.String padRight(java.lang.String,short,char)> ::: 3;<comp5111.assignment.cut.Subject$StringAlgorithms: java.lang.String padRight(java.lang.String,short,char)> ::: 5;<comp5111.assignment.cut.Subject$StringAlgorithms: java.lang.String padRight(java.lang.String,short,char)> ::: 6;<comp5111.assignment.cut.Subject$StringAlgorithms: java.lang.String padRight(java.lang.String,short,char)> ::: 7;<comp5111.assignment.cut.Subject$StringAlgorithms: java.lang.String padRight(java.lang.String,short,char)> ::: 8
comp5111.assignment.cut.Subject_randoop111_RegressionTest0#test193	PASS	<comp5111.assignment.cut.Subject$DateTimeAlgorithms: boolean checkValidDate(int,int,int)> ::: 3;<comp5111.assignment.cut.Subject$DateTimeAlgorithms: boolean checkValidDate(int,int,int)> ::: 4;<comp5111.assignment.cut.Subject$DateTimeAlgorithms: boolean checkValidDate(int,int,int)> ::: 5;<comp5111.assignment.cut.Subject$DateTimeAlgorithms: java.util.List listDatesBetween(int,int,int,int,int,int)> ::: 10;<comp5111.assignment.cut.Subject$DateTimeAlgorithms: java.util.List listDatesBetween(int,int,int,int,int,int)> ::: 13;<comp5111.assignment.cut.Subject$DateTimeAlgorithms: java.util.List listDatesBetween(int,int,int,int,int,int)> ::: 6;<comp5111.assignment.cut.Subject$DateTimeAlgorithms: java.util.List listDatesBetween(int,int,int,int,int,int)> ::: 7;<comp5111.assignment.cut.Subject$DateTimeAlgorithms: java.util.List listDatesBetween(int,int,int,int,int,int)> ::: 8;<comp5111.assignment.cut.Subject$DateTimeAlgorithms: java.util.List listDatesBetween(int,int,int,int,int,int)> ::: 9
comp5111.assignment.cut.Subject_randoop111_RegressionTest0#test194	FAIL	<comp5111.assignment.cut.Subject$StringAlgorithms: int extractIntInStr(java.lang.String)> ::: 1;<comp5111.assignment.cut.Subject$StringAlgorithms: int extractIntInStr(java.lang.String)> ::: 10;<comp5111.assignment.cut.Subject$StringAlgorithms: int extractIntInStr(java.lang.String)> ::: 11;<comp5111.assignment.cut.Subject$StringAlgorithms: int extractIntInStr(java.lang.String)> ::: 12;<comp5111.assignment.cut.Subject$StringAlgorithms: int extractIntInStr(java.lang.String)> ::: 13;<comp5111.assignment.cut.Subject$StringAlgorithms: int extractIntInStr(java.lang.String)> ::: 14;<comp5111.assignment.cut.Subject$StringAlgorithms: int extractIntInStr(java.lang.String)> ::: 15;<comp5111.assignment.cut.Subject$StringAlgorithms: int extractIntInStr(java.lang.String)> ::: 16;<comp5111.assignment.cut.Subject$StringAlgorithms: int extractIntInStr(java.lang.String)> ::: 17;<comp5111.assignment.cut.Subject$StringAlgorithms: int extractIntInStr(java.lang.String)> ::: 2;<comp5111.assignment.cut.Subject$StringAlgorithms: int extractIntInStr(java.lang.String)> ::: 3;<comp5111.assignment.cut.Subject$StringAlgorithms: int extractIntInStr(java.lang.String)> ::: 5;<comp5111.assignment.cut.Subject$StringAlgorithms: int extractIntInStr(java.lang.String)> ::: 6;<comp5111.assignment.cut.Subject$StringAlgorithms: int extractIntInStr(java.lang.String)> ::: 7;<comp5111.assignment.cut.Subject$StringAlgorithms: int extractIntInStr(java.lang.String)> ::: 8;<comp5111.assignment.cut.Subject$StringAlgorithms: int extractIntInStr(java.lang.String)> ::: 9;<comp5111.assignment.cut.Subject$StringAlgorithms: int[] getVersionNo(java.lang.String)> ::: 1;<comp5111.assignment.cut.Subject$StringAlgorithms: int[] getVersionNo(java.lang.String)> ::: 10;<comp5111.assignment.cut.Subject$StringAlgorithms: int[] getVersionNo(java.lang.String)> ::: 11;<comp5111.assignment.cut.Subject$StringAlgorithms: int[] getVersionNo(java.lang.String)> ::: 12;<comp5111.assignment.cut.Subject$StringAlgorithms: int[] getVersionNo(java.lang.String)> ::: 14;<comp5111.assignment.cut.Subject$StringAlgorithms: int[] getVersionNo(java.lang.String)> ::: 15;<comp5111.assignment.cut.Subject$StringAlgorithms: int[] getVersionNo(java.lang.String)> ::: 16;<comp5111.assignment.cut.Subject$StringAlgorithms: int[] getVersionNo(java.lang.String)> ::: 17;<comp5111.assignment.cut.Subject$StringAlgorithms: int[] getVersionNo(java.lang.String)> ::: 2;<comp5111.assignment.cut.Subject$StringAlgorithms: int[] getVersionNo(java.lang.String)> ::: 22;<comp5111.assignment.cut.Subject$StringAlgorithms: int[] getVersionNo(java.lang.String)> ::: 23;<comp5111.assignment.cut.Subject$StringAlgorithms: int[] getVersionNo(java.lang.String)> ::: 24;<comp5111.assignment.cut.Subject$StringAlgorithms: int[] getVersionNo(java.lang.String)> ::: 25;<comp5111.assignment.cut.Subject$StringAlgorithms: int[] getVersionNo(java.lang.String)> ::: 26;<comp5111.assignment.cut.Subject$StringAlgorithms: int[] getVersionNo(java.lang.String)> ::: 27;<comp5111.assignment.cut.Subject$StringAlgorithms: int[] getVersionNo(java.lang.String)> ::: 3;<comp5111.assignment.cut.Subject$StringAlgorithms: int[] getVersionNo(java.lang.String)> ::: 5;<comp5111.assignment.cut.Subject$StringAlgorithms: int[] getVersionNo(java.lang.String)> ::: 6;<comp5111.assignment.cut.Subject$StringAlgorithms: int[] getVersionNo(java.lang.String)> ::: 7;<comp5111.assignment.cut.Subject$StringAlgorithms: int[] getVersionNo(java.lang.String)> ::: 8;<comp5111.assignment.cut.Subject$StringAlgorithms: int[] getVersionNo(java.lang.String)> ::: 9
comp5111.assignment.cut.Subject_randoop111_RegressionTest0#test195	PASS	<comp5111.assignment.cut.Subject$StringAlgorithms: void enlarge(int,byte[],int)> ::: 10;<comp5111.assignment.cut.Subject$StringAlgorithms: void enlarge(int,byte[],int)> ::: 11;<comp5111.assignment.cut.Subject$StringAlgorithms: void enlarge(int,byte[],int)> ::: 12;<comp5111.assignment.cut.Subject$StringAlgorithms: void enlarge(int,byte[],int)> ::: 13;<comp5111.assignment.cut.Subject$StringAlgorithms: void enlarge(int,byte[],int)> ::: 3;<comp5111.assignment.cut.Subject$StringAlgorithms: void enlarge(int,byte[],int)> ::: 4;<comp5111.assignment.cut.Subject$StringAlgorithms: void enlarge(int,byte[],int)> ::: 5;<comp5111.assignment.cut.Subject$StringAlgorithms: void enlarge(int,byte[],int)> ::: 6;<comp5111.assignment.cut.Subject$StringAlgorithms: void enlarge(int,byte[],int)> ::: 7;<comp5111.assignment.cut.Subject$StringAlgorithms: void enlarge(int,byte[],int)> ::: 8
comp5111.assignment.cut.Subject_randoop111_RegressionTest0#test196	PASS	<comp5111.assignment.cut.Subject$GamePlace: int y()> ::: 1;<comp5111.assignment.cut.Subject$GamePlace: int y()> ::: 2;<comp5111.assignment.cut.Subject$GamePlace: void <init>(comp5111.assignment.cut.Subject,int,int)> ::: 4;<comp5111.assignment.cut.Subject$GamePlace: void <init>(comp5111.assignment.cut.Subject,int,int)> ::: 5;<comp5111.assignment.cut.Subject$GamePlace: void <init>(comp5111.assignment.cut.Subject,int,int)> ::: 6;<comp5111.assignment.cut.Subject$GamePlace: void <init>(comp5111.assignment.cut.Subject,int,int)> ::: 7;<comp5111.assignment.cut.Subject$GamePlace: void <init>(comp5111.assignment.cut.Subject,int,int)> ::: 8;<comp5111.assignment.cut.Subject$GamePlace: void x(int)> ::: 2;<comp5111.assignment.cut.Subject$GamePlace: void x(int)> ::: 3;<comp5111.assignment.cut.Subject: void <init>()> ::: 1;<comp5111.assignment.cut.Subject: void <init>()> ::: 2
comp5111.assignment.cut.Subject_randoop111_RegressionTest0#test197	PASS	<comp5111.assignment.cut.Subject$DateTimeAlgorithms: int monAbbr2month(java.lang.String)> ::: 1;<comp5111.assignment.cut.Subject$DateTimeAlgorithms: int monAbbr2month(java.lang.String)> ::: 2;<comp5111.assignment.cut.Subject$DateTimeAlgorithms: int monAbbr2month(java.lang.String)> ::: 3;<comp5111.assignment.cut.Subject$DateTimeAlgorithms: int monAbbr2month(java.lang.String)> ::: 4
comp5111.assignment.cut.Subject_randoop111_RegressionTest0#test198	PASS	<comp5111.assignment.cut.Subject$GamePlace: boolean equals(java.lang.Object)> ::: 2;<comp5111.assignment.cut.Subject$GamePlace: boolean equals(java.lang.Object)> ::: 4;<comp5111.assignment.cut.Subject$GamePlace: boolean equals(java.lang.Object)> ::: 5;<comp5111.assignment.cut.Subject$GamePlace: boolean equals(java.lang.Object)> ::: 6;<comp5111.assignment.cut.Subject$GamePlace: boolean equals(java.lang.Object)> ::: 7;<comp5111.assignment.cut.Subject$GamePlace: boolean equals(java.lang.Object)> ::: 8;<comp5111.assignment.cut.Subject$GamePlace: boolean isAdjacent(comp5111.assignment.cut.Subject$GamePlace)> ::: 2;<comp5111.assignment.cut.Subject$GamePlace: boolean isAdjacent(comp5111.assignment.cut.Subject$GamePlace)> ::: 3;<comp5111.assignment.cut.Subject$GamePlace: comp5111.assignment.cut.Subject$GamePlace clone()> ::: 1;<comp5111.assignment.cut.Subject$GamePlace: comp5111.assignment.cut.Subject$GamePlace clone()> ::: 2;<comp5111.assignment.cut.Subject$GamePlace: comp5111.assignment.cut.Subject$GamePlace clone()> ::: 3;<comp5111.assignment.cut.Subject$GamePlace: comp5111.assignment.cut.Subject$GamePlace clone()> ::: 4;<comp5111.assignment.cut.Subject$GamePlace: comp5111.assignment.cut.Subject$GamePlace clone()> ::: 5;<comp5111.assignment.cut.Subject$GamePlace: comp5111.assignment.cut.Subject$GamePlace clone()> ::: 6;<comp5111.assignment.cut.Subject$GamePlace: comp5111.assignment.cut.Subject$GamePlace clone()> ::: 7;<comp5111.assignment.cut.Subject$GamePlace: comp5111.assignment.cut.Subject$GamePlace clone()> ::: 8;<comp5111.assignment.cut.Subject$GamePlace: comp5111.assignment.cut.Subject$GamePlace clone()> ::: 9;<comp5111.assignment.cut.Subject$GamePlace: java.lang.String toString()> ::: 1;<comp5111.assignment.cut.Subject$GamePlace: java.lang.String toString()> ::: 2;<comp5111.assignment.cut.Subject$GamePlace: java.lang.String toString()> ::: 3;<comp5111.assignment.cut.Subject$GamePlace: java.lang.String toString()> ::: 4;<comp5111.assignment.cut.Subject$GamePlace: void <init>(comp5111.assignment.cut.Subject,int,int)> ::: 4;<comp5111.assignment.cut.Subject$GamePlace: void <init>(comp5111.assignment.cut.Subject,int,int)> ::: 5;<comp5111.assignment.cut.Subject$GamePlace: void <init>(comp5111.assignment.cut.Subject,int,int)> ::: 6;<comp5111.assignment.cut.Subject$GamePlace: void <init>(comp5111.assignment.cut.Subject,int,int)> ::: 7;<comp5111.assignment.cut.Subject$GamePlace: void <init>(comp5111.assignment.cut.Subject,int,int)> ::: 8;<comp5111.assignment.cut.Subject$GamePlayer: void <init>(comp5111.assignment.cut.Subject)> ::: 2;<comp5111.assignment.cut.Subject$GamePlayer: void <init>(comp5111.assignment.cut.Subject)> ::: 3;<comp5111.assignment.cut.Subject$GamePlayer: void <init>(comp5111.assignment.cut.Subject)> ::: 4;<comp5111.assignment.cut.Subject$GamePlayer: void <init>(comp5111.assignment.cut.Subject)> ::: 5;<comp5111.assignment.cut.Subject$GamePlayer: void <init>(comp5111.assignment.cut.Subject,java.lang.String)> ::: 3;<comp5111.assignment.cut.Subject$GamePlayer: void <init>(comp5111.assignment.cut.Subject,java.lang.String)> ::: 4;<comp5111.assignment.cut.Subject$GamePlayer: void <init>(comp5111.assignment.cut.Subject,java.lang.String)> ::: 5;<comp5111.assignment.cut.Subject$GamePlayer: void <init>(comp5111.assignment.cut.Subject,java.lang.String)> ::: 6;<comp5111.assignment.cut.Subject: void <init>()> ::: 1;<comp5111.assignment.cut.Subject: void <init>()> ::: 2
comp5111.assignment.cut.Subject_randoop111_RegressionTest0#test199	PASS	<comp5111.assignment.cut.Subject$DateTimeAlgorithms: boolean checkValidDate(int,int,int)> ::: 3;<comp5111.assignment.cut.Subject$DateTimeAlgorithms: boolean checkValidDate(int,int,int)> ::: 5;<comp5111.assignment.cut.Subject$DateTimeAlgorithms: java.util.List listDatesBetween(int,int,int,int,int,int)> ::: 10;<comp5111.assignment.cut.Subject$DateTimeAlgorithms: java.util.List listDatesBetween(int,int,int,int,int,int)> ::: 13;<comp5111.assignment.cut.Subject$DateTimeAlgorithms: java.util.List listDatesBetween(int,int,int,int,int,int)> ::: 6;<comp5111.assignment.cut.Subject$DateTimeAlgorithms: java.util.List listDatesBetween(int,int,int,int,int,int)> ::: 7;<comp5111.assignment.cut.Subject$DateTimeAlgorithms: java.util.List listDatesBetween(int,int,int,int,int,int)> ::: 8;<comp5111.assignment.cut.Subject$DateTimeAlgorithms: java.util.List listDatesBetween(int,int,int,int,int,int)> ::: 9
comp5111.assignment.cut.Subject_randoop111_RegressionTest0#test200	PASS	<comp5111.assignment.cut.Subject$DateTimeAlgorithms: boolean judgeLeapYear(int)> ::: 1;<comp5111.assignment.cut.Subject$DateTimeAlgorithms: boolean judgeLeapYear(int)> ::: 2;<comp5111.assignment.cut.Subject$DateTimeAlgorithms: boolean judgeLeapYear(int)> ::: 4;<comp5111.assignment.cut.Subject$DateTimeAlgorithms: boolean judgeLeapYear(int)> ::: 5;<comp5111.assignment.cut.Subject$DateTimeAlgorithms: boolean judgeLeapYear(int)> ::: 7;<comp5111.assignment.cut.Subject$DateTimeAlgorithms: boolean judgeLeapYear(int)> ::: 8;<comp5111.assignment.cut.Subject$DateTimeAlgorithms: boolean judgeLeapYear(int)> ::: 9
comp5111.assignment.cut.Subject_randoop111_RegressionTest0#test201	PASS	<comp5111.assignment.cut.Subject$DateTimeAlgorithms: int monthsBetween(int,int,int,int)> ::: 4;<comp5111.assignment.cut.Subject$DateTimeAlgorithms: int monthsBetween(int,int,int,int)> ::: 5;<comp5111.assignment.cut.Subject$DateTimeAlgorithms: int monthsBetween(int,int,int,int)> ::: 8
comp5111.assignment.cut.Subject_randoop111_RegressionTest0#test202	PASS	<comp5111.assignment.cut.Subject$DateTimeAlgorithms: int daysBetweenDateStrings(java.lang.String,java.lang.String)> ::: 10;<comp5111.assignment.cut.Subject$DateTimeAlgorithms: int daysBetweenDateStrings(java.lang.String,java.lang.String)> ::: 11;<comp5111.assignment.cut.Subject$DateTimeAlgorithms: int daysBetweenDateStrings(java.lang.String,java.lang.String)> ::: 12;<comp5111.assignment.cut.Subject$DateTimeAlgorithms: int daysBetweenDateStrings(java.lang.String,java.lang.String)> ::: 13;<comp5111.assignment.cut.Subject$DateTimeAlgorithms: int daysBetweenDateStrings(java.lang.String,java.lang.String)> ::: 14;<comp5111.assignment.cut.Subject$DateTimeAlgorithms: int daysBetweenDateStrings(java.lang.String,java.lang.String)> ::: 15;<comp5111.assignment.cut.Subject$DateTimeAlgorithms: int daysBetweenDateStrings(java.lang.String,java.lang.String)> ::: 16;<comp5111.assignment.cut.Subject$DateTimeAlgorithms: int daysBetweenDateStrings(java.lang.String,java.lang.String)> ::: 17;<comp5111.assignment.cut.Subject$DateTimeAlgorithms: int daysBetweenDateStrings(java.lang.String,java.lang.String)> ::: 18;<comp5111.assignment.cut.Subject$DateTimeAlgorithms: int daysBetweenDateStrings(java.lang.String,java.lang.String)> ::: 19;<comp5111.assignment.cut.Subject$DateTimeAlgorithms: int daysBetweenDateStrings(java.lang.String,java.lang.String)> ::: 2;<comp5111.assignment.cut.Subject$DateTimeAlgorithms: int daysBetweenDateStrings(java.lang.String,java.lang.String)> ::: 20;<comp5111.assignment.cut.Subject$DateTimeAlgorithms: int daysBetweenDateStrings(java.lang.String,java.lang.String)> ::: 24;<comp5111.assignment.cut.Subject$DateTimeAlgorithms: int daysBetweenDateStrings(java.lang.String,java.lang.String)> ::: 25;<comp5111.assignment.cut.Subject$DateTimeAlgorithms: int daysBetweenDateStrings(java.lang.String,java.lang.String)> ::: 3;<comp5111.assignment.cut.Subject$DateTimeAlgorithms: int daysBetweenDateStrings(java.lang.String,java.lang.String)> ::: 4;<comp5111.assignment.cut.Subject$DateTimeAlgorithms: int daysBetweenDateStrings(java.lang.String,java.lang.String)> ::: 5;<comp5111.assignment.cut.Subject$DateTimeAlgorithms: int daysBetweenDateStrings(java.lang.String,java.lang.String)> ::: 6;<comp5111.assignment.cut.Subject$DateTimeAlgorithms: int daysBetweenDateStrings(java.lang.String,java.lang.String)> ::: 7;<comp5111.assignment.cut.Subject$DateTimeAlgorithms: int daysBetweenDateStrings(java.lang.String,java.lang.String)> ::: 9
comp5111.assignment.cut.Subject_randoop111_RegressionTest0#test203	PASS	<comp5111.assignment.cut.Subject$DateTimeAlgorithms: java.lang.String month2MonAbbr(int)> ::: 1;<comp5111.assignment.cut.Subject$DateTimeAlgorithms: java.lang.String month2MonAbbr(int)> ::: 14
comp5111.assignment.cut.Subject_randoop111_RegressionTest0#test204	PASS	<comp5111.assignment.cut.Subject$GamePlace: boolean isAdjacent(comp5111.assignment.cut.Subject$GamePlace)> ::: 10;<comp5111.assignment.cut.Subject$GamePlace: boolean isAdjacent(comp5111.assignment.cut.Subject$GamePlace)> ::: 11;<comp5111.assignment.cut.Subject$GamePlace: boolean isAdjacent(comp5111.assignment.cut.Subject$GamePlace)> ::: 12;<comp5111.assignment.cut.Subject$GamePlace: boolean isAdjacent(comp5111.assignment.cut.Subject$GamePlace)> ::: 13;<comp5111.assignment.cut.Subject$GamePlace: boolean isAdjacent(comp5111.assignment.cut.Subject$GamePlace)> ::: 15;<comp5111.assignment.cut.Subject$GamePlace: boolean isAdjacent(comp5111.assignment.cut.Subject$GamePlace)> ::: 2;<comp5111.assignment.cut.Subject$GamePlace: boolean isAdjacent(comp5111.assignment.cut.Subject$GamePlace)> ::: 3;<comp5111.assignment.cut.Subject$GamePlace: boolean isAdjacent(comp5111.assignment.cut.Subject$GamePlace)> ::: 4;<comp5111.assignment.cut.Subject$GamePlace: boolean isAdjacent(comp5111.assignment.cut.Subject$GamePlace)> ::: 5;<comp5111.assignment.cut.Subject$GamePlace: boolean isAdjacent(comp5111.assignment.cut.Subject$GamePlace)> ::: 6;<comp5111.assignment.cut.Subject$GamePlace: boolean isAdjacent(comp5111.assignment.cut.Subject$GamePlace)> ::: 7;<comp5111.assignment.cut.Subject$GamePlace: boolean isAdjacent(comp5111.assignment.cut.Subject$GamePlace)> ::: 8;<comp5111.assignment.cut.Subject$GamePlace: boolean isAdjacent(comp5111.assignment.cut.Subject$GamePlace)> ::: 9;<comp5111.assignment.cut.Subject$GamePlace: void <init>(comp5111.assignment.cut.Subject,int,int)> ::: 4;<comp5111.assignment.cut.Subject$GamePlace: void <init>(comp5111.assignment.cut.Subject,int,int)> ::: 5;<comp5111.assignment.cut.Subject$GamePlace: void <init>(comp5111.assignment.cut.Subject,int,int)> ::: 6;<comp5111.assignment.cut.Subject$GamePlace: void <init>(comp5111.assignment.cut.Subject,int,int)> ::: 7;<comp5111.assignment.cut.Subject$GamePlace: void <init>(comp5111.assignment.cut.Subject,int,int)> ::: 8;<comp5111.assignment.cut.Subject$GamePlace: void y(int)> ::: 2;<comp5111.assignment.cut.Subject$GamePlace: void y(int)> ::: 3;<comp5111.assignment.cut.Subject: void <init>()> ::: 1;<comp5111.assignment.cut.Subject: void <init>()> ::: 2
comp5111.assignment.cut.Subject_randoop111_RegressionTest0#test205	PASS	<comp5111.assignment.cut.Subject$DateTimeAlgorithms: boolean checkValidDate(int,int,int)> ::: 3;<comp5111.assignment.cut.Subject$DateTimeAlgorithms: boolean checkValidDate(int,int,int)> ::: 4;<comp5111.assignment.cut.Subject$DateTimeAlgorithms: boolean checkValidDate(int,int,int)> ::: 5;<comp5111.assignment.cut.Subject$DateTimeAlgorithms: int daysBetweenDates(int,int,int,int,int,int)> ::: 12;<comp5111.assignment.cut.Subject$DateTimeAlgorithms: int daysBetweenDates(int,int,int,int,int,int)> ::: 13;<comp5111.assignment.cut.Subject$DateTimeAlgorithms: int daysBetweenDates(int,int,int,int,int,int)> ::: 14;<comp5111.assignment.cut.Subject$DateTimeAlgorithms: int daysBetweenDates(int,int,int,int,int,int)> ::: 6;<comp5111.assignment.cut.Subject$DateTimeAlgorithms: int daysBetweenDates(int,int,int,int,int,int)> ::: 7;<comp5111.assignment.cut.Subject$DateTimeAlgorithms: int daysBetweenDates(int,int,int,int,int,int)> ::: 8;<comp5111.assignment.cut.Subject$DateTimeAlgorithms: int daysBetweenDates(int,int,int,int,int,int)> ::: 9
comp5111.assignment.cut.Subject_randoop111_RegressionTest0#test206	PASS	<comp5111.assignment.cut.Subject$GamePlace: boolean isAdjacent(comp5111.assignment.cut.Subject$GamePlace)> ::: 2;<comp5111.assignment.cut.Subject$GamePlace: boolean isAdjacent(comp5111.assignment.cut.Subject$GamePlace)> ::: 3;<comp5111.assignment.cut.Subject$GamePlace: comp5111.assignment.cut.Subject$GamePlace clone()> ::: 1;<comp5111.assignment.cut.Subject$GamePlace: comp5111.assignment.cut.Subject$GamePlace clone()> ::: 2;<comp5111.assignment.cut.Subject$GamePlace: comp5111.assignment.cut.Subject$GamePlace clone()> ::: 3;<comp5111.assignment.cut.Subject$GamePlace: comp5111.assignment.cut.Subject$GamePlace clone()> ::: 4;<comp5111.assignment.cut.Subject$GamePlace: comp5111.assignment.cut.Subject$GamePlace clone()> ::: 5;<comp5111.assignment.cut.Subject$GamePlace: comp5111.assignment.cut.Subject$GamePlace clone()> ::: 6;<comp5111.assignment.cut.Subject$GamePlace: comp5111.assignment.cut.Subject$GamePlace clone()> ::: 7;<comp5111.assignment.cut.Subject$GamePlace: comp5111.assignment.cut.Subject$GamePlace clone()> ::: 8;<comp5111.assignment.cut.Subject$GamePlace: comp5111.assignment.cut.Subject$GamePlace clone()> ::: 9;<comp5111.assignment.cut.Subject$GamePlace: java.lang.String toString()> ::: 1;<comp5111.assignment.cut.Subject$GamePlace: java.lang.String toString()> ::: 2;<comp5111.assignment.cut.Subject$GamePlace: java.lang.String toString()> ::: 3;<comp5111.assignment.cut.Subject$GamePlace: java.lang.String toString()> ::: 4;<comp5111.assignment.cut.Subject$GamePlace: void <init>(comp5111.assignment.cut.Subject,int,int)> ::: 4;<comp5111.assignment.cut.Subject$GamePlace: void <init>(comp5111.assignment.cut.Subject,int,int)> ::: 5;<comp5111.assignment.cut.Subject$GamePlace: void <init>(comp5111.assignment.cut.Subject,int,int)> ::: 6;<comp5111.assignment.cut.Subject$GamePlace: void <init>(comp5111.assignment.cut.Subject,int,int)> ::: 7;<comp5111.assignment.cut.Subject$GamePlace: void <init>(comp5111.assignment.cut.Subject,int,int)> ::: 8;<comp5111.assignment.cut.Subject$GamePlace: void x(int)> ::: 2;<comp5111.assignment.cut.Subject$GamePlace: void x(int)> ::: 3;<comp5111.assignment.cut.Subject: void <init>()> ::: 1;<comp5111.assignment.cut.Subject: void <init>()> ::: 2
comp5111.assignment.cut.Subject_randoop111_RegressionTest0#test207	PASS	<comp5111.assignment.cut.Subject$DateTimeAlgorithms: java.lang.String dayStr(int)> ::: 1;<comp5111.assignment.cut.Subject$DateTimeAlgorithms: java.lang.String dayStr(int)> ::: 10;<comp5111.assignment.cut.Subject$DateTimeAlgorithms: java.lang.String dayStr(int)> ::: 11;<comp5111.assignment.cut.Subject$DateTimeAlgorithms: java.lang.String dayStr(int)> ::: 14;<comp5111.assignment.cut.Subject$DateTimeAlgorithms: java.lang.String dayStr(int)> ::: 15;<comp5111.assignment.cut.Subject$DateTimeAlgorithms: java.lang.String dayStr(int)> ::: 18;<comp5111.assignment.cut.Subject$DateTimeAlgorithms: java.lang.String dayStr(int)> ::: 19;<comp5111.assignment.cut.Subject$DateTimeAlgorithms: java.lang.String dayStr(int)> ::: 2;<comp5111.assignment.cut.Subject$DateTimeAlgorithms: java.lang.String dayStr(int)> ::: 20;<comp5111.assignment.cut.Subject$DateTimeAlgorithms: java.lang.String dayStr(int)> ::: 22;<comp5111.assignment.cut.Subject$DateTimeAlgorithms: java.lang.String dayStr(int)> ::: 6;<comp5111.assignment.cut.Subject$DateTimeAlgorithms: java.lang.String dayStr(int)> ::: 7
comp5111.assignment.cut.Subject_randoop111_RegressionTest0#test208	PASS	<comp5111.assignment.cut.Subject$DateTimeAlgorithms: boolean checkValidDate(int,int,int)> ::: 3;<comp5111.assignment.cut.Subject$DateTimeAlgorithms: boolean checkValidDate(int,int,int)> ::: 4;<comp5111.assignment.cut.Subject$DateTimeAlgorithms: boolean checkValidDate(int,int,int)> ::: 5;<comp5111.assignment.cut.Subject$DateTimeAlgorithms: boolean checkValidDate(int,int,int)> ::: 6;<comp5111.assignment.cut.Subject$DateTimeAlgorithms: boolean checkValidDate(int,int,int)> ::: 7;<comp5111.assignment.cut.Subject$DateTimeAlgorithms: boolean checkValidDate(int,int,int)> ::: 8;<comp5111.assignment.cut.Subject$DateTimeAlgorithms: boolean checkValidDate(int,int,int)> ::: 9;<comp5111.assignment.cut.Subject$DateTimeAlgorithms: int calcDaysInMonth(int,int)> ::: 12;<comp5111.assignment.cut.Subject$DateTimeAlgorithms: int calcDaysInMonth(int,int)> ::: 13;<comp5111.assignment.cut.Subject$DateTimeAlgorithms: int calcDaysInMonth(int,int)> ::: 14;<comp5111.assignment.cut.Subject$DateTimeAlgorithms: int calcDaysInMonth(int,int)> ::: 15;<comp5111.assignment.cut.Subject$DateTimeAlgorithms: int calcDaysInMonth(int,int)> ::: 17;<comp5111.assignment.cut.Subject$DateTimeAlgorithms: int calcDaysInMonth(int,int)> ::: 2;<comp5111.assignment.cut.Subject$DateTimeAlgorithms: int calcDaysInMonth(int,int)> ::: 3;<comp5111.assignment.cut.Subject$DateTimeAlgorithms: int calcDaysInMonth(int,int)> ::: 5;<comp5111.assignment.cut.Subject$DateTimeAlgorithms: int daysBetweenDates(int,int,int,int,int,int)> ::: 10;<comp5111.assignment.cut.Subject$DateTimeAlgorithms: int daysBetweenDates(int,int,int,int,int,int)> ::: 11;<comp5111.assignment.cut.Subject$DateTimeAlgorithms: int daysBetweenDates(int,int,int,int,int,int)> ::: 12;<comp5111.assignment.cut.Subject$DateTimeAlgorithms: int daysBetweenDates(int,int,int,int,int,int)> ::: 13;<comp5111.assignment.cut.Subject$DateTimeAlgorithms: int daysBetweenDates(int,int,int,int,int,int)> ::: 14;<comp5111.assignment.cut.Subject$DateTimeAlgorithms: int daysBetweenDates(int,int,int,int,int,int)> ::: 6;<comp5111.assignment.cut.Subject$DateTimeAlgorithms: int daysBetweenDates(int,int,int,int,int,int)> ::: 7;<comp5111.assignment.cut.Subject$DateTimeAlgorithms: int daysBetweenDates(int,int,int,int,int,int)> ::: 8;<comp5111.assignment.cut.Subject$DateTimeAlgorithms: int daysBetweenDates(int,int,int,int,int,int)> ::: 9
comp5111.assignment.cut.Subject_randoop111_RegressionTest0#test209	PASS	<comp5111.assignment.cut.Subject$DateTimeAlgorithms: int calcDaysInMonth(int,int)> ::: 2;<comp5111.assignment.cut.Subject$DateTimeAlgorithms: int calcDaysInMonth(int,int)> ::: 4;<comp5111.assignment.cut.Subject$DateTimeAlgorithms: java.lang.String lastDayOfMonth(int,int)> ::: 2;<comp5111.assignment.cut.Subject$DateTimeAlgorithms: java.lang.String lastDayOfMonth(int,int)> ::: 3;<comp5111.assignment.cut.Subject$DateTimeAlgorithms: java.lang.String lastDayOfMonth(int,int)> ::: 4
comp5111.assignment.cut.Subject_randoop111_RegressionTest0#test210	PASS	<comp5111.assignment.cut.Subject$DateTimeAlgorithms: java.lang.String roundSecondToString(long)> ::: 1;<comp5111.assignment.cut.Subject$DateTimeAlgorithms: java.lang.String roundSecondToString(long)> ::: 11;<comp5111.assignment.cut.Subject$DateTimeAlgorithms: java.lang.String roundSecondToString(long)> ::: 12;<comp5111.assignment.cut.Subject$DateTimeAlgorithms: java.lang.String roundSecondToString(long)> ::: 2;<comp5111.assignment.cut.Subject$DateTimeAlgorithms: java.lang.String roundSecondToString(long)> ::: 20;<comp5111.assignment.cut.Subject$DateTimeAlgorithms: java.lang.String roundSecondToString(long)> ::: 21;<comp5111.assignment.cut.Subject$DateTimeAlgorithms: java.lang.String roundSecondToString(long)> ::: 28;<comp5111.assignment.cut.Subject$DateTimeAlgorithms: java.lang.String roundSecondToString(long)> ::: 29;<comp5111.assignment.cut.Subject$DateTimeAlgorithms: java.lang.String roundSecondToString(long)> ::: 3;<comp5111.assignment.cut.Subject$DateTimeAlgorithms: java.lang.String roundSecondToString(long)> ::: 35;<comp5111.assignment.cut.Subject$DateTimeAlgorithms: java.lang.String roundSecondToString(long)> ::: 36;<comp5111.assignment.cut.Subject$DateTimeAlgorithms: java.lang.String roundSecondToString(long)> ::: 41;<comp5111.assignment.cut.Subject$DateTimeAlgorithms: java.lang.String roundSecondToString(long)> ::: 42;<comp5111.assignment.cut.Subject$DateTimeAlgorithms: java.lang.String roundSecondToString(long)> ::: 43;<comp5111.assignment.cut.Subject$DateTimeAlgorithms: java.lang.String roundSecondToString(long)> ::: 44;<comp5111.assignment.cut.Subject$DateTimeAlgorithms: java.lang.String roundSecondToString(long)> ::: 45
comp5111.assignment.cut.Subject_randoop111_RegressionTest0#test211	PASS	<comp5111.assignment.cut.Subject$StringAlgorithms: void enlarge(int,byte[],int)> ::: 10;<comp5111.assignment.cut.Subject$StringAlgorithms: void enlarge(int,byte[],int)> ::: 11;<comp5111.assignment.cut.Subject$StringAlgorithms: void enlarge(int,byte[],int)> ::: 3;<comp5111.assignment.cut.Subject$StringAlgorithms: void enlarge(int,byte[],int)> ::: 4;<comp5111.assignment.cut.Subject$StringAlgorithms: void enlarge(int,byte[],int)> ::: 5;<comp5111.assignment.cut.Subject$StringAlgorithms: void enlarge(int,byte[],int)> ::: 6;<comp5111.assignment.cut.Subject$StringAlgorithms: void enlarge(int,byte[],int)> ::: 9
comp5111.assignment.cut.Subject_randoop111_RegressionTest0#test212	PASS	<comp5111.assignment.cut.Subject$DateTimeAlgorithms: int daysBetweenDateStrings(java.lang.String,java.lang.String)> ::: 2;<comp5111.assignment.cut.Subject$DateTimeAlgorithms: int daysBetweenDateStrings(java.lang.String,java.lang.String)> ::: 3;<comp5111.assignment.cut.Subject$DateTimeAlgorithms: int daysBetweenDateStrings(java.lang.String,java.lang.String)> ::: 4;<comp5111.assignment.cut.Subject$DateTimeAlgorithms: int daysBetweenDateStrings(java.lang.String,java.lang.String)> ::: 5;<comp5111.assignment.cut.Subject$DateTimeAlgorithms: int daysBetweenDateStrings(java.lang.String,java.lang.String)> ::: 6;<comp5111.assignment.cut.Subject$DateTimeAlgorithms: int daysBetweenDateStrings(java.lang.String,java.lang.String)> ::: 7;<comp5111.assignment.cut.Subject$DateTimeAlgorithms: int daysBetweenDateStrings(java.lang.String,java.lang.String)> ::: 8
comp5111.assignment.cut.Subject_randoop111_RegressionTest0#test213	PASS	<comp5111.assignment.cut.Subject$DateTimeAlgorithms: int calcDaysInMonth(int,int)> ::: 12;<comp5111.assignment.cut.Subject$DateTimeAlgorithms: int calcDaysInMonth(int,int)> ::: 13;<comp5111.assignment.cut.Subject$DateTimeAlgorithms: int calcDaysInMonth(int,int)> ::: 14;<comp5111.assignment.cut.Subject$DateTimeAlgorithms: int calcDaysInMonth(int,int)> ::: 15;<comp5111.assignment.cut.Subject$DateTimeAlgorithms: int calcDaysInMonth(int,int)> ::: 17;<comp5111.assignment.cut.Subject$DateTimeAlgorithms: int calcDaysInMonth(int,int)> ::: 2;<comp5111.assignment.cut.Subject$DateTimeAlgorithms: int calcDaysInMonth(int,int)> ::: 3;<comp5111.assignment.cut.Subject$DateTimeAlgorithms: int calcDaysInMonth(int,int)> ::: 5
comp5111.assignment.cut.Subject_randoop111_RegressionTest0#test214	PASS	<comp5111.assignment.cut.Subject$DateTimeAlgorithms: int daysBetweenDateStrings(java.lang.String,java.lang.String)> ::: 2;<comp5111.assignment.cut.Subject$DateTimeAlgorithms: int daysBetweenDateStrings(java.lang.String,java.lang.String)> ::: 3;<comp5111.assignment.cut.Subject$DateTimeAlgorithms: int daysBetweenDateStrings(java.lang.String,java.lang.String)> ::: 4;<comp5111.assignment.cut.Subject$DateTimeAlgorithms: int daysBetweenDateStrings(java.lang.String,java.lang.String)> ::: 5;<comp5111.assignment.cut.Subject$DateTimeAlgorithms: int daysBetweenDateStrings(java.lang.String,java.lang.String)> ::: 6;<comp5111.assignment.cut.Subject$DateTimeAlgorithms: int daysBetweenDateStrings(java.lang.String,java.lang.String)> ::: 7;<comp5111.assignment.cut.Subject$DateTimeAlgorithms: int daysBetweenDateStrings(java.lang.String,java.lang.String)> ::: 8
comp5111.assignment.cut.Subject_randoop111_RegressionTest0#test215	PASS	<comp5111.assignment.cut.Subject$DateTimeAlgorithms: int monAbbr2month(java.lang.String)> ::: 1;<comp5111.assignment.cut.Subject$DateTimeAlgorithms: int monAbbr2month(java.lang.String)> ::: 2;<comp5111.assignment.cut.Subject$DateTimeAlgorithms: int monAbbr2month(java.lang.String)> ::: 3;<comp5111.assignment.cut.Subject$DateTimeAlgorithms: int monAbbr2month(java.lang.String)> ::: 4
comp5111.assignment.cut.Subject_randoop111_RegressionTest0#test216	PASS	<comp5111.assignment.cut.Subject$StringAlgorithms: boolean startsWithIgnoreCase(java.lang.String,java.lang.String)> ::: 2;<comp5111.assignment.cut.Subject$StringAlgorithms: boolean startsWithIgnoreCase(java.lang.String,java.lang.String)> ::: 3;<comp5111.assignment.cut.Subject$StringAlgorithms: boolean startsWithIgnoreCase(java.lang.String,java.lang.String)> ::: 5;<comp5111.assignment.cut.Subject$StringAlgorithms: boolean startsWithIgnoreCase(java.lang.String,java.lang.String)> ::: 6;<comp5111.assignment.cut.Subject$StringAlgorithms: boolean startsWithIgnoreCase(java.lang.String,java.lang.String)> ::: 7;<comp5111.assignment.cut.Subject$StringAlgorithms: boolean startsWithIgnoreCase(java.lang.String,java.lang.String)> ::: 8
comp5111.assignment.cut.Subject_randoop111_RegressionTest0#test217	PASS	<comp5111.assignment.cut.Subject$DateTimeAlgorithms: java.lang.String roundSecondToString(long)> ::: 1;<comp5111.assignment.cut.Subject$DateTimeAlgorithms: java.lang.String roundSecondToString(long)> ::: 11;<comp5111.assignment.cut.Subject$DateTimeAlgorithms: java.lang.String roundSecondToString(long)> ::: 12;<comp5111.assignment.cut.Subject$DateTimeAlgorithms: java.lang.String roundSecondToString(long)> ::: 2;<comp5111.assignment.cut.Subject$DateTimeAlgorithms: java.lang.String roundSecondToString(long)> ::: 20;<comp5111.assignment.cut.Subject$DateTimeAlgorithms: java.lang.String roundSecondToString(long)> ::: 21;<comp5111.assignment.cut.Subject$DateTimeAlgorithms: java.lang.String roundSecondToString(long)> ::: 28;<comp5111.assignment.cut.Subject$DateTimeAlgorithms: java.lang.String roundSecondToString(long)> ::: 29;<comp5111.assignment.cut.Subject$DateTimeAlgorithms: java.lang.String roundSecondToString(long)> ::: 3;<comp5111.assignment.cut.Subject$DateTimeAlgorithms: java.lang.String roundSecondToString(long)> ::: 35;<comp5111.assignment.cut.Subject$DateTimeAlgorithms: java.lang.String roundSecondToString(long)> ::: 36;<comp5111.assignment.cut.Subject$DateTimeAlgorithms: java.lang.String roundSecondToString(long)> ::: 37;<comp5111.assignment.cut.Subject$DateTimeAlgorithms: java.lang.String roundSecondToString(long)> ::: 38;<comp5111.assignment.cut.Subject$DateTimeAlgorithms: java.lang.String roundSecondToString(long)> ::: 39;<comp5111.assignment.cut.Subject$DateTimeAlgorithms: java.lang.String roundSecondToString(long)> ::: 40;<comp5111.assignment.cut.Subject$DateTimeAlgorithms: java.lang.String roundSecondToString(long)> ::: 43;<comp5111.assignment.cut.Subject$DateTimeAlgorithms: java.lang.String roundSecondToString(long)> ::: 44;<comp5111.assignment.cut.Subject$DateTimeAlgorithms: java.lang.String roundSecondToString(long)> ::: 45
comp5111.assignment.cut.Subject_randoop111_RegressionTest0#test218	PASS	<comp5111.assignment.cut.Subject$StringAlgorithms: java.lang.Boolean strToBoolean(java.lang.String)> ::: 1;<comp5111.assignment.cut.Subject$StringAlgorithms: java.lang.Boolean strToBoolean(java.lang.String)> ::: 18;<comp5111.assignment.cut.Subject$StringAlgorithms: java.lang.Boolean strToBoolean(java.lang.String)> ::: 19;<comp5111.assignment.cut.Subject$StringAlgorithms: java.lang.Boolean strToBoolean(java.lang.String)> ::: 3;<comp5111.assignment.cut.Subject$StringAlgorithms: java.lang.Boolean strToBoolean(java.lang.String)> ::: 34;<comp5111.assignment.cut.Subject$StringAlgorithms: java.lang.Boolean strToBoolean(java.lang.String)> ::: 35;<comp5111.assignment.cut.Subject$StringAlgorithms: java.lang.Boolean strToBoolean(java.lang.String)> ::: 36;<comp5111.assignment.cut.Subject$StringAlgorithms: java.lang.Boolean strToBoolean(java.lang.String)> ::: 37;<comp5111.assignment.cut.Subject$StringAlgorithms: java.lang.Boolean strToBoolean(java.lang.String)> ::: 38;<comp5111.assignment.cut.Subject$StringAlgorithms: java.lang.Boolean strToBoolean(java.lang.String)> ::: 39;<comp5111.assignment.cut.Subject$StringAlgorithms: java.lang.Boolean strToBoolean(java.lang.String)> ::: 4;<comp5111.assignment.cut.Subject$StringAlgorithms: java.lang.Boolean strToBoolean(java.lang.String)> ::: 40;<comp5111.assignment.cut.Subject$StringAlgorithms: java.lang.Boolean strToBoolean(java.lang.String)> ::: 47;<comp5111.assignment.cut.Subject$StringAlgorithms: java.lang.Boolean strToBoolean(java.lang.String)> ::: 48;<comp5111.assignment.cut.Subject$StringAlgorithms: java.lang.Boolean strToBoolean(java.lang.String)> ::: 90
comp5111.assignment.cut.Subject_randoop111_RegressionTest0#test219	PASS	<comp5111.assignment.cut.Subject$DateTimeAlgorithms: boolean checkValidDate(int,int,int)> ::: 3;<comp5111.assignment.cut.Subject$DateTimeAlgorithms: boolean checkValidDate(int,int,int)> ::: 5;<comp5111.assignment.cut.Subject$DateTimeAlgorithms: int daysBetweenDates(int,int,int,int,int,int)> ::: 12;<comp5111.assignment.cut.Subject$DateTimeAlgorithms: int daysBetweenDates(int,int,int,int,int,int)> ::: 13;<comp5111.assignment.cut.Subject$DateTimeAlgorithms: int daysBetweenDates(int,int,int,int,int,int)> ::: 14;<comp5111.assignment.cut.Subject$DateTimeAlgorithms: int daysBetweenDates(int,int,int,int,int,int)> ::: 6;<comp5111.assignment.cut.Subject$DateTimeAlgorithms: int daysBetweenDates(int,int,int,int,int,int)> ::: 7;<comp5111.assignment.cut.Subject$DateTimeAlgorithms: int daysBetweenDates(int,int,int,int,int,int)> ::: 8;<comp5111.assignment.cut.Subject$DateTimeAlgorithms: int daysBetweenDates(int,int,int,int,int,int)> ::: 9
comp5111.assignment.cut.Subject_randoop111_RegressionTest0#test220	PASS	<comp5111.assignment.cut.Subject$DateTimeAlgorithms: int monthsBetween(int,int,int,int)> ::: 4;<comp5111.assignment.cut.Subject$DateTimeAlgorithms: int monthsBetween(int,int,int,int)> ::: 8
comp5111.assignment.cut.Subject_randoop111_RegressionTest0#test221	PASS	<comp5111.assignment.cut.Subject$GamePlace: boolean isAdjacent(comp5111.assignment.cut.Subject$GamePlace)> ::: 2;<comp5111.assignment.cut.Subject$GamePlace: boolean isAdjacent(comp5111.assignment.cut.Subject$GamePlace)> ::: 3;<comp5111.assignment.cut.Subject$GamePlace: java.lang.String toString()> ::: 1;<comp5111.assignment.cut.Subject$GamePlace: java.lang.String toString()> ::: 2;<comp5111.assignment.cut.Subject$GamePlace: java.lang.String toString()> ::: 3;<comp5111.assignment.cut.Subject$GamePlace: java.lang.String toString()> ::: 4;<comp5111.assignment.cut.Subject$GamePlace: void <init>(comp5111.assignment.cut.Subject,int,int)> ::: 4;<comp5111.assignment.cut.Subject$GamePlace: void <init>(comp5111.assignment.cut.Subject,int,int)> ::: 5;<comp5111.assignment.cut.Subject$GamePlace: void <init>(comp5111.assignment.cut.Subject,int,int)> ::: 6;<comp5111.assignment.cut.Subject$GamePlace: void <init>(comp5111.assignment.cut.Subject,int,int)> ::: 7;<comp5111.assignment.cut.Subject$GamePlace: void <init>(comp5111.assignment.cut.Subject,int,int)> ::: 8;<comp5111.assignment.cut.Subject$GamePlace: void x(int)> ::: 2;<comp5111.assignment.cut.Subject$GamePlace: void x(int)> ::: 3;<comp5111.assignment.cut.Subject$GamePlace: void y(int)> ::: 2;<comp5111.assignment.cut.Subject$GamePlace: void y(int)> ::: 3;<comp5111.assignment.cut.Subject: void <init>()> ::: 1;<comp5111.assignment.cut.Subject: void <init>()> ::: 2
comp5111.assignment.cut.Subject_randoop111_RegressionTest0#test222	PASS	<comp5111.assignment.cut.Subject$StringAlgorithms: void enlarge(int,byte[],int)> ::: 10;<comp5111.assignment.cut.Subject$StringAlgorithms: void enlarge(int,byte[],int)> ::: 11;<comp5111.assignment.cut.Subject$StringAlgorithms: void enlarge(int,byte[],int)> ::: 12;<comp5111.assignment.cut.Subject$StringAlgorithms: void enlarge(int,byte[],int)> ::: 13;<comp5111.assignment.cut.Subject$StringAlgorithms: void enlarge(int,byte[],int)> ::: 3;<comp5111.assignment.cut.Subject$StringAlgorithms: void enlarge(int,byte[],int)> ::: 4;<comp5111.assignment.cut.Subject$StringAlgorithms: void enlarge(int,byte[],int)> ::: 5;<comp5111.assignment.cut.Subject$StringAlgorithms: void enlarge(int,byte[],int)> ::: 6;<comp5111.assignment.cut.Subject$StringAlgorithms: void enlarge(int,byte[],int)> ::: 7;<comp5111.assignment.cut.Subject$StringAlgorithms: void enlarge(int,byte[],int)> ::: 8;<comp5111.assignment.cut.Subject$StringAlgorithms: void enlarge(int,byte[],int)> ::: 9
comp5111.assignment.cut.Subject_randoop111_RegressionTest0#test223	PASS	<comp5111.assignment.cut.Subject$DateTimeAlgorithms: boolean judgeLeapYear(int)> ::: 1;<comp5111.assignment.cut.Subject$DateTimeAlgorithms: boolean judgeLeapYear(int)> ::: 2;<comp5111.assignment.cut.Subject$DateTimeAlgorithms: boolean judgeLeapYear(int)> ::: 4;<comp5111.assignment.cut.Subject$DateTimeAlgorithms: boolean judgeLeapYear(int)> ::: 5;<comp5111.assignment.cut.Subject$DateTimeAlgorithms: boolean judgeLeapYear(int)> ::: 6
comp5111.assignment.cut.Subject_randoop111_RegressionTest0#test224	PASS	<comp5111.assignment.cut.Subject$DateTimeAlgorithms: int calcDaysInMonth(int,int)> ::: 2;<comp5111.assignment.cut.Subject$DateTimeAlgorithms: int calcDaysInMonth(int,int)> ::: 3;<comp5111.assignment.cut.Subject$DateTimeAlgorithms: int calcDaysInMonth(int,int)> ::: 4;<comp5111.assignment.cut.Subject$DateTimeAlgorithms: java.lang.String lastDayOfMonth(int,int)> ::: 2;<comp5111.assignment.cut.Subject$DateTimeAlgorithms: java.lang.String lastDayOfMonth(int,int)> ::: 3;<comp5111.assignment.cut.Subject$DateTimeAlgorithms: java.lang.String lastDayOfMonth(int,int)> ::: 4
comp5111.assignment.cut.Subject_randoop111_RegressionTest0#test225	PASS	<comp5111.assignment.cut.Subject$DateTimeAlgorithms: boolean checkValidDate(int,int,int)> ::: 10;<comp5111.assignment.cut.Subject$DateTimeAlgorithms: boolean checkValidDate(int,int,int)> ::: 3;<comp5111.assignment.cut.Subject$DateTimeAlgorithms: boolean checkValidDate(int,int,int)> ::: 4;<comp5111.assignment.cut.Subject$DateTimeAlgorithms: boolean checkValidDate(int,int,int)> ::: 6;<comp5111.assignment.cut.Subject$DateTimeAlgorithms: boolean checkValidDate(int,int,int)> ::: 7;<comp5111.assignment.cut.Subject$DateTimeAlgorithms: int calcDaysInMonth(int,int)> ::: 12;<comp5111.assignment.cut.Subject$DateTimeAlgorithms: int calcDaysInMonth(int,int)> ::: 13;<comp5111.assignment.cut.Subject$DateTimeAlgorithms: int calcDaysInMonth(int,int)> ::: 14;<comp5111.assignment.cut.Subject$DateTimeAlgorithms: int calcDaysInMonth(int,int)> ::: 15;<comp5111.assignment.cut.Subject$DateTimeAlgorithms: int calcDaysInMonth(int,int)> ::: 17;<comp5111.assignment.cut.Subject$DateTimeAlgorithms: int calcDaysInMonth(int,int)> ::: 2;<comp5111.assignment.cut.Subject$DateTimeAlgorithms: int calcDaysInMonth(int,int)> ::: 3;<comp5111.assignment.cut.Subject$DateTimeAlgorithms: int calcDaysInMonth(int,int)> ::: 5;<comp5111.assignment.cut.Subject$DateTimeAlgorithms: java.lang.String formatFullDate(int,int,int)> ::: 3;<comp5111.assignment.cut.Subject$DateTimeAlgorithms: java.lang.String formatFullDate(int,int,int)> ::: 4;<comp5111.assignment.cut.Subject$DateTimeAlgorithms: java.lang.String formatFullDate(int,int,int)> ::: 5
comp5111.assignment.cut.Subject_randoop111_RegressionTest0#test226	PASS	<comp5111.assignment.cut.Subject$DateTimeAlgorithms: boolean checkValidDate(int,int,int)> ::: 3;<comp5111.assignment.cut.Subject$DateTimeAlgorithms: boolean checkValidDate(int,int,int)> ::: 5;<comp5111.assignment.cut.Subject$DateTimeAlgorithms: java.util.List listDatesBetween(int,int,int,int,int,int)> ::: 10;<comp5111.assignment.cut.Subject$DateTimeAlgorithms: java.util.List listDatesBetween(int,int,int,int,int,int)> ::: 13;<comp5111.assignment.cut.Subject$DateTimeAlgorithms: java.util.List listDatesBetween(int,int,int,int,int,int)> ::: 6;<comp5111.assignment.cut.Subject$DateTimeAlgorithms: java.util.List listDatesBetween(int,int,int,int,int,int)> ::: 7;<comp5111.assignment.cut.Subject$DateTimeAlgorithms: java.util.List listDatesBetween(int,int,int,int,int,int)> ::: 8;<comp5111.assignment.cut.Subject$DateTimeAlgorithms: java.util.List listDatesBetween(int,int,int,int,int,int)> ::: 9
comp5111.assignment.cut.Subject_randoop111_RegressionTest0#test227	PASS	<comp5111.assignment.cut.Subject$DateTimeAlgorithms: boolean checkValidDate(int,int,int)> ::: 10;<comp5111.assignment.cut.Subject$DateTimeAlgorithms: boolean checkValidDate(int,int,int)> ::: 3;<comp5111.assignment.cut.Subject$DateTimeAlgorithms: boolean checkValidDate(int,int,int)> ::: 4;<comp5111.assignment.cut.Subject$DateTimeAlgorithms: boolean checkValidDate(int,int,int)> ::: 6;<comp5111.assignment.cut.Subject$DateTimeAlgorithms: boolean checkValidDate(int,int,int)> ::: 7;<comp5111.assignment.cut.Subject$DateTimeAlgorithms: boolean checkValidDate(int,int,int)> ::: 8;<comp5111.assignment.cut.Subject$DateTimeAlgorithms: int calcDaysInMonth(int,int)> ::: 12;<comp5111.assignment.cut.Subject$DateTimeAlgorithms: int calcDaysInMonth(int,int)> ::: 16;<comp5111.assignment.cut.Subject$DateTimeAlgorithms: int calcDaysInMonth(int,int)> ::: 2;<comp5111.assignment.cut.Subject$DateTimeAlgorithms: int calcDaysInMonth(int,int)> ::: 3;<comp5111.assignment.cut.Subject$DateTimeAlgorithms: int calcDaysInMonth(int,int)> ::: 5;<comp5111.assignment.cut.Subject$DateTimeAlgorithms: java.util.List listDatesBetween(int,int,int,int,int,int)> ::: 10;<comp5111.assignment.cut.Subject$DateTimeAlgorithms: java.util.List listDatesBetween(int,int,int,int,int,int)> ::: 13;<comp5111.assignment.cut.Subject$DateTimeAlgorithms: java.util.List listDatesBetween(int,int,int,int,int,int)> ::: 6;<comp5111.assignment.cut.Subject$DateTimeAlgorithms: java.util.List listDatesBetween(int,int,int,int,int,int)> ::: 7;<comp5111.assignment.cut.Subject$DateTimeAlgorithms: java.util.List listDatesBetween(int,int,int,int,int,int)> ::: 8;<comp5111.assignment.cut.Subject$DateTimeAlgorithms: java.util.List listDatesBetween(int,int,int,int,int,int)> ::: 9
comp5111.assignment.cut.Subject_randoop111_RegressionTest0#test228	PASS	<comp5111.assignment.cut.Subject$GamePlace: boolean equals(java.lang.Object)> ::: 2;<comp5111.assignment.cut.Subject$GamePlace: boolean equals(java.lang.Object)> ::: 4;<comp5111.assignment.cut.Subject$GamePlace: boolean equals(java.lang.Object)> ::: 5;<comp5111.assignment.cut.Subject$GamePlace: boolean equals(java.lang.Object)> ::: 6;<comp5111.assignment.cut.Subject$GamePlace: boolean equals(java.lang.Object)> ::: 7;<comp5111.assignment.cut.Subject$GamePlace: boolean equals(java.lang.Object)> ::: 8;<comp5111.assignment.cut.Subject$GamePlace: boolean isAdjacent(comp5111.assignment.cut.Subject$GamePlace)> ::: 2;<comp5111.assignment.cut.Subject$GamePlace: boolean isAdjacent(comp5111.assignment.cut.Subject$GamePlace)> ::: 3;<comp5111.assignment.cut.Subject$GamePlace: comp5111.assignment.cut.Subject$GamePlace clone()> ::: 1;<comp5111.assignment.cut.Subject$GamePlace: comp5111.assignment.cut.Subject$GamePlace clone()> ::: 2;<comp5111.assignment.cut.Subject$GamePlace: comp5111.assignment.cut.Subject$GamePlace clone()> ::: 3;<comp5111.assignment.cut.Subject$GamePlace: comp5111.assignment.cut.Subject$GamePlace clone()> ::: 4;<comp5111.assignment.cut.Subject$GamePlace: comp5111.assignment.cut.Subject$GamePlace clone()> ::: 5;<comp5111.assignment.cut.Subject$GamePlace: comp5111.assignment.cut.Subject$GamePlace clone()> ::: 6;<comp5111.assignment.cut.Subject$GamePlace: comp5111.assignment.cut.Subject$GamePlace clone()> ::: 7;<comp5111.assignment.cut.Subject$GamePlace: comp5111.assignment.cut.Subject$GamePlace clone()> ::: 8;<comp5111.assignment.cut.Subject$GamePlace: comp5111.assignment.cut.Subject$GamePlace clone()> ::: 9;<comp5111.assignment.cut.Subject$GamePlace: java.lang.String toString()> ::: 1;<comp5111.assignment.cut.Subject$GamePlace: java.lang.String toString()> ::: 2;<comp5111.assignment.cut.Subject$GamePlace: java.lang.String toString()> ::: 3;<comp5111.assignment.cut.Subject$GamePlace: java.lang.String toString()> ::: 4;<comp5111.assignment.cut.Subject$GamePlace: void <init>(comp5111.assignment.cut.Subject,int,int)> ::: 4;<comp5111.assignment.cut.Subject$GamePlace: void <init>(comp5111.assignment.cut.Subject,int,int)> ::: 5;<comp5111.assignment.cut.Subject$GamePlace: void <init>(comp5111.assignment.cut.Subject,int,int)> ::: 6;<comp5111.assignment.cut.Subject$GamePlace: void <init>(comp5111.assignment.cut.Subject,int,int)> ::: 7;<comp5111.assignment.cut.Subject$GamePlace: void <init>(comp5111.assignment.cut.Subject,int,int)> ::: 8;<comp5111.assignment.cut.Subject: void <init>()> ::: 1;<comp5111.assignment.cut.Subject: void <init>()> ::: 2
comp5111.assignment.cut.Subject_randoop111_RegressionTest0#test229	PASS	<comp5111.assignment.cut.Subject$DateTimeAlgorithms: boolean checkValidDate(int,int,int)> ::: 3;<comp5111.assignment.cut.Subject$DateTimeAlgorithms: boolean checkValidDate(int,int,int)> ::: 5;<comp5111.assignment.cut.Subject$DateTimeAlgorithms: int daysBetweenDates(int,int,int,int,int,int)> ::: 12;<comp5111.assignment.cut.Subject$DateTimeAlgorithms: int daysBetweenDates(int,int,int,int,int,int)> ::: 13;<comp5111.assignment.cut.Subject$DateTimeAlgorithms: int daysBetweenDates(int,int,int,int,int,int)> ::: 14;<comp5111.assignment.cut.Subject$DateTimeAlgorithms: int daysBetweenDates(int,int,int,int,int,int)> ::: 6;<comp5111.assignment.cut.Subject$DateTimeAlgorithms: int daysBetweenDates(int,int,int,int,int,int)> ::: 7;<comp5111.assignment.cut.Subject$DateTimeAlgorithms: int daysBetweenDates(int,int,int,int,int,int)> ::: 8;<comp5111.assignment.cut.Subject$DateTimeAlgorithms: int daysBetweenDates(int,int,int,int,int,int)> ::: 9
comp5111.assignment.cut.Subject_randoop111_RegressionTest0#test230	PASS	<comp5111.assignment.cut.Subject$DateTimeAlgorithms: int getQuarter(int)> ::: 1;<comp5111.assignment.cut.Subject$DateTimeAlgorithms: int getQuarter(int)> ::: 2;<comp5111.assignment.cut.Subject$DateTimeAlgorithms: int getQuarter(int)> ::: 4;<comp5111.assignment.cut.Subject$DateTimeAlgorithms: int getQuarter(int)> ::: 6;<comp5111.assignment.cut.Subject$DateTimeAlgorithms: int getQuarter(int)> ::: 7
comp5111.assignment.cut.Subject_randoop111_RegressionTest0#test231	PASS	<comp5111.assignment.cut.Subject$GamePlace: boolean isAdjacent(comp5111.assignment.cut.Subject$GamePlace)> ::: 2;<comp5111.assignment.cut.Subject$GamePlace: boolean isAdjacent(comp5111.assignment.cut.Subject$GamePlace)> ::: 3;<comp5111.assignment.cut.Subject$GamePlace: comp5111.assignment.cut.Subject$GamePlace clone()> ::: 1;<comp5111.assignment.cut.Subject$GamePlace: comp5111.assignment.cut.Subject$GamePlace clone()> ::: 2;<comp5111.assignment.cut.Subject$GamePlace: comp5111.assignment.cut.Subject$GamePlace clone()> ::: 3;<comp5111.assignment.cut.Subject$GamePlace: comp5111.assignment.cut.Subject$GamePlace clone()> ::: 4;<comp5111.assignment.cut.Subject$GamePlace: comp5111.assignment.cut.Subject$GamePlace clone()> ::: 5;<comp5111.assignment.cut.Subject$GamePlace: comp5111.assignment.cut.Subject$GamePlace clone()> ::: 6;<comp5111.assignment.cut.Subject$GamePlace: comp5111.assignment.cut.Subject$GamePlace clone()> ::: 7;<comp5111.assignment.cut.Subject$GamePlace: comp5111.assignment.cut.Subject$GamePlace clone()> ::: 8;<comp5111.assignment.cut.Subject$GamePlace: comp5111.assignment.cut.Subject$GamePlace clone()> ::: 9;<comp5111.assignment.cut.Subject$GamePlace: java.lang.String toString()> ::: 1;<comp5111.assignment.cut.Subject$GamePlace: java.lang.String toString()> ::: 2;<comp5111.assignment.cut.Subject$GamePlace: java.lang.String toString()> ::: 3;<comp5111.assignment.cut.Subject$GamePlace: java.lang.String toString()> ::: 4;<comp5111.assignment.cut.Subject$GamePlace: void <init>(comp5111.assignment.cut.Subject,int,int)> ::: 4;<comp5111.assignment.cut.Subject$GamePlace: void <init>(comp5111.assignment.cut.Subject,int,int)> ::: 5;<comp5111.assignment.cut.Subject$GamePlace: void <init>(comp5111.assignment.cut.Subject,int,int)> ::: 6;<comp5111.assignment.cut.Subject$GamePlace: void <init>(comp5111.assignment.cut.Subject,int,int)> ::: 7;<comp5111.assignment.cut.Subject$GamePlace: void <init>(comp5111.assignment.cut.Subject,int,int)> ::: 8;<comp5111.assignment.cut.Subject$GamePlace: void y(int)> ::: 2;<comp5111.assignment.cut.Subject$GamePlace: void y(int)> ::: 3;<comp5111.assignment.cut.Subject: void <init>()> ::: 1;<comp5111.assignment.cut.Subject: void <init>()> ::: 2
comp5111.assignment.cut.Subject_randoop111_RegressionTest0#test232	PASS	<comp5111.assignment.cut.Subject$StringAlgorithms: java.lang.String[] trimArrayElements(java.lang.String[])> ::: 1;<comp5111.assignment.cut.Subject$StringAlgorithms: java.lang.String[] trimArrayElements(java.lang.String[])> ::: 2;<comp5111.assignment.cut.Subject$StringAlgorithms: java.lang.String[] trimArrayElements(java.lang.String[])> ::: 3;<comp5111.assignment.cut.Subject$StringAlgorithms: java.lang.String[] trimArrayElements(java.lang.String[])> ::: 4;<comp5111.assignment.cut.Subject$StringAlgorithms: java.lang.String[] trimArrayElements(java.lang.String[])> ::: 5
comp5111.assignment.cut.Subject_randoop111_RegressionTest0#test233	PASS	<comp5111.assignment.cut.Subject$DateTimeAlgorithms: boolean checkValidDate(int,int,int)> ::: 3;<comp5111.assignment.cut.Subject$DateTimeAlgorithms: boolean checkValidDate(int,int,int)> ::: 5;<comp5111.assignment.cut.Subject$DateTimeAlgorithms: java.lang.String formatFullDate(int,int,int)> ::: 3;<comp5111.assignment.cut.Subject$DateTimeAlgorithms: java.lang.String formatFullDate(int,int,int)> ::: 4;<comp5111.assignment.cut.Subject$DateTimeAlgorithms: java.lang.String formatFullDate(int,int,int)> ::: 5
comp5111.assignment.cut.Subject_randoop111_RegressionTest0#test234	PASS	<comp5111.assignment.cut.Subject$StringAlgorithms: java.lang.Number parseNumber(java.lang.String)> ::: 1;<comp5111.assignment.cut.Subject$StringAlgorithms: java.lang.Number parseNumber(java.lang.String)> ::: 10;<comp5111.assignment.cut.Subject$StringAlgorithms: java.lang.Number parseNumber(java.lang.String)> ::: 102;<comp5111.assignment.cut.Subject$StringAlgorithms: java.lang.Number parseNumber(java.lang.String)> ::: 103;<comp5111.assignment.cut.Subject$StringAlgorithms: java.lang.Number parseNumber(java.lang.String)> ::: 104;<comp5111.assignment.cut.Subject$StringAlgorithms: java.lang.Number parseNumber(java.lang.String)> ::: 11;<comp5111.assignment.cut.Subject$StringAlgorithms: java.lang.Number parseNumber(java.lang.String)> ::: 13;<comp5111.assignment.cut.Subject$StringAlgorithms: java.lang.Number parseNumber(java.lang.String)> ::: 14;<comp5111.assignment.cut.Subject$StringAlgorithms: java.lang.Number parseNumber(java.lang.String)> ::: 15;<comp5111.assignment.cut.Subject$StringAlgorithms: java.lang.Number parseNumber(java.lang.String)> ::: 16;<comp5111.assignment.cut.Subject$StringAlgorithms: java.lang.Number parseNumber(java.lang.String)> ::: 19;<comp5111.assignment.cut.Subject$StringAlgorithms: java.lang.Number parseNumber(java.lang.String)> ::: 2;<comp5111.assignment.cut.Subject$StringAlgorithms: java.lang.Number parseNumber(java.lang.String)> ::: 20;<comp5111.assignment.cut.Subject$StringAlgorithms: java.lang.Number parseNumber(java.lang.String)> ::: 21;<comp5111.assignment.cut.Subject$StringAlgorithms: java.lang.Number parseNumber(java.lang.String)> ::: 22;<comp5111.assignment.cut.Subject$StringAlgorithms: java.lang.Number parseNumber(java.lang.String)> ::: 23;<comp5111.assignment.cut.Subject$StringAlgorithms: java.lang.Number parseNumber(java.lang.String)> ::: 24;<comp5111.assignment.cut.Subject$StringAlgorithms: java.lang.Number parseNumber(java.lang.String)> ::: 25;<comp5111.assignment.cut.Subject$StringAlgorithms: java.lang.Number parseNumber(java.lang.String)> ::: 26;<comp5111.assignment.cut.Subject$StringAlgorithms: java.lang.Number parseNumber(java.lang.String)> ::: 27;<comp5111.assignment.cut.Subject$StringAlgorithms: java.lang.Number parseNumber(java.lang.String)> ::: 3;<comp5111.assignment.cut.Subject$StringAlgorithms: java.lang.Number parseNumber(java.lang.String)> ::: 39;<comp5111.assignment.cut.Subject$StringAlgorithms: java.lang.Number parseNumber(java.lang.String)> ::: 4;<comp5111.assignment.cut.Subject$StringAlgorithms: java.lang.Number parseNumber(java.lang.String)> ::: 40;<comp5111.assignment.cut.Subject$StringAlgorithms: java.lang.Number parseNumber(java.lang.String)> ::: 41;<comp5111.assignment.cut.Subject$StringAlgorithms: java.lang.Number parseNumber(java.lang.String)> ::: 42;<comp5111.assignment.cut.Subject$StringAlgorithms: java.lang.Number parseNumber(java.lang.String)> ::: 5;<comp5111.assignment.cut.Subject$StringAlgorithms: java.lang.Number parseNumber(java.lang.String)> ::: 51;<comp5111.assignment.cut.Subject$StringAlgorithms: java.lang.Number parseNumber(java.lang.String)> ::: 52;<comp5111.assignment.cut.Subject$StringAlgorithms: java.lang.Number parseNumber(java.lang.String)> ::: 53;<comp5111.assignment.cut.Subject$StringAlgorithms: java.lang.Number parseNumber(java.lang.String)> ::: 54;<comp5111.assignment.cut.Subject$StringAlgorithms: java.lang.Number parseNumber(java.lang.String)> ::: 55;<comp5111.assignment.cut.Subject$StringAlgorithms: java.lang.Number parseNumber(java.lang.String)> ::: 56;<comp5111.assignment.cut.Subject$StringAlgorithms: java.lang.Number parseNumber(java.lang.String)> ::: 86;<comp5111.assignment.cut.Subject$StringAlgorithms: java.lang.Number parseNumber(java.lang.String)> ::: 87;<comp5111.assignment.cut.Subject$StringAlgorithms: java.lang.Number parseNumber(java.lang.String)> ::: 90;<comp5111.assignment.cut.Subject$StringAlgorithms: java.lang.Number parseNumber(java.lang.String)> ::: 91
comp5111.assignment.cut.Subject_randoop111_RegressionTest0#test235	PASS	<comp5111.assignment.cut.Subject$DateTimeAlgorithms: boolean checkValidDate(int,int,int)> ::: 3;<comp5111.assignment.cut.Subject$DateTimeAlgorithms: boolean checkValidDate(int,int,int)> ::: 4;<comp5111.assignment.cut.Subject$DateTimeAlgorithms: boolean checkValidDate(int,int,int)> ::: 6;<comp5111.assignment.cut.Subject$DateTimeAlgorithms: boolean checkValidDate(int,int,int)> ::: 7;<comp5111.assignment.cut.Subject$DateTimeAlgorithms: boolean checkValidDate(int,int,int)> ::: 8;<comp5111.assignment.cut.Subject$DateTimeAlgorithms: boolean checkValidDate(int,int,int)> ::: 9;<comp5111.assignment.cut.Subject$DateTimeAlgorithms: int calcDaysInMonth(int,int)> ::: 12;<comp5111.assignment.cut.Subject$DateTimeAlgorithms: int calcDaysInMonth(int,int)> ::: 16;<comp5111.assignment.cut.Subject$DateTimeAlgorithms: int calcDaysInMonth(int,int)> ::: 2;<comp5111.assignment.cut.Subject$DateTimeAlgorithms: int calcDaysInMonth(int,int)> ::: 3;<comp5111.assignment.cut.Subject$DateTimeAlgorithms: int calcDaysInMonth(int,int)> ::: 5;<comp5111.assignment.cut.Subject$DateTimeAlgorithms: java.lang.String dayStr(int)> ::: 1;<comp5111.assignment.cut.Subject$DateTimeAlgorithms: java.lang.String dayStr(int)> ::: 10;<comp5111.assignment.cut.Subject$DateTimeAlgorithms: java.lang.String dayStr(int)> ::: 11;<comp5111.assignment.cut.Subject$DateTimeAlgorithms: java.lang.String dayStr(int)> ::: 14;<comp5111.assignment.cut.Subject$DateTimeAlgorithms: java.lang.String dayStr(int)> ::: 15;<comp5111.assignment.cut.Subject$DateTimeAlgorithms: java.lang.String dayStr(int)> ::: 18;<comp5111.assignment.cut.Subject$DateTimeAlgorithms: java.lang.String dayStr(int)> ::: 19;<comp5111.assignment.cut.Subject$DateTimeAlgorithms: java.lang.String dayStr(int)> ::: 2;<comp5111.assignment.cut.Subject$DateTimeAlgorithms: java.lang.String dayStr(int)> ::: 20;<comp5111.assignment.cut.Subject$DateTimeAlgorithms: java.lang.String dayStr(int)> ::: 22;<comp5111.assignment.cut.Subject$DateTimeAlgorithms: java.lang.String dayStr(int)> ::: 6;<comp5111.assignment.cut.Subject$DateTimeAlgorithms: java.lang.String dayStr(int)> ::: 7;<comp5111.assignment.cut.Subject$DateTimeAlgorithms: java.lang.String formatFullDate(int,int,int)> ::: 3;<comp5111.assignment.cut.Subject$DateTimeAlgorithms: java.lang.String formatFullDate(int,int,int)> ::: 4;<comp5111.assignment.cut.Subject$DateTimeAlgorithms: java.lang.String formatFullDate(int,int,int)> ::: 6;<comp5111.assignment.cut.Subject$DateTimeAlgorithms: java.lang.String formatFullDate(int,int,int)> ::: 7;<comp5111.assignment.cut.Subject$DateTimeAlgorithms: java.lang.String formatFullDate(int,int,int)> ::: 8;<comp5111.assignment.cut.Subject$DateTimeAlgorithms: java.lang.String formatFullDate(int,int,int)> ::: 9;<comp5111.assignment.cut.Subject$DateTimeAlgorithms: java.lang.String month2MonAbbr(int)> ::: 1;<comp5111.assignment.cut.Subject$DateTimeAlgorithms: java.lang.String month2MonAbbr(int)> ::: 5
comp5111.assignment.cut.Subject_randoop111_RegressionTest0#test236	PASS	<comp5111.assignment.cut.Subject$StringAlgorithms: java.lang.String padRight(java.lang.String,short,char)> ::: 10;<comp5111.assignment.cut.Subject$StringAlgorithms: java.lang.String padRight(java.lang.String,short,char)> ::: 11;<comp5111.assignment.cut.Subject$StringAlgorithms: java.lang.String padRight(java.lang.String,short,char)> ::: 12;<comp5111.assignment.cut.Subject$StringAlgorithms: java.lang.String padRight(java.lang.String,short,char)> ::: 13;<comp5111.assignment.cut.Subject$StringAlgorithms: java.lang.String padRight(java.lang.String,short,char)> ::: 14;<comp5111.assignment.cut.Subject$StringAlgorithms: java.lang.String padRight(java.lang.String,short,char)> ::: 15;<comp5111.assignment.cut.Subject$StringAlgorithms: java.lang.String padRight(java.lang.String,short,char)> ::: 16;<comp5111.assignment.cut.Subject$StringAlgorithms: java.lang.String padRight(java.lang.String,short,char)> ::: 17;<comp5111.assignment.cut.Subject$StringAlgorithms: java.lang.String padRight(java.lang.String,short,char)> ::: 18;<comp5111.assignment.cut.Subject$StringAlgorithms: java.lang.String padRight(java.lang.String,short,char)> ::: 3;<comp5111.assignment.cut.Subject$StringAlgorithms: java.lang.String padRight(java.lang.String,short,char)> ::: 5;<comp5111.assignment.cut.Subject$StringAlgorithms: java.lang.String padRight(java.lang.String,short,char)> ::: 6;<comp5111.assignment.cut.Subject$StringAlgorithms: java.lang.String padRight(java.lang.String,short,char)> ::: 7;<comp5111.assignment.cut.Subject$StringAlgorithms: java.lang.String padRight(java.lang.String,short,char)> ::: 9
comp5111.assignment.cut.Subject_randoop111_RegressionTest0#test237	PASS	<comp5111.assignment.cut.Subject$DateTimeAlgorithms: int calcDaysInMonth(int,int)> ::: 2;<comp5111.assignment.cut.Subject$DateTimeAlgorithms: int calcDaysInMonth(int,int)> ::: 3;<comp5111.assignment.cut.Subject$DateTimeAlgorithms: int calcDaysInMonth(int,int)> ::: 4;<comp5111.assignment.cut.Subject$DateTimeAlgorithms: java.lang.String lastDayOfMonth(int,int)> ::: 2;<comp5111.assignment.cut.Subject$DateTimeAlgorithms: java.lang.String lastDayOfMonth(int,int)> ::: 3;<comp5111.assignment.cut.Subject$DateTimeAlgorithms: java.lang.String lastDayOfMonth(int,int)> ::: 4
comp5111.assignment.cut.Subject_randoop111_RegressionTest0#test238	PASS	<comp5111.assignment.cut.Subject$DateTimeAlgorithms: int monthsBetween(int,int,int,int)> ::: 4;<comp5111.assignment.cut.Subject$DateTimeAlgorithms: int monthsBetween(int,int,int,int)> ::: 5;<comp5111.assignment.cut.Subject$DateTimeAlgorithms: int monthsBetween(int,int,int,int)> ::: 8
comp5111.assignment.cut.Subject_randoop111_RegressionTest0#test239	PASS	<comp5111.assignment.cut.Subject$DateTimeAlgorithms: boolean checkValidDate(int,int,int)> ::: 3;<comp5111.assignment.cut.Subject$DateTimeAlgorithms: boolean checkValidDate(int,int,int)> ::: 5;<comp5111.assignment.cut.Subject$DateTimeAlgorithms: int daysBetweenDates(int,int,int,int,int,int)> ::: 12;<comp5111.assignment.cut.Subject$DateTimeAlgorithms: int daysBetweenDates(int,int,int,int,int,int)> ::: 13;<comp5111.assignment.cut.Subject$DateTimeAlgorithms: int daysBetweenDates(int,int,int,int,int,int)> ::: 14;<comp5111.assignment.cut.Subject$DateTimeAlgorithms: int daysBetweenDates(int,int,int,int,int,int)> ::: 6;<comp5111.assignment.cut.Subject$DateTimeAlgorithms: int daysBetweenDates(int,int,int,int,int,int)> ::: 7;<comp5111.assignment.cut.Subject$DateTimeAlgorithms: int daysBetweenDates(int,int,int,int,int,int)> ::: 8;<comp5111.assignment.cut.Subject$DateTimeAlgorithms: int daysBetweenDates(int,int,int,int,int,int)> ::: 9
comp5111.assignment.cut.Subject_randoop111_RegressionTest0#test240	PASS	<comp5111.assignment.cut.Subject$StringAlgorithms: java.lang.Boolean strToBoolean(java.lang.String)> ::: 1;<comp5111.assignment.cut.Subject$StringAlgorithms: java.lang.Boolean strToBoolean(java.lang.String)> ::: 18;<comp5111.assignment.cut.Subject$StringAlgorithms: java.lang.Boolean strToBoolean(java.lang.String)> ::: 19;<comp5111.assignment.cut.Subject$StringAlgorithms: java.lang.Boolean strToBoolean(java.lang.String)> ::: 3;<comp5111.assignment.cut.Subject$StringAlgorithms: java.lang.Boolean strToBoolean(java.lang.String)> ::: 34;<comp5111.assignment.cut.Subject$StringAlgorithms: java.lang.Boolean strToBoolean(java.lang.String)> ::: 35;<comp5111.assignment.cut.Subject$StringAlgorithms: java.lang.Boolean strToBoolean(java.lang.String)> ::: 4;<comp5111.assignment.cut.Subject$StringAlgorithms: java.lang.Boolean strToBoolean(java.lang.String)> ::: 55;<comp5111.assignment.cut.Subject$StringAlgorithms: java.lang.Boolean strToBoolean(java.lang.String)> ::: 56;<comp5111.assignment.cut.Subject$StringAlgorithms: java.lang.Boolean strToBoolean(java.lang.String)> ::: 71;<comp5111.assignment.cut.Subject$StringAlgorithms: java.lang.Boolean strToBoolean(java.lang.String)> ::: 72;<comp5111.assignment.cut.Subject$StringAlgorithms: java.lang.Boolean strToBoolean(java.lang.String)> ::: 90
comp5111.assignment.cut.Subject_randoop111_RegressionTest0#test241	PASS	<comp5111.assignment.cut.Subject$DateTimeAlgorithms: java.lang.String roundSecondToString(long)> ::: 1;<comp5111.assignment.cut.Subject$DateTimeAlgorithms: java.lang.String roundSecondToString(long)> ::: 11;<comp5111.assignment.cut.Subject$DateTimeAlgorithms: java.lang.String roundSecondToString(long)> ::: 12;<comp5111.assignment.cut.Subject$DateTimeAlgorithms: java.lang.String roundSecondToString(long)> ::: 2;<comp5111.assignment.cut.Subject$DateTimeAlgorithms: java.lang.String roundSecondToString(long)> ::: 20;<comp5111.assignment.cut.Subject$DateTimeAlgorithms: java.lang.String roundSecondToString(long)> ::: 21;<comp5111.assignment.cut.Subject$DateTimeAlgorithms: java.lang.String roundSecondToString(long)> ::: 28;<comp5111.assignment.cut.Subject$DateTimeAlgorithms: java.lang.String roundSecondToString(long)> ::: 29;<comp5111.assignment.cut.Subject$DateTimeAlgorithms: java.lang.String roundSecondToString(long)> ::: 3;<comp5111.assignment.cut.Subject$DateTimeAlgorithms: java.lang.String roundSecondToString(long)> ::: 35;<comp5111.assignment.cut.Subject$DateTimeAlgorithms: java.lang.String roundSecondToString(long)> ::: 36;<comp5111.assignment.cut.Subject$DateTimeAlgorithms: java.lang.String roundSecondToString(long)> ::: 41;<comp5111.assignment.cut.Subject$DateTimeAlgorithms: java.lang.String roundSecondToString(long)> ::: 42;<comp5111.assignment.cut.Subject$DateTimeAlgorithms: java.lang.String roundSecondToString(long)> ::: 43;<comp5111.assignment.cut.Subject$DateTimeAlgorithms: java.lang.String roundSecondToString(long)> ::: 44;<comp5111.assignment.cut.Subject$DateTimeAlgorithms: java.lang.String roundSecondToString(long)> ::: 45
comp5111.assignment.cut.Subject_randoop111_RegressionTest0#test242	PASS	<comp5111.assignment.cut.Subject$DateTimeAlgorithms: int calcDaysInMonth(int,int)> ::: 2;<comp5111.assignment.cut.Subject$DateTimeAlgorithms: int calcDaysInMonth(int,int)> ::: 3;<comp5111.assignment.cut.Subject$DateTimeAlgorithms: int calcDaysInMonth(int,int)> ::: 4
comp5111.assignment.cut.Subject_randoop111_RegressionTest0#test243	PASS	<comp5111.assignment.cut.Subject$GamePlace: boolean isAdjacent(comp5111.assignment.cut.Subject$GamePlace)> ::: 2;<comp5111.assignment.cut.Subject$GamePlace: boolean isAdjacent(comp5111.assignment.cut.Subject$GamePlace)> ::: 3;<comp5111.assignment.cut.Subject$GamePlace: comp5111.assignment.cut.Subject$GamePlace clone()> ::: 1;<comp5111.assignment.cut.Subject$GamePlace: comp5111.assignment.cut.Subject$GamePlace clone()> ::: 2;<comp5111.assignment.cut.Subject$GamePlace: comp5111.assignment.cut.Subject$GamePlace clone()> ::: 3;<comp5111.assignment.cut.Subject$GamePlace: comp5111.assignment.cut.Subject$GamePlace clone()> ::: 4;<comp5111.assignment.cut.Subject$GamePlace: comp5111.assignment.cut.Subject$GamePlace clone()> ::: 5;<comp5111.assignment.cut.Subject$GamePlace: comp5111.assignment.cut.Subject$GamePlace clone()> ::: 6;<comp5111.assignment.cut.Subject$GamePlace: comp5111.assignment.cut.Subject$GamePlace clone()> ::: 7;<comp5111.assignment.cut.Subject$GamePlace: comp5111.assignment.cut.Subject$GamePlace clone()> ::: 8;<comp5111.assignment.cut.Subject$GamePlace: comp5111.assignment.cut.Subject$GamePlace clone()> ::: 9;<comp5111.assignment.cut.Subject$GamePlace: java.lang.String toString()> ::: 1;<comp5111.assignment.cut.Subject$GamePlace: java.lang.String toString()> ::: 2;<comp5111.assignment.cut.Subject$GamePlace: java.lang.String toString()> ::: 3;<comp5111.assignment.cut.Subject$GamePlace: java.lang.String toString()> ::: 4;<comp5111.assignment.cut.Subject$GamePlace: void <init>(comp5111.assignment.cut.Subject,int,int)> ::: 4;<comp5111.assignment.cut.Subject$GamePlace: void <init>(comp5111.assignment.cut.Subject,int,int)> ::: 5;<comp5111.assignment.cut.Subject$GamePlace: void <init>(comp5111.assignment.cut.Subject,int,int)> ::: 6;<comp5111.assignment.cut.Subject$GamePlace: void <init>(comp5111.assignment.cut.Subject,int,int)> ::: 7;<comp5111.assignment.cut.Subject$GamePlace: void <init>(comp5111.assignment.cut.Subject,int,int)> ::: 8;<comp5111.assignment.cut.Subject: void <init>()> ::: 1;<comp5111.assignment.cut.Subject: void <init>()> ::: 2
comp5111.assignment.cut.Subject_randoop111_RegressionTest0#test244	PASS	<comp5111.assignment.cut.Subject$GamePlayer: java.lang.String getName()> ::: 1;<comp5111.assignment.cut.Subject$GamePlayer: java.lang.String getName()> ::: 2;<comp5111.assignment.cut.Subject$GamePlayer: void <init>(comp5111.assignment.cut.Subject,java.lang.String)> ::: 3;<comp5111.assignment.cut.Subject$GamePlayer: void <init>(comp5111.assignment.cut.Subject,java.lang.String)> ::: 4;<comp5111.assignment.cut.Subject$GamePlayer: void <init>(comp5111.assignment.cut.Subject,java.lang.String)> ::: 5;<comp5111.assignment.cut.Subject$GamePlayer: void <init>(comp5111.assignment.cut.Subject,java.lang.String)> ::: 6;<comp5111.assignment.cut.Subject: void <init>()> ::: 1;<comp5111.assignment.cut.Subject: void <init>()> ::: 2
comp5111.assignment.cut.Subject_randoop111_RegressionTest0#test245	PASS	<comp5111.assignment.cut.Subject$GamePlayer: comp5111.assignment.cut.Subject$GamePlayer clone()> ::: 1;<comp5111.assignment.cut.Subject$GamePlayer: comp5111.assignment.cut.Subject$GamePlayer clone()> ::: 2;<comp5111.assignment.cut.Subject$GamePlayer: comp5111.assignment.cut.Subject$GamePlayer clone()> ::: 3;<comp5111.assignment.cut.Subject$GamePlayer: comp5111.assignment.cut.Subject$GamePlayer clone()> ::: 4;<comp5111.assignment.cut.Subject$GamePlayer: comp5111.assignment.cut.Subject$GamePlayer clone()> ::: 5;<comp5111.assignment.cut.Subject$GamePlayer: comp5111.assignment.cut.Subject$GamePlayer clone()> ::: 6;<comp5111.assignment.cut.Subject$GamePlayer: comp5111.assignment.cut.Subject$GamePlayer clone()> ::: 7;<comp5111.assignment.cut.Subject$GamePlayer: comp5111.assignment.cut.Subject$GamePlayer clone()> ::: 8;<comp5111.assignment.cut.Subject$GamePlayer: void <init>(comp5111.assignment.cut.Subject,java.lang.String)> ::: 3;<comp5111.assignment.cut.Subject$GamePlayer: void <init>(comp5111.assignment.cut.Subject,java.lang.String)> ::: 4;<comp5111.assignment.cut.Subject$GamePlayer: void <init>(comp5111.assignment.cut.Subject,java.lang.String)> ::: 5;<comp5111.assignment.cut.Subject$GamePlayer: void <init>(comp5111.assignment.cut.Subject,java.lang.String)> ::: 6;<comp5111.assignment.cut.Subject: void <init>()> ::: 1;<comp5111.assignment.cut.Subject: void <init>()> ::: 2
comp5111.assignment.cut.Subject_randoop111_RegressionTest0#test246	PASS	<comp5111.assignment.cut.Subject$StringAlgorithms: java.lang.Boolean strToBoolean(java.lang.String,java.lang.String,java.lang.String,java.lang.String)> ::: 13;<comp5111.assignment.cut.Subject$StringAlgorithms: java.lang.Boolean strToBoolean(java.lang.String,java.lang.String,java.lang.String,java.lang.String)> ::: 14;<comp5111.assignment.cut.Subject$StringAlgorithms: java.lang.Boolean strToBoolean(java.lang.String,java.lang.String,java.lang.String,java.lang.String)> ::: 17;<comp5111.assignment.cut.Subject$StringAlgorithms: java.lang.Boolean strToBoolean(java.lang.String,java.lang.String,java.lang.String,java.lang.String)> ::: 18;<comp5111.assignment.cut.Subject$StringAlgorithms: java.lang.Boolean strToBoolean(java.lang.String,java.lang.String,java.lang.String,java.lang.String)> ::: 21;<comp5111.assignment.cut.Subject$StringAlgorithms: java.lang.Boolean strToBoolean(java.lang.String,java.lang.String,java.lang.String,java.lang.String)> ::: 22;<comp5111.assignment.cut.Subject$StringAlgorithms: java.lang.Boolean strToBoolean(java.lang.String,java.lang.String,java.lang.String,java.lang.String)> ::: 24;<comp5111.assignment.cut.Subject$StringAlgorithms: java.lang.Boolean strToBoolean(java.lang.String,java.lang.String,java.lang.String,java.lang.String)> ::: 25;<comp5111.assignment.cut.Subject$StringAlgorithms: java.lang.Boolean strToBoolean(java.lang.String,java.lang.String,java.lang.String,java.lang.String)> ::: 26;<comp5111.assignment.cut.Subject$StringAlgorithms: java.lang.Boolean strToBoolean(java.lang.String,java.lang.String,java.lang.String,java.lang.String)> ::: 4
comp5111.assignment.cut.Subject_randoop111_RegressionTest0#test247	PASS	<comp5111.assignment.cut.Subject$StringAlgorithms: java.lang.String padLeft(java.lang.String,short,char)> ::: 3;<comp5111.assignment.cut.Subject$StringAlgorithms: java.lang.String padLeft(java.lang.String,short,char)> ::: 5;<comp5111.assignment.cut.Subject$StringAlgorithms: java.lang.String padLeft(java.lang.String,short,char)> ::: 6;<comp5111.assignment.cut.Subject$StringAlgorithms: java.lang.String padLeft(java.lang.String,short,char)> ::: 7;<comp5111.assignment.cut.Subject$StringAlgorithms: java.lang.String padLeft(java.lang.String,short,char)> ::: 8
comp5111.assignment.cut.Subject_randoop111_RegressionTest0#test248	PASS	<comp5111.assignment.cut.Subject$GamePlace: void <init>(comp5111.assignment.cut.Subject,int,int)> ::: 4;<comp5111.assignment.cut.Subject$GamePlace: void <init>(comp5111.assignment.cut.Subject,int,int)> ::: 5;<comp5111.assignment.cut.Subject$GamePlace: void <init>(comp5111.assignment.cut.Subject,int,int)> ::: 6;<comp5111.assignment.cut.Subject$GamePlace: void <init>(comp5111.assignment.cut.Subject,int,int)> ::: 7;<comp5111.assignment.cut.Subject$GamePlace: void <init>(comp5111.assignment.cut.Subject,int,int)> ::: 8;<comp5111.assignment.cut.Subject$GamePlayer: void <init>(comp5111.assignment.cut.Subject,java.lang.String)> ::: 3;<comp5111.assignment.cut.Subject$GamePlayer: void <init>(comp5111.assignment.cut.Subject,java.lang.String)> ::: 4;<comp5111.assignment.cut.Subject$GamePlayer: void <init>(comp5111.assignment.cut.Subject,java.lang.String)> ::: 5;<comp5111.assignment.cut.Subject$GamePlayer: void <init>(comp5111.assignment.cut.Subject,java.lang.String)> ::: 6;<comp5111.assignment.cut.Subject: void <init>()> ::: 1;<comp5111.assignment.cut.Subject: void <init>()> ::: 2
comp5111.assignment.cut.Subject_randoop111_RegressionTest0#test249	PASS	<comp5111.assignment.cut.Subject$GamePlayer: void <init>(comp5111.assignment.cut.Subject)> ::: 2;<comp5111.assignment.cut.Subject$GamePlayer: void <init>(comp5111.assignment.cut.Subject)> ::: 3;<comp5111.assignment.cut.Subject$GamePlayer: void <init>(comp5111.assignment.cut.Subject)> ::: 4;<comp5111.assignment.cut.Subject$GamePlayer: void <init>(comp5111.assignment.cut.Subject)> ::: 5;<comp5111.assignment.cut.Subject$GamePlayer: void <init>(comp5111.assignment.cut.Subject,java.lang.String)> ::: 3;<comp5111.assignment.cut.Subject$GamePlayer: void <init>(comp5111.assignment.cut.Subject,java.lang.String)> ::: 4;<comp5111.assignment.cut.Subject$GamePlayer: void <init>(comp5111.assignment.cut.Subject,java.lang.String)> ::: 5;<comp5111.assignment.cut.Subject$GamePlayer: void <init>(comp5111.assignment.cut.Subject,java.lang.String)> ::: 6;<comp5111.assignment.cut.Subject: void <init>()> ::: 1;<comp5111.assignment.cut.Subject: void <init>()> ::: 2
comp5111.assignment.cut.Subject_randoop111_RegressionTest0#test250	PASS	<comp5111.assignment.cut.Subject$DateTimeAlgorithms: java.lang.String roundSecondToString(long)> ::: 1;<comp5111.assignment.cut.Subject$DateTimeAlgorithms: java.lang.String roundSecondToString(long)> ::: 11;<comp5111.assignment.cut.Subject$DateTimeAlgorithms: java.lang.String roundSecondToString(long)> ::: 12;<comp5111.assignment.cut.Subject$DateTimeAlgorithms: java.lang.String roundSecondToString(long)> ::: 2;<comp5111.assignment.cut.Subject$DateTimeAlgorithms: java.lang.String roundSecondToString(long)> ::: 20;<comp5111.assignment.cut.Subject$DateTimeAlgorithms: java.lang.String roundSecondToString(long)> ::: 21;<comp5111.assignment.cut.Subject$DateTimeAlgorithms: java.lang.String roundSecondToString(long)> ::: 28;<comp5111.assignment.cut.Subject$DateTimeAlgorithms: java.lang.String roundSecondToString(long)> ::: 29;<comp5111.assignment.cut.Subject$DateTimeAlgorithms: java.lang.String roundSecondToString(long)> ::: 3;<comp5111.assignment.cut.Subject$DateTimeAlgorithms: java.lang.String roundSecondToString(long)> ::: 35;<comp5111.assignment.cut.Subject$DateTimeAlgorithms: java.lang.String roundSecondToString(long)> ::: 36;<comp5111.assignment.cut.Subject$DateTimeAlgorithms: java.lang.String roundSecondToString(long)> ::: 41;<comp5111.assignment.cut.Subject$DateTimeAlgorithms: java.lang.String roundSecondToString(long)> ::: 42;<comp5111.assignment.cut.Subject$DateTimeAlgorithms: java.lang.String roundSecondToString(long)> ::: 43;<comp5111.assignment.cut.Subject$DateTimeAlgorithms: java.lang.String roundSecondToString(long)> ::: 44;<comp5111.assignment.cut.Subject$DateTimeAlgorithms: java.lang.String roundSecondToString(long)> ::: 45
comp5111.assignment.cut.Subject_randoop111_RegressionTest0#test251	PASS	<comp5111.assignment.cut.Subject$DateTimeAlgorithms: int getQuarter(int)> ::: 1;<comp5111.assignment.cut.Subject$DateTimeAlgorithms: int getQuarter(int)> ::: 3
comp5111.assignment.cut.Subject_randoop111_RegressionTest0#test252	PASS	<comp5111.assignment.cut.Subject$DateTimeAlgorithms: java.lang.String month2MonAbbr(int)> ::: 1;<comp5111.assignment.cut.Subject$DateTimeAlgorithms: java.lang.String month2MonAbbr(int)> ::: 14
comp5111.assignment.cut.Subject_randoop111_RegressionTest0#test253	PASS	<comp5111.assignment.cut.Subject$DateTimeAlgorithms: boolean checkValidDate(int,int,int)> ::: 3;<comp5111.assignment.cut.Subject$DateTimeAlgorithms: boolean checkValidDate(int,int,int)> ::: 4;<comp5111.assignment.cut.Subject$DateTimeAlgorithms: boolean checkValidDate(int,int,int)> ::: 5;<comp5111.assignment.cut.Subject$DateTimeAlgorithms: java.util.List listDatesBetween(int,int,int,int,int,int)> ::: 10;<comp5111.assignment.cut.Subject$DateTimeAlgorithms: java.util.List listDatesBetween(int,int,int,int,int,int)> ::: 13;<comp5111.assignment.cut.Subject$DateTimeAlgorithms: java.util.List listDatesBetween(int,int,int,int,int,int)> ::: 6;<comp5111.assignment.cut.Subject$DateTimeAlgorithms: java.util.List listDatesBetween(int,int,int,int,int,int)> ::: 7;<comp5111.assignment.cut.Subject$DateTimeAlgorithms: java.util.List listDatesBetween(int,int,int,int,int,int)> ::: 8;<comp5111.assignment.cut.Subject$DateTimeAlgorithms: java.util.List listDatesBetween(int,int,int,int,int,int)> ::: 9
comp5111.assignment.cut.Subject_randoop111_RegressionTest0#test254	PASS	<comp5111.assignment.cut.Subject$DateTimeAlgorithms: java.lang.String firstDayOfMonth(int,int)> ::: 10;<comp5111.assignment.cut.Subject$DateTimeAlgorithms: java.lang.String firstDayOfMonth(int,int)> ::: 11;<comp5111.assignment.cut.Subject$DateTimeAlgorithms: java.lang.String firstDayOfMonth(int,int)> ::: 2;<comp5111.assignment.cut.Subject$DateTimeAlgorithms: java.lang.String firstDayOfMonth(int,int)> ::: 3;<comp5111.assignment.cut.Subject$DateTimeAlgorithms: java.lang.String firstDayOfMonth(int,int)> ::: 5;<comp5111.assignment.cut.Subject$DateTimeAlgorithms: java.lang.String firstDayOfMonth(int,int)> ::: 6;<comp5111.assignment.cut.Subject$DateTimeAlgorithms: java.lang.String firstDayOfMonth(int,int)> ::: 7;<comp5111.assignment.cut.Subject$DateTimeAlgorithms: java.lang.String firstDayOfMonth(int,int)> ::: 8;<comp5111.assignment.cut.Subject$DateTimeAlgorithms: java.lang.String firstDayOfMonth(int,int)> ::: 9
comp5111.assignment.cut.Subject_randoop111_RegressionTest0#test255	PASS	<comp5111.assignment.cut.Subject$GamePlace: void <init>(comp5111.assignment.cut.Subject,int,int)> ::: 4;<comp5111.assignment.cut.Subject$GamePlace: void <init>(comp5111.assignment.cut.Subject,int,int)> ::: 5;<comp5111.assignment.cut.Subject$GamePlace: void <init>(comp5111.assignment.cut.Subject,int,int)> ::: 6;<comp5111.assignment.cut.Subject$GamePlace: void <init>(comp5111.assignment.cut.Subject,int,int)> ::: 7;<comp5111.assignment.cut.Subject$GamePlace: void <init>(comp5111.assignment.cut.Subject,int,int)> ::: 8;<comp5111.assignment.cut.Subject$GamePlayer: void <init>(comp5111.assignment.cut.Subject)> ::: 2;<comp5111.assignment.cut.Subject$GamePlayer: void <init>(comp5111.assignment.cut.Subject)> ::: 3;<comp5111.assignment.cut.Subject$GamePlayer: void <init>(comp5111.assignment.cut.Subject)> ::: 4;<comp5111.assignment.cut.Subject$GamePlayer: void <init>(comp5111.assignment.cut.Subject)> ::: 5;<comp5111.assignment.cut.Subject: void <init>()> ::: 1;<comp5111.assignment.cut.Subject: void <init>()> ::: 2
comp5111.assignment.cut.Subject_randoop111_RegressionTest0#test256	PASS	<comp5111.assignment.cut.Subject$DateTimeAlgorithms: boolean checkValidDate(int,int,int)> ::: 3;<comp5111.assignment.cut.Subject$DateTimeAlgorithms: boolean checkValidDate(int,int,int)> ::: 5;<comp5111.assignment.cut.Subject$DateTimeAlgorithms: int daysBetweenDates(int,int,int,int,int,int)> ::: 12;<comp5111.assignment.cut.Subject$DateTimeAlgorithms: int daysBetweenDates(int,int,int,int,int,int)> ::: 13;<comp5111.assignment.cut.Subject$DateTimeAlgorithms: int daysBetweenDates(int,int,int,int,int,int)> ::: 14;<comp5111.assignment.cut.Subject$DateTimeAlgorithms: int daysBetweenDates(int,int,int,int,int,int)> ::: 6;<comp5111.assignment.cut.Subject$DateTimeAlgorithms: int daysBetweenDates(int,int,int,int,int,int)> ::: 7;<comp5111.assignment.cut.Subject$DateTimeAlgorithms: int daysBetweenDates(int,int,int,int,int,int)> ::: 8;<comp5111.assignment.cut.Subject$DateTimeAlgorithms: int daysBetweenDates(int,int,int,int,int,int)> ::: 9
comp5111.assignment.cut.Subject_randoop111_RegressionTest0#test257	PASS	<comp5111.assignment.cut.Subject$GamePlayer: void <init>(comp5111.assignment.cut.Subject)> ::: 2;<comp5111.assignment.cut.Subject$GamePlayer: void <init>(comp5111.assignment.cut.Subject)> ::: 3;<comp5111.assignment.cut.Subject$GamePlayer: void <init>(comp5111.assignment.cut.Subject)> ::: 4;<comp5111.assignment.cut.Subject$GamePlayer: void <init>(comp5111.assignment.cut.Subject)> ::: 5;<comp5111.assignment.cut.Subject$GamePlayer: void <init>(comp5111.assignment.cut.Subject,java.lang.String)> ::: 3;<comp5111.assignment.cut.Subject$GamePlayer: void <init>(comp5111.assignment.cut.Subject,java.lang.String)> ::: 4;<comp5111.assignment.cut.Subject$GamePlayer: void <init>(comp5111.assignment.cut.Subject,java.lang.String)> ::: 5;<comp5111.assignment.cut.Subject$GamePlayer: void <init>(comp5111.assignment.cut.Subject,java.lang.String)> ::: 6;<comp5111.assignment.cut.Subject: void <init>()> ::: 1;<comp5111.assignment.cut.Subject: void <init>()> ::: 2
comp5111.assignment.cut.Subject_randoop111_RegressionTest0#test258	PASS	<comp5111.assignment.cut.Subject$StringAlgorithms: int extractIntInStr(java.lang.String)> ::: 1;<comp5111.assignment.cut.Subject$StringAlgorithms: int extractIntInStr(java.lang.String)> ::: 10;<comp5111.assignment.cut.Subject$StringAlgorithms: int extractIntInStr(java.lang.String)> ::: 11;<comp5111.assignment.cut.Subject$StringAlgorithms: int extractIntInStr(java.lang.String)> ::: 16;<comp5111.assignment.cut.Subject$StringAlgorithms: int extractIntInStr(java.lang.String)> ::: 17;<comp5111.assignment.cut.Subject$StringAlgorithms: int extractIntInStr(java.lang.String)> ::: 2;<comp5111.assignment.cut.Subject$StringAlgorithms: int extractIntInStr(java.lang.String)> ::: 3;<comp5111.assignment.cut.Subject$StringAlgorithms: int extractIntInStr(java.lang.String)> ::: 5;<comp5111.assignment.cut.Subject$StringAlgorithms: int extractIntInStr(java.lang.String)> ::: 6;<comp5111.assignment.cut.Subject$StringAlgorithms: int extractIntInStr(java.lang.String)> ::: 7;<comp5111.assignment.cut.Subject$StringAlgorithms: int extractIntInStr(java.lang.String)> ::: 8;<comp5111.assignment.cut.Subject$StringAlgorithms: int extractIntInStr(java.lang.String)> ::: 9
comp5111.assignment.cut.Subject_randoop111_RegressionTest0#test259	PASS	<comp5111.assignment.cut.Subject$DateTimeAlgorithms: int monthsBetween(int,int,int,int)> ::: 4;<comp5111.assignment.cut.Subject$DateTimeAlgorithms: int monthsBetween(int,int,int,int)> ::: 5;<comp5111.assignment.cut.Subject$DateTimeAlgorithms: int monthsBetween(int,int,int,int)> ::: 8
comp5111.assignment.cut.Subject_randoop111_RegressionTest0#test260	PASS	<comp5111.assignment.cut.Subject$DateTimeAlgorithms: int calcDaysInMonth(int,int)> ::: 2;<comp5111.assignment.cut.Subject$DateTimeAlgorithms: int calcDaysInMonth(int,int)> ::: 3;<comp5111.assignment.cut.Subject$DateTimeAlgorithms: int calcDaysInMonth(int,int)> ::: 4
comp5111.assignment.cut.Subject_randoop111_RegressionTest0#test261	PASS	<comp5111.assignment.cut.Subject$GamePlayer: void <init>(comp5111.assignment.cut.Subject)> ::: 2;<comp5111.assignment.cut.Subject$GamePlayer: void <init>(comp5111.assignment.cut.Subject)> ::: 3;<comp5111.assignment.cut.Subject$GamePlayer: void <init>(comp5111.assignment.cut.Subject)> ::: 4;<comp5111.assignment.cut.Subject$GamePlayer: void <init>(comp5111.assignment.cut.Subject)> ::: 5;<comp5111.assignment.cut.Subject$GamePlayer: void addScore(int)> ::: 2;<comp5111.assignment.cut.Subject$GamePlayer: void addScore(int)> ::: 3;<comp5111.assignment.cut.Subject$GamePlayer: void addScore(int)> ::: 4;<comp5111.assignment.cut.Subject$GamePlayer: void addScore(int)> ::: 5;<comp5111.assignment.cut.Subject: void <init>()> ::: 1;<comp5111.assignment.cut.Subject: void <init>()> ::: 2
comp5111.assignment.cut.Subject_randoop111_RegressionTest0#test262	PASS	<comp5111.assignment.cut.Subject$DateTimeAlgorithms: int monAbbr2month(java.lang.String)> ::: 1;<comp5111.assignment.cut.Subject$DateTimeAlgorithms: int monAbbr2month(java.lang.String)> ::: 2;<comp5111.assignment.cut.Subject$DateTimeAlgorithms: int monAbbr2month(java.lang.String)> ::: 3;<comp5111.assignment.cut.Subject$DateTimeAlgorithms: int monAbbr2month(java.lang.String)> ::: 4
comp5111.assignment.cut.Subject_randoop111_RegressionTest0#test263	PASS	<comp5111.assignment.cut.Subject$StringAlgorithms: java.lang.String[] trimArrayElements(java.lang.String[])> ::: 1;<comp5111.assignment.cut.Subject$StringAlgorithms: java.lang.String[] trimArrayElements(java.lang.String[])> ::: 10;<comp5111.assignment.cut.Subject$StringAlgorithms: java.lang.String[] trimArrayElements(java.lang.String[])> ::: 11;<comp5111.assignment.cut.Subject$StringAlgorithms: java.lang.String[] trimArrayElements(java.lang.String[])> ::: 12;<comp5111.assignment.cut.Subject$StringAlgorithms: java.lang.String[] trimArrayElements(java.lang.String[])> ::: 13;<comp5111.assignment.cut.Subject$StringAlgorithms: java.lang.String[] trimArrayElements(java.lang.String[])> ::: 14;<comp5111.assignment.cut.Subject$StringAlgorithms: java.lang.String[] trimArrayElements(java.lang.String[])> ::: 16;<comp5111.assignment.cut.Subject$StringAlgorithms: java.lang.String[] trimArrayElements(java.lang.String[])> ::: 17;<comp5111.assignment.cut.Subject$StringAlgorithms: java.lang.String[] trimArrayElements(java.lang.String[])> ::: 18;<comp5111.assignment.cut.Subject$StringAlgorithms: java.lang.String[] trimArrayElements(java.lang.String[])> ::: 19;<comp5111.assignment.cut.Subject$StringAlgorithms: java.lang.String[] trimArrayElements(java.lang.String[])> ::: 2;<comp5111.assignment.cut.Subject$StringAlgorithms: java.lang.String[] trimArrayElements(java.lang.String[])> ::: 20;<comp5111.assignment.cut.Subject$StringAlgorithms: java.lang.String[] trimArrayElements(java.lang.String[])> ::: 3;<comp5111.assignment.cut.Subject$StringAlgorithms: java.lang.String[] trimArrayElements(java.lang.String[])> ::: 6;<comp5111.assignment.cut.Subject$StringAlgorithms: java.lang.String[] trimArrayElements(java.lang.String[])> ::: 7;<comp5111.assignment.cut.Subject$StringAlgorithms: java.lang.String[] trimArrayElements(java.lang.String[])> ::: 8;<comp5111.assignment.cut.Subject$StringAlgorithms: java.lang.String[] trimArrayElements(java.lang.String[])> ::: 9
comp5111.assignment.cut.Subject_randoop111_RegressionTest0#test264	PASS	<comp5111.assignment.cut.Subject$DateTimeAlgorithms: int calcDaysInMonth(int,int)> ::: 12;<comp5111.assignment.cut.Subject$DateTimeAlgorithms: int calcDaysInMonth(int,int)> ::: 16;<comp5111.assignment.cut.Subject$DateTimeAlgorithms: int calcDaysInMonth(int,int)> ::: 2;<comp5111.assignment.cut.Subject$DateTimeAlgorithms: int calcDaysInMonth(int,int)> ::: 3;<comp5111.assignment.cut.Subject$DateTimeAlgorithms: int calcDaysInMonth(int,int)> ::: 5
comp5111.assignment.cut.Subject_randoop111_RegressionTest0#test265	PASS	<comp5111.assignment.cut.Subject$DateTimeAlgorithms: int monthsBetween(int,int,int,int)> ::: 4;<comp5111.assignment.cut.Subject$DateTimeAlgorithms: int monthsBetween(int,int,int,int)> ::: 5;<comp5111.assignment.cut.Subject$DateTimeAlgorithms: int monthsBetween(int,int,int,int)> ::: 8
comp5111.assignment.cut.Subject_randoop111_RegressionTest0#test266	PASS	<comp5111.assignment.cut.Subject$StringAlgorithms: void enlarge(int,byte[],int)> ::: 10;<comp5111.assignment.cut.Subject$StringAlgorithms: void enlarge(int,byte[],int)> ::: 11;<comp5111.assignment.cut.Subject$StringAlgorithms: void enlarge(int,byte[],int)> ::: 12;<comp5111.assignment.cut.Subject$StringAlgorithms: void enlarge(int,byte[],int)> ::: 13;<comp5111.assignment.cut.Subject$StringAlgorithms: void enlarge(int,byte[],int)> ::: 3;<comp5111.assignment.cut.Subject$StringAlgorithms: void enlarge(int,byte[],int)> ::: 4;<comp5111.assignment.cut.Subject$StringAlgorithms: void enlarge(int,byte[],int)> ::: 5;<comp5111.assignment.cut.Subject$StringAlgorithms: void enlarge(int,byte[],int)> ::: 6;<comp5111.assignment.cut.Subject$StringAlgorithms: void enlarge(int,byte[],int)> ::: 9
comp5111.assignment.cut.Subject_randoop111_RegressionTest0#test267	PASS	<comp5111.assignment.cut.Subject$GamePlace: boolean isAdjacent(comp5111.assignment.cut.Subject$GamePlace)> ::: 2;<comp5111.assignment.cut.Subject$GamePlace: boolean isAdjacent(comp5111.assignment.cut.Subject$GamePlace)> ::: 3;<comp5111.assignment.cut.Subject$GamePlace: java.lang.String toString()> ::: 1;<comp5111.assignment.cut.Subject$GamePlace: java.lang.String toString()> ::: 2;<comp5111.assignment.cut.Subject$GamePlace: java.lang.String toString()> ::: 3;<comp5111.assignment.cut.Subject$GamePlace: java.lang.String toString()> ::: 4;<comp5111.assignment.cut.Subject$GamePlace: void <init>(comp5111.assignment.cut.Subject,int,int)> ::: 4;<comp5111.assignment.cut.Subject$GamePlace: void <init>(comp5111.assignment.cut.Subject,int,int)> ::: 5;<comp5111.assignment.cut.Subject$GamePlace: void <init>(comp5111.assignment.cut.Subject,int,int)> ::: 6;<comp5111.assignment.cut.Subject$GamePlace: void <init>(comp5111.assignment.cut.Subject,int,int)> ::: 7;<comp5111.assignment.cut.Subject$GamePlace: void <init>(comp5111.assignment.cut.Subject,int,int)> ::: 8;<comp5111.assignment.cut.Subject$GamePlace: void x(int)> ::: 2;<comp5111.assignment.cut.Subject$GamePlace: void x(int)> ::: 3;<comp5111.assignment.cut.Subject$GamePlace: void y(int)> ::: 2;<comp5111.assignment.cut.Subject$GamePlace: void y(int)> ::: 3;<comp5111.assignment.cut.Subject: void <init>()> ::: 1;<comp5111.assignment.cut.Subject: void <init>()> ::: 2
comp5111.assignment.cut.Subject_randoop111_RegressionTest0#test268	PASS	<comp5111.assignment.cut.Subject$DateTimeAlgorithms: boolean judgeLeapYear(int)> ::: 1;<comp5111.assignment.cut.Subject$DateTimeAlgorithms: boolean judgeLeapYear(int)> ::: 2;<comp5111.assignment.cut.Subject$DateTimeAlgorithms: boolean judgeLeapYear(int)> ::: 4;<comp5111.assignment.cut.Subject$DateTimeAlgorithms: boolean judgeLeapYear(int)> ::: 5;<comp5111.assignment.cut.Subject$DateTimeAlgorithms: boolean judgeLeapYear(int)> ::: 6;<comp5111.assignment.cut.Subject$DateTimeAlgorithms: int daysInYear(int)> ::: 1;<comp5111.assignment.cut.Subject$DateTimeAlgorithms: int daysInYear(int)> ::: 2;<comp5111.assignment.cut.Subject$DateTimeAlgorithms: int daysInYear(int)> ::: 3;<comp5111.assignment.cut.Subject$DateTimeAlgorithms: int daysInYear(int)> ::: 4;<comp5111.assignment.cut.Subject$DateTimeAlgorithms: int daysInYear(int)> ::: 6
comp5111.assignment.cut.Subject_randoop111_RegressionTest0#test269	PASS	<comp5111.assignment.cut.Subject$StringAlgorithms: java.lang.String padRight(java.lang.String,short,char)> ::: 10;<comp5111.assignment.cut.Subject$StringAlgorithms: java.lang.String padRight(java.lang.String,short,char)> ::: 11;<comp5111.assignment.cut.Subject$StringAlgorithms: java.lang.String padRight(java.lang.String,short,char)> ::: 12;<comp5111.assignment.cut.Subject$StringAlgorithms: java.lang.String padRight(java.lang.String,short,char)> ::: 13;<comp5111.assignment.cut.Subject$StringAlgorithms: java.lang.String padRight(java.lang.String,short,char)> ::: 14;<comp5111.assignment.cut.Subject$StringAlgorithms: java.lang.String padRight(java.lang.String,short,char)> ::: 15;<comp5111.assignment.cut.Subject$StringAlgorithms: java.lang.String padRight(java.lang.String,short,char)> ::: 16;<comp5111.assignment.cut.Subject$StringAlgorithms: java.lang.String padRight(java.lang.String,short,char)> ::: 17;<comp5111.assignment.cut.Subject$StringAlgorithms: java.lang.String padRight(java.lang.String,short,char)> ::: 18;<comp5111.assignment.cut.Subject$StringAlgorithms: java.lang.String padRight(java.lang.String,short,char)> ::: 3;<comp5111.assignment.cut.Subject$StringAlgorithms: java.lang.String padRight(java.lang.String,short,char)> ::: 5;<comp5111.assignment.cut.Subject$StringAlgorithms: java.lang.String padRight(java.lang.String,short,char)> ::: 6;<comp5111.assignment.cut.Subject$StringAlgorithms: java.lang.String padRight(java.lang.String,short,char)> ::: 7;<comp5111.assignment.cut.Subject$StringAlgorithms: java.lang.String padRight(java.lang.String,short,char)> ::: 9
comp5111.assignment.cut.Subject_randoop111_RegressionTest0#test270	PASS	<comp5111.assignment.cut.Subject$StringAlgorithms: java.lang.Boolean strToBoolean(java.lang.String,java.lang.String,java.lang.String,java.lang.String)> ::: 13;<comp5111.assignment.cut.Subject$StringAlgorithms: java.lang.Boolean strToBoolean(java.lang.String,java.lang.String,java.lang.String,java.lang.String)> ::: 14;<comp5111.assignment.cut.Subject$StringAlgorithms: java.lang.Boolean strToBoolean(java.lang.String,java.lang.String,java.lang.String,java.lang.String)> ::: 17;<comp5111.assignment.cut.Subject$StringAlgorithms: java.lang.Boolean strToBoolean(java.lang.String,java.lang.String,java.lang.String,java.lang.String)> ::: 18;<comp5111.assignment.cut.Subject$StringAlgorithms: java.lang.Boolean strToBoolean(java.lang.String,java.lang.String,java.lang.String,java.lang.String)> ::: 21;<comp5111.assignment.cut.Subject$StringAlgorithms: java.lang.Boolean strToBoolean(java.lang.String,java.lang.String,java.lang.String,java.lang.String)> ::: 22;<comp5111.assignment.cut.Subject$StringAlgorithms: java.lang.Boolean strToBoolean(java.lang.String,java.lang.String,java.lang.String,java.lang.String)> ::: 24;<comp5111.assignment.cut.Subject$StringAlgorithms: java.lang.Boolean strToBoolean(java.lang.String,java.lang.String,java.lang.String,java.lang.String)> ::: 25;<comp5111.assignment.cut.Subject$StringAlgorithms: java.lang.Boolean strToBoolean(java.lang.String,java.lang.String,java.lang.String,java.lang.String)> ::: 26;<comp5111.assignment.cut.Subject$StringAlgorithms: java.lang.Boolean strToBoolean(java.lang.String,java.lang.String,java.lang.String,java.lang.String)> ::: 4
comp5111.assignment.cut.Subject_randoop111_RegressionTest0#test271	PASS	<comp5111.assignment.cut.Subject$GamePlace: boolean isAdjacent(comp5111.assignment.cut.Subject$GamePlace)> ::: 2;<comp5111.assignment.cut.Subject$GamePlace: boolean isAdjacent(comp5111.assignment.cut.Subject$GamePlace)> ::: 3;<comp5111.assignment.cut.Subject$GamePlace: int y()> ::: 1;<comp5111.assignment.cut.Subject$GamePlace: int y()> ::: 2;<comp5111.assignment.cut.Subject$GamePlace: java.lang.String toString()> ::: 1;<comp5111.assignment.cut.Subject$GamePlace: java.lang.String toString()> ::: 2;<comp5111.assignment.cut.Subject$GamePlace: java.lang.String toString()> ::: 3;<comp5111.assignment.cut.Subject$GamePlace: java.lang.String toString()> ::: 4;<comp5111.assignment.cut.Subject$GamePlace: void <init>(comp5111.assignment.cut.Subject,int,int)> ::: 4;<comp5111.assignment.cut.Subject$GamePlace: void <init>(comp5111.assignment.cut.Subject,int,int)> ::: 5;<comp5111.assignment.cut.Subject$GamePlace: void <init>(comp5111.assignment.cut.Subject,int,int)> ::: 6;<comp5111.assignment.cut.Subject$GamePlace: void <init>(comp5111.assignment.cut.Subject,int,int)> ::: 7;<comp5111.assignment.cut.Subject$GamePlace: void <init>(comp5111.assignment.cut.Subject,int,int)> ::: 8;<comp5111.assignment.cut.Subject$GamePlace: void y(int)> ::: 2;<comp5111.assignment.cut.Subject$GamePlace: void y(int)> ::: 3;<comp5111.assignment.cut.Subject: void <init>()> ::: 1;<comp5111.assignment.cut.Subject: void <init>()> ::: 2
comp5111.assignment.cut.Subject_randoop111_RegressionTest0#test272	PASS	<comp5111.assignment.cut.Subject$StringAlgorithms: java.lang.Boolean strToBoolean(java.lang.String)> ::: 1;<comp5111.assignment.cut.Subject$StringAlgorithms: java.lang.Boolean strToBoolean(java.lang.String)> ::: 12;<comp5111.assignment.cut.Subject$StringAlgorithms: java.lang.Boolean strToBoolean(java.lang.String)> ::: 13;<comp5111.assignment.cut.Subject$StringAlgorithms: java.lang.Boolean strToBoolean(java.lang.String)> ::: 14;<comp5111.assignment.cut.Subject$StringAlgorithms: java.lang.Boolean strToBoolean(java.lang.String)> ::: 15;<comp5111.assignment.cut.Subject$StringAlgorithms: java.lang.Boolean strToBoolean(java.lang.String)> ::: 3;<comp5111.assignment.cut.Subject$StringAlgorithms: java.lang.Boolean strToBoolean(java.lang.String)> ::: 4;<comp5111.assignment.cut.Subject$StringAlgorithms: java.lang.Boolean strToBoolean(java.lang.String)> ::: 5;<comp5111.assignment.cut.Subject$StringAlgorithms: java.lang.Boolean strToBoolean(java.lang.String)> ::: 6;<comp5111.assignment.cut.Subject$StringAlgorithms: java.lang.Boolean strToBoolean(java.lang.String)> ::: 7;<comp5111.assignment.cut.Subject$StringAlgorithms: java.lang.Boolean strToBoolean(java.lang.String)> ::: 8;<comp5111.assignment.cut.Subject$StringAlgorithms: java.lang.Boolean strToBoolean(java.lang.String)> ::: 9;<comp5111.assignment.cut.Subject$StringAlgorithms: java.lang.Boolean strToBoolean(java.lang.String)> ::: 90
comp5111.assignment.cut.Subject_randoop111_RegressionTest0#test273	PASS	<comp5111.assignment.cut.Subject$DateTimeAlgorithms: int calcDaysInMonth(int,int)> ::: 2;<comp5111.assignment.cut.Subject$DateTimeAlgorithms: int calcDaysInMonth(int,int)> ::: 4;<comp5111.assignment.cut.Subject$DateTimeAlgorithms: java.lang.String lastDayOfMonth(int,int)> ::: 2;<comp5111.assignment.cut.Subject$DateTimeAlgorithms: java.lang.String lastDayOfMonth(int,int)> ::: 3;<comp5111.assignment.cut.Subject$DateTimeAlgorithms: java.lang.String lastDayOfMonth(int,int)> ::: 4
comp5111.assignment.cut.Subject_randoop111_RegressionTest0#test274	PASS	<comp5111.assignment.cut.Subject$DateTimeAlgorithms: boolean checkValidDate(int,int,int)> ::: 3;<comp5111.assignment.cut.Subject$DateTimeAlgorithms: boolean checkValidDate(int,int,int)> ::: 5;<comp5111.assignment.cut.Subject$DateTimeAlgorithms: java.lang.String formatFullDate(int,int,int)> ::: 3;<comp5111.assignment.cut.Subject$DateTimeAlgorithms: java.lang.String formatFullDate(int,int,int)> ::: 4;<comp5111.assignment.cut.Subject$DateTimeAlgorithms: java.lang.String formatFullDate(int,int,int)> ::: 5
comp5111.assignment.cut.Subject_randoop111_RegressionTest0#test275	PASS	<comp5111.assignment.cut.Subject$DateTimeAlgorithms: java.lang.String dayStr(int)> ::: 1;<comp5111.assignment.cut.Subject$DateTimeAlgorithms: java.lang.String dayStr(int)> ::: 10;<comp5111.assignment.cut.Subject$DateTimeAlgorithms: java.lang.String dayStr(int)> ::: 11;<comp5111.assignment.cut.Subject$DateTimeAlgorithms: java.lang.String dayStr(int)> ::: 14;<comp5111.assignment.cut.Subject$DateTimeAlgorithms: java.lang.String dayStr(int)> ::: 15;<comp5111.assignment.cut.Subject$DateTimeAlgorithms: java.lang.String dayStr(int)> ::: 18;<comp5111.assignment.cut.Subject$DateTimeAlgorithms: java.lang.String dayStr(int)> ::: 19;<comp5111.assignment.cut.Subject$DateTimeAlgorithms: java.lang.String dayStr(int)> ::: 2;<comp5111.assignment.cut.Subject$DateTimeAlgorithms: java.lang.String dayStr(int)> ::: 20;<comp5111.assignment.cut.Subject$DateTimeAlgorithms: java.lang.String dayStr(int)> ::: 21;<comp5111.assignment.cut.Subject$DateTimeAlgorithms: java.lang.String dayStr(int)> ::: 22;<comp5111.assignment.cut.Subject$DateTimeAlgorithms: java.lang.String dayStr(int)> ::: 3;<comp5111.assignment.cut.Subject$DateTimeAlgorithms: java.lang.String dayStr(int)> ::: 6;<comp5111.assignment.cut.Subject$DateTimeAlgorithms: java.lang.String dayStr(int)> ::: 7
comp5111.assignment.cut.Subject_randoop111_RegressionTest0#test276	PASS	<comp5111.assignment.cut.Subject$StringAlgorithms: boolean startsWithIgnoreCase(java.lang.String,java.lang.String)> ::: 2;<comp5111.assignment.cut.Subject$StringAlgorithms: boolean startsWithIgnoreCase(java.lang.String,java.lang.String)> ::: 3;<comp5111.assignment.cut.Subject$StringAlgorithms: boolean startsWithIgnoreCase(java.lang.String,java.lang.String)> ::: 5;<comp5111.assignment.cut.Subject$StringAlgorithms: boolean startsWithIgnoreCase(java.lang.String,java.lang.String)> ::: 6;<comp5111.assignment.cut.Subject$StringAlgorithms: boolean startsWithIgnoreCase(java.lang.String,java.lang.String)> ::: 7;<comp5111.assignment.cut.Subject$StringAlgorithms: boolean startsWithIgnoreCase(java.lang.String,java.lang.String)> ::: 8
comp5111.assignment.cut.Subject_randoop111_RegressionTest0#test277	PASS	<comp5111.assignment.cut.Subject$StringAlgorithms: void enlarge(int,byte[],int)> ::: 10;<comp5111.assignment.cut.Subject$StringAlgorithms: void enlarge(int,byte[],int)> ::: 11;<comp5111.assignment.cut.Subject$StringAlgorithms: void enlarge(int,byte[],int)> ::: 12;<comp5111.assignment.cut.Subject$StringAlgorithms: void enlarge(int,byte[],int)> ::: 13;<comp5111.assignment.cut.Subject$StringAlgorithms: void enlarge(int,byte[],int)> ::: 3;<comp5111.assignment.cut.Subject$StringAlgorithms: void enlarge(int,byte[],int)> ::: 4;<comp5111.assignment.cut.Subject$StringAlgorithms: void enlarge(int,byte[],int)> ::: 5;<comp5111.assignment.cut.Subject$StringAlgorithms: void enlarge(int,byte[],int)> ::: 6;<comp5111.assignment.cut.Subject$StringAlgorithms: void enlarge(int,byte[],int)> ::: 7;<comp5111.assignment.cut.Subject$StringAlgorithms: void enlarge(int,byte[],int)> ::: 8
comp5111.assignment.cut.Subject_randoop111_RegressionTest0#test278	PASS	<comp5111.assignment.cut.Subject$DateTimeAlgorithms: int calcDaysInMonth(int,int)> ::: 2;<comp5111.assignment.cut.Subject$DateTimeAlgorithms: int calcDaysInMonth(int,int)> ::: 4
comp5111.assignment.cut.Subject_randoop111_RegressionTest0#test279	PASS	<comp5111.assignment.cut.Subject$DateTimeAlgorithms: int getQuarter(int)> ::: 1;<comp5111.assignment.cut.Subject$DateTimeAlgorithms: int getQuarter(int)> ::: 2;<comp5111.assignment.cut.Subject$DateTimeAlgorithms: int getQuarter(int)> ::: 3
comp5111.assignment.cut.Subject_randoop111_RegressionTest0#test280	PASS	<comp5111.assignment.cut.Subject$StringAlgorithms: boolean startsWithIgnoreCase(java.lang.String,java.lang.String)> ::: 2;<comp5111.assignment.cut.Subject$StringAlgorithms: boolean startsWithIgnoreCase(java.lang.String,java.lang.String)> ::: 3;<comp5111.assignment.cut.Subject$StringAlgorithms: boolean startsWithIgnoreCase(java.lang.String,java.lang.String)> ::: 5;<comp5111.assignment.cut.Subject$StringAlgorithms: boolean startsWithIgnoreCase(java.lang.String,java.lang.String)> ::: 6;<comp5111.assignment.cut.Subject$StringAlgorithms: boolean startsWithIgnoreCase(java.lang.String,java.lang.String)> ::: 7;<comp5111.assignment.cut.Subject$StringAlgorithms: boolean startsWithIgnoreCase(java.lang.String,java.lang.String)> ::: 8
comp5111.assignment.cut.Subject_randoop111_RegressionTest0#test281	PASS	<comp5111.assignment.cut.Subject$StringAlgorithms: java.lang.Boolean strToBoolean(java.lang.String,java.lang.String,java.lang.String,java.lang.String)> ::: 13;<comp5111.assignment.cut.Subject$StringAlgorithms: java.lang.Boolean strToBoolean(java.lang.String,java.lang.String,java.lang.String,java.lang.String)> ::: 14;<comp5111.assignment.cut.Subject$StringAlgorithms: java.lang.Boolean strToBoolean(java.lang.String,java.lang.String,java.lang.String,java.lang.String)> ::: 15;<comp5111.assignment.cut.Subject$StringAlgorithms: java.lang.Boolean strToBoolean(java.lang.String,java.lang.String,java.lang.String,java.lang.String)> ::: 16;<comp5111.assignment.cut.Subject$StringAlgorithms: java.lang.Boolean strToBoolean(java.lang.String,java.lang.String,java.lang.String,java.lang.String)> ::: 4
comp5111.assignment.cut.Subject_randoop111_RegressionTest0#test282	PASS	<comp5111.assignment.cut.Subject$GamePlace: boolean equals(java.lang.Object)> ::: 2;<comp5111.assignment.cut.Subject$GamePlace: boolean equals(java.lang.Object)> ::: 4;<comp5111.assignment.cut.Subject$GamePlace: boolean equals(java.lang.Object)> ::: 5;<comp5111.assignment.cut.Subject$GamePlace: boolean equals(java.lang.Object)> ::: 6;<comp5111.assignment.cut.Subject$GamePlace: boolean equals(java.lang.Object)> ::: 7;<comp5111.assignment.cut.Subject$GamePlace: boolean equals(java.lang.Object)> ::: 8;<comp5111.assignment.cut.Subject$GamePlace: boolean isAdjacent(comp5111.assignment.cut.Subject$GamePlace)> ::: 2;<comp5111.assignment.cut.Subject$GamePlace: boolean isAdjacent(comp5111.assignment.cut.Subject$GamePlace)> ::: 3;<comp5111.assignment.cut.Subject$GamePlace: comp5111.assignment.cut.Subject$GamePlace clone()> ::: 1;<comp5111.assignment.cut.Subject$GamePlace: comp5111.assignment.cut.Subject$GamePlace clone()> ::: 2;<comp5111.assignment.cut.Subject$GamePlace: comp5111.assignment.cut.Subject$GamePlace clone()> ::: 3;<comp5111.assignment.cut.Subject$GamePlace: comp5111.assignment.cut.Subject$GamePlace clone()> ::: 4;<comp5111.assignment.cut.Subject$GamePlace: comp5111.assignment.cut.Subject$GamePlace clone()> ::: 5;<comp5111.assignment.cut.Subject$GamePlace: comp5111.assignment.cut.Subject$GamePlace clone()> ::: 6;<comp5111.assignment.cut.Subject$GamePlace: comp5111.assignment.cut.Subject$GamePlace clone()> ::: 7;<comp5111.assignment.cut.Subject$GamePlace: comp5111.assignment.cut.Subject$GamePlace clone()> ::: 8;<comp5111.assignment.cut.Subject$GamePlace: comp5111.assignment.cut.Subject$GamePlace clone()> ::: 9;<comp5111.assignment.cut.Subject$GamePlace: void <init>(comp5111.assignment.cut.Subject,int,int)> ::: 4;<comp5111.assignment.cut.Subject$GamePlace: void <init>(comp5111.assignment.cut.Subject,int,int)> ::: 5;<comp5111.assignment.cut.Subject$GamePlace: void <init>(comp5111.assignment.cut.Subject,int,int)> ::: 6;<comp5111.assignment.cut.Subject$GamePlace: void <init>(comp5111.assignment.cut.Subject,int,int)> ::: 7;<comp5111.assignment.cut.Subject$GamePlace: void <init>(comp5111.assignment.cut.Subject,int,int)> ::: 8;<comp5111.assignment.cut.Subject$GamePlace: void x(int)> ::: 2;<comp5111.assignment.cut.Subject$GamePlace: void x(int)> ::: 3;<comp5111.assignment.cut.Subject$GamePlace: void y(int)> ::: 2;<comp5111.assignment.cut.Subject$GamePlace: void y(int)> ::: 3;<comp5111.assignment.cut.Subject$GamePlayer: int getScore()> ::: 1;<comp5111.assignment.cut.Subject$GamePlayer: int getScore()> ::: 2;<comp5111.assignment.cut.Subject$GamePlayer: java.lang.String getName()> ::: 1;<comp5111.assignment.cut.Subject$GamePlayer: java.lang.String getName()> ::: 2;<comp5111.assignment.cut.Subject$GamePlayer: void <init>(comp5111.assignment.cut.Subject)> ::: 2;<comp5111.assignment.cut.Subject$GamePlayer: void <init>(comp5111.assignment.cut.Subject)> ::: 3;<comp5111.assignment.cut.Subject$GamePlayer: void <init>(comp5111.assignment.cut.Subject)> ::: 4;<comp5111.assignment.cut.Subject$GamePlayer: void <init>(comp5111.assignment.cut.Subject)> ::: 5;<comp5111.assignment.cut.Subject$GamePlayer: void setScore(int)> ::: 2;<comp5111.assignment.cut.Subject$GamePlayer: void setScore(int)> ::: 3;<comp5111.assignment.cut.Subject: void <init>()> ::: 1;<comp5111.assignment.cut.Subject: void <init>()> ::: 2
comp5111.assignment.cut.Subject_randoop111_RegressionTest0#test283	PASS	<comp5111.assignment.cut.Subject$GamePlace: boolean isAdjacent(comp5111.assignment.cut.Subject$GamePlace)> ::: 2;<comp5111.assignment.cut.Subject$GamePlace: boolean isAdjacent(comp5111.assignment.cut.Subject$GamePlace)> ::: 3;<comp5111.assignment.cut.Subject$GamePlace: comp5111.assignment.cut.Subject$GamePlace clone()> ::: 1;<comp5111.assignment.cut.Subject$GamePlace: comp5111.assignment.cut.Subject$GamePlace clone()> ::: 2;<comp5111.assignment.cut.Subject$GamePlace: comp5111.assignment.cut.Subject$GamePlace clone()> ::: 3;<comp5111.assignment.cut.Subject$GamePlace: comp5111.assignment.cut.Subject$GamePlace clone()> ::: 4;<comp5111.assignment.cut.Subject$GamePlace: comp5111.assignment.cut.Subject$GamePlace clone()> ::: 5;<comp5111.assignment.cut.Subject$GamePlace: comp5111.assignment.cut.Subject$GamePlace clone()> ::: 6;<comp5111.assignment.cut.Subject$GamePlace: comp5111.assignment.cut.Subject$GamePlace clone()> ::: 7;<comp5111.assignment.cut.Subject$GamePlace: comp5111.assignment.cut.Subject$GamePlace clone()> ::: 8;<comp5111.assignment.cut.Subject$GamePlace: comp5111.assignment.cut.Subject$GamePlace clone()> ::: 9;<comp5111.assignment.cut.Subject$GamePlace: int x()> ::: 1;<comp5111.assignment.cut.Subject$GamePlace: int x()> ::: 2;<comp5111.assignment.cut.Subject$GamePlace: int y()> ::: 1;<comp5111.assignment.cut.Subject$GamePlace: int y()> ::: 2;<comp5111.assignment.cut.Subject$GamePlace: java.lang.String toString()> ::: 1;<comp5111.assignment.cut.Subject$GamePlace: java.lang.String toString()> ::: 2;<comp5111.assignment.cut.Subject$GamePlace: java.lang.String toString()> ::: 3;<comp5111.assignment.cut.Subject$GamePlace: java.lang.String toString()> ::: 4;<comp5111.assignment.cut.Subject$GamePlace: void <init>(comp5111.assignment.cut.Subject,int,int)> ::: 4;<comp5111.assignment.cut.Subject$GamePlace: void <init>(comp5111.assignment.cut.Subject,int,int)> ::: 5;<comp5111.assignment.cut.Subject$GamePlace: void <init>(comp5111.assignment.cut.Subject,int,int)> ::: 6;<comp5111.assignment.cut.Subject$GamePlace: void <init>(comp5111.assignment.cut.Subject,int,int)> ::: 7;<comp5111.assignment.cut.Subject$GamePlace: void <init>(comp5111.assignment.cut.Subject,int,int)> ::: 8;<comp5111.assignment.cut.Subject$GamePlace: void x(int)> ::: 2;<comp5111.assignment.cut.Subject$GamePlace: void x(int)> ::: 3;<comp5111.assignment.cut.Subject: void <init>()> ::: 1;<comp5111.assignment.cut.Subject: void <init>()> ::: 2
comp5111.assignment.cut.Subject_randoop111_RegressionTest0#test284	PASS	
comp5111.assignment.cut.Subject_randoop111_RegressionTest0#test285	PASS	<comp5111.assignment.cut.Subject$GamePlace: boolean isAdjacent(comp5111.assignment.cut.Subject$GamePlace)> ::: 2;<comp5111.assignment.cut.Subject$GamePlace: boolean isAdjacent(comp5111.assignment.cut.Subject$GamePlace)> ::: 3;<comp5111.assignment.cut.Subject$GamePlace: comp5111.assignment.cut.Subject$GamePlace clone()> ::: 1;<comp5111.assignment.cut.Subject$GamePlace: comp5111.assignment.cut.Subject$GamePlace clone()> ::: 2;<comp5111.assignment.cut.Subject$GamePlace: comp5111.assignment.cut.Subject$GamePlace clone()> ::: 3;<comp5111.assignment.cut.Subject$GamePlace: comp5111.assignment.cut.Subject$GamePlace clone()> ::: 4;<comp5111.assignment.cut.Subject$GamePlace: comp5111.assignment.cut.Subject$GamePlace clone()> ::: 5;<comp5111.assignment.cut.Subject$GamePlace: comp5111.assignment.cut.Subject$GamePlace clone()> ::: 6;<comp5111.assignment.cut.Subject$GamePlace: comp5111.assignment.cut.Subject$GamePlace clone()> ::: 7;<comp5111.assignment.cut.Subject$GamePlace: comp5111.assignment.cut.Subject$GamePlace clone()> ::: 8;<comp5111.assignment.cut.Subject$GamePlace: comp5111.assignment.cut.Subject$GamePlace clone()> ::: 9;<comp5111.assignment.cut.Subject$GamePlace: void <init>(comp5111.assignment.cut.Subject,int,int)> ::: 4;<comp5111.assignment.cut.Subject$GamePlace: void <init>(comp5111.assignment.cut.Subject,int,int)> ::: 5;<comp5111.assignment.cut.Subject$GamePlace: void <init>(comp5111.assignment.cut.Subject,int,int)> ::: 6;<comp5111.assignment.cut.Subject$GamePlace: void <init>(comp5111.assignment.cut.Subject,int,int)> ::: 7;<comp5111.assignment.cut.Subject$GamePlace: void <init>(comp5111.assignment.cut.Subject,int,int)> ::: 8;<comp5111.assignment.cut.Subject$GamePlace: void x(int)> ::: 2;<comp5111.assignment.cut.Subject$GamePlace: void x(int)> ::: 3;<comp5111.assignment.cut.Subject$GamePlace: void y(int)> ::: 2;<comp5111.assignment.cut.Subject$GamePlace: void y(int)> ::: 3;<comp5111.assignment.cut.Subject: void <init>()> ::: 1;<comp5111.assignment.cut.Subject: void <init>()> ::: 2
comp5111.assignment.cut.Subject_randoop111_RegressionTest0#test286	FAIL	<comp5111.assignment.cut.Subject$StringAlgorithms: int extractIntInStr(java.lang.String)> ::: 1;<comp5111.assignment.cut.Subject$StringAlgorithms: int extractIntInStr(java.lang.String)> ::: 10;<comp5111.assignment.cut.Subject$StringAlgorithms: int extractIntInStr(java.lang.String)> ::: 11;<comp5111.assignment.cut.Subject$StringAlgorithms: int extractIntInStr(java.lang.String)> ::: 12;<comp5111.assignment.cut.Subject$StringAlgorithms: int extractIntInStr(java.lang.String)> ::: 13;<comp5111.assignment.cut.Subject$StringAlgorithms: int extractIntInStr(java.lang.String)> ::: 14;<comp5111.assignment.cut.Subject$StringAlgorithms: int extractIntInStr(java.lang.String)> ::: 15;<comp5111.assignment.cut.Subject$StringAlgorithms: int extractIntInStr(java.lang.String)> ::: 16;<comp5111.assignment.cut.Subject$StringAlgorithms: int extractIntInStr(java.lang.String)> ::: 17;<comp5111.assignment.cut.Subject$StringAlgorithms: int extractIntInStr(java.lang.String)> ::: 2;<comp5111.assignment.cut.Subject$StringAlgorithms: int extractIntInStr(java.lang.String)> ::: 3;<comp5111.assignment.cut.Subject$StringAlgorithms: int extractIntInStr(java.lang.String)> ::: 5;<comp5111.assignment.cut.Subject$StringAlgorithms: int extractIntInStr(java.lang.String)> ::: 6;<comp5111.assignment.cut.Subject$StringAlgorithms: int extractIntInStr(java.lang.String)> ::: 7;<comp5111.assignment.cut.Subject$StringAlgorithms: int extractIntInStr(java.lang.String)> ::: 8;<comp5111.assignment.cut.Subject$StringAlgorithms: int extractIntInStr(java.lang.String)> ::: 9;<comp5111.assignment.cut.Subject$StringAlgorithms: int[] getVersionNo(java.lang.String)> ::: 1;<comp5111.assignment.cut.Subject$StringAlgorithms: int[] getVersionNo(java.lang.String)> ::: 10;<comp5111.assignment.cut.Subject$StringAlgorithms: int[] getVersionNo(java.lang.String)> ::: 11;<comp5111.assignment.cut.Subject$StringAlgorithms: int[] getVersionNo(java.lang.String)> ::: 12;<comp5111.assignment.cut.Subject$StringAlgorithms: int[] getVersionNo(java.lang.String)> ::: 14;<comp5111.assignment.cut.Subject$StringAlgorithms: int[] getVersionNo(java.lang.String)> ::: 15;<comp5111.assignment.cut.Subject$StringAlgorithms: int[] getVersionNo(java.lang.String)> ::: 16;<comp5111.assignment.cut.Subject$StringAlgorithms: int[] getVersionNo(java.lang.String)> ::: 17;<comp5111.assignment.cut.Subject$StringAlgorithms: int[] getVersionNo(java.lang.String)> ::: 2;<comp5111.assignment.cut.Subject$StringAlgorithms: int[] getVersionNo(java.lang.String)> ::: 22;<comp5111.assignment.cut.Subject$StringAlgorithms: int[] getVersionNo(java.lang.String)> ::: 23;<comp5111.assignment.cut.Subject$StringAlgorithms: int[] getVersionNo(java.lang.String)> ::: 24;<comp5111.assignment.cut.Subject$StringAlgorithms: int[] getVersionNo(java.lang.String)> ::: 25;<comp5111.assignment.cut.Subject$StringAlgorithms: int[] getVersionNo(java.lang.String)> ::: 26;<comp5111.assignment.cut.Subject$StringAlgorithms: int[] getVersionNo(java.lang.String)> ::: 27;<comp5111.assignment.cut.Subject$StringAlgorithms: int[] getVersionNo(java.lang.String)> ::: 3;<comp5111.assignment.cut.Subject$StringAlgorithms: int[] getVersionNo(java.lang.String)> ::: 5;<comp5111.assignment.cut.Subject$StringAlgorithms: int[] getVersionNo(java.lang.String)> ::: 6;<comp5111.assignment.cut.Subject$StringAlgorithms: int[] getVersionNo(java.lang.String)> ::: 7;<comp5111.assignment.cut.Subject$StringAlgorithms: int[] getVersionNo(java.lang.String)> ::: 8;<comp5111.assignment.cut.Subject$StringAlgorithms: int[] getVersionNo(java.lang.String)> ::: 9
comp5111.assignment.cut.Subject_randoop111_RegressionTest0#test287	PASS	<comp5111.assignment.cut.Subject$DateTimeAlgorithms: java.lang.String firstDayOfMonth(int,int)> ::: 10;<comp5111.assignment.cut.Subject$DateTimeAlgorithms: java.lang.String firstDayOfMonth(int,int)> ::: 11;<comp5111.assignment.cut.Subject$DateTimeAlgorithms: java.lang.String firstDayOfMonth(int,int)> ::: 2;<comp5111.assignment.cut.Subject$DateTimeAlgorithms: java.lang.String firstDayOfMonth(int,int)> ::: 3;<comp5111.assignment.cut.Subject$DateTimeAlgorithms: java.lang.String firstDayOfMonth(int,int)> ::: 5;<comp5111.assignment.cut.Subject$DateTimeAlgorithms: java.lang.String firstDayOfMonth(int,int)> ::: 6;<comp5111.assignment.cut.Subject$DateTimeAlgorithms: java.lang.String firstDayOfMonth(int,int)> ::: 7;<comp5111.assignment.cut.Subject$DateTimeAlgorithms: java.lang.String firstDayOfMonth(int,int)> ::: 8;<comp5111.assignment.cut.Subject$DateTimeAlgorithms: java.lang.String firstDayOfMonth(int,int)> ::: 9
comp5111.assignment.cut.Subject_randoop111_RegressionTest0#test288	PASS	<comp5111.assignment.cut.Subject$StringAlgorithms: java.lang.Boolean strToBoolean(java.lang.String)> ::: 1;<comp5111.assignment.cut.Subject$StringAlgorithms: java.lang.Boolean strToBoolean(java.lang.String)> ::: 18;<comp5111.assignment.cut.Subject$StringAlgorithms: java.lang.Boolean strToBoolean(java.lang.String)> ::: 19;<comp5111.assignment.cut.Subject$StringAlgorithms: java.lang.Boolean strToBoolean(java.lang.String)> ::: 3;<comp5111.assignment.cut.Subject$StringAlgorithms: java.lang.Boolean strToBoolean(java.lang.String)> ::: 34;<comp5111.assignment.cut.Subject$StringAlgorithms: java.lang.Boolean strToBoolean(java.lang.String)> ::: 35;<comp5111.assignment.cut.Subject$StringAlgorithms: java.lang.Boolean strToBoolean(java.lang.String)> ::: 36;<comp5111.assignment.cut.Subject$StringAlgorithms: java.lang.Boolean strToBoolean(java.lang.String)> ::: 37;<comp5111.assignment.cut.Subject$StringAlgorithms: java.lang.Boolean strToBoolean(java.lang.String)> ::: 38;<comp5111.assignment.cut.Subject$StringAlgorithms: java.lang.Boolean strToBoolean(java.lang.String)> ::: 39;<comp5111.assignment.cut.Subject$StringAlgorithms: java.lang.Boolean strToBoolean(java.lang.String)> ::: 4;<comp5111.assignment.cut.Subject$StringAlgorithms: java.lang.Boolean strToBoolean(java.lang.String)> ::: 40;<comp5111.assignment.cut.Subject$StringAlgorithms: java.lang.Boolean strToBoolean(java.lang.String)> ::: 47;<comp5111.assignment.cut.Subject$StringAlgorithms: java.lang.Boolean strToBoolean(java.lang.String)> ::: 48;<comp5111.assignment.cut.Subject$StringAlgorithms: java.lang.Boolean strToBoolean(java.lang.String)> ::: 90
comp5111.assignment.cut.Subject_randoop111_RegressionTest0#test289	PASS	<comp5111.assignment.cut.Subject$DateTimeAlgorithms: boolean checkValidDate(int,int,int)> ::: 3;<comp5111.assignment.cut.Subject$DateTimeAlgorithms: boolean checkValidDate(int,int,int)> ::: 5;<comp5111.assignment.cut.Subject$DateTimeAlgorithms: int daysBetweenDates(int,int,int,int,int,int)> ::: 12;<comp5111.assignment.cut.Subject$DateTimeAlgorithms: int daysBetweenDates(int,int,int,int,int,int)> ::: 13;<comp5111.assignment.cut.Subject$DateTimeAlgorithms: int daysBetweenDates(int,int,int,int,int,int)> ::: 14;<comp5111.assignment.cut.Subject$DateTimeAlgorithms: int daysBetweenDates(int,int,int,int,int,int)> ::: 6;<comp5111.assignment.cut.Subject$DateTimeAlgorithms: int daysBetweenDates(int,int,int,int,int,int)> ::: 7;<comp5111.assignment.cut.Subject$DateTimeAlgorithms: int daysBetweenDates(int,int,int,int,int,int)> ::: 8;<comp5111.assignment.cut.Subject$DateTimeAlgorithms: int daysBetweenDates(int,int,int,int,int,int)> ::: 9
comp5111.assignment.cut.Subject_randoop111_RegressionTest0#test290	PASS	<comp5111.assignment.cut.Subject$StringAlgorithms: int decodeOctets(int,java.nio.ByteBuffer,java.lang.StringBuilder)> ::: 3
comp5111.assignment.cut.Subject_randoop111_RegressionTest0#test291	PASS	<comp5111.assignment.cut.Subject$StringAlgorithms: java.lang.Number parseNumber(java.lang.String)> ::: 1;<comp5111.assignment.cut.Subject$StringAlgorithms: java.lang.Number parseNumber(java.lang.String)> ::: 10;<comp5111.assignment.cut.Subject$StringAlgorithms: java.lang.Number parseNumber(java.lang.String)> ::: 105;<comp5111.assignment.cut.Subject$StringAlgorithms: java.lang.Number parseNumber(java.lang.String)> ::: 11;<comp5111.assignment.cut.Subject$StringAlgorithms: java.lang.Number parseNumber(java.lang.String)> ::: 112;<comp5111.assignment.cut.Subject$StringAlgorithms: java.lang.Number parseNumber(java.lang.String)> ::: 113;<comp5111.assignment.cut.Subject$StringAlgorithms: java.lang.Number parseNumber(java.lang.String)> ::: 114;<comp5111.assignment.cut.Subject$StringAlgorithms: java.lang.Number parseNumber(java.lang.String)> ::: 115;<comp5111.assignment.cut.Subject$StringAlgorithms: java.lang.Number parseNumber(java.lang.String)> ::: 116;<comp5111.assignment.cut.Subject$StringAlgorithms: java.lang.Number parseNumber(java.lang.String)> ::: 13;<comp5111.assignment.cut.Subject$StringAlgorithms: java.lang.Number parseNumber(java.lang.String)> ::: 14;<comp5111.assignment.cut.Subject$StringAlgorithms: java.lang.Number parseNumber(java.lang.String)> ::: 15;<comp5111.assignment.cut.Subject$StringAlgorithms: java.lang.Number parseNumber(java.lang.String)> ::: 16;<comp5111.assignment.cut.Subject$StringAlgorithms: java.lang.Number parseNumber(java.lang.String)> ::: 19;<comp5111.assignment.cut.Subject$StringAlgorithms: java.lang.Number parseNumber(java.lang.String)> ::: 2;<comp5111.assignment.cut.Subject$StringAlgorithms: java.lang.Number parseNumber(java.lang.String)> ::: 20;<comp5111.assignment.cut.Subject$StringAlgorithms: java.lang.Number parseNumber(java.lang.String)> ::: 21;<comp5111.assignment.cut.Subject$StringAlgorithms: java.lang.Number parseNumber(java.lang.String)> ::: 22;<comp5111.assignment.cut.Subject$StringAlgorithms: java.lang.Number parseNumber(java.lang.String)> ::: 23;<comp5111.assignment.cut.Subject$StringAlgorithms: java.lang.Number parseNumber(java.lang.String)> ::: 24;<comp5111.assignment.cut.Subject$StringAlgorithms: java.lang.Number parseNumber(java.lang.String)> ::: 25;<comp5111.assignment.cut.Subject$StringAlgorithms: java.lang.Number parseNumber(java.lang.String)> ::: 26;<comp5111.assignment.cut.Subject$StringAlgorithms: java.lang.Number parseNumber(java.lang.String)> ::: 27;<comp5111.assignment.cut.Subject$StringAlgorithms: java.lang.Number parseNumber(java.lang.String)> ::: 3;<comp5111.assignment.cut.Subject$StringAlgorithms: java.lang.Number parseNumber(java.lang.String)> ::: 39;<comp5111.assignment.cut.Subject$StringAlgorithms: java.lang.Number parseNumber(java.lang.String)> ::: 4;<comp5111.assignment.cut.Subject$StringAlgorithms: java.lang.Number parseNumber(java.lang.String)> ::: 40;<comp5111.assignment.cut.Subject$StringAlgorithms: java.lang.Number parseNumber(java.lang.String)> ::: 41;<comp5111.assignment.cut.Subject$StringAlgorithms: java.lang.Number parseNumber(java.lang.String)> ::: 5
comp5111.assignment.cut.Subject_randoop111_RegressionTest0#test292	PASS	<comp5111.assignment.cut.Subject$StringAlgorithms: java.lang.Number parseNumber(java.lang.String)> ::: 1;<comp5111.assignment.cut.Subject$StringAlgorithms: java.lang.Number parseNumber(java.lang.String)> ::: 10;<comp5111.assignment.cut.Subject$StringAlgorithms: java.lang.Number parseNumber(java.lang.String)> ::: 105;<comp5111.assignment.cut.Subject$StringAlgorithms: java.lang.Number parseNumber(java.lang.String)> ::: 11;<comp5111.assignment.cut.Subject$StringAlgorithms: java.lang.Number parseNumber(java.lang.String)> ::: 112;<comp5111.assignment.cut.Subject$StringAlgorithms: java.lang.Number parseNumber(java.lang.String)> ::: 113;<comp5111.assignment.cut.Subject$StringAlgorithms: java.lang.Number parseNumber(java.lang.String)> ::: 114;<comp5111.assignment.cut.Subject$StringAlgorithms: java.lang.Number parseNumber(java.lang.String)> ::: 115;<comp5111.assignment.cut.Subject$StringAlgorithms: java.lang.Number parseNumber(java.lang.String)> ::: 116;<comp5111.assignment.cut.Subject$StringAlgorithms: java.lang.Number parseNumber(java.lang.String)> ::: 13;<comp5111.assignment.cut.Subject$StringAlgorithms: java.lang.Number parseNumber(java.lang.String)> ::: 14;<comp5111.assignment.cut.Subject$StringAlgorithms: java.lang.Number parseNumber(java.lang.String)> ::: 15;<comp5111.assignment.cut.Subject$StringAlgorithms: java.lang.Number parseNumber(java.lang.String)> ::: 16;<comp5111.assignment.cut.Subject$StringAlgorithms: java.lang.Number parseNumber(java.lang.String)> ::: 19;<comp5111.assignment.cut.Subject$StringAlgorithms: java.lang.Number parseNumber(java.lang.String)> ::: 2;<comp5111.assignment.cut.Subject$StringAlgorithms: java.lang.Number parseNumber(java.lang.String)> ::: 20;<comp5111.assignment.cut.Subject$StringAlgorithms: java.lang.Number parseNumber(java.lang.String)> ::: 21;<comp5111.assignment.cut.Subject$StringAlgorithms: java.lang.Number parseNumber(java.lang.String)> ::: 22;<comp5111.assignment.cut.Subject$StringAlgorithms: java.lang.Number parseNumber(java.lang.String)> ::: 23;<comp5111.assignment.cut.Subject$StringAlgorithms: java.lang.Number parseNumber(java.lang.String)> ::: 24;<comp5111.assignment.cut.Subject$StringAlgorithms: java.lang.Number parseNumber(java.lang.String)> ::: 25;<comp5111.assignment.cut.Subject$StringAlgorithms: java.lang.Number parseNumber(java.lang.String)> ::: 26;<comp5111.assignment.cut.Subject$StringAlgorithms: java.lang.Number parseNumber(java.lang.String)> ::: 27;<comp5111.assignment.cut.Subject$StringAlgorithms: java.lang.Number parseNumber(java.lang.String)> ::: 3;<comp5111.assignment.cut.Subject$StringAlgorithms: java.lang.Number parseNumber(java.lang.String)> ::: 39;<comp5111.assignment.cut.Subject$StringAlgorithms: java.lang.Number parseNumber(java.lang.String)> ::: 4;<comp5111.assignment.cut.Subject$StringAlgorithms: java.lang.Number parseNumber(java.lang.String)> ::: 40;<comp5111.assignment.cut.Subject$StringAlgorithms: java.lang.Number parseNumber(java.lang.String)> ::: 41;<comp5111.assignment.cut.Subject$StringAlgorithms: java.lang.Number parseNumber(java.lang.String)> ::: 5
comp5111.assignment.cut.Subject_randoop111_RegressionTest0#test293	PASS	<comp5111.assignment.cut.Subject$StringAlgorithms: java.lang.String padRight(java.lang.String,short,char)> ::: 10;<comp5111.assignment.cut.Subject$StringAlgorithms: java.lang.String padRight(java.lang.String,short,char)> ::: 11;<comp5111.assignment.cut.Subject$StringAlgorithms: java.lang.String padRight(java.lang.String,short,char)> ::: 12;<comp5111.assignment.cut.Subject$StringAlgorithms: java.lang.String padRight(java.lang.String,short,char)> ::: 13;<comp5111.assignment.cut.Subject$StringAlgorithms: java.lang.String padRight(java.lang.String,short,char)> ::: 14;<comp5111.assignment.cut.Subject$StringAlgorithms: java.lang.String padRight(java.lang.String,short,char)> ::: 15;<comp5111.assignment.cut.Subject$StringAlgorithms: java.lang.String padRight(java.lang.String,short,char)> ::: 16;<comp5111.assignment.cut.Subject$StringAlgorithms: java.lang.String padRight(java.lang.String,short,char)> ::: 17;<comp5111.assignment.cut.Subject$StringAlgorithms: java.lang.String padRight(java.lang.String,short,char)> ::: 18;<comp5111.assignment.cut.Subject$StringAlgorithms: java.lang.String padRight(java.lang.String,short,char)> ::: 3;<comp5111.assignment.cut.Subject$StringAlgorithms: java.lang.String padRight(java.lang.String,short,char)> ::: 5;<comp5111.assignment.cut.Subject$StringAlgorithms: java.lang.String padRight(java.lang.String,short,char)> ::: 6;<comp5111.assignment.cut.Subject$StringAlgorithms: java.lang.String padRight(java.lang.String,short,char)> ::: 7;<comp5111.assignment.cut.Subject$StringAlgorithms: java.lang.String padRight(java.lang.String,short,char)> ::: 9
comp5111.assignment.cut.Subject_randoop111_RegressionTest0#test294	PASS	<comp5111.assignment.cut.Subject$DateTimeAlgorithms: int getQuarter(int)> ::: 1;<comp5111.assignment.cut.Subject$DateTimeAlgorithms: int getQuarter(int)> ::: 2;<comp5111.assignment.cut.Subject$DateTimeAlgorithms: int getQuarter(int)> ::: 3
comp5111.assignment.cut.Subject_randoop111_RegressionTest0#test295	PASS	<comp5111.assignment.cut.Subject$DateTimeAlgorithms: int monthsBetween(int,int,int,int)> ::: 10;<comp5111.assignment.cut.Subject$DateTimeAlgorithms: int monthsBetween(int,int,int,int)> ::: 11;<comp5111.assignment.cut.Subject$DateTimeAlgorithms: int monthsBetween(int,int,int,int)> ::: 12;<comp5111.assignment.cut.Subject$DateTimeAlgorithms: int monthsBetween(int,int,int,int)> ::: 13;<comp5111.assignment.cut.Subject$DateTimeAlgorithms: int monthsBetween(int,int,int,int)> ::: 4;<comp5111.assignment.cut.Subject$DateTimeAlgorithms: int monthsBetween(int,int,int,int)> ::: 5;<comp5111.assignment.cut.Subject$DateTimeAlgorithms: int monthsBetween(int,int,int,int)> ::: 6;<comp5111.assignment.cut.Subject$DateTimeAlgorithms: int monthsBetween(int,int,int,int)> ::: 7;<comp5111.assignment.cut.Subject$DateTimeAlgorithms: int monthsBetween(int,int,int,int)> ::: 9
comp5111.assignment.cut.Subject_randoop111_RegressionTest0#test296	PASS	<comp5111.assignment.cut.Subject$StringAlgorithms: java.lang.String padRight(java.lang.String,short,char)> ::: 3;<comp5111.assignment.cut.Subject$StringAlgorithms: java.lang.String padRight(java.lang.String,short,char)> ::: 5;<comp5111.assignment.cut.Subject$StringAlgorithms: java.lang.String padRight(java.lang.String,short,char)> ::: 6;<comp5111.assignment.cut.Subject$StringAlgorithms: java.lang.String padRight(java.lang.String,short,char)> ::: 7;<comp5111.assignment.cut.Subject$StringAlgorithms: java.lang.String padRight(java.lang.String,short,char)> ::: 8
comp5111.assignment.cut.Subject_randoop111_RegressionTest0#test297	PASS	<comp5111.assignment.cut.Subject$StringAlgorithms: java.lang.Boolean strToBoolean(java.lang.String,java.lang.String,java.lang.String,java.lang.String)> ::: 13;<comp5111.assignment.cut.Subject$StringAlgorithms: java.lang.Boolean strToBoolean(java.lang.String,java.lang.String,java.lang.String,java.lang.String)> ::: 14;<comp5111.assignment.cut.Subject$StringAlgorithms: java.lang.Boolean strToBoolean(java.lang.String,java.lang.String,java.lang.String,java.lang.String)> ::: 17;<comp5111.assignment.cut.Subject$StringAlgorithms: java.lang.Boolean strToBoolean(java.lang.String,java.lang.String,java.lang.String,java.lang.String)> ::: 18;<comp5111.assignment.cut.Subject$StringAlgorithms: java.lang.Boolean strToBoolean(java.lang.String,java.lang.String,java.lang.String,java.lang.String)> ::: 21;<comp5111.assignment.cut.Subject$StringAlgorithms: java.lang.Boolean strToBoolean(java.lang.String,java.lang.String,java.lang.String,java.lang.String)> ::: 22;<comp5111.assignment.cut.Subject$StringAlgorithms: java.lang.Boolean strToBoolean(java.lang.String,java.lang.String,java.lang.String,java.lang.String)> ::: 24;<comp5111.assignment.cut.Subject$StringAlgorithms: java.lang.Boolean strToBoolean(java.lang.String,java.lang.String,java.lang.String,java.lang.String)> ::: 25;<comp5111.assignment.cut.Subject$StringAlgorithms: java.lang.Boolean strToBoolean(java.lang.String,java.lang.String,java.lang.String,java.lang.String)> ::: 26;<comp5111.assignment.cut.Subject$StringAlgorithms: java.lang.Boolean strToBoolean(java.lang.String,java.lang.String,java.lang.String,java.lang.String)> ::: 4
comp5111.assignment.cut.Subject_randoop111_RegressionTest0#test298	PASS	<comp5111.assignment.cut.Subject$StringAlgorithms: java.lang.Boolean strToBoolean(java.lang.String,java.lang.String,java.lang.String,java.lang.String)> ::: 13;<comp5111.assignment.cut.Subject$StringAlgorithms: java.lang.Boolean strToBoolean(java.lang.String,java.lang.String,java.lang.String,java.lang.String)> ::: 14;<comp5111.assignment.cut.Subject$StringAlgorithms: java.lang.Boolean strToBoolean(java.lang.String,java.lang.String,java.lang.String,java.lang.String)> ::: 15;<comp5111.assignment.cut.Subject$StringAlgorithms: java.lang.Boolean strToBoolean(java.lang.String,java.lang.String,java.lang.String,java.lang.String)> ::: 16;<comp5111.assignment.cut.Subject$StringAlgorithms: java.lang.Boolean strToBoolean(java.lang.String,java.lang.String,java.lang.String,java.lang.String)> ::: 4
comp5111.assignment.cut.Subject_randoop111_RegressionTest0#test299	PASS	<comp5111.assignment.cut.Subject$StringAlgorithms: java.lang.String padRight(java.lang.String,short,char)> ::: 3;<comp5111.assignment.cut.Subject$StringAlgorithms: java.lang.String padRight(java.lang.String,short,char)> ::: 5;<comp5111.assignment.cut.Subject$StringAlgorithms: java.lang.String padRight(java.lang.String,short,char)> ::: 6;<comp5111.assignment.cut.Subject$StringAlgorithms: java.lang.String padRight(java.lang.String,short,char)> ::: 7;<comp5111.assignment.cut.Subject$StringAlgorithms: java.lang.String padRight(java.lang.String,short,char)> ::: 8
comp5111.assignment.cut.Subject_randoop111_RegressionTest0#test300	PASS	<comp5111.assignment.cut.Subject$DateTimeAlgorithms: int monthsBetween(int,int,int,int)> ::: 4;<comp5111.assignment.cut.Subject$DateTimeAlgorithms: int monthsBetween(int,int,int,int)> ::: 8
comp5111.assignment.cut.Subject_randoop111_RegressionTest0#test301	PASS	<comp5111.assignment.cut.Subject$DateTimeAlgorithms: java.lang.String dayStr(int)> ::: 1;<comp5111.assignment.cut.Subject$DateTimeAlgorithms: java.lang.String dayStr(int)> ::: 10;<comp5111.assignment.cut.Subject$DateTimeAlgorithms: java.lang.String dayStr(int)> ::: 11;<comp5111.assignment.cut.Subject$DateTimeAlgorithms: java.lang.String dayStr(int)> ::: 14;<comp5111.assignment.cut.Subject$DateTimeAlgorithms: java.lang.String dayStr(int)> ::: 15;<comp5111.assignment.cut.Subject$DateTimeAlgorithms: java.lang.String dayStr(int)> ::: 18;<comp5111.assignment.cut.Subject$DateTimeAlgorithms: java.lang.String dayStr(int)> ::: 19;<comp5111.assignment.cut.Subject$DateTimeAlgorithms: java.lang.String dayStr(int)> ::: 2;<comp5111.assignment.cut.Subject$DateTimeAlgorithms: java.lang.String dayStr(int)> ::: 20;<comp5111.assignment.cut.Subject$DateTimeAlgorithms: java.lang.String dayStr(int)> ::: 21;<comp5111.assignment.cut.Subject$DateTimeAlgorithms: java.lang.String dayStr(int)> ::: 22;<comp5111.assignment.cut.Subject$DateTimeAlgorithms: java.lang.String dayStr(int)> ::: 3;<comp5111.assignment.cut.Subject$DateTimeAlgorithms: java.lang.String dayStr(int)> ::: 6;<comp5111.assignment.cut.Subject$DateTimeAlgorithms: java.lang.String dayStr(int)> ::: 7
comp5111.assignment.cut.Subject_randoop111_RegressionTest0#test302	PASS	<comp5111.assignment.cut.Subject$GamePlace: boolean isAdjacent(comp5111.assignment.cut.Subject$GamePlace)> ::: 10;<comp5111.assignment.cut.Subject$GamePlace: boolean isAdjacent(comp5111.assignment.cut.Subject$GamePlace)> ::: 11;<comp5111.assignment.cut.Subject$GamePlace: boolean isAdjacent(comp5111.assignment.cut.Subject$GamePlace)> ::: 12;<comp5111.assignment.cut.Subject$GamePlace: boolean isAdjacent(comp5111.assignment.cut.Subject$GamePlace)> ::: 13;<comp5111.assignment.cut.Subject$GamePlace: boolean isAdjacent(comp5111.assignment.cut.Subject$GamePlace)> ::: 15;<comp5111.assignment.cut.Subject$GamePlace: boolean isAdjacent(comp5111.assignment.cut.Subject$GamePlace)> ::: 2;<comp5111.assignment.cut.Subject$GamePlace: boolean isAdjacent(comp5111.assignment.cut.Subject$GamePlace)> ::: 3;<comp5111.assignment.cut.Subject$GamePlace: boolean isAdjacent(comp5111.assignment.cut.Subject$GamePlace)> ::: 4;<comp5111.assignment.cut.Subject$GamePlace: boolean isAdjacent(comp5111.assignment.cut.Subject$GamePlace)> ::: 5;<comp5111.assignment.cut.Subject$GamePlace: boolean isAdjacent(comp5111.assignment.cut.Subject$GamePlace)> ::: 6;<comp5111.assignment.cut.Subject$GamePlace: boolean isAdjacent(comp5111.assignment.cut.Subject$GamePlace)> ::: 7;<comp5111.assignment.cut.Subject$GamePlace: boolean isAdjacent(comp5111.assignment.cut.Subject$GamePlace)> ::: 8;<comp5111.assignment.cut.Subject$GamePlace: boolean isAdjacent(comp5111.assignment.cut.Subject$GamePlace)> ::: 9;<comp5111.assignment.cut.Subject$GamePlace: comp5111.assignment.cut.Subject$GamePlace clone()> ::: 1;<comp5111.assignment.cut.Subject$GamePlace: comp5111.assignment.cut.Subject$GamePlace clone()> ::: 2;<comp5111.assignment.cut.Subject$GamePlace: comp5111.assignment.cut.Subject$GamePlace clone()> ::: 3;<comp5111.assignment.cut.Subject$GamePlace: comp5111.assignment.cut.Subject$GamePlace clone()> ::: 4;<comp5111.assignment.cut.Subject$GamePlace: comp5111.assignment.cut.Subject$GamePlace clone()> ::: 5;<comp5111.assignment.cut.Subject$GamePlace: comp5111.assignment.cut.Subject$GamePlace clone()> ::: 6;<comp5111.assignment.cut.Subject$GamePlace: comp5111.assignment.cut.Subject$GamePlace clone()> ::: 7;<comp5111.assignment.cut.Subject$GamePlace: comp5111.assignment.cut.Subject$GamePlace clone()> ::: 8;<comp5111.assignment.cut.Subject$GamePlace: comp5111.assignment.cut.Subject$GamePlace clone()> ::: 9;<comp5111.assignment.cut.Subject$GamePlace: int manhattanDistance(comp5111.assignment.cut.Subject$GamePlace)> ::: 10;<comp5111.assignment.cut.Subject$GamePlace: int manhattanDistance(comp5111.assignment.cut.Subject$GamePlace)> ::: 11;<comp5111.assignment.cut.Subject$GamePlace: int manhattanDistance(comp5111.assignment.cut.Subject$GamePlace)> ::: 12;<comp5111.assignment.cut.Subject$GamePlace: int manhattanDistance(comp5111.assignment.cut.Subject$GamePlace)> ::: 13;<comp5111.assignment.cut.Subject$GamePlace: int manhattanDistance(comp5111.assignment.cut.Subject$GamePlace)> ::: 2;<comp5111.assignment.cut.Subject$GamePlace: int manhattanDistance(comp5111.assignment.cut.Subject$GamePlace)> ::: 4;<comp5111.assignment.cut.Subject$GamePlace: int manhattanDistance(comp5111.assignment.cut.Subject$GamePlace)> ::: 5;<comp5111.assignment.cut.Subject$GamePlace: int manhattanDistance(comp5111.assignment.cut.Subject$GamePlace)> ::: 6;<comp5111.assignment.cut.Subject$GamePlace: int manhattanDistance(comp5111.assignment.cut.Subject$GamePlace)> ::: 7;<comp5111.assignment.cut.Subject$GamePlace: int manhattanDistance(comp5111.assignment.cut.Subject$GamePlace)> ::: 8;<comp5111.assignment.cut.Subject$GamePlace: int manhattanDistance(comp5111.assignment.cut.Subject$GamePlace)> ::: 9;<comp5111.assignment.cut.Subject$GamePlace: java.lang.String toString()> ::: 1;<comp5111.assignment.cut.Subject$GamePlace: java.lang.String toString()> ::: 2;<comp5111.assignment.cut.Subject$GamePlace: java.lang.String toString()> ::: 3;<comp5111.assignment.cut.Subject$GamePlace: java.lang.String toString()> ::: 4;<comp5111.assignment.cut.Subject$GamePlace: void <init>(comp5111.assignment.cut.Subject,int,int)> ::: 4;<comp5111.assignment.cut.Subject$GamePlace: void <init>(comp5111.assignment.cut.Subject,int,int)> ::: 5;<comp5111.assignment.cut.Subject$GamePlace: void <init>(comp5111.assignment.cut.Subject,int,int)> ::: 6;<comp5111.assignment.cut.Subject$GamePlace: void <init>(comp5111.assignment.cut.Subject,int,int)> ::: 7;<comp5111.assignment.cut.Subject$GamePlace: void <init>(comp5111.assignment.cut.Subject,int,int)> ::: 8;<comp5111.assignment.cut.Subject$GamePlace: void y(int)> ::: 2;<comp5111.assignment.cut.Subject$GamePlace: void y(int)> ::: 3;<comp5111.assignment.cut.Subject: void <init>()> ::: 1;<comp5111.assignment.cut.Subject: void <init>()> ::: 2
comp5111.assignment.cut.Subject_randoop111_RegressionTest0#test303	PASS	<comp5111.assignment.cut.Subject$DateTimeAlgorithms: int getQuarter(int)> ::: 1;<comp5111.assignment.cut.Subject$DateTimeAlgorithms: int getQuarter(int)> ::: 3
comp5111.assignment.cut.Subject_randoop111_RegressionTest0#test304	PASS	<comp5111.assignment.cut.Subject$StringAlgorithms: java.lang.String padLeft(java.lang.String,short,char)> ::: 3;<comp5111.assignment.cut.Subject$StringAlgorithms: java.lang.String padLeft(java.lang.String,short,char)> ::: 5;<comp5111.assignment.cut.Subject$StringAlgorithms: java.lang.String padLeft(java.lang.String,short,char)> ::: 6;<comp5111.assignment.cut.Subject$StringAlgorithms: java.lang.String padLeft(java.lang.String,short,char)> ::: 7;<comp5111.assignment.cut.Subject$StringAlgorithms: java.lang.String padLeft(java.lang.String,short,char)> ::: 8
comp5111.assignment.cut.Subject_randoop111_RegressionTest0#test305	PASS	<comp5111.assignment.cut.Subject$GameConfiguration: void <init>(comp5111.assignment.cut.Subject,int)> ::: 10;<comp5111.assignment.cut.Subject$GameConfiguration: void <init>(comp5111.assignment.cut.Subject,int)> ::: 3;<comp5111.assignment.cut.Subject$GameConfiguration: void <init>(comp5111.assignment.cut.Subject,int)> ::: 4;<comp5111.assignment.cut.Subject$GameConfiguration: void <init>(comp5111.assignment.cut.Subject,int)> ::: 5;<comp5111.assignment.cut.Subject$GameConfiguration: void <init>(comp5111.assignment.cut.Subject,int)> ::: 6;<comp5111.assignment.cut.Subject$GameConfiguration: void <init>(comp5111.assignment.cut.Subject,int)> ::: 7;<comp5111.assignment.cut.Subject$GameConfiguration: void <init>(comp5111.assignment.cut.Subject,int)> ::: 8;<comp5111.assignment.cut.Subject$GameConfiguration: void <init>(comp5111.assignment.cut.Subject,int)> ::: 9;<comp5111.assignment.cut.Subject$GameConfiguration: void <init>(comp5111.assignment.cut.Subject,int,comp5111.assignment.cut.Subject$GamePlayer[])> ::: 4;<comp5111.assignment.cut.Subject$GameConfiguration: void <init>(comp5111.assignment.cut.Subject,int,comp5111.assignment.cut.Subject$GamePlayer[])> ::: 5;<comp5111.assignment.cut.Subject$GameConfiguration: void <init>(comp5111.assignment.cut.Subject,int,comp5111.assignment.cut.Subject$GamePlayer[])> ::: 6;<comp5111.assignment.cut.Subject$GameConfiguration: void <init>(comp5111.assignment.cut.Subject,int,comp5111.assignment.cut.Subject$GamePlayer[])> ::: 7;<comp5111.assignment.cut.Subject$GameConfiguration: void <init>(comp5111.assignment.cut.Subject,int,comp5111.assignment.cut.Subject$GamePlayer[])> ::: 8;<comp5111.assignment.cut.Subject$GameConfiguration: void <init>(comp5111.assignment.cut.Subject,int,comp5111.assignment.cut.Subject$GamePlayer[])> ::: 9;<comp5111.assignment.cut.Subject$GamePlayer: void <init>(comp5111.assignment.cut.Subject,java.lang.String)> ::: 3;<comp5111.assignment.cut.Subject$GamePlayer: void <init>(comp5111.assignment.cut.Subject,java.lang.String)> ::: 4;<comp5111.assignment.cut.Subject$GamePlayer: void <init>(comp5111.assignment.cut.Subject,java.lang.String)> ::: 5;<comp5111.assignment.cut.Subject$GamePlayer: void <init>(comp5111.assignment.cut.Subject,java.lang.String)> ::: 6;<comp5111.assignment.cut.Subject: void <init>()> ::: 1;<comp5111.assignment.cut.Subject: void <init>()> ::: 2
comp5111.assignment.cut.Subject_randoop111_RegressionTest0#test306	PASS	<comp5111.assignment.cut.Subject$DateTimeAlgorithms: int calcDaysInMonth(int,int)> ::: 2;<comp5111.assignment.cut.Subject$DateTimeAlgorithms: int calcDaysInMonth(int,int)> ::: 4
comp5111.assignment.cut.Subject_randoop111_RegressionTest0#test307	PASS	<comp5111.assignment.cut.Subject$GamePlayer: int getScore()> ::: 1;<comp5111.assignment.cut.Subject$GamePlayer: int getScore()> ::: 2;<comp5111.assignment.cut.Subject$GamePlayer: void <init>(comp5111.assignment.cut.Subject,java.lang.String)> ::: 3;<comp5111.assignment.cut.Subject$GamePlayer: void <init>(comp5111.assignment.cut.Subject,java.lang.String)> ::: 4;<comp5111.assignment.cut.Subject$GamePlayer: void <init>(comp5111.assignment.cut.Subject,java.lang.String)> ::: 5;<comp5111.assignment.cut.Subject$GamePlayer: void <init>(comp5111.assignment.cut.Subject,java.lang.String)> ::: 6;<comp5111.assignment.cut.Subject$GamePlayer: void addScore(int)> ::: 2;<comp5111.assignment.cut.Subject$GamePlayer: void addScore(int)> ::: 3;<comp5111.assignment.cut.Subject$GamePlayer: void addScore(int)> ::: 4;<comp5111.assignment.cut.Subject$GamePlayer: void addScore(int)> ::: 5;<comp5111.assignment.cut.Subject: void <init>()> ::: 1;<comp5111.assignment.cut.Subject: void <init>()> ::: 2
comp5111.assignment.cut.Subject_randoop111_RegressionTest0#test308	PASS	<comp5111.assignment.cut.Subject$DateTimeAlgorithms: int calcDaysInMonth(int,int)> ::: 2;<comp5111.assignment.cut.Subject$DateTimeAlgorithms: int calcDaysInMonth(int,int)> ::: 3;<comp5111.assignment.cut.Subject$DateTimeAlgorithms: int calcDaysInMonth(int,int)> ::: 4;<comp5111.assignment.cut.Subject$DateTimeAlgorithms: java.lang.String lastDayOfMonth(int,int)> ::: 2;<comp5111.assignment.cut.Subject$DateTimeAlgorithms: java.lang.String lastDayOfMonth(int,int)> ::: 3;<comp5111.assignment.cut.Subject$DateTimeAlgorithms: java.lang.String lastDayOfMonth(int,int)> ::: 4
comp5111.assignment.cut.Subject_randoop111_RegressionTest0#test309	PASS	<comp5111.assignment.cut.Subject$GamePlace: boolean equals(java.lang.Object)> ::: 2;<comp5111.assignment.cut.Subject$GamePlace: boolean equals(java.lang.Object)> ::: 4;<comp5111.assignment.cut.Subject$GamePlace: boolean equals(java.lang.Object)> ::: 5;<comp5111.assignment.cut.Subject$GamePlace: boolean equals(java.lang.Object)> ::: 6;<comp5111.assignment.cut.Subject$GamePlace: boolean equals(java.lang.Object)> ::: 7;<comp5111.assignment.cut.Subject$GamePlace: boolean equals(java.lang.Object)> ::: 8;<comp5111.assignment.cut.Subject$GamePlace: boolean isAdjacent(comp5111.assignment.cut.Subject$GamePlace)> ::: 2;<comp5111.assignment.cut.Subject$GamePlace: boolean isAdjacent(comp5111.assignment.cut.Subject$GamePlace)> ::: 3;<comp5111.assignment.cut.Subject$GamePlace: comp5111.assignment.cut.Subject$GamePlace clone()> ::: 1;<comp5111.assignment.cut.Subject$GamePlace: comp5111.assignment.cut.Subject$GamePlace clone()> ::: 2;<comp5111.assignment.cut.Subject$GamePlace: comp5111.assignment.cut.Subject$GamePlace clone()> ::: 3;<comp5111.assignment.cut.Subject$GamePlace: comp5111.assignment.cut.Subject$GamePlace clone()> ::: 4;<comp5111.assignment.cut.Subject$GamePlace: comp5111.assignment.cut.Subject$GamePlace clone()> ::: 5;<comp5111.assignment.cut.Subject$GamePlace: comp5111.assignment.cut.Subject$GamePlace clone()> ::: 6;<comp5111.assignment.cut.Subject$GamePlace: comp5111.assignment.cut.Subject$GamePlace clone()> ::: 7;<comp5111.assignment.cut.Subject$GamePlace: comp5111.assignment.cut.Subject$GamePlace clone()> ::: 8;<comp5111.assignment.cut.Subject$GamePlace: comp5111.assignment.cut.Subject$GamePlace clone()> ::: 9;<comp5111.assignment.cut.Subject$GamePlace: java.lang.String toString()> ::: 1;<comp5111.assignment.cut.Subject$GamePlace: java.lang.String toString()> ::: 2;<comp5111.assignment.cut.Subject$GamePlace: java.lang.String toString()> ::: 3;<comp5111.assignment.cut.Subject$GamePlace: java.lang.String toString()> ::: 4;<comp5111.assignment.cut.Subject$GamePlace: void <init>(comp5111.assignment.cut.Subject,int,int)> ::: 4;<comp5111.assignment.cut.Subject$GamePlace: void <init>(comp5111.assignment.cut.Subject,int,int)> ::: 5;<comp5111.assignment.cut.Subject$GamePlace: void <init>(comp5111.assignment.cut.Subject,int,int)> ::: 6;<comp5111.assignment.cut.Subject$GamePlace: void <init>(comp5111.assignment.cut.Subject,int,int)> ::: 7;<comp5111.assignment.cut.Subject$GamePlace: void <init>(comp5111.assignment.cut.Subject,int,int)> ::: 8;<comp5111.assignment.cut.Subject$GamePlayer: void <init>(comp5111.assignment.cut.Subject)> ::: 2;<comp5111.assignment.cut.Subject$GamePlayer: void <init>(comp5111.assignment.cut.Subject)> ::: 3;<comp5111.assignment.cut.Subject$GamePlayer: void <init>(comp5111.assignment.cut.Subject)> ::: 4;<comp5111.assignment.cut.Subject$GamePlayer: void <init>(comp5111.assignment.cut.Subject)> ::: 5;<comp5111.assignment.cut.Subject: void <init>()> ::: 1;<comp5111.assignment.cut.Subject: void <init>()> ::: 2
comp5111.assignment.cut.Subject_randoop111_RegressionTest0#test310	PASS	<comp5111.assignment.cut.Subject$DateTimeAlgorithms: int daysBetweenDateStrings(java.lang.String,java.lang.String)> ::: 2;<comp5111.assignment.cut.Subject$DateTimeAlgorithms: int daysBetweenDateStrings(java.lang.String,java.lang.String)> ::: 3;<comp5111.assignment.cut.Subject$DateTimeAlgorithms: int daysBetweenDateStrings(java.lang.String,java.lang.String)> ::: 4;<comp5111.assignment.cut.Subject$DateTimeAlgorithms: int daysBetweenDateStrings(java.lang.String,java.lang.String)> ::: 5;<comp5111.assignment.cut.Subject$DateTimeAlgorithms: int daysBetweenDateStrings(java.lang.String,java.lang.String)> ::: 8
comp5111.assignment.cut.Subject_randoop111_RegressionTest0#test311	PASS	<comp5111.assignment.cut.Subject$DateTimeAlgorithms: int calcDaysInMonth(int,int)> ::: 2;<comp5111.assignment.cut.Subject$DateTimeAlgorithms: int calcDaysInMonth(int,int)> ::: 3;<comp5111.assignment.cut.Subject$DateTimeAlgorithms: int calcDaysInMonth(int,int)> ::: 4
comp5111.assignment.cut.Subject_randoop111_RegressionTest0#test312	FAIL	<comp5111.assignment.cut.Subject$StringAlgorithms: boolean isOneOf(char,char[])> ::: 10;<comp5111.assignment.cut.Subject$StringAlgorithms: boolean isOneOf(char,char[])> ::: 11;<comp5111.assignment.cut.Subject$StringAlgorithms: boolean isOneOf(char,char[])> ::: 12;<comp5111.assignment.cut.Subject$StringAlgorithms: boolean isOneOf(char,char[])> ::: 13;<comp5111.assignment.cut.Subject$StringAlgorithms: boolean isOneOf(char,char[])> ::: 2;<comp5111.assignment.cut.Subject$StringAlgorithms: boolean isOneOf(char,char[])> ::: 3;<comp5111.assignment.cut.Subject$StringAlgorithms: boolean isOneOf(char,char[])> ::: 4;<comp5111.assignment.cut.Subject$StringAlgorithms: boolean isOneOf(char,char[])> ::: 5;<comp5111.assignment.cut.Subject$StringAlgorithms: boolean isOneOf(char,char[])> ::: 6;<comp5111.assignment.cut.Subject$StringAlgorithms: boolean isOneOf(char,char[])> ::: 7;<comp5111.assignment.cut.Subject$StringAlgorithms: boolean isOneOf(char,char[])> ::: 8;<comp5111.assignment.cut.Subject$StringAlgorithms: boolean isOneOf(char,char[])> ::: 9;<comp5111.assignment.cut.Subject$StringAlgorithms: java.lang.String parseToken(java.lang.String,char[])> ::: 10;<comp5111.assignment.cut.Subject$StringAlgorithms: java.lang.String parseToken(java.lang.String,char[])> ::: 11;<comp5111.assignment.cut.Subject$StringAlgorithms: java.lang.String parseToken(java.lang.String,char[])> ::: 12;<comp5111.assignment.cut.Subject$StringAlgorithms: java.lang.String parseToken(java.lang.String,char[])> ::: 13;<comp5111.assignment.cut.Subject$StringAlgorithms: java.lang.String parseToken(java.lang.String,char[])> ::: 14;<comp5111.assignment.cut.Subject$StringAlgorithms: java.lang.String parseToken(java.lang.String,char[])> ::: 2;<comp5111.assignment.cut.Subject$StringAlgorithms: java.lang.String parseToken(java.lang.String,char[])> ::: 3;<comp5111.assignment.cut.Subject$StringAlgorithms: java.lang.String parseToken(java.lang.String,char[])> ::: 4;<comp5111.assignment.cut.Subject$StringAlgorithms: java.lang.String parseToken(java.lang.String,char[])> ::: 5;<comp5111.assignment.cut.Subject$StringAlgorithms: java.lang.String parseToken(java.lang.String,char[])> ::: 6;<comp5111.assignment.cut.Subject$StringAlgorithms: java.lang.String parseToken(java.lang.String,char[])> ::: 7;<comp5111.assignment.cut.Subject$StringAlgorithms: java.lang.String parseToken(java.lang.String,char[])> ::: 8;<comp5111.assignment.cut.Subject$StringAlgorithms: java.lang.String parseToken(java.lang.String,char[])> ::: 9
comp5111.assignment.cut.Subject_randoop111_RegressionTest0#test313	PASS	<comp5111.assignment.cut.Subject$GamePlayer: int getScore()> ::: 1;<comp5111.assignment.cut.Subject$GamePlayer: int getScore()> ::: 2;<comp5111.assignment.cut.Subject$GamePlayer: void <init>(comp5111.assignment.cut.Subject,java.lang.String)> ::: 3;<comp5111.assignment.cut.Subject$GamePlayer: void <init>(comp5111.assignment.cut.Subject,java.lang.String)> ::: 4;<comp5111.assignment.cut.Subject$GamePlayer: void <init>(comp5111.assignment.cut.Subject,java.lang.String)> ::: 5;<comp5111.assignment.cut.Subject$GamePlayer: void <init>(comp5111.assignment.cut.Subject,java.lang.String)> ::: 6;<comp5111.assignment.cut.Subject$GamePlayer: void setScore(int)> ::: 2;<comp5111.assignment.cut.Subject$GamePlayer: void setScore(int)> ::: 3;<comp5111.assignment.cut.Subject: void <init>()> ::: 1;<comp5111.assignment.cut.Subject: void <init>()> ::: 2
comp5111.assignment.cut.Subject_randoop111_RegressionTest0#test314	PASS	<comp5111.assignment.cut.Subject$GamePlace: boolean equals(java.lang.Object)> ::: 2;<comp5111.assignment.cut.Subject$GamePlace: boolean equals(java.lang.Object)> ::: 4;<comp5111.assignment.cut.Subject$GamePlace: boolean equals(java.lang.Object)> ::: 5;<comp5111.assignment.cut.Subject$GamePlace: boolean equals(java.lang.Object)> ::: 6;<comp5111.assignment.cut.Subject$GamePlace: boolean equals(java.lang.Object)> ::: 7;<comp5111.assignment.cut.Subject$GamePlace: boolean equals(java.lang.Object)> ::: 8;<comp5111.assignment.cut.Subject$GamePlace: boolean isAdjacent(comp5111.assignment.cut.Subject$GamePlace)> ::: 10;<comp5111.assignment.cut.Subject$GamePlace: boolean isAdjacent(comp5111.assignment.cut.Subject$GamePlace)> ::: 11;<comp5111.assignment.cut.Subject$GamePlace: boolean isAdjacent(comp5111.assignment.cut.Subject$GamePlace)> ::: 12;<comp5111.assignment.cut.Subject$GamePlace: boolean isAdjacent(comp5111.assignment.cut.Subject$GamePlace)> ::: 13;<comp5111.assignment.cut.Subject$GamePlace: boolean isAdjacent(comp5111.assignment.cut.Subject$GamePlace)> ::: 15;<comp5111.assignment.cut.Subject$GamePlace: boolean isAdjacent(comp5111.assignment.cut.Subject$GamePlace)> ::: 2;<comp5111.assignment.cut.Subject$GamePlace: boolean isAdjacent(comp5111.assignment.cut.Subject$GamePlace)> ::: 3;<comp5111.assignment.cut.Subject$GamePlace: boolean isAdjacent(comp5111.assignment.cut.Subject$GamePlace)> ::: 4;<comp5111.assignment.cut.Subject$GamePlace: boolean isAdjacent(comp5111.assignment.cut.Subject$GamePlace)> ::: 5;<comp5111.assignment.cut.Subject$GamePlace: boolean isAdjacent(comp5111.assignment.cut.Subject$GamePlace)> ::: 6;<comp5111.assignment.cut.Subject$GamePlace: boolean isAdjacent(comp5111.assignment.cut.Subject$GamePlace)> ::: 7;<comp5111.assignment.cut.Subject$GamePlace: boolean isAdjacent(comp5111.assignment.cut.Subject$GamePlace)> ::: 8;<comp5111.assignment.cut.Subject$GamePlace: boolean isAdjacent(comp5111.assignment.cut.Subject$GamePlace)> ::: 9;<comp5111.assignment.cut.Subject$GamePlace: java.lang.String toString()> ::: 1;<comp5111.assignment.cut.Subject$GamePlace: java.lang.String toString()> ::: 2;<comp5111.assignment.cut.Subject$GamePlace: java.lang.String toString()> ::: 3;<comp5111.assignment.cut.Subject$GamePlace: java.lang.String toString()> ::: 4;<comp5111.assignment.cut.Subject$GamePlace: void <init>(comp5111.assignment.cut.Subject,int,int)> ::: 4;<comp5111.assignment.cut.Subject$GamePlace: void <init>(comp5111.assignment.cut.Subject,int,int)> ::: 5;<comp5111.assignment.cut.Subject$GamePlace: void <init>(comp5111.assignment.cut.Subject,int,int)> ::: 6;<comp5111.assignment.cut.Subject$GamePlace: void <init>(comp5111.assignment.cut.Subject,int,int)> ::: 7;<comp5111.assignment.cut.Subject$GamePlace: void <init>(comp5111.assignment.cut.Subject,int,int)> ::: 8;<comp5111.assignment.cut.Subject$GamePlace: void y(int)> ::: 2;<comp5111.assignment.cut.Subject$GamePlace: void y(int)> ::: 3;<comp5111.assignment.cut.Subject: void <init>()> ::: 1;<comp5111.assignment.cut.Subject: void <init>()> ::: 2
comp5111.assignment.cut.Subject_randoop111_RegressionTest0#test315	PASS	<comp5111.assignment.cut.Subject$DateTimeAlgorithms: java.lang.String firstDayOfMonth(int,int)> ::: 2;<comp5111.assignment.cut.Subject$DateTimeAlgorithms: java.lang.String firstDayOfMonth(int,int)> ::: 3;<comp5111.assignment.cut.Subject$DateTimeAlgorithms: java.lang.String firstDayOfMonth(int,int)> ::: 4
comp5111.assignment.cut.Subject_randoop111_RegressionTest0#test316	PASS	<comp5111.assignment.cut.Subject$GamePlace: boolean isAdjacent(comp5111.assignment.cut.Subject$GamePlace)> ::: 2;<comp5111.assignment.cut.Subject$GamePlace: boolean isAdjacent(comp5111.assignment.cut.Subject$GamePlace)> ::: 3;<comp5111.assignment.cut.Subject$GamePlace: comp5111.assignment.cut.Subject$GamePlace clone()> ::: 1;<comp5111.assignment.cut.Subject$GamePlace: comp5111.assignment.cut.Subject$GamePlace clone()> ::: 2;<comp5111.assignment.cut.Subject$GamePlace: comp5111.assignment.cut.Subject$GamePlace clone()> ::: 3;<comp5111.assignment.cut.Subject$GamePlace: comp5111.assignment.cut.Subject$GamePlace clone()> ::: 4;<comp5111.assignment.cut.Subject$GamePlace: comp5111.assignment.cut.Subject$GamePlace clone()> ::: 5;<comp5111.assignment.cut.Subject$GamePlace: comp5111.assignment.cut.Subject$GamePlace clone()> ::: 6;<comp5111.assignment.cut.Subject$GamePlace: comp5111.assignment.cut.Subject$GamePlace clone()> ::: 7;<comp5111.assignment.cut.Subject$GamePlace: comp5111.assignment.cut.Subject$GamePlace clone()> ::: 8;<comp5111.assignment.cut.Subject$GamePlace: comp5111.assignment.cut.Subject$GamePlace clone()> ::: 9;<comp5111.assignment.cut.Subject$GamePlace: int x()> ::: 1;<comp5111.assignment.cut.Subject$GamePlace: int x()> ::: 2;<comp5111.assignment.cut.Subject$GamePlace: java.lang.String toString()> ::: 1;<comp5111.assignment.cut.Subject$GamePlace: java.lang.String toString()> ::: 2;<comp5111.assignment.cut.Subject$GamePlace: java.lang.String toString()> ::: 3;<comp5111.assignment.cut.Subject$GamePlace: java.lang.String toString()> ::: 4;<comp5111.assignment.cut.Subject$GamePlace: void <init>(comp5111.assignment.cut.Subject,int,int)> ::: 4;<comp5111.assignment.cut.Subject$GamePlace: void <init>(comp5111.assignment.cut.Subject,int,int)> ::: 5;<comp5111.assignment.cut.Subject$GamePlace: void <init>(comp5111.assignment.cut.Subject,int,int)> ::: 6;<comp5111.assignment.cut.Subject$GamePlace: void <init>(comp5111.assignment.cut.Subject,int,int)> ::: 7;<comp5111.assignment.cut.Subject$GamePlace: void <init>(comp5111.assignment.cut.Subject,int,int)> ::: 8;<comp5111.assignment.cut.Subject$GamePlace: void x(int)> ::: 2;<comp5111.assignment.cut.Subject$GamePlace: void x(int)> ::: 3;<comp5111.assignment.cut.Subject: void <init>()> ::: 1;<comp5111.assignment.cut.Subject: void <init>()> ::: 2
comp5111.assignment.cut.Subject_randoop111_RegressionTest0#test317	PASS	<comp5111.assignment.cut.Subject$DateTimeAlgorithms: boolean judgeLeapYear(int)> ::: 1;<comp5111.assignment.cut.Subject$DateTimeAlgorithms: boolean judgeLeapYear(int)> ::: 2;<comp5111.assignment.cut.Subject$DateTimeAlgorithms: boolean judgeLeapYear(int)> ::: 3
comp5111.assignment.cut.Subject_randoop111_RegressionTest0#test318	PASS	<comp5111.assignment.cut.Subject$DateTimeAlgorithms: java.lang.String month2MonAbbr(int)> ::: 1;<comp5111.assignment.cut.Subject$DateTimeAlgorithms: java.lang.String month2MonAbbr(int)> ::: 14
comp5111.assignment.cut.Subject_randoop111_RegressionTest0#test319	PASS	<comp5111.assignment.cut.Subject$StringAlgorithms: void enlarge(int,byte[],int)> ::: 10;<comp5111.assignment.cut.Subject$StringAlgorithms: void enlarge(int,byte[],int)> ::: 11;<comp5111.assignment.cut.Subject$StringAlgorithms: void enlarge(int,byte[],int)> ::: 12;<comp5111.assignment.cut.Subject$StringAlgorithms: void enlarge(int,byte[],int)> ::: 13;<comp5111.assignment.cut.Subject$StringAlgorithms: void enlarge(int,byte[],int)> ::: 3;<comp5111.assignment.cut.Subject$StringAlgorithms: void enlarge(int,byte[],int)> ::: 4;<comp5111.assignment.cut.Subject$StringAlgorithms: void enlarge(int,byte[],int)> ::: 5;<comp5111.assignment.cut.Subject$StringAlgorithms: void enlarge(int,byte[],int)> ::: 6;<comp5111.assignment.cut.Subject$StringAlgorithms: void enlarge(int,byte[],int)> ::: 7;<comp5111.assignment.cut.Subject$StringAlgorithms: void enlarge(int,byte[],int)> ::: 8;<comp5111.assignment.cut.Subject$StringAlgorithms: void enlarge(int,byte[],int)> ::: 9
comp5111.assignment.cut.Subject_randoop111_RegressionTest0#test320	FAIL	<comp5111.assignment.cut.Subject$StringAlgorithms: int extractIntInStr(java.lang.String)> ::: 1;<comp5111.assignment.cut.Subject$StringAlgorithms: int extractIntInStr(java.lang.String)> ::: 10;<comp5111.assignment.cut.Subject$StringAlgorithms: int extractIntInStr(java.lang.String)> ::: 11;<comp5111.assignment.cut.Subject$StringAlgorithms: int extractIntInStr(java.lang.String)> ::: 12;<comp5111.assignment.cut.Subject$StringAlgorithms: int extractIntInStr(java.lang.String)> ::: 13;<comp5111.assignment.cut.Subject$StringAlgorithms: int extractIntInStr(java.lang.String)> ::: 14;<comp5111.assignment.cut.Subject$StringAlgorithms: int extractIntInStr(java.lang.String)> ::: 15;<comp5111.assignment.cut.Subject$StringAlgorithms: int extractIntInStr(java.lang.String)> ::: 16;<comp5111.assignment.cut.Subject$StringAlgorithms: int extractIntInStr(java.lang.String)> ::: 17;<comp5111.assignment.cut.Subject$StringAlgorithms: int extractIntInStr(java.lang.String)> ::: 2;<comp5111.assignment.cut.Subject$StringAlgorithms: int extractIntInStr(java.lang.String)> ::: 3;<comp5111.assignment.cut.Subject$StringAlgorithms: int extractIntInStr(java.lang.String)> ::: 5;<comp5111.assignment.cut.Subject$StringAlgorithms: int extractIntInStr(java.lang.String)> ::: 6;<comp5111.assignment.cut.Subject$StringAlgorithms: int extractIntInStr(java.lang.String)> ::: 7;<comp5111.assignment.cut.Subject$StringAlgorithms: int extractIntInStr(java.lang.String)> ::: 8;<comp5111.assignment.cut.Subject$StringAlgorithms: int extractIntInStr(java.lang.String)> ::: 9
comp5111.assignment.cut.Subject_randoop111_RegressionTest0#test321	PASS	<comp5111.assignment.cut.Subject$GamePlace: boolean isAdjacent(comp5111.assignment.cut.Subject$GamePlace)> ::: 2;<comp5111.assignment.cut.Subject$GamePlace: boolean isAdjacent(comp5111.assignment.cut.Subject$GamePlace)> ::: 3;<comp5111.assignment.cut.Subject$GamePlace: comp5111.assignment.cut.Subject$GamePlace clone()> ::: 1;<comp5111.assignment.cut.Subject$GamePlace: comp5111.assignment.cut.Subject$GamePlace clone()> ::: 2;<comp5111.assignment.cut.Subject$GamePlace: comp5111.assignment.cut.Subject$GamePlace clone()> ::: 3;<comp5111.assignment.cut.Subject$GamePlace: comp5111.assignment.cut.Subject$GamePlace clone()> ::: 4;<comp5111.assignment.cut.Subject$GamePlace: comp5111.assignment.cut.Subject$GamePlace clone()> ::: 5;<comp5111.assignment.cut.Subject$GamePlace: comp5111.assignment.cut.Subject$GamePlace clone()> ::: 6;<comp5111.assignment.cut.Subject$GamePlace: comp5111.assignment.cut.Subject$GamePlace clone()> ::: 7;<comp5111.assignment.cut.Subject$GamePlace: comp5111.assignment.cut.Subject$GamePlace clone()> ::: 8;<comp5111.assignment.cut.Subject$GamePlace: comp5111.assignment.cut.Subject$GamePlace clone()> ::: 9;<comp5111.assignment.cut.Subject$GamePlace: int x()> ::: 1;<comp5111.assignment.cut.Subject$GamePlace: int x()> ::: 2;<comp5111.assignment.cut.Subject$GamePlace: java.lang.String toString()> ::: 1;<comp5111.assignment.cut.Subject$GamePlace: java.lang.String toString()> ::: 2;<comp5111.assignment.cut.Subject$GamePlace: java.lang.String toString()> ::: 3;<comp5111.assignment.cut.Subject$GamePlace: java.lang.String toString()> ::: 4;<comp5111.assignment.cut.Subject$GamePlace: void <init>(comp5111.assignment.cut.Subject,int,int)> ::: 4;<comp5111.assignment.cut.Subject$GamePlace: void <init>(comp5111.assignment.cut.Subject,int,int)> ::: 5;<comp5111.assignment.cut.Subject$GamePlace: void <init>(comp5111.assignment.cut.Subject,int,int)> ::: 6;<comp5111.assignment.cut.Subject$GamePlace: void <init>(comp5111.assignment.cut.Subject,int,int)> ::: 7;<comp5111.assignment.cut.Subject$GamePlace: void <init>(comp5111.assignment.cut.Subject,int,int)> ::: 8;<comp5111.assignment.cut.Subject: void <init>()> ::: 1;<comp5111.assignment.cut.Subject: void <init>()> ::: 2
comp5111.assignment.cut.Subject_randoop111_RegressionTest0#test322	PASS	<comp5111.assignment.cut.Subject$StringAlgorithms: java.lang.String padRight(java.lang.String,short,char)> ::: 10;<comp5111.assignment.cut.Subject$StringAlgorithms: java.lang.String padRight(java.lang.String,short,char)> ::: 11;<comp5111.assignment.cut.Subject$StringAlgorithms: java.lang.String padRight(java.lang.String,short,char)> ::: 12;<comp5111.assignment.cut.Subject$StringAlgorithms: java.lang.String padRight(java.lang.String,short,char)> ::: 13;<comp5111.assignment.cut.Subject$StringAlgorithms: java.lang.String padRight(java.lang.String,short,char)> ::: 14;<comp5111.assignment.cut.Subject$StringAlgorithms: java.lang.String padRight(java.lang.String,short,char)> ::: 15;<comp5111.assignment.cut.Subject$StringAlgorithms: java.lang.String padRight(java.lang.String,short,char)> ::: 16;<comp5111.assignment.cut.Subject$StringAlgorithms: java.lang.String padRight(java.lang.String,short,char)> ::: 17;<comp5111.assignment.cut.Subject$StringAlgorithms: java.lang.String padRight(java.lang.String,short,char)> ::: 18;<comp5111.assignment.cut.Subject$StringAlgorithms: java.lang.String padRight(java.lang.String,short,char)> ::: 3;<comp5111.assignment.cut.Subject$StringAlgorithms: java.lang.String padRight(java.lang.String,short,char)> ::: 5;<comp5111.assignment.cut.Subject$StringAlgorithms: java.lang.String padRight(java.lang.String,short,char)> ::: 6;<comp5111.assignment.cut.Subject$StringAlgorithms: java.lang.String padRight(java.lang.String,short,char)> ::: 7;<comp5111.assignment.cut.Subject$StringAlgorithms: java.lang.String padRight(java.lang.String,short,char)> ::: 9
comp5111.assignment.cut.Subject_randoop111_RegressionTest0#test323	PASS	<comp5111.assignment.cut.Subject$DateTimeAlgorithms: java.lang.String month2MonAbbr(int)> ::: 1;<comp5111.assignment.cut.Subject$DateTimeAlgorithms: java.lang.String month2MonAbbr(int)> ::: 14
comp5111.assignment.cut.Subject_randoop111_RegressionTest0#test324	PASS	<comp5111.assignment.cut.Subject$DateTimeAlgorithms: boolean judgeLeapYear(int)> ::: 1;<comp5111.assignment.cut.Subject$DateTimeAlgorithms: boolean judgeLeapYear(int)> ::: 2;<comp5111.assignment.cut.Subject$DateTimeAlgorithms: boolean judgeLeapYear(int)> ::: 3;<comp5111.assignment.cut.Subject$DateTimeAlgorithms: int daysInYear(int)> ::: 1;<comp5111.assignment.cut.Subject$DateTimeAlgorithms: int daysInYear(int)> ::: 2;<comp5111.assignment.cut.Subject$DateTimeAlgorithms: int daysInYear(int)> ::: 5;<comp5111.assignment.cut.Subject$DateTimeAlgorithms: int daysInYear(int)> ::: 6
comp5111.assignment.cut.Subject_randoop111_RegressionTest0#test325	PASS	<comp5111.assignment.cut.Subject$DateTimeAlgorithms: boolean checkValidDate(int,int,int)> ::: 3;<comp5111.assignment.cut.Subject$DateTimeAlgorithms: boolean checkValidDate(int,int,int)> ::: 4;<comp5111.assignment.cut.Subject$DateTimeAlgorithms: boolean checkValidDate(int,int,int)> ::: 5;<comp5111.assignment.cut.Subject$DateTimeAlgorithms: int daysBetweenDates(int,int,int,int,int,int)> ::: 12;<comp5111.assignment.cut.Subject$DateTimeAlgorithms: int daysBetweenDates(int,int,int,int,int,int)> ::: 13;<comp5111.assignment.cut.Subject$DateTimeAlgorithms: int daysBetweenDates(int,int,int,int,int,int)> ::: 14;<comp5111.assignment.cut.Subject$DateTimeAlgorithms: int daysBetweenDates(int,int,int,int,int,int)> ::: 6;<comp5111.assignment.cut.Subject$DateTimeAlgorithms: int daysBetweenDates(int,int,int,int,int,int)> ::: 7;<comp5111.assignment.cut.Subject$DateTimeAlgorithms: int daysBetweenDates(int,int,int,int,int,int)> ::: 8;<comp5111.assignment.cut.Subject$DateTimeAlgorithms: int daysBetweenDates(int,int,int,int,int,int)> ::: 9
comp5111.assignment.cut.Subject_randoop111_RegressionTest0#test326	PASS	<comp5111.assignment.cut.Subject$GamePlace: boolean equals(java.lang.Object)> ::: 10;<comp5111.assignment.cut.Subject$GamePlace: boolean equals(java.lang.Object)> ::: 11;<comp5111.assignment.cut.Subject$GamePlace: boolean equals(java.lang.Object)> ::: 12;<comp5111.assignment.cut.Subject$GamePlace: boolean equals(java.lang.Object)> ::: 17;<comp5111.assignment.cut.Subject$GamePlace: boolean equals(java.lang.Object)> ::: 2;<comp5111.assignment.cut.Subject$GamePlace: boolean equals(java.lang.Object)> ::: 4;<comp5111.assignment.cut.Subject$GamePlace: boolean equals(java.lang.Object)> ::: 5;<comp5111.assignment.cut.Subject$GamePlace: boolean equals(java.lang.Object)> ::: 6;<comp5111.assignment.cut.Subject$GamePlace: boolean equals(java.lang.Object)> ::: 7;<comp5111.assignment.cut.Subject$GamePlace: boolean equals(java.lang.Object)> ::: 9;<comp5111.assignment.cut.Subject$GamePlace: boolean isAdjacent(comp5111.assignment.cut.Subject$GamePlace)> ::: 2;<comp5111.assignment.cut.Subject$GamePlace: boolean isAdjacent(comp5111.assignment.cut.Subject$GamePlace)> ::: 3;<comp5111.assignment.cut.Subject$GamePlace: comp5111.assignment.cut.Subject$GamePlace clone()> ::: 1;<comp5111.assignment.cut.Subject$GamePlace: comp5111.assignment.cut.Subject$GamePlace clone()> ::: 2;<comp5111.assignment.cut.Subject$GamePlace: comp5111.assignment.cut.Subject$GamePlace clone()> ::: 3;<comp5111.assignment.cut.Subject$GamePlace: comp5111.assignment.cut.Subject$GamePlace clone()> ::: 4;<comp5111.assignment.cut.Subject$GamePlace: comp5111.assignment.cut.Subject$GamePlace clone()> ::: 5;<comp5111.assignment.cut.Subject$GamePlace: comp5111.assignment.cut.Subject$GamePlace clone()> ::: 6;<comp5111.assignment.cut.Subject$GamePlace: comp5111.assignment.cut.Subject$GamePlace clone()> ::: 7;<comp5111.assignment.cut.Subject$GamePlace: comp5111.assignment.cut.Subject$GamePlace clone()> ::: 8;<comp5111.assignment.cut.Subject$GamePlace: comp5111.assignment.cut.Subject$GamePlace clone()> ::: 9;<comp5111.assignment.cut.Subject$GamePlace: int x()> ::: 1;<comp5111.assignment.cut.Subject$GamePlace: int x()> ::: 2;<comp5111.assignment.cut.Subject$GamePlace: java.lang.String toString()> ::: 1;<comp5111.assignment.cut.Subject$GamePlace: java.lang.String toString()> ::: 2;<comp5111.assignment.cut.Subject$GamePlace: java.lang.String toString()> ::: 3;<comp5111.assignment.cut.Subject$GamePlace: java.lang.String toString()> ::: 4;<comp5111.assignment.cut.Subject$GamePlace: void <init>(comp5111.assignment.cut.Subject,int,int)> ::: 4;<comp5111.assignment.cut.Subject$GamePlace: void <init>(comp5111.assignment.cut.Subject,int,int)> ::: 5;<comp5111.assignment.cut.Subject$GamePlace: void <init>(comp5111.assignment.cut.Subject,int,int)> ::: 6;<comp5111.assignment.cut.Subject$GamePlace: void <init>(comp5111.assignment.cut.Subject,int,int)> ::: 7;<comp5111.assignment.cut.Subject$GamePlace: void <init>(comp5111.assignment.cut.Subject,int,int)> ::: 8;<comp5111.assignment.cut.Subject$GamePlace: void x(int)> ::: 2;<comp5111.assignment.cut.Subject$GamePlace: void x(int)> ::: 3;<comp5111.assignment.cut.Subject$GamePlace: void y(int)> ::: 2;<comp5111.assignment.cut.Subject$GamePlace: void y(int)> ::: 3;<comp5111.assignment.cut.Subject: void <init>()> ::: 1;<comp5111.assignment.cut.Subject: void <init>()> ::: 2
comp5111.assignment.cut.Subject_randoop111_RegressionTest0#test327	PASS	<comp5111.assignment.cut.Subject$DateTimeAlgorithms: java.lang.String firstDayOfMonth(int,int)> ::: 2;<comp5111.assignment.cut.Subject$DateTimeAlgorithms: java.lang.String firstDayOfMonth(int,int)> ::: 3;<comp5111.assignment.cut.Subject$DateTimeAlgorithms: java.lang.String firstDayOfMonth(int,int)> ::: 4
comp5111.assignment.cut.Subject_randoop111_RegressionTest0#test328	FAIL	<comp5111.assignment.cut.Subject$StringAlgorithms: int extractIntInStr(java.lang.String)> ::: 1;<comp5111.assignment.cut.Subject$StringAlgorithms: int extractIntInStr(java.lang.String)> ::: 11;<comp5111.assignment.cut.Subject$StringAlgorithms: int extractIntInStr(java.lang.String)> ::: 16;<comp5111.assignment.cut.Subject$StringAlgorithms: int extractIntInStr(java.lang.String)> ::: 17;<comp5111.assignment.cut.Subject$StringAlgorithms: int extractIntInStr(java.lang.String)> ::: 2;<comp5111.assignment.cut.Subject$StringAlgorithms: int extractIntInStr(java.lang.String)> ::: 3;<comp5111.assignment.cut.Subject$StringAlgorithms: int extractIntInStr(java.lang.String)> ::: 5;<comp5111.assignment.cut.Subject$StringAlgorithms: int extractIntInStr(java.lang.String)> ::: 6;<comp5111.assignment.cut.Subject$StringAlgorithms: int extractIntInStr(java.lang.String)> ::: 7;<comp5111.assignment.cut.Subject$StringAlgorithms: int extractIntInStr(java.lang.String)> ::: 8;<comp5111.assignment.cut.Subject$StringAlgorithms: int extractIntInStr(java.lang.String)> ::: 9;<comp5111.assignment.cut.Subject$StringAlgorithms: int[] getVersionNo(java.lang.String)> ::: 1;<comp5111.assignment.cut.Subject$StringAlgorithms: int[] getVersionNo(java.lang.String)> ::: 10;<comp5111.assignment.cut.Subject$StringAlgorithms: int[] getVersionNo(java.lang.String)> ::: 11;<comp5111.assignment.cut.Subject$StringAlgorithms: int[] getVersionNo(java.lang.String)> ::: 12;<comp5111.assignment.cut.Subject$StringAlgorithms: int[] getVersionNo(java.lang.String)> ::: 14;<comp5111.assignment.cut.Subject$StringAlgorithms: int[] getVersionNo(java.lang.String)> ::: 15;<comp5111.assignment.cut.Subject$StringAlgorithms: int[] getVersionNo(java.lang.String)> ::: 16;<comp5111.assignment.cut.Subject$StringAlgorithms: int[] getVersionNo(java.lang.String)> ::: 17;<comp5111.assignment.cut.Subject$StringAlgorithms: int[] getVersionNo(java.lang.String)> ::: 2;<comp5111.assignment.cut.Subject$StringAlgorithms: int[] getVersionNo(java.lang.String)> ::: 22;<comp5111.assignment.cut.Subject$StringAlgorithms: int[] getVersionNo(java.lang.String)> ::: 23;<comp5111.assignment.cut.Subject$StringAlgorithms: int[] getVersionNo(java.lang.String)> ::: 24;<comp5111.assignment.cut.Subject$StringAlgorithms: int[] getVersionNo(java.lang.String)> ::: 25;<comp5111.assignment.cut.Subject$StringAlgorithms: int[] getVersionNo(java.lang.String)> ::: 26;<comp5111.assignment.cut.Subject$StringAlgorithms: int[] getVersionNo(java.lang.String)> ::: 27;<comp5111.assignment.cut.Subject$StringAlgorithms: int[] getVersionNo(java.lang.String)> ::: 3;<comp5111.assignment.cut.Subject$StringAlgorithms: int[] getVersionNo(java.lang.String)> ::: 5;<comp5111.assignment.cut.Subject$StringAlgorithms: int[] getVersionNo(java.lang.String)> ::: 6;<comp5111.assignment.cut.Subject$StringAlgorithms: int[] getVersionNo(java.lang.String)> ::: 7;<comp5111.assignment.cut.Subject$StringAlgorithms: int[] getVersionNo(java.lang.String)> ::: 8;<comp5111.assignment.cut.Subject$StringAlgorithms: int[] getVersionNo(java.lang.String)> ::: 9
comp5111.assignment.cut.Subject_randoop111_RegressionTest0#test329	PASS	<comp5111.assignment.cut.Subject$GamePlace: boolean equals(java.lang.Object)> ::: 2;<comp5111.assignment.cut.Subject$GamePlace: boolean equals(java.lang.Object)> ::: 4;<comp5111.assignment.cut.Subject$GamePlace: boolean equals(java.lang.Object)> ::: 5;<comp5111.assignment.cut.Subject$GamePlace: boolean equals(java.lang.Object)> ::: 6;<comp5111.assignment.cut.Subject$GamePlace: boolean equals(java.lang.Object)> ::: 7;<comp5111.assignment.cut.Subject$GamePlace: boolean equals(java.lang.Object)> ::: 8;<comp5111.assignment.cut.Subject$GamePlace: java.lang.String toString()> ::: 1;<comp5111.assignment.cut.Subject$GamePlace: java.lang.String toString()> ::: 2;<comp5111.assignment.cut.Subject$GamePlace: java.lang.String toString()> ::: 3;<comp5111.assignment.cut.Subject$GamePlace: java.lang.String toString()> ::: 4;<comp5111.assignment.cut.Subject$GamePlace: void <init>(comp5111.assignment.cut.Subject,int,int)> ::: 4;<comp5111.assignment.cut.Subject$GamePlace: void <init>(comp5111.assignment.cut.Subject,int,int)> ::: 5;<comp5111.assignment.cut.Subject$GamePlace: void <init>(comp5111.assignment.cut.Subject,int,int)> ::: 6;<comp5111.assignment.cut.Subject$GamePlace: void <init>(comp5111.assignment.cut.Subject,int,int)> ::: 7;<comp5111.assignment.cut.Subject$GamePlace: void <init>(comp5111.assignment.cut.Subject,int,int)> ::: 8;<comp5111.assignment.cut.Subject$GamePlayer: void <init>(comp5111.assignment.cut.Subject)> ::: 2;<comp5111.assignment.cut.Subject$GamePlayer: void <init>(comp5111.assignment.cut.Subject)> ::: 3;<comp5111.assignment.cut.Subject$GamePlayer: void <init>(comp5111.assignment.cut.Subject)> ::: 4;<comp5111.assignment.cut.Subject$GamePlayer: void <init>(comp5111.assignment.cut.Subject)> ::: 5;<comp5111.assignment.cut.Subject: void <init>()> ::: 1;<comp5111.assignment.cut.Subject: void <init>()> ::: 2
comp5111.assignment.cut.Subject_randoop111_RegressionTest0#test330	PASS	<comp5111.assignment.cut.Subject$DateTimeAlgorithms: boolean judgeLeapYear(int)> ::: 1;<comp5111.assignment.cut.Subject$DateTimeAlgorithms: boolean judgeLeapYear(int)> ::: 2;<comp5111.assignment.cut.Subject$DateTimeAlgorithms: boolean judgeLeapYear(int)> ::: 3
comp5111.assignment.cut.Subject_randoop111_RegressionTest0#test331	PASS	<comp5111.assignment.cut.Subject$DateTimeAlgorithms: java.lang.String firstDayOfMonth(int,int)> ::: 2;<comp5111.assignment.cut.Subject$DateTimeAlgorithms: java.lang.String firstDayOfMonth(int,int)> ::: 3;<comp5111.assignment.cut.Subject$DateTimeAlgorithms: java.lang.String firstDayOfMonth(int,int)> ::: 4
comp5111.assignment.cut.Subject_randoop111_RegressionTest0#test332	PASS	<comp5111.assignment.cut.Subject$DateTimeAlgorithms: int monAbbr2month(java.lang.String)> ::: 1;<comp5111.assignment.cut.Subject$DateTimeAlgorithms: int monAbbr2month(java.lang.String)> ::: 2;<comp5111.assignment.cut.Subject$DateTimeAlgorithms: int monAbbr2month(java.lang.String)> ::: 3;<comp5111.assignment.cut.Subject$DateTimeAlgorithms: int monAbbr2month(java.lang.String)> ::: 4
comp5111.assignment.cut.Subject_randoop111_RegressionTest0#test333	FAIL	<comp5111.assignment.cut.Subject$StringAlgorithms: boolean isOneOf(char,char[])> ::: 10;<comp5111.assignment.cut.Subject$StringAlgorithms: boolean isOneOf(char,char[])> ::: 11;<comp5111.assignment.cut.Subject$StringAlgorithms: boolean isOneOf(char,char[])> ::: 12;<comp5111.assignment.cut.Subject$StringAlgorithms: boolean isOneOf(char,char[])> ::: 13;<comp5111.assignment.cut.Subject$StringAlgorithms: boolean isOneOf(char,char[])> ::: 2;<comp5111.assignment.cut.Subject$StringAlgorithms: boolean isOneOf(char,char[])> ::: 3;<comp5111.assignment.cut.Subject$StringAlgorithms: boolean isOneOf(char,char[])> ::: 4;<comp5111.assignment.cut.Subject$StringAlgorithms: boolean isOneOf(char,char[])> ::: 5;<comp5111.assignment.cut.Subject$StringAlgorithms: boolean isOneOf(char,char[])> ::: 6;<comp5111.assignment.cut.Subject$StringAlgorithms: boolean isOneOf(char,char[])> ::: 7;<comp5111.assignment.cut.Subject$StringAlgorithms: boolean isOneOf(char,char[])> ::: 8;<comp5111.assignment.cut.Subject$StringAlgorithms: boolean isOneOf(char,char[])> ::: 9;<comp5111.assignment.cut.Subject$StringAlgorithms: java.lang.String parseToken(java.lang.String,char[])> ::: 10;<comp5111.assignment.cut.Subject$StringAlgorithms: java.lang.String parseToken(java.lang.String,char[])> ::: 11;<comp5111.assignment.cut.Subject$StringAlgorithms: java.lang.String parseToken(java.lang.String,char[])> ::: 12;<comp5111.assignment.cut.Subject$StringAlgorithms: java.lang.String parseToken(java.lang.String,char[])> ::: 13;<comp5111.assignment.cut.Subject$StringAlgorithms: java.lang.String parseToken(java.lang.String,char[])> ::: 14;<comp5111.assignment.cut.Subject$StringAlgorithms: java.lang.String parseToken(java.lang.String,char[])> ::: 2;<comp5111.assignment.cut.Subject$StringAlgorithms: java.lang.String parseToken(java.lang.String,char[])> ::: 3;<comp5111.assignment.cut.Subject$StringAlgorithms: java.lang.String parseToken(java.lang.String,char[])> ::: 4;<comp5111.assignment.cut.Subject$StringAlgorithms: java.lang.String parseToken(java.lang.String,char[])> ::: 5;<comp5111.assignment.cut.Subject$StringAlgorithms: java.lang.String parseToken(java.lang.String,char[])> ::: 6;<comp5111.assignment.cut.Subject$StringAlgorithms: java.lang.String parseToken(java.lang.String,char[])> ::: 7;<comp5111.assignment.cut.Subject$StringAlgorithms: java.lang.String parseToken(java.lang.String,char[])> ::: 8;<comp5111.assignment.cut.Subject$StringAlgorithms: java.lang.String parseToken(java.lang.String,char[])> ::: 9
comp5111.assignment.cut.Subject_randoop111_RegressionTest0#test334	PASS	<comp5111.assignment.cut.Subject$DateTimeAlgorithms: java.lang.String month2MonAbbr(int)> ::: 1;<comp5111.assignment.cut.Subject$DateTimeAlgorithms: java.lang.String month2MonAbbr(int)> ::: 14
comp5111.assignment.cut.Subject_randoop111_RegressionTest0#test335	PASS	<comp5111.assignment.cut.Subject$GamePlayer: void <init>(comp5111.assignment.cut.Subject,java.lang.String)> ::: 3;<comp5111.assignment.cut.Subject$GamePlayer: void <init>(comp5111.assignment.cut.Subject,java.lang.String)> ::: 4;<comp5111.assignment.cut.Subject$GamePlayer: void <init>(comp5111.assignment.cut.Subject,java.lang.String)> ::: 5;<comp5111.assignment.cut.Subject$GamePlayer: void <init>(comp5111.assignment.cut.Subject,java.lang.String)> ::: 6;<comp5111.assignment.cut.Subject$GamePlayer: void resetScore()> ::: 1;<comp5111.assignment.cut.Subject$GamePlayer: void resetScore()> ::: 2;<comp5111.assignment.cut.Subject: void <init>()> ::: 1;<comp5111.assignment.cut.Subject: void <init>()> ::: 2
comp5111.assignment.cut.Subject_randoop111_RegressionTest0#test336	PASS	<comp5111.assignment.cut.Subject$StringAlgorithms: java.lang.String[] trimArrayElements(java.lang.String[])> ::: 1;<comp5111.assignment.cut.Subject$StringAlgorithms: java.lang.String[] trimArrayElements(java.lang.String[])> ::: 10;<comp5111.assignment.cut.Subject$StringAlgorithms: java.lang.String[] trimArrayElements(java.lang.String[])> ::: 11;<comp5111.assignment.cut.Subject$StringAlgorithms: java.lang.String[] trimArrayElements(java.lang.String[])> ::: 12;<comp5111.assignment.cut.Subject$StringAlgorithms: java.lang.String[] trimArrayElements(java.lang.String[])> ::: 13;<comp5111.assignment.cut.Subject$StringAlgorithms: java.lang.String[] trimArrayElements(java.lang.String[])> ::: 14;<comp5111.assignment.cut.Subject$StringAlgorithms: java.lang.String[] trimArrayElements(java.lang.String[])> ::: 16;<comp5111.assignment.cut.Subject$StringAlgorithms: java.lang.String[] trimArrayElements(java.lang.String[])> ::: 17;<comp5111.assignment.cut.Subject$StringAlgorithms: java.lang.String[] trimArrayElements(java.lang.String[])> ::: 18;<comp5111.assignment.cut.Subject$StringAlgorithms: java.lang.String[] trimArrayElements(java.lang.String[])> ::: 19;<comp5111.assignment.cut.Subject$StringAlgorithms: java.lang.String[] trimArrayElements(java.lang.String[])> ::: 2;<comp5111.assignment.cut.Subject$StringAlgorithms: java.lang.String[] trimArrayElements(java.lang.String[])> ::: 20;<comp5111.assignment.cut.Subject$StringAlgorithms: java.lang.String[] trimArrayElements(java.lang.String[])> ::: 3;<comp5111.assignment.cut.Subject$StringAlgorithms: java.lang.String[] trimArrayElements(java.lang.String[])> ::: 6;<comp5111.assignment.cut.Subject$StringAlgorithms: java.lang.String[] trimArrayElements(java.lang.String[])> ::: 7;<comp5111.assignment.cut.Subject$StringAlgorithms: java.lang.String[] trimArrayElements(java.lang.String[])> ::: 8;<comp5111.assignment.cut.Subject$StringAlgorithms: java.lang.String[] trimArrayElements(java.lang.String[])> ::: 9
comp5111.assignment.cut.Subject_randoop111_RegressionTest0#test337	FAIL	<comp5111.assignment.cut.Subject$StringAlgorithms: boolean isOneOf(char,char[])> ::: 10;<comp5111.assignment.cut.Subject$StringAlgorithms: boolean isOneOf(char,char[])> ::: 11;<comp5111.assignment.cut.Subject$StringAlgorithms: boolean isOneOf(char,char[])> ::: 12;<comp5111.assignment.cut.Subject$StringAlgorithms: boolean isOneOf(char,char[])> ::: 13;<comp5111.assignment.cut.Subject$StringAlgorithms: boolean isOneOf(char,char[])> ::: 2;<comp5111.assignment.cut.Subject$StringAlgorithms: boolean isOneOf(char,char[])> ::: 3;<comp5111.assignment.cut.Subject$StringAlgorithms: boolean isOneOf(char,char[])> ::: 4;<comp5111.assignment.cut.Subject$StringAlgorithms: boolean isOneOf(char,char[])> ::: 5;<comp5111.assignment.cut.Subject$StringAlgorithms: boolean isOneOf(char,char[])> ::: 6;<comp5111.assignment.cut.Subject$StringAlgorithms: boolean isOneOf(char,char[])> ::: 7;<comp5111.assignment.cut.Subject$StringAlgorithms: boolean isOneOf(char,char[])> ::: 8;<comp5111.assignment.cut.Subject$StringAlgorithms: boolean isOneOf(char,char[])> ::: 9;<comp5111.assignment.cut.Subject$StringAlgorithms: java.lang.String parseToken(java.lang.String,char[])> ::: 10;<comp5111.assignment.cut.Subject$StringAlgorithms: java.lang.String parseToken(java.lang.String,char[])> ::: 11;<comp5111.assignment.cut.Subject$StringAlgorithms: java.lang.String parseToken(java.lang.String,char[])> ::: 12;<comp5111.assignment.cut.Subject$StringAlgorithms: java.lang.String parseToken(java.lang.String,char[])> ::: 13;<comp5111.assignment.cut.Subject$StringAlgorithms: java.lang.String parseToken(java.lang.String,char[])> ::: 14;<comp5111.assignment.cut.Subject$StringAlgorithms: java.lang.String parseToken(java.lang.String,char[])> ::: 2;<comp5111.assignment.cut.Subject$StringAlgorithms: java.lang.String parseToken(java.lang.String,char[])> ::: 3;<comp5111.assignment.cut.Subject$StringAlgorithms: java.lang.String parseToken(java.lang.String,char[])> ::: 4;<comp5111.assignment.cut.Subject$StringAlgorithms: java.lang.String parseToken(java.lang.String,char[])> ::: 5;<comp5111.assignment.cut.Subject$StringAlgorithms: java.lang.String parseToken(java.lang.String,char[])> ::: 6;<comp5111.assignment.cut.Subject$StringAlgorithms: java.lang.String parseToken(java.lang.String,char[])> ::: 7;<comp5111.assignment.cut.Subject$StringAlgorithms: java.lang.String parseToken(java.lang.String,char[])> ::: 8;<comp5111.assignment.cut.Subject$StringAlgorithms: java.lang.String parseToken(java.lang.String,char[])> ::: 9
comp5111.assignment.cut.Subject_randoop111_RegressionTest0#test338	PASS	<comp5111.assignment.cut.Subject$StringAlgorithms: java.lang.String padRight(java.lang.String,short,char)> ::: 3;<comp5111.assignment.cut.Subject$StringAlgorithms: java.lang.String padRight(java.lang.String,short,char)> ::: 5;<comp5111.assignment.cut.Subject$StringAlgorithms: java.lang.String padRight(java.lang.String,short,char)> ::: 6;<comp5111.assignment.cut.Subject$StringAlgorithms: java.lang.String padRight(java.lang.String,short,char)> ::: 7;<comp5111.assignment.cut.Subject$StringAlgorithms: java.lang.String padRight(java.lang.String,short,char)> ::: 8
comp5111.assignment.cut.Subject_randoop111_RegressionTest0#test339	PASS	<comp5111.assignment.cut.Subject$DateTimeAlgorithms: boolean checkValidDate(int,int,int)> ::: 3;<comp5111.assignment.cut.Subject$DateTimeAlgorithms: boolean checkValidDate(int,int,int)> ::: 4;<comp5111.assignment.cut.Subject$DateTimeAlgorithms: boolean checkValidDate(int,int,int)> ::: 5;<comp5111.assignment.cut.Subject$DateTimeAlgorithms: int daysBetweenDates(int,int,int,int,int,int)> ::: 12;<comp5111.assignment.cut.Subject$DateTimeAlgorithms: int daysBetweenDates(int,int,int,int,int,int)> ::: 13;<comp5111.assignment.cut.Subject$DateTimeAlgorithms: int daysBetweenDates(int,int,int,int,int,int)> ::: 14;<comp5111.assignment.cut.Subject$DateTimeAlgorithms: int daysBetweenDates(int,int,int,int,int,int)> ::: 6;<comp5111.assignment.cut.Subject$DateTimeAlgorithms: int daysBetweenDates(int,int,int,int,int,int)> ::: 7;<comp5111.assignment.cut.Subject$DateTimeAlgorithms: int daysBetweenDates(int,int,int,int,int,int)> ::: 8;<comp5111.assignment.cut.Subject$DateTimeAlgorithms: int daysBetweenDates(int,int,int,int,int,int)> ::: 9
comp5111.assignment.cut.Subject_randoop111_RegressionTest0#test340	PASS	<comp5111.assignment.cut.Subject$StringAlgorithms: java.lang.String[] trimArrayElements(java.lang.String[])> ::: 1;<comp5111.assignment.cut.Subject$StringAlgorithms: java.lang.String[] trimArrayElements(java.lang.String[])> ::: 10;<comp5111.assignment.cut.Subject$StringAlgorithms: java.lang.String[] trimArrayElements(java.lang.String[])> ::: 11;<comp5111.assignment.cut.Subject$StringAlgorithms: java.lang.String[] trimArrayElements(java.lang.String[])> ::: 12;<comp5111.assignment.cut.Subject$StringAlgorithms: java.lang.String[] trimArrayElements(java.lang.String[])> ::: 13;<comp5111.assignment.cut.Subject$StringAlgorithms: java.lang.String[] trimArrayElements(java.lang.String[])> ::: 14;<comp5111.assignment.cut.Subject$StringAlgorithms: java.lang.String[] trimArrayElements(java.lang.String[])> ::: 16;<comp5111.assignment.cut.Subject$StringAlgorithms: java.lang.String[] trimArrayElements(java.lang.String[])> ::: 17;<comp5111.assignment.cut.Subject$StringAlgorithms: java.lang.String[] trimArrayElements(java.lang.String[])> ::: 18;<comp5111.assignment.cut.Subject$StringAlgorithms: java.lang.String[] trimArrayElements(java.lang.String[])> ::: 19;<comp5111.assignment.cut.Subject$StringAlgorithms: java.lang.String[] trimArrayElements(java.lang.String[])> ::: 2;<comp5111.assignment.cut.Subject$StringAlgorithms: java.lang.String[] trimArrayElements(java.lang.String[])> ::: 20;<comp5111.assignment.cut.Subject$StringAlgorithms: java.lang.String[] trimArrayElements(java.lang.String[])> ::: 3;<comp5111.assignment.cut.Subject$StringAlgorithms: java.lang.String[] trimArrayElements(java.lang.String[])> ::: 6;<comp5111.assignment.cut.Subject$StringAlgorithms: java.lang.String[] trimArrayElements(java.lang.String[])> ::: 7;<comp5111.assignment.cut.Subject$StringAlgorithms: java.lang.String[] trimArrayElements(java.lang.String[])> ::: 8;<comp5111.assignment.cut.Subject$StringAlgorithms: java.lang.String[] trimArrayElements(java.lang.String[])> ::: 9
comp5111.assignment.cut.Subject_randoop111_RegressionTest0#test341	PASS	<comp5111.assignment.cut.Subject$StringAlgorithms: java.lang.String padLeft(java.lang.String,short,char)> ::: 3;<comp5111.assignment.cut.Subject$StringAlgorithms: java.lang.String padLeft(java.lang.String,short,char)> ::: 5;<comp5111.assignment.cut.Subject$StringAlgorithms: java.lang.String padLeft(java.lang.String,short,char)> ::: 6;<comp5111.assignment.cut.Subject$StringAlgorithms: java.lang.String padLeft(java.lang.String,short,char)> ::: 7;<comp5111.assignment.cut.Subject$StringAlgorithms: java.lang.String padLeft(java.lang.String,short,char)> ::: 8
comp5111.assignment.cut.Subject_randoop111_RegressionTest0#test342	PASS	<comp5111.assignment.cut.Subject$DateTimeAlgorithms: int calcDaysInMonth(int,int)> ::: 2;<comp5111.assignment.cut.Subject$DateTimeAlgorithms: int calcDaysInMonth(int,int)> ::: 3;<comp5111.assignment.cut.Subject$DateTimeAlgorithms: int calcDaysInMonth(int,int)> ::: 4
comp5111.assignment.cut.Subject_randoop111_RegressionTest0#test343	PASS	<comp5111.assignment.cut.Subject$GamePlace: boolean isAdjacent(comp5111.assignment.cut.Subject$GamePlace)> ::: 10;<comp5111.assignment.cut.Subject$GamePlace: boolean isAdjacent(comp5111.assignment.cut.Subject$GamePlace)> ::: 11;<comp5111.assignment.cut.Subject$GamePlace: boolean isAdjacent(comp5111.assignment.cut.Subject$GamePlace)> ::: 12;<comp5111.assignment.cut.Subject$GamePlace: boolean isAdjacent(comp5111.assignment.cut.Subject$GamePlace)> ::: 13;<comp5111.assignment.cut.Subject$GamePlace: boolean isAdjacent(comp5111.assignment.cut.Subject$GamePlace)> ::: 15;<comp5111.assignment.cut.Subject$GamePlace: boolean isAdjacent(comp5111.assignment.cut.Subject$GamePlace)> ::: 2;<comp5111.assignment.cut.Subject$GamePlace: boolean isAdjacent(comp5111.assignment.cut.Subject$GamePlace)> ::: 3;<comp5111.assignment.cut.Subject$GamePlace: boolean isAdjacent(comp5111.assignment.cut.Subject$GamePlace)> ::: 4;<comp5111.assignment.cut.Subject$GamePlace: boolean isAdjacent(comp5111.assignment.cut.Subject$GamePlace)> ::: 5;<comp5111.assignment.cut.Subject$GamePlace: boolean isAdjacent(comp5111.assignment.cut.Subject$GamePlace)> ::: 6;<comp5111.assignment.cut.Subject$GamePlace: boolean isAdjacent(comp5111.assignment.cut.Subject$GamePlace)> ::: 7;<comp5111.assignment.cut.Subject$GamePlace: boolean isAdjacent(comp5111.assignment.cut.Subject$GamePlace)> ::: 8;<comp5111.assignment.cut.Subject$GamePlace: boolean isAdjacent(comp5111.assignment.cut.Subject$GamePlace)> ::: 9;<comp5111.assignment.cut.Subject$GamePlace: comp5111.assignment.cut.Subject$GamePlace clone()> ::: 1;<comp5111.assignment.cut.Subject$GamePlace: comp5111.assignment.cut.Subject$GamePlace clone()> ::: 2;<comp5111.assignment.cut.Subject$GamePlace: comp5111.assignment.cut.Subject$GamePlace clone()> ::: 3;<comp5111.assignment.cut.Subject$GamePlace: comp5111.assignment.cut.Subject$GamePlace clone()> ::: 4;<comp5111.assignment.cut.Subject$GamePlace: comp5111.assignment.cut.Subject$GamePlace clone()> ::: 5;<comp5111.assignment.cut.Subject$GamePlace: comp5111.assignment.cut.Subject$GamePlace clone()> ::: 6;<comp5111.assignment.cut.Subject$GamePlace: comp5111.assignment.cut.Subject$GamePlace clone()> ::: 7;<comp5111.assignment.cut.Subject$GamePlace: comp5111.assignment.cut.Subject$GamePlace clone()> ::: 8;<comp5111.assignment.cut.Subject$GamePlace: comp5111.assignment.cut.Subject$GamePlace clone()> ::: 9;<comp5111.assignment.cut.Subject$GamePlace: java.lang.String toString()> ::: 1;<comp5111.assignment.cut.Subject$GamePlace: java.lang.String toString()> ::: 2;<comp5111.assignment.cut.Subject$GamePlace: java.lang.String toString()> ::: 3;<comp5111.assignment.cut.Subject$GamePlace: java.lang.String toString()> ::: 4;<comp5111.assignment.cut.Subject$GamePlace: void <init>(comp5111.assignment.cut.Subject,int,int)> ::: 4;<comp5111.assignment.cut.Subject$GamePlace: void <init>(comp5111.assignment.cut.Subject,int,int)> ::: 5;<comp5111.assignment.cut.Subject$GamePlace: void <init>(comp5111.assignment.cut.Subject,int,int)> ::: 6;<comp5111.assignment.cut.Subject$GamePlace: void <init>(comp5111.assignment.cut.Subject,int,int)> ::: 7;<comp5111.assignment.cut.Subject$GamePlace: void <init>(comp5111.assignment.cut.Subject,int,int)> ::: 8;<comp5111.assignment.cut.Subject: void <init>()> ::: 1;<comp5111.assignment.cut.Subject: void <init>()> ::: 2
comp5111.assignment.cut.Subject_randoop111_RegressionTest0#test344	PASS	<comp5111.assignment.cut.Subject$DateTimeAlgorithms: boolean checkValidDate(int,int,int)> ::: 10;<comp5111.assignment.cut.Subject$DateTimeAlgorithms: boolean checkValidDate(int,int,int)> ::: 3;<comp5111.assignment.cut.Subject$DateTimeAlgorithms: boolean checkValidDate(int,int,int)> ::: 4;<comp5111.assignment.cut.Subject$DateTimeAlgorithms: boolean checkValidDate(int,int,int)> ::: 6;<comp5111.assignment.cut.Subject$DateTimeAlgorithms: boolean checkValidDate(int,int,int)> ::: 7;<comp5111.assignment.cut.Subject$DateTimeAlgorithms: int calcDaysInMonth(int,int)> ::: 12;<comp5111.assignment.cut.Subject$DateTimeAlgorithms: int calcDaysInMonth(int,int)> ::: 16;<comp5111.assignment.cut.Subject$DateTimeAlgorithms: int calcDaysInMonth(int,int)> ::: 2;<comp5111.assignment.cut.Subject$DateTimeAlgorithms: int calcDaysInMonth(int,int)> ::: 3;<comp5111.assignment.cut.Subject$DateTimeAlgorithms: int calcDaysInMonth(int,int)> ::: 5;<comp5111.assignment.cut.Subject$DateTimeAlgorithms: java.util.List listDatesBetween(int,int,int,int,int,int)> ::: 10;<comp5111.assignment.cut.Subject$DateTimeAlgorithms: java.util.List listDatesBetween(int,int,int,int,int,int)> ::: 13;<comp5111.assignment.cut.Subject$DateTimeAlgorithms: java.util.List listDatesBetween(int,int,int,int,int,int)> ::: 6;<comp5111.assignment.cut.Subject$DateTimeAlgorithms: java.util.List listDatesBetween(int,int,int,int,int,int)> ::: 7;<comp5111.assignment.cut.Subject$DateTimeAlgorithms: java.util.List listDatesBetween(int,int,int,int,int,int)> ::: 8;<comp5111.assignment.cut.Subject$DateTimeAlgorithms: java.util.List listDatesBetween(int,int,int,int,int,int)> ::: 9
comp5111.assignment.cut.Subject_randoop111_RegressionTest0#test345	PASS	<comp5111.assignment.cut.Subject$GamePlayer: void <init>(comp5111.assignment.cut.Subject,java.lang.String)> ::: 3;<comp5111.assignment.cut.Subject$GamePlayer: void <init>(comp5111.assignment.cut.Subject,java.lang.String)> ::: 4;<comp5111.assignment.cut.Subject$GamePlayer: void <init>(comp5111.assignment.cut.Subject,java.lang.String)> ::: 5;<comp5111.assignment.cut.Subject$GamePlayer: void <init>(comp5111.assignment.cut.Subject,java.lang.String)> ::: 6;<comp5111.assignment.cut.Subject$GamePlayer: void resetScore()> ::: 1;<comp5111.assignment.cut.Subject$GamePlayer: void resetScore()> ::: 2;<comp5111.assignment.cut.Subject: void <init>()> ::: 1;<comp5111.assignment.cut.Subject: void <init>()> ::: 2
comp5111.assignment.cut.Subject_randoop111_RegressionTest0#test346	PASS	<comp5111.assignment.cut.Subject$DateTimeAlgorithms: boolean checkValidDate(int,int,int)> ::: 3;<comp5111.assignment.cut.Subject$DateTimeAlgorithms: boolean checkValidDate(int,int,int)> ::: 4;<comp5111.assignment.cut.Subject$DateTimeAlgorithms: boolean checkValidDate(int,int,int)> ::: 5;<comp5111.assignment.cut.Subject$DateTimeAlgorithms: java.util.List listDatesBetween(int,int,int,int,int,int)> ::: 10;<comp5111.assignment.cut.Subject$DateTimeAlgorithms: java.util.List listDatesBetween(int,int,int,int,int,int)> ::: 13;<comp5111.assignment.cut.Subject$DateTimeAlgorithms: java.util.List listDatesBetween(int,int,int,int,int,int)> ::: 6;<comp5111.assignment.cut.Subject$DateTimeAlgorithms: java.util.List listDatesBetween(int,int,int,int,int,int)> ::: 7;<comp5111.assignment.cut.Subject$DateTimeAlgorithms: java.util.List listDatesBetween(int,int,int,int,int,int)> ::: 8;<comp5111.assignment.cut.Subject$DateTimeAlgorithms: java.util.List listDatesBetween(int,int,int,int,int,int)> ::: 9
comp5111.assignment.cut.Subject_randoop111_RegressionTest0#test347	PASS	<comp5111.assignment.cut.Subject$DateTimeAlgorithms: int calcDaysInMonth(int,int)> ::: 12;<comp5111.assignment.cut.Subject$DateTimeAlgorithms: int calcDaysInMonth(int,int)> ::: 13;<comp5111.assignment.cut.Subject$DateTimeAlgorithms: int calcDaysInMonth(int,int)> ::: 14;<comp5111.assignment.cut.Subject$DateTimeAlgorithms: int calcDaysInMonth(int,int)> ::: 15;<comp5111.assignment.cut.Subject$DateTimeAlgorithms: int calcDaysInMonth(int,int)> ::: 17;<comp5111.assignment.cut.Subject$DateTimeAlgorithms: int calcDaysInMonth(int,int)> ::: 2;<comp5111.assignment.cut.Subject$DateTimeAlgorithms: int calcDaysInMonth(int,int)> ::: 3;<comp5111.assignment.cut.Subject$DateTimeAlgorithms: int calcDaysInMonth(int,int)> ::: 5
comp5111.assignment.cut.Subject_randoop111_RegressionTest0#test348	PASS	<comp5111.assignment.cut.Subject$StringAlgorithms: int decodeOctets(int,java.nio.ByteBuffer,java.lang.StringBuilder)> ::: 3
comp5111.assignment.cut.Subject_randoop111_RegressionTest0#test349	PASS	<comp5111.assignment.cut.Subject$DateTimeAlgorithms: int monAbbr2month(java.lang.String)> ::: 1;<comp5111.assignment.cut.Subject$DateTimeAlgorithms: int monAbbr2month(java.lang.String)> ::: 2;<comp5111.assignment.cut.Subject$DateTimeAlgorithms: int monAbbr2month(java.lang.String)> ::: 3;<comp5111.assignment.cut.Subject$DateTimeAlgorithms: int monAbbr2month(java.lang.String)> ::: 4
comp5111.assignment.cut.Subject_randoop111_RegressionTest0#test350	PASS	<comp5111.assignment.cut.Subject$DateTimeAlgorithms: int calcDaysInMonth(int,int)> ::: 2;<comp5111.assignment.cut.Subject$DateTimeAlgorithms: int calcDaysInMonth(int,int)> ::: 3;<comp5111.assignment.cut.Subject$DateTimeAlgorithms: int calcDaysInMonth(int,int)> ::: 4
comp5111.assignment.cut.Subject_randoop111_RegressionTest0#test351	PASS	<comp5111.assignment.cut.Subject$DateTimeAlgorithms: int monthsBetween(int,int,int,int)> ::: 4;<comp5111.assignment.cut.Subject$DateTimeAlgorithms: int monthsBetween(int,int,int,int)> ::: 5;<comp5111.assignment.cut.Subject$DateTimeAlgorithms: int monthsBetween(int,int,int,int)> ::: 8
comp5111.assignment.cut.Subject_randoop111_RegressionTest0#test352	PASS	<comp5111.assignment.cut.Subject$DateTimeAlgorithms: boolean checkValidDate(int,int,int)> ::: 3;<comp5111.assignment.cut.Subject$DateTimeAlgorithms: boolean checkValidDate(int,int,int)> ::: 4;<comp5111.assignment.cut.Subject$DateTimeAlgorithms: boolean checkValidDate(int,int,int)> ::: 5;<comp5111.assignment.cut.Subject$DateTimeAlgorithms: java.util.List listDatesBetween(int,int,int,int,int,int)> ::: 10;<comp5111.assignment.cut.Subject$DateTimeAlgorithms: java.util.List listDatesBetween(int,int,int,int,int,int)> ::: 13;<comp5111.assignment.cut.Subject$DateTimeAlgorithms: java.util.List listDatesBetween(int,int,int,int,int,int)> ::: 6;<comp5111.assignment.cut.Subject$DateTimeAlgorithms: java.util.List listDatesBetween(int,int,int,int,int,int)> ::: 7;<comp5111.assignment.cut.Subject$DateTimeAlgorithms: java.util.List listDatesBetween(int,int,int,int,int,int)> ::: 8;<comp5111.assignment.cut.Subject$DateTimeAlgorithms: java.util.List listDatesBetween(int,int,int,int,int,int)> ::: 9
comp5111.assignment.cut.Subject_randoop111_RegressionTest0#test353	PASS	<comp5111.assignment.cut.Subject$DateTimeAlgorithms: int monAbbr2month(java.lang.String)> ::: 1;<comp5111.assignment.cut.Subject$DateTimeAlgorithms: int monAbbr2month(java.lang.String)> ::: 2;<comp5111.assignment.cut.Subject$DateTimeAlgorithms: int monAbbr2month(java.lang.String)> ::: 3;<comp5111.assignment.cut.Subject$DateTimeAlgorithms: int monAbbr2month(java.lang.String)> ::: 4
comp5111.assignment.cut.Subject_randoop111_RegressionTest0#test354	PASS	<comp5111.assignment.cut.Subject$StringAlgorithms: int decodeOctets(int,java.nio.ByteBuffer,java.lang.StringBuilder)> ::: 3
comp5111.assignment.cut.Subject_randoop111_RegressionTest0#test355	FAIL	<comp5111.assignment.cut.Subject$StringAlgorithms: boolean isOneOf(char,char[])> ::: 10;<comp5111.assignment.cut.Subject$StringAlgorithms: boolean isOneOf(char,char[])> ::: 11;<comp5111.assignment.cut.Subject$StringAlgorithms: boolean isOneOf(char,char[])> ::: 12;<comp5111.assignment.cut.Subject$StringAlgorithms: boolean isOneOf(char,char[])> ::: 13;<comp5111.assignment.cut.Subject$StringAlgorithms: boolean isOneOf(char,char[])> ::: 2;<comp5111.assignment.cut.Subject$StringAlgorithms: boolean isOneOf(char,char[])> ::: 3;<comp5111.assignment.cut.Subject$StringAlgorithms: boolean isOneOf(char,char[])> ::: 4;<comp5111.assignment.cut.Subject$StringAlgorithms: boolean isOneOf(char,char[])> ::: 5;<comp5111.assignment.cut.Subject$StringAlgorithms: boolean isOneOf(char,char[])> ::: 6;<comp5111.assignment.cut.Subject$StringAlgorithms: boolean isOneOf(char,char[])> ::: 7;<comp5111.assignment.cut.Subject$StringAlgorithms: boolean isOneOf(char,char[])> ::: 8;<comp5111.assignment.cut.Subject$StringAlgorithms: boolean isOneOf(char,char[])> ::: 9;<comp5111.assignment.cut.Subject$StringAlgorithms: java.lang.String parseToken(java.lang.String,char[])> ::: 10;<comp5111.assignment.cut.Subject$StringAlgorithms: java.lang.String parseToken(java.lang.String,char[])> ::: 11;<comp5111.assignment.cut.Subject$StringAlgorithms: java.lang.String parseToken(java.lang.String,char[])> ::: 12;<comp5111.assignment.cut.Subject$StringAlgorithms: java.lang.String parseToken(java.lang.String,char[])> ::: 13;<comp5111.assignment.cut.Subject$StringAlgorithms: java.lang.String parseToken(java.lang.String,char[])> ::: 14;<comp5111.assignment.cut.Subject$StringAlgorithms: java.lang.String parseToken(java.lang.String,char[])> ::: 2;<comp5111.assignment.cut.Subject$StringAlgorithms: java.lang.String parseToken(java.lang.String,char[])> ::: 3;<comp5111.assignment.cut.Subject$StringAlgorithms: java.lang.String parseToken(java.lang.String,char[])> ::: 4;<comp5111.assignment.cut.Subject$StringAlgorithms: java.lang.String parseToken(java.lang.String,char[])> ::: 5;<comp5111.assignment.cut.Subject$StringAlgorithms: java.lang.String parseToken(java.lang.String,char[])> ::: 6;<comp5111.assignment.cut.Subject$StringAlgorithms: java.lang.String parseToken(java.lang.String,char[])> ::: 7;<comp5111.assignment.cut.Subject$StringAlgorithms: java.lang.String parseToken(java.lang.String,char[])> ::: 8;<comp5111.assignment.cut.Subject$StringAlgorithms: java.lang.String parseToken(java.lang.String,char[])> ::: 9
comp5111.assignment.cut.Subject_randoop111_RegressionTest0#test356	PASS	<comp5111.assignment.cut.Subject$GamePlayer: void <init>(comp5111.assignment.cut.Subject,java.lang.String)> ::: 3;<comp5111.assignment.cut.Subject$GamePlayer: void <init>(comp5111.assignment.cut.Subject,java.lang.String)> ::: 4;<comp5111.assignment.cut.Subject$GamePlayer: void <init>(comp5111.assignment.cut.Subject,java.lang.String)> ::: 5;<comp5111.assignment.cut.Subject$GamePlayer: void <init>(comp5111.assignment.cut.Subject,java.lang.String)> ::: 6;<comp5111.assignment.cut.Subject$GamePlayer: void addScore(int)> ::: 2;<comp5111.assignment.cut.Subject$GamePlayer: void addScore(int)> ::: 3;<comp5111.assignment.cut.Subject$GamePlayer: void addScore(int)> ::: 4;<comp5111.assignment.cut.Subject$GamePlayer: void addScore(int)> ::: 5;<comp5111.assignment.cut.Subject$GamePlayer: void resetScore()> ::: 1;<comp5111.assignment.cut.Subject$GamePlayer: void resetScore()> ::: 2;<comp5111.assignment.cut.Subject: void <init>()> ::: 1;<comp5111.assignment.cut.Subject: void <init>()> ::: 2
comp5111.assignment.cut.Subject_randoop111_RegressionTest0#test357	PASS	<comp5111.assignment.cut.Subject$DateTimeAlgorithms: boolean checkValidDate(int,int,int)> ::: 3;<comp5111.assignment.cut.Subject$DateTimeAlgorithms: boolean checkValidDate(int,int,int)> ::: 4;<comp5111.assignment.cut.Subject$DateTimeAlgorithms: boolean checkValidDate(int,int,int)> ::: 5;<comp5111.assignment.cut.Subject$DateTimeAlgorithms: java.util.List listDatesBetween(int,int,int,int,int,int)> ::: 10;<comp5111.assignment.cut.Subject$DateTimeAlgorithms: java.util.List listDatesBetween(int,int,int,int,int,int)> ::: 13;<comp5111.assignment.cut.Subject$DateTimeAlgorithms: java.util.List listDatesBetween(int,int,int,int,int,int)> ::: 6;<comp5111.assignment.cut.Subject$DateTimeAlgorithms: java.util.List listDatesBetween(int,int,int,int,int,int)> ::: 7;<comp5111.assignment.cut.Subject$DateTimeAlgorithms: java.util.List listDatesBetween(int,int,int,int,int,int)> ::: 8;<comp5111.assignment.cut.Subject$DateTimeAlgorithms: java.util.List listDatesBetween(int,int,int,int,int,int)> ::: 9
comp5111.assignment.cut.Subject_randoop111_RegressionTest0#test358	PASS	<comp5111.assignment.cut.Subject$GamePlace: boolean isAdjacent(comp5111.assignment.cut.Subject$GamePlace)> ::: 2;<comp5111.assignment.cut.Subject$GamePlace: boolean isAdjacent(comp5111.assignment.cut.Subject$GamePlace)> ::: 3;<comp5111.assignment.cut.Subject$GamePlace: void <init>(comp5111.assignment.cut.Subject,int,int)> ::: 4;<comp5111.assignment.cut.Subject$GamePlace: void <init>(comp5111.assignment.cut.Subject,int,int)> ::: 5;<comp5111.assignment.cut.Subject$GamePlace: void <init>(comp5111.assignment.cut.Subject,int,int)> ::: 6;<comp5111.assignment.cut.Subject$GamePlace: void <init>(comp5111.assignment.cut.Subject,int,int)> ::: 7;<comp5111.assignment.cut.Subject$GamePlace: void <init>(comp5111.assignment.cut.Subject,int,int)> ::: 8;<comp5111.assignment.cut.Subject: void <init>()> ::: 1;<comp5111.assignment.cut.Subject: void <init>()> ::: 2
comp5111.assignment.cut.Subject_randoop111_RegressionTest0#test359	PASS	<comp5111.assignment.cut.Subject$StringAlgorithms: boolean startsWithIgnoreCase(java.lang.String,java.lang.String)> ::: 2;<comp5111.assignment.cut.Subject$StringAlgorithms: boolean startsWithIgnoreCase(java.lang.String,java.lang.String)> ::: 3;<comp5111.assignment.cut.Subject$StringAlgorithms: boolean startsWithIgnoreCase(java.lang.String,java.lang.String)> ::: 5;<comp5111.assignment.cut.Subject$StringAlgorithms: boolean startsWithIgnoreCase(java.lang.String,java.lang.String)> ::: 6;<comp5111.assignment.cut.Subject$StringAlgorithms: boolean startsWithIgnoreCase(java.lang.String,java.lang.String)> ::: 7;<comp5111.assignment.cut.Subject$StringAlgorithms: boolean startsWithIgnoreCase(java.lang.String,java.lang.String)> ::: 8
comp5111.assignment.cut.Subject_randoop111_RegressionTest0#test360	PASS	<comp5111.assignment.cut.Subject$GamePlayer: void <init>(comp5111.assignment.cut.Subject)> ::: 2;<comp5111.assignment.cut.Subject$GamePlayer: void <init>(comp5111.assignment.cut.Subject)> ::: 3;<comp5111.assignment.cut.Subject$GamePlayer: void <init>(comp5111.assignment.cut.Subject)> ::: 4;<comp5111.assignment.cut.Subject$GamePlayer: void <init>(comp5111.assignment.cut.Subject)> ::: 5;<comp5111.assignment.cut.Subject$GamePlayer: void <init>(comp5111.assignment.cut.Subject,java.lang.String)> ::: 3;<comp5111.assignment.cut.Subject$GamePlayer: void <init>(comp5111.assignment.cut.Subject,java.lang.String)> ::: 4;<comp5111.assignment.cut.Subject$GamePlayer: void <init>(comp5111.assignment.cut.Subject,java.lang.String)> ::: 5;<comp5111.assignment.cut.Subject$GamePlayer: void <init>(comp5111.assignment.cut.Subject,java.lang.String)> ::: 6;<comp5111.assignment.cut.Subject$GamePlayer: void addScore(int)> ::: 2;<comp5111.assignment.cut.Subject$GamePlayer: void addScore(int)> ::: 3;<comp5111.assignment.cut.Subject$GamePlayer: void addScore(int)> ::: 4;<comp5111.assignment.cut.Subject$GamePlayer: void addScore(int)> ::: 5;<comp5111.assignment.cut.Subject: void <init>()> ::: 1;<comp5111.assignment.cut.Subject: void <init>()> ::: 2
comp5111.assignment.cut.Subject_randoop111_RegressionTest0#test361	PASS	<comp5111.assignment.cut.Subject$DateTimeAlgorithms: boolean judgeLeapYear(int)> ::: 1;<comp5111.assignment.cut.Subject$DateTimeAlgorithms: boolean judgeLeapYear(int)> ::: 2;<comp5111.assignment.cut.Subject$DateTimeAlgorithms: boolean judgeLeapYear(int)> ::: 3
comp5111.assignment.cut.Subject_randoop111_RegressionTest0#test362	PASS	<comp5111.assignment.cut.Subject$StringAlgorithms: int extractIntInStr(java.lang.String)> ::: 1;<comp5111.assignment.cut.Subject$StringAlgorithms: int extractIntInStr(java.lang.String)> ::: 10;<comp5111.assignment.cut.Subject$StringAlgorithms: int extractIntInStr(java.lang.String)> ::: 12;<comp5111.assignment.cut.Subject$StringAlgorithms: int extractIntInStr(java.lang.String)> ::: 13;<comp5111.assignment.cut.Subject$StringAlgorithms: int extractIntInStr(java.lang.String)> ::: 14;<comp5111.assignment.cut.Subject$StringAlgorithms: int extractIntInStr(java.lang.String)> ::: 15;<comp5111.assignment.cut.Subject$StringAlgorithms: int extractIntInStr(java.lang.String)> ::: 16;<comp5111.assignment.cut.Subject$StringAlgorithms: int extractIntInStr(java.lang.String)> ::: 17;<comp5111.assignment.cut.Subject$StringAlgorithms: int extractIntInStr(java.lang.String)> ::: 18;<comp5111.assignment.cut.Subject$StringAlgorithms: int extractIntInStr(java.lang.String)> ::: 2;<comp5111.assignment.cut.Subject$StringAlgorithms: int extractIntInStr(java.lang.String)> ::: 3;<comp5111.assignment.cut.Subject$StringAlgorithms: int extractIntInStr(java.lang.String)> ::: 5;<comp5111.assignment.cut.Subject$StringAlgorithms: int extractIntInStr(java.lang.String)> ::: 6;<comp5111.assignment.cut.Subject$StringAlgorithms: int extractIntInStr(java.lang.String)> ::: 7;<comp5111.assignment.cut.Subject$StringAlgorithms: int extractIntInStr(java.lang.String)> ::: 8;<comp5111.assignment.cut.Subject$StringAlgorithms: int extractIntInStr(java.lang.String)> ::: 9;<comp5111.assignment.cut.Subject$StringAlgorithms: int[] getVersionNo(java.lang.String)> ::: 1;<comp5111.assignment.cut.Subject$StringAlgorithms: int[] getVersionNo(java.lang.String)> ::: 10;<comp5111.assignment.cut.Subject$StringAlgorithms: int[] getVersionNo(java.lang.String)> ::: 11;<comp5111.assignment.cut.Subject$StringAlgorithms: int[] getVersionNo(java.lang.String)> ::: 12;<comp5111.assignment.cut.Subject$StringAlgorithms: int[] getVersionNo(java.lang.String)> ::: 14;<comp5111.assignment.cut.Subject$StringAlgorithms: int[] getVersionNo(java.lang.String)> ::: 15;<comp5111.assignment.cut.Subject$StringAlgorithms: int[] getVersionNo(java.lang.String)> ::: 16;<comp5111.assignment.cut.Subject$StringAlgorithms: int[] getVersionNo(java.lang.String)> ::: 17;<comp5111.assignment.cut.Subject$StringAlgorithms: int[] getVersionNo(java.lang.String)> ::: 2;<comp5111.assignment.cut.Subject$StringAlgorithms: int[] getVersionNo(java.lang.String)> ::: 22;<comp5111.assignment.cut.Subject$StringAlgorithms: int[] getVersionNo(java.lang.String)> ::: 23;<comp5111.assignment.cut.Subject$StringAlgorithms: int[] getVersionNo(java.lang.String)> ::: 24;<comp5111.assignment.cut.Subject$StringAlgorithms: int[] getVersionNo(java.lang.String)> ::: 25;<comp5111.assignment.cut.Subject$StringAlgorithms: int[] getVersionNo(java.lang.String)> ::: 26;<comp5111.assignment.cut.Subject$StringAlgorithms: int[] getVersionNo(java.lang.String)> ::: 27;<comp5111.assignment.cut.Subject$StringAlgorithms: int[] getVersionNo(java.lang.String)> ::: 3;<comp5111.assignment.cut.Subject$StringAlgorithms: int[] getVersionNo(java.lang.String)> ::: 5;<comp5111.assignment.cut.Subject$StringAlgorithms: int[] getVersionNo(java.lang.String)> ::: 6;<comp5111.assignment.cut.Subject$StringAlgorithms: int[] getVersionNo(java.lang.String)> ::: 7;<comp5111.assignment.cut.Subject$StringAlgorithms: int[] getVersionNo(java.lang.String)> ::: 8;<comp5111.assignment.cut.Subject$StringAlgorithms: int[] getVersionNo(java.lang.String)> ::: 9
comp5111.assignment.cut.Subject_randoop111_RegressionTest0#test363	PASS	<comp5111.assignment.cut.Subject$GameConfiguration: void <init>(comp5111.assignment.cut.Subject,int,comp5111.assignment.cut.Subject$GamePlayer[])> ::: 4;<comp5111.assignment.cut.Subject$GameConfiguration: void <init>(comp5111.assignment.cut.Subject,int,comp5111.assignment.cut.Subject$GamePlayer[])> ::: 5;<comp5111.assignment.cut.Subject$GameConfiguration: void <init>(comp5111.assignment.cut.Subject,int,comp5111.assignment.cut.Subject$GamePlayer[])> ::: 6;<comp5111.assignment.cut.Subject$GameConfiguration: void <init>(comp5111.assignment.cut.Subject,int,comp5111.assignment.cut.Subject$GamePlayer[])> ::: 7;<comp5111.assignment.cut.Subject$GameConfiguration: void <init>(comp5111.assignment.cut.Subject,int,comp5111.assignment.cut.Subject$GamePlayer[])> ::: 8;<comp5111.assignment.cut.Subject$GameConfiguration: void <init>(comp5111.assignment.cut.Subject,int,comp5111.assignment.cut.Subject$GamePlayer[])> ::: 9;<comp5111.assignment.cut.Subject$GamePlayer: comp5111.assignment.cut.Subject$GamePlayer clone()> ::: 1;<comp5111.assignment.cut.Subject$GamePlayer: comp5111.assignment.cut.Subject$GamePlayer clone()> ::: 2;<comp5111.assignment.cut.Subject$GamePlayer: comp5111.assignment.cut.Subject$GamePlayer clone()> ::: 3;<comp5111.assignment.cut.Subject$GamePlayer: comp5111.assignment.cut.Subject$GamePlayer clone()> ::: 4;<comp5111.assignment.cut.Subject$GamePlayer: comp5111.assignment.cut.Subject$GamePlayer clone()> ::: 5;<comp5111.assignment.cut.Subject$GamePlayer: comp5111.assignment.cut.Subject$GamePlayer clone()> ::: 6;<comp5111.assignment.cut.Subject$GamePlayer: comp5111.assignment.cut.Subject$GamePlayer clone()> ::: 7;<comp5111.assignment.cut.Subject$GamePlayer: comp5111.assignment.cut.Subject$GamePlayer clone()> ::: 8;<comp5111.assignment.cut.Subject$GamePlayer: int getScore()> ::: 1;<comp5111.assignment.cut.Subject$GamePlayer: int getScore()> ::: 2;<comp5111.assignment.cut.Subject$GamePlayer: java.lang.String getName()> ::: 1;<comp5111.assignment.cut.Subject$GamePlayer: java.lang.String getName()> ::: 2;<comp5111.assignment.cut.Subject$GamePlayer: void <init>(comp5111.assignment.cut.Subject)> ::: 2;<comp5111.assignment.cut.Subject$GamePlayer: void <init>(comp5111.assignment.cut.Subject)> ::: 3;<comp5111.assignment.cut.Subject$GamePlayer: void <init>(comp5111.assignment.cut.Subject)> ::: 4;<comp5111.assignment.cut.Subject$GamePlayer: void <init>(comp5111.assignment.cut.Subject)> ::: 5;<comp5111.assignment.cut.Subject$GamePlayer: void <init>(comp5111.assignment.cut.Subject,java.lang.String)> ::: 3;<comp5111.assignment.cut.Subject$GamePlayer: void <init>(comp5111.assignment.cut.Subject,java.lang.String)> ::: 4;<comp5111.assignment.cut.Subject$GamePlayer: void <init>(comp5111.assignment.cut.Subject,java.lang.String)> ::: 5;<comp5111.assignment.cut.Subject$GamePlayer: void <init>(comp5111.assignment.cut.Subject,java.lang.String)> ::: 6;<comp5111.assignment.cut.Subject$GamePlayer: void setScore(int)> ::: 2;<comp5111.assignment.cut.Subject$GamePlayer: void setScore(int)> ::: 3;<comp5111.assignment.cut.Subject: void <init>()> ::: 1;<comp5111.assignment.cut.Subject: void <init>()> ::: 2
comp5111.assignment.cut.Subject_randoop111_RegressionTest0#test364	PASS	<comp5111.assignment.cut.Subject$DateTimeAlgorithms: boolean checkValidDate(int,int,int)> ::: 3;<comp5111.assignment.cut.Subject$DateTimeAlgorithms: boolean checkValidDate(int,int,int)> ::: 4;<comp5111.assignment.cut.Subject$DateTimeAlgorithms: boolean checkValidDate(int,int,int)> ::: 5;<comp5111.assignment.cut.Subject$DateTimeAlgorithms: java.util.List listDatesBetween(int,int,int,int,int,int)> ::: 10;<comp5111.assignment.cut.Subject$DateTimeAlgorithms: java.util.List listDatesBetween(int,int,int,int,int,int)> ::: 13;<comp5111.assignment.cut.Subject$DateTimeAlgorithms: java.util.List listDatesBetween(int,int,int,int,int,int)> ::: 6;<comp5111.assignment.cut.Subject$DateTimeAlgorithms: java.util.List listDatesBetween(int,int,int,int,int,int)> ::: 7;<comp5111.assignment.cut.Subject$DateTimeAlgorithms: java.util.List listDatesBetween(int,int,int,int,int,int)> ::: 8;<comp5111.assignment.cut.Subject$DateTimeAlgorithms: java.util.List listDatesBetween(int,int,int,int,int,int)> ::: 9
comp5111.assignment.cut.Subject_randoop111_RegressionTest0#test365	PASS	<comp5111.assignment.cut.Subject$DateTimeAlgorithms: boolean judgeLeapYear(int)> ::: 1;<comp5111.assignment.cut.Subject$DateTimeAlgorithms: boolean judgeLeapYear(int)> ::: 2;<comp5111.assignment.cut.Subject$DateTimeAlgorithms: boolean judgeLeapYear(int)> ::: 3
comp5111.assignment.cut.Subject_randoop111_RegressionTest0#test366	PASS	<comp5111.assignment.cut.Subject$DateTimeAlgorithms: int daysBetweenDateStrings(java.lang.String,java.lang.String)> ::: 2;<comp5111.assignment.cut.Subject$DateTimeAlgorithms: int daysBetweenDateStrings(java.lang.String,java.lang.String)> ::: 3;<comp5111.assignment.cut.Subject$DateTimeAlgorithms: int daysBetweenDateStrings(java.lang.String,java.lang.String)> ::: 4;<comp5111.assignment.cut.Subject$DateTimeAlgorithms: int daysBetweenDateStrings(java.lang.String,java.lang.String)> ::: 5;<comp5111.assignment.cut.Subject$DateTimeAlgorithms: int daysBetweenDateStrings(java.lang.String,java.lang.String)> ::: 8
comp5111.assignment.cut.Subject_randoop111_RegressionTest0#test367	PASS	<comp5111.assignment.cut.Subject$DateTimeAlgorithms: boolean judgeLeapYear(int)> ::: 1;<comp5111.assignment.cut.Subject$DateTimeAlgorithms: boolean judgeLeapYear(int)> ::: 2;<comp5111.assignment.cut.Subject$DateTimeAlgorithms: boolean judgeLeapYear(int)> ::: 3
comp5111.assignment.cut.Subject_randoop111_RegressionTest0#test368	PASS	<comp5111.assignment.cut.Subject$StringAlgorithms: java.lang.Boolean strToBoolean(java.lang.String,java.lang.String,java.lang.String,java.lang.String)> ::: 13;<comp5111.assignment.cut.Subject$StringAlgorithms: java.lang.Boolean strToBoolean(java.lang.String,java.lang.String,java.lang.String,java.lang.String)> ::: 14;<comp5111.assignment.cut.Subject$StringAlgorithms: java.lang.Boolean strToBoolean(java.lang.String,java.lang.String,java.lang.String,java.lang.String)> ::: 17;<comp5111.assignment.cut.Subject$StringAlgorithms: java.lang.Boolean strToBoolean(java.lang.String,java.lang.String,java.lang.String,java.lang.String)> ::: 18;<comp5111.assignment.cut.Subject$StringAlgorithms: java.lang.Boolean strToBoolean(java.lang.String,java.lang.String,java.lang.String,java.lang.String)> ::: 21;<comp5111.assignment.cut.Subject$StringAlgorithms: java.lang.Boolean strToBoolean(java.lang.String,java.lang.String,java.lang.String,java.lang.String)> ::: 22;<comp5111.assignment.cut.Subject$StringAlgorithms: java.lang.Boolean strToBoolean(java.lang.String,java.lang.String,java.lang.String,java.lang.String)> ::: 24;<comp5111.assignment.cut.Subject$StringAlgorithms: java.lang.Boolean strToBoolean(java.lang.String,java.lang.String,java.lang.String,java.lang.String)> ::: 25;<comp5111.assignment.cut.Subject$StringAlgorithms: java.lang.Boolean strToBoolean(java.lang.String,java.lang.String,java.lang.String,java.lang.String)> ::: 26;<comp5111.assignment.cut.Subject$StringAlgorithms: java.lang.Boolean strToBoolean(java.lang.String,java.lang.String,java.lang.String,java.lang.String)> ::: 4
comp5111.assignment.cut.Subject_randoop111_RegressionTest0#test369	PASS	<comp5111.assignment.cut.Subject$GamePlayer: boolean equals(java.lang.Object)> ::: 2;<comp5111.assignment.cut.Subject$GamePlayer: boolean equals(java.lang.Object)> ::: 4;<comp5111.assignment.cut.Subject$GamePlayer: boolean equals(java.lang.Object)> ::: 5;<comp5111.assignment.cut.Subject$GamePlayer: boolean equals(java.lang.Object)> ::: 6;<comp5111.assignment.cut.Subject$GamePlayer: boolean equals(java.lang.Object)> ::: 7;<comp5111.assignment.cut.Subject$GamePlayer: boolean equals(java.lang.Object)> ::: 8;<comp5111.assignment.cut.Subject$GamePlayer: void <init>(comp5111.assignment.cut.Subject,java.lang.String)> ::: 3;<comp5111.assignment.cut.Subject$GamePlayer: void <init>(comp5111.assignment.cut.Subject,java.lang.String)> ::: 4;<comp5111.assignment.cut.Subject$GamePlayer: void <init>(comp5111.assignment.cut.Subject,java.lang.String)> ::: 5;<comp5111.assignment.cut.Subject$GamePlayer: void <init>(comp5111.assignment.cut.Subject,java.lang.String)> ::: 6;<comp5111.assignment.cut.Subject$GamePlayer: void addScore(int)> ::: 2;<comp5111.assignment.cut.Subject$GamePlayer: void addScore(int)> ::: 3;<comp5111.assignment.cut.Subject$GamePlayer: void addScore(int)> ::: 4;<comp5111.assignment.cut.Subject$GamePlayer: void addScore(int)> ::: 5;<comp5111.assignment.cut.Subject: void <init>()> ::: 1;<comp5111.assignment.cut.Subject: void <init>()> ::: 2
comp5111.assignment.cut.Subject_randoop111_RegressionTest0#test370	PASS	<comp5111.assignment.cut.Subject$StringAlgorithms: java.lang.Boolean strToBoolean(java.lang.String)> ::: 1;<comp5111.assignment.cut.Subject$StringAlgorithms: java.lang.Boolean strToBoolean(java.lang.String)> ::: 18;<comp5111.assignment.cut.Subject$StringAlgorithms: java.lang.Boolean strToBoolean(java.lang.String)> ::: 19;<comp5111.assignment.cut.Subject$StringAlgorithms: java.lang.Boolean strToBoolean(java.lang.String)> ::: 3;<comp5111.assignment.cut.Subject$StringAlgorithms: java.lang.Boolean strToBoolean(java.lang.String)> ::: 34;<comp5111.assignment.cut.Subject$StringAlgorithms: java.lang.Boolean strToBoolean(java.lang.String)> ::: 35;<comp5111.assignment.cut.Subject$StringAlgorithms: java.lang.Boolean strToBoolean(java.lang.String)> ::: 36;<comp5111.assignment.cut.Subject$StringAlgorithms: java.lang.Boolean strToBoolean(java.lang.String)> ::: 37;<comp5111.assignment.cut.Subject$StringAlgorithms: java.lang.Boolean strToBoolean(java.lang.String)> ::: 38;<comp5111.assignment.cut.Subject$StringAlgorithms: java.lang.Boolean strToBoolean(java.lang.String)> ::: 39;<comp5111.assignment.cut.Subject$StringAlgorithms: java.lang.Boolean strToBoolean(java.lang.String)> ::: 4;<comp5111.assignment.cut.Subject$StringAlgorithms: java.lang.Boolean strToBoolean(java.lang.String)> ::: 40;<comp5111.assignment.cut.Subject$StringAlgorithms: java.lang.Boolean strToBoolean(java.lang.String)> ::: 47;<comp5111.assignment.cut.Subject$StringAlgorithms: java.lang.Boolean strToBoolean(java.lang.String)> ::: 48;<comp5111.assignment.cut.Subject$StringAlgorithms: java.lang.Boolean strToBoolean(java.lang.String)> ::: 90
comp5111.assignment.cut.Subject_randoop111_RegressionTest0#test371	PASS	<comp5111.assignment.cut.Subject$DateTimeAlgorithms: java.lang.String dayStr(int)> ::: 1;<comp5111.assignment.cut.Subject$DateTimeAlgorithms: java.lang.String dayStr(int)> ::: 10;<comp5111.assignment.cut.Subject$DateTimeAlgorithms: java.lang.String dayStr(int)> ::: 11;<comp5111.assignment.cut.Subject$DateTimeAlgorithms: java.lang.String dayStr(int)> ::: 14;<comp5111.assignment.cut.Subject$DateTimeAlgorithms: java.lang.String dayStr(int)> ::: 15;<comp5111.assignment.cut.Subject$DateTimeAlgorithms: java.lang.String dayStr(int)> ::: 16;<comp5111.assignment.cut.Subject$DateTimeAlgorithms: java.lang.String dayStr(int)> ::: 17;<comp5111.assignment.cut.Subject$DateTimeAlgorithms: java.lang.String dayStr(int)> ::: 19;<comp5111.assignment.cut.Subject$DateTimeAlgorithms: java.lang.String dayStr(int)> ::: 2;<comp5111.assignment.cut.Subject$DateTimeAlgorithms: java.lang.String dayStr(int)> ::: 20;<comp5111.assignment.cut.Subject$DateTimeAlgorithms: java.lang.String dayStr(int)> ::: 21;<comp5111.assignment.cut.Subject$DateTimeAlgorithms: java.lang.String dayStr(int)> ::: 22;<comp5111.assignment.cut.Subject$DateTimeAlgorithms: java.lang.String dayStr(int)> ::: 3;<comp5111.assignment.cut.Subject$DateTimeAlgorithms: java.lang.String dayStr(int)> ::: 6;<comp5111.assignment.cut.Subject$DateTimeAlgorithms: java.lang.String dayStr(int)> ::: 7
comp5111.assignment.cut.Subject_randoop111_RegressionTest0#test372	PASS	<comp5111.assignment.cut.Subject$DateTimeAlgorithms: boolean judgeLeapYear(int)> ::: 1;<comp5111.assignment.cut.Subject$DateTimeAlgorithms: boolean judgeLeapYear(int)> ::: 2;<comp5111.assignment.cut.Subject$DateTimeAlgorithms: boolean judgeLeapYear(int)> ::: 3;<comp5111.assignment.cut.Subject$DateTimeAlgorithms: int daysInYear(int)> ::: 1;<comp5111.assignment.cut.Subject$DateTimeAlgorithms: int daysInYear(int)> ::: 2;<comp5111.assignment.cut.Subject$DateTimeAlgorithms: int daysInYear(int)> ::: 5;<comp5111.assignment.cut.Subject$DateTimeAlgorithms: int daysInYear(int)> ::: 6
comp5111.assignment.cut.Subject_randoop111_RegressionTest0#test373	PASS	<comp5111.assignment.cut.Subject$DateTimeAlgorithms: int calcDaysInMonth(int,int)> ::: 2;<comp5111.assignment.cut.Subject$DateTimeAlgorithms: int calcDaysInMonth(int,int)> ::: 3;<comp5111.assignment.cut.Subject$DateTimeAlgorithms: int calcDaysInMonth(int,int)> ::: 4;<comp5111.assignment.cut.Subject$DateTimeAlgorithms: java.lang.String lastDayOfMonth(int,int)> ::: 2;<comp5111.assignment.cut.Subject$DateTimeAlgorithms: java.lang.String lastDayOfMonth(int,int)> ::: 3;<comp5111.assignment.cut.Subject$DateTimeAlgorithms: java.lang.String lastDayOfMonth(int,int)> ::: 4
comp5111.assignment.cut.Subject_randoop111_RegressionTest0#test374	PASS	<comp5111.assignment.cut.Subject$GamePlace: boolean isAdjacent(comp5111.assignment.cut.Subject$GamePlace)> ::: 10;<comp5111.assignment.cut.Subject$GamePlace: boolean isAdjacent(comp5111.assignment.cut.Subject$GamePlace)> ::: 11;<comp5111.assignment.cut.Subject$GamePlace: boolean isAdjacent(comp5111.assignment.cut.Subject$GamePlace)> ::: 12;<comp5111.assignment.cut.Subject$GamePlace: boolean isAdjacent(comp5111.assignment.cut.Subject$GamePlace)> ::: 13;<comp5111.assignment.cut.Subject$GamePlace: boolean isAdjacent(comp5111.assignment.cut.Subject$GamePlace)> ::: 15;<comp5111.assignment.cut.Subject$GamePlace: boolean isAdjacent(comp5111.assignment.cut.Subject$GamePlace)> ::: 2;<comp5111.assignment.cut.Subject$GamePlace: boolean isAdjacent(comp5111.assignment.cut.Subject$GamePlace)> ::: 3;<comp5111.assignment.cut.Subject$GamePlace: boolean isAdjacent(comp5111.assignment.cut.Subject$GamePlace)> ::: 4;<comp5111.assignment.cut.Subject$GamePlace: boolean isAdjacent(comp5111.assignment.cut.Subject$GamePlace)> ::: 5;<comp5111.assignment.cut.Subject$GamePlace: boolean isAdjacent(comp5111.assignment.cut.Subject$GamePlace)> ::: 6;<comp5111.assignment.cut.Subject$GamePlace: boolean isAdjacent(comp5111.assignment.cut.Subject$GamePlace)> ::: 7;<comp5111.assignment.cut.Subject$GamePlace: boolean isAdjacent(comp5111.assignment.cut.Subject$GamePlace)> ::: 8;<comp5111.assignment.cut.Subject$GamePlace: boolean isAdjacent(comp5111.assignment.cut.Subject$GamePlace)> ::: 9;<comp5111.assignment.cut.Subject$GamePlace: void <init>(comp5111.assignment.cut.Subject,int,int)> ::: 4;<comp5111.assignment.cut.Subject$GamePlace: void <init>(comp5111.assignment.cut.Subject,int,int)> ::: 5;<comp5111.assignment.cut.Subject$GamePlace: void <init>(comp5111.assignment.cut.Subject,int,int)> ::: 6;<comp5111.assignment.cut.Subject$GamePlace: void <init>(comp5111.assignment.cut.Subject,int,int)> ::: 7;<comp5111.assignment.cut.Subject$GamePlace: void <init>(comp5111.assignment.cut.Subject,int,int)> ::: 8;<comp5111.assignment.cut.Subject$GamePlace: void x(int)> ::: 2;<comp5111.assignment.cut.Subject$GamePlace: void x(int)> ::: 3;<comp5111.assignment.cut.Subject$GamePlace: void y(int)> ::: 2;<comp5111.assignment.cut.Subject$GamePlace: void y(int)> ::: 3;<comp5111.assignment.cut.Subject: void <init>()> ::: 1;<comp5111.assignment.cut.Subject: void <init>()> ::: 2
comp5111.assignment.cut.Subject_randoop111_RegressionTest0#test375	PASS	<comp5111.assignment.cut.Subject$StringAlgorithms: java.lang.String padLeft(java.lang.String,short,char)> ::: 10;<comp5111.assignment.cut.Subject$StringAlgorithms: java.lang.String padLeft(java.lang.String,short,char)> ::: 11;<comp5111.assignment.cut.Subject$StringAlgorithms: java.lang.String padLeft(java.lang.String,short,char)> ::: 12;<comp5111.assignment.cut.Subject$StringAlgorithms: java.lang.String padLeft(java.lang.String,short,char)> ::: 13;<comp5111.assignment.cut.Subject$StringAlgorithms: java.lang.String padLeft(java.lang.String,short,char)> ::: 14;<comp5111.assignment.cut.Subject$StringAlgorithms: java.lang.String padLeft(java.lang.String,short,char)> ::: 15;<comp5111.assignment.cut.Subject$StringAlgorithms: java.lang.String padLeft(java.lang.String,short,char)> ::: 16;<comp5111.assignment.cut.Subject$StringAlgorithms: java.lang.String padLeft(java.lang.String,short,char)> ::: 17;<comp5111.assignment.cut.Subject$StringAlgorithms: java.lang.String padLeft(java.lang.String,short,char)> ::: 18;<comp5111.assignment.cut.Subject$StringAlgorithms: java.lang.String padLeft(java.lang.String,short,char)> ::: 19;<comp5111.assignment.cut.Subject$StringAlgorithms: java.lang.String padLeft(java.lang.String,short,char)> ::: 3;<comp5111.assignment.cut.Subject$StringAlgorithms: java.lang.String padLeft(java.lang.String,short,char)> ::: 5;<comp5111.assignment.cut.Subject$StringAlgorithms: java.lang.String padLeft(java.lang.String,short,char)> ::: 6;<comp5111.assignment.cut.Subject$StringAlgorithms: java.lang.String padLeft(java.lang.String,short,char)> ::: 7;<comp5111.assignment.cut.Subject$StringAlgorithms: java.lang.String padLeft(java.lang.String,short,char)> ::: 9
comp5111.assignment.cut.Subject_randoop111_RegressionTest0#test376	FAIL	<comp5111.assignment.cut.Subject$DateTimeAlgorithms: boolean checkValidDate(int,int,int)> ::: 10;<comp5111.assignment.cut.Subject$DateTimeAlgorithms: boolean checkValidDate(int,int,int)> ::: 3;<comp5111.assignment.cut.Subject$DateTimeAlgorithms: boolean checkValidDate(int,int,int)> ::: 4;<comp5111.assignment.cut.Subject$DateTimeAlgorithms: boolean checkValidDate(int,int,int)> ::: 6;<comp5111.assignment.cut.Subject$DateTimeAlgorithms: boolean checkValidDate(int,int,int)> ::: 7;<comp5111.assignment.cut.Subject$DateTimeAlgorithms: boolean checkValidDate(int,int,int)> ::: 8;<comp5111.assignment.cut.Subject$DateTimeAlgorithms: int calcDaysInMonth(int,int)> ::: 12;<comp5111.assignment.cut.Subject$DateTimeAlgorithms: int calcDaysInMonth(int,int)> ::: 13;<comp5111.assignment.cut.Subject$DateTimeAlgorithms: int calcDaysInMonth(int,int)> ::: 14;<comp5111.assignment.cut.Subject$DateTimeAlgorithms: int calcDaysInMonth(int,int)> ::: 15;<comp5111.assignment.cut.Subject$DateTimeAlgorithms: int calcDaysInMonth(int,int)> ::: 17;<comp5111.assignment.cut.Subject$DateTimeAlgorithms: int calcDaysInMonth(int,int)> ::: 2;<comp5111.assignment.cut.Subject$DateTimeAlgorithms: int calcDaysInMonth(int,int)> ::: 3;<comp5111.assignment.cut.Subject$DateTimeAlgorithms: int calcDaysInMonth(int,int)> ::: 5;<comp5111.assignment.cut.Subject$DateTimeAlgorithms: int daysBetweenDateStrings(java.lang.String,java.lang.String)> ::: 10;<comp5111.assignment.cut.Subject$DateTimeAlgorithms: int daysBetweenDateStrings(java.lang.String,java.lang.String)> ::: 11;<comp5111.assignment.cut.Subject$DateTimeAlgorithms: int daysBetweenDateStrings(java.lang.String,java.lang.String)> ::: 12;<comp5111.assignment.cut.Subject$DateTimeAlgorithms: int daysBetweenDateStrings(java.lang.String,java.lang.String)> ::: 13;<comp5111.assignment.cut.Subject$DateTimeAlgorithms: int daysBetweenDateStrings(java.lang.String,java.lang.String)> ::: 14;<comp5111.assignment.cut.Subject$DateTimeAlgorithms: int daysBetweenDateStrings(java.lang.String,java.lang.String)> ::: 15;<comp5111.assignment.cut.Subject$DateTimeAlgorithms: int daysBetweenDateStrings(java.lang.String,java.lang.String)> ::: 16;<comp5111.assignment.cut.Subject$DateTimeAlgorithms: int daysBetweenDateStrings(java.lang.String,java.lang.String)> ::: 17;<comp5111.assignment.cut.Subject$DateTimeAlgorithms: int daysBetweenDateStrings(java.lang.String,java.lang.String)> ::: 18;<comp5111.assignment.cut.Subject$DateTimeAlgorithms: int daysBetweenDateStrings(java.lang.String,java.lang.String)> ::: 19;<comp5111.assignment.cut.Subject$DateTimeAlgorithms: int daysBetweenDateStrings(java.lang.String,java.lang.String)> ::: 2;<comp5111.assignment.cut.Subject$DateTimeAlgorithms: int daysBetweenDateStrings(java.lang.String,java.lang.String)> ::: 20;<comp5111.assignment.cut.Subject$DateTimeAlgorithms: int daysBetweenDateStrings(java.lang.String,java.lang.String)> ::: 21;<comp5111.assignment.cut.Subject$DateTimeAlgorithms: int daysBetweenDateStrings(java.lang.String,java.lang.String)> ::: 24;<comp5111.assignment.cut.Subject$DateTimeAlgorithms: int daysBetweenDateStrings(java.lang.String,java.lang.String)> ::: 25;<comp5111.assignment.cut.Subject$DateTimeAlgorithms: int daysBetweenDateStrings(java.lang.String,java.lang.String)> ::: 3;<comp5111.assignment.cut.Subject$DateTimeAlgorithms: int daysBetweenDateStrings(java.lang.String,java.lang.String)> ::: 4;<comp5111.assignment.cut.Subject$DateTimeAlgorithms: int daysBetweenDateStrings(java.lang.String,java.lang.String)> ::: 5;<comp5111.assignment.cut.Subject$DateTimeAlgorithms: int daysBetweenDateStrings(java.lang.String,java.lang.String)> ::: 6;<comp5111.assignment.cut.Subject$DateTimeAlgorithms: int daysBetweenDateStrings(java.lang.String,java.lang.String)> ::: 7;<comp5111.assignment.cut.Subject$DateTimeAlgorithms: int daysBetweenDateStrings(java.lang.String,java.lang.String)> ::: 9;<comp5111.assignment.cut.Subject$DateTimeAlgorithms: int daysBetweenDates(int,int,int,int,int,int)> ::: 12;<comp5111.assignment.cut.Subject$DateTimeAlgorithms: int daysBetweenDates(int,int,int,int,int,int)> ::: 13;<comp5111.assignment.cut.Subject$DateTimeAlgorithms: int daysBetweenDates(int,int,int,int,int,int)> ::: 14;<comp5111.assignment.cut.Subject$DateTimeAlgorithms: int daysBetweenDates(int,int,int,int,int,int)> ::: 6;<comp5111.assignment.cut.Subject$DateTimeAlgorithms: int daysBetweenDates(int,int,int,int,int,int)> ::: 7;<comp5111.assignment.cut.Subject$DateTimeAlgorithms: int daysBetweenDates(int,int,int,int,int,int)> ::: 8;<comp5111.assignment.cut.Subject$DateTimeAlgorithms: int daysBetweenDates(int,int,int,int,int,int)> ::: 9
comp5111.assignment.cut.Subject_randoop111_RegressionTest0#test377	PASS	<comp5111.assignment.cut.Subject$StringAlgorithms: java.lang.Number parseNumber(java.lang.String)> ::: 1;<comp5111.assignment.cut.Subject$StringAlgorithms: java.lang.Number parseNumber(java.lang.String)> ::: 10;<comp5111.assignment.cut.Subject$StringAlgorithms: java.lang.Number parseNumber(java.lang.String)> ::: 102;<comp5111.assignment.cut.Subject$StringAlgorithms: java.lang.Number parseNumber(java.lang.String)> ::: 103;<comp5111.assignment.cut.Subject$StringAlgorithms: java.lang.Number parseNumber(java.lang.String)> ::: 104;<comp5111.assignment.cut.Subject$StringAlgorithms: java.lang.Number parseNumber(java.lang.String)> ::: 11;<comp5111.assignment.cut.Subject$StringAlgorithms: java.lang.Number parseNumber(java.lang.String)> ::: 13;<comp5111.assignment.cut.Subject$StringAlgorithms: java.lang.Number parseNumber(java.lang.String)> ::: 14;<comp5111.assignment.cut.Subject$StringAlgorithms: java.lang.Number parseNumber(java.lang.String)> ::: 15;<comp5111.assignment.cut.Subject$StringAlgorithms: java.lang.Number parseNumber(java.lang.String)> ::: 16;<comp5111.assignment.cut.Subject$StringAlgorithms: java.lang.Number parseNumber(java.lang.String)> ::: 19;<comp5111.assignment.cut.Subject$StringAlgorithms: java.lang.Number parseNumber(java.lang.String)> ::: 2;<comp5111.assignment.cut.Subject$StringAlgorithms: java.lang.Number parseNumber(java.lang.String)> ::: 20;<comp5111.assignment.cut.Subject$StringAlgorithms: java.lang.Number parseNumber(java.lang.String)> ::: 21;<comp5111.assignment.cut.Subject$StringAlgorithms: java.lang.Number parseNumber(java.lang.String)> ::: 22;<comp5111.assignment.cut.Subject$StringAlgorithms: java.lang.Number parseNumber(java.lang.String)> ::: 23;<comp5111.assignment.cut.Subject$StringAlgorithms: java.lang.Number parseNumber(java.lang.String)> ::: 24;<comp5111.assignment.cut.Subject$StringAlgorithms: java.lang.Number parseNumber(java.lang.String)> ::: 25;<comp5111.assignment.cut.Subject$StringAlgorithms: java.lang.Number parseNumber(java.lang.String)> ::: 26;<comp5111.assignment.cut.Subject$StringAlgorithms: java.lang.Number parseNumber(java.lang.String)> ::: 27;<comp5111.assignment.cut.Subject$StringAlgorithms: java.lang.Number parseNumber(java.lang.String)> ::: 3;<comp5111.assignment.cut.Subject$StringAlgorithms: java.lang.Number parseNumber(java.lang.String)> ::: 39;<comp5111.assignment.cut.Subject$StringAlgorithms: java.lang.Number parseNumber(java.lang.String)> ::: 4;<comp5111.assignment.cut.Subject$StringAlgorithms: java.lang.Number parseNumber(java.lang.String)> ::: 40;<comp5111.assignment.cut.Subject$StringAlgorithms: java.lang.Number parseNumber(java.lang.String)> ::: 41;<comp5111.assignment.cut.Subject$StringAlgorithms: java.lang.Number parseNumber(java.lang.String)> ::: 42;<comp5111.assignment.cut.Subject$StringAlgorithms: java.lang.Number parseNumber(java.lang.String)> ::: 5;<comp5111.assignment.cut.Subject$StringAlgorithms: java.lang.Number parseNumber(java.lang.String)> ::: 51;<comp5111.assignment.cut.Subject$StringAlgorithms: java.lang.Number parseNumber(java.lang.String)> ::: 52;<comp5111.assignment.cut.Subject$StringAlgorithms: java.lang.Number parseNumber(java.lang.String)> ::: 53;<comp5111.assignment.cut.Subject$StringAlgorithms: java.lang.Number parseNumber(java.lang.String)> ::: 54;<comp5111.assignment.cut.Subject$StringAlgorithms: java.lang.Number parseNumber(java.lang.String)> ::: 55;<comp5111.assignment.cut.Subject$StringAlgorithms: java.lang.Number parseNumber(java.lang.String)> ::: 56;<comp5111.assignment.cut.Subject$StringAlgorithms: java.lang.Number parseNumber(java.lang.String)> ::: 86;<comp5111.assignment.cut.Subject$StringAlgorithms: java.lang.Number parseNumber(java.lang.String)> ::: 87;<comp5111.assignment.cut.Subject$StringAlgorithms: java.lang.Number parseNumber(java.lang.String)> ::: 90;<comp5111.assignment.cut.Subject$StringAlgorithms: java.lang.Number parseNumber(java.lang.String)> ::: 91
comp5111.assignment.cut.Subject_randoop111_RegressionTest0#test378	PASS	<comp5111.assignment.cut.Subject$GamePlace: boolean isAdjacent(comp5111.assignment.cut.Subject$GamePlace)> ::: 10;<comp5111.assignment.cut.Subject$GamePlace: boolean isAdjacent(comp5111.assignment.cut.Subject$GamePlace)> ::: 11;<comp5111.assignment.cut.Subject$GamePlace: boolean isAdjacent(comp5111.assignment.cut.Subject$GamePlace)> ::: 12;<comp5111.assignment.cut.Subject$GamePlace: boolean isAdjacent(comp5111.assignment.cut.Subject$GamePlace)> ::: 13;<comp5111.assignment.cut.Subject$GamePlace: boolean isAdjacent(comp5111.assignment.cut.Subject$GamePlace)> ::: 15;<comp5111.assignment.cut.Subject$GamePlace: boolean isAdjacent(comp5111.assignment.cut.Subject$GamePlace)> ::: 2;<comp5111.assignment.cut.Subject$GamePlace: boolean isAdjacent(comp5111.assignment.cut.Subject$GamePlace)> ::: 3;<comp5111.assignment.cut.Subject$GamePlace: boolean isAdjacent(comp5111.assignment.cut.Subject$GamePlace)> ::: 4;<comp5111.assignment.cut.Subject$GamePlace: boolean isAdjacent(comp5111.assignment.cut.Subject$GamePlace)> ::: 5;<comp5111.assignment.cut.Subject$GamePlace: boolean isAdjacent(comp5111.assignment.cut.Subject$GamePlace)> ::: 6;<comp5111.assignment.cut.Subject$GamePlace: boolean isAdjacent(comp5111.assignment.cut.Subject$GamePlace)> ::: 7;<comp5111.assignment.cut.Subject$GamePlace: boolean isAdjacent(comp5111.assignment.cut.Subject$GamePlace)> ::: 8;<comp5111.assignment.cut.Subject$GamePlace: boolean isAdjacent(comp5111.assignment.cut.Subject$GamePlace)> ::: 9;<comp5111.assignment.cut.Subject$GamePlace: comp5111.assignment.cut.Subject$GamePlace clone()> ::: 1;<comp5111.assignment.cut.Subject$GamePlace: comp5111.assignment.cut.Subject$GamePlace clone()> ::: 2;<comp5111.assignment.cut.Subject$GamePlace: comp5111.assignment.cut.Subject$GamePlace clone()> ::: 3;<comp5111.assignment.cut.Subject$GamePlace: comp5111.assignment.cut.Subject$GamePlace clone()> ::: 4;<comp5111.assignment.cut.Subject$GamePlace: comp5111.assignment.cut.Subject$GamePlace clone()> ::: 5;<comp5111.assignment.cut.Subject$GamePlace: comp5111.assignment.cut.Subject$GamePlace clone()> ::: 6;<comp5111.assignment.cut.Subject$GamePlace: comp5111.assignment.cut.Subject$GamePlace clone()> ::: 7;<comp5111.assignment.cut.Subject$GamePlace: comp5111.assignment.cut.Subject$GamePlace clone()> ::: 8;<comp5111.assignment.cut.Subject$GamePlace: comp5111.assignment.cut.Subject$GamePlace clone()> ::: 9;<comp5111.assignment.cut.Subject$GamePlace: int manhattanDistance(comp5111.assignment.cut.Subject$GamePlace)> ::: 10;<comp5111.assignment.cut.Subject$GamePlace: int manhattanDistance(comp5111.assignment.cut.Subject$GamePlace)> ::: 11;<comp5111.assignment.cut.Subject$GamePlace: int manhattanDistance(comp5111.assignment.cut.Subject$GamePlace)> ::: 12;<comp5111.assignment.cut.Subject$GamePlace: int manhattanDistance(comp5111.assignment.cut.Subject$GamePlace)> ::: 13;<comp5111.assignment.cut.Subject$GamePlace: int manhattanDistance(comp5111.assignment.cut.Subject$GamePlace)> ::: 2;<comp5111.assignment.cut.Subject$GamePlace: int manhattanDistance(comp5111.assignment.cut.Subject$GamePlace)> ::: 4;<comp5111.assignment.cut.Subject$GamePlace: int manhattanDistance(comp5111.assignment.cut.Subject$GamePlace)> ::: 5;<comp5111.assignment.cut.Subject$GamePlace: int manhattanDistance(comp5111.assignment.cut.Subject$GamePlace)> ::: 6;<comp5111.assignment.cut.Subject$GamePlace: int manhattanDistance(comp5111.assignment.cut.Subject$GamePlace)> ::: 7;<comp5111.assignment.cut.Subject$GamePlace: int manhattanDistance(comp5111.assignment.cut.Subject$GamePlace)> ::: 8;<comp5111.assignment.cut.Subject$GamePlace: int manhattanDistance(comp5111.assignment.cut.Subject$GamePlace)> ::: 9;<comp5111.assignment.cut.Subject$GamePlace: void <init>(comp5111.assignment.cut.Subject,int,int)> ::: 4;<comp5111.assignment.cut.Subject$GamePlace: void <init>(comp5111.assignment.cut.Subject,int,int)> ::: 5;<comp5111.assignment.cut.Subject$GamePlace: void <init>(comp5111.assignment.cut.Subject,int,int)> ::: 6;<comp5111.assignment.cut.Subject$GamePlace: void <init>(comp5111.assignment.cut.Subject,int,int)> ::: 7;<comp5111.assignment.cut.Subject$GamePlace: void <init>(comp5111.assignment.cut.Subject,int,int)> ::: 8;<comp5111.assignment.cut.Subject$GamePlace: void y(int)> ::: 2;<comp5111.assignment.cut.Subject$GamePlace: void y(int)> ::: 3;<comp5111.assignment.cut.Subject: void <init>()> ::: 1;<comp5111.assignment.cut.Subject: void <init>()> ::: 2
comp5111.assignment.cut.Subject_randoop111_RegressionTest0#test379	PASS	<comp5111.assignment.cut.Subject$GamePlayer: comp5111.assignment.cut.Subject$GamePlayer clone()> ::: 1;<comp5111.assignment.cut.Subject$GamePlayer: comp5111.assignment.cut.Subject$GamePlayer clone()> ::: 2;<comp5111.assignment.cut.Subject$GamePlayer: comp5111.assignment.cut.Subject$GamePlayer clone()> ::: 3;<comp5111.assignment.cut.Subject$GamePlayer: comp5111.assignment.cut.Subject$GamePlayer clone()> ::: 4;<comp5111.assignment.cut.Subject$GamePlayer: comp5111.assignment.cut.Subject$GamePlayer clone()> ::: 5;<comp5111.assignment.cut.Subject$GamePlayer: comp5111.assignment.cut.Subject$GamePlayer clone()> ::: 6;<comp5111.assignment.cut.Subject$GamePlayer: comp5111.assignment.cut.Subject$GamePlayer clone()> ::: 7;<comp5111.assignment.cut.Subject$GamePlayer: comp5111.assignment.cut.Subject$GamePlayer clone()> ::: 8;<comp5111.assignment.cut.Subject$GamePlayer: void <init>(comp5111.assignment.cut.Subject)> ::: 2;<comp5111.assignment.cut.Subject$GamePlayer: void <init>(comp5111.assignment.cut.Subject)> ::: 3;<comp5111.assignment.cut.Subject$GamePlayer: void <init>(comp5111.assignment.cut.Subject)> ::: 4;<comp5111.assignment.cut.Subject$GamePlayer: void <init>(comp5111.assignment.cut.Subject)> ::: 5;<comp5111.assignment.cut.Subject$GamePlayer: void <init>(comp5111.assignment.cut.Subject,java.lang.String)> ::: 3;<comp5111.assignment.cut.Subject$GamePlayer: void <init>(comp5111.assignment.cut.Subject,java.lang.String)> ::: 4;<comp5111.assignment.cut.Subject$GamePlayer: void <init>(comp5111.assignment.cut.Subject,java.lang.String)> ::: 5;<comp5111.assignment.cut.Subject$GamePlayer: void <init>(comp5111.assignment.cut.Subject,java.lang.String)> ::: 6;<comp5111.assignment.cut.Subject$GamePlayer: void addScore(int)> ::: 2;<comp5111.assignment.cut.Subject$GamePlayer: void addScore(int)> ::: 3;<comp5111.assignment.cut.Subject$GamePlayer: void addScore(int)> ::: 4;<comp5111.assignment.cut.Subject$GamePlayer: void addScore(int)> ::: 5;<comp5111.assignment.cut.Subject: void <init>()> ::: 1;<comp5111.assignment.cut.Subject: void <init>()> ::: 2
comp5111.assignment.cut.Subject_randoop111_RegressionTest0#test380	PASS	<comp5111.assignment.cut.Subject$GamePlace: void <init>(comp5111.assignment.cut.Subject,int,int)> ::: 4;<comp5111.assignment.cut.Subject$GamePlace: void <init>(comp5111.assignment.cut.Subject,int,int)> ::: 5;<comp5111.assignment.cut.Subject$GamePlace: void <init>(comp5111.assignment.cut.Subject,int,int)> ::: 6;<comp5111.assignment.cut.Subject$GamePlace: void <init>(comp5111.assignment.cut.Subject,int,int)> ::: 7;<comp5111.assignment.cut.Subject$GamePlace: void <init>(comp5111.assignment.cut.Subject,int,int)> ::: 8;<comp5111.assignment.cut.Subject$GamePlayer: comp5111.assignment.cut.Subject$GamePlayer clone()> ::: 1;<comp5111.assignment.cut.Subject$GamePlayer: comp5111.assignment.cut.Subject$GamePlayer clone()> ::: 2;<comp5111.assignment.cut.Subject$GamePlayer: comp5111.assignment.cut.Subject$GamePlayer clone()> ::: 3;<comp5111.assignment.cut.Subject$GamePlayer: comp5111.assignment.cut.Subject$GamePlayer clone()> ::: 4;<comp5111.assignment.cut.Subject$GamePlayer: comp5111.assignment.cut.Subject$GamePlayer clone()> ::: 5;<comp5111.assignment.cut.Subject$GamePlayer: comp5111.assignment.cut.Subject$GamePlayer clone()> ::: 6;<comp5111.assignment.cut.Subject$GamePlayer: comp5111.assignment.cut.Subject$GamePlayer clone()> ::: 7;<comp5111.assignment.cut.Subject$GamePlayer: comp5111.assignment.cut.Subject$GamePlayer clone()> ::: 8;<comp5111.assignment.cut.Subject$GamePlayer: java.lang.String getName()> ::: 1;<comp5111.assignment.cut.Subject$GamePlayer: java.lang.String getName()> ::: 2;<comp5111.assignment.cut.Subject$GamePlayer: void <init>(comp5111.assignment.cut.Subject)> ::: 2;<comp5111.assignment.cut.Subject$GamePlayer: void <init>(comp5111.assignment.cut.Subject)> ::: 3;<comp5111.assignment.cut.Subject$GamePlayer: void <init>(comp5111.assignment.cut.Subject)> ::: 4;<comp5111.assignment.cut.Subject$GamePlayer: void <init>(comp5111.assignment.cut.Subject)> ::: 5;<comp5111.assignment.cut.Subject$GamePlayer: void <init>(comp5111.assignment.cut.Subject,java.lang.String)> ::: 3;<comp5111.assignment.cut.Subject$GamePlayer: void <init>(comp5111.assignment.cut.Subject,java.lang.String)> ::: 4;<comp5111.assignment.cut.Subject$GamePlayer: void <init>(comp5111.assignment.cut.Subject,java.lang.String)> ::: 5;<comp5111.assignment.cut.Subject$GamePlayer: void <init>(comp5111.assignment.cut.Subject,java.lang.String)> ::: 6;<comp5111.assignment.cut.Subject$GamePlayer: void addScore(int)> ::: 2;<comp5111.assignment.cut.Subject$GamePlayer: void addScore(int)> ::: 3;<comp5111.assignment.cut.Subject$GamePlayer: void addScore(int)> ::: 4;<comp5111.assignment.cut.Subject$GamePlayer: void addScore(int)> ::: 5;<comp5111.assignment.cut.Subject$GamePlayer: void setScore(int)> ::: 2;<comp5111.assignment.cut.Subject$GamePlayer: void setScore(int)> ::: 3;<comp5111.assignment.cut.Subject: void <init>()> ::: 1;<comp5111.assignment.cut.Subject: void <init>()> ::: 2
comp5111.assignment.cut.Subject_randoop111_RegressionTest0#test381	PASS	<comp5111.assignment.cut.Subject$GamePlace: boolean equals(java.lang.Object)> ::: 2;<comp5111.assignment.cut.Subject$GamePlace: boolean equals(java.lang.Object)> ::: 4;<comp5111.assignment.cut.Subject$GamePlace: boolean equals(java.lang.Object)> ::: 5;<comp5111.assignment.cut.Subject$GamePlace: boolean equals(java.lang.Object)> ::: 6;<comp5111.assignment.cut.Subject$GamePlace: boolean equals(java.lang.Object)> ::: 7;<comp5111.assignment.cut.Subject$GamePlace: boolean equals(java.lang.Object)> ::: 8;<comp5111.assignment.cut.Subject$GamePlace: int x()> ::: 1;<comp5111.assignment.cut.Subject$GamePlace: int x()> ::: 2;<comp5111.assignment.cut.Subject$GamePlace: void <init>(comp5111.assignment.cut.Subject,int,int)> ::: 4;<comp5111.assignment.cut.Subject$GamePlace: void <init>(comp5111.assignment.cut.Subject,int,int)> ::: 5;<comp5111.assignment.cut.Subject$GamePlace: void <init>(comp5111.assignment.cut.Subject,int,int)> ::: 6;<comp5111.assignment.cut.Subject$GamePlace: void <init>(comp5111.assignment.cut.Subject,int,int)> ::: 7;<comp5111.assignment.cut.Subject$GamePlace: void <init>(comp5111.assignment.cut.Subject,int,int)> ::: 8;<comp5111.assignment.cut.Subject$GamePlayer: void <init>(comp5111.assignment.cut.Subject)> ::: 2;<comp5111.assignment.cut.Subject$GamePlayer: void <init>(comp5111.assignment.cut.Subject)> ::: 3;<comp5111.assignment.cut.Subject$GamePlayer: void <init>(comp5111.assignment.cut.Subject)> ::: 4;<comp5111.assignment.cut.Subject$GamePlayer: void <init>(comp5111.assignment.cut.Subject)> ::: 5;<comp5111.assignment.cut.Subject: void <init>()> ::: 1;<comp5111.assignment.cut.Subject: void <init>()> ::: 2
comp5111.assignment.cut.Subject_randoop111_RegressionTest0#test382	PASS	<comp5111.assignment.cut.Subject$DateTimeAlgorithms: java.lang.String firstDayOfMonth(int,int)> ::: 2;<comp5111.assignment.cut.Subject$DateTimeAlgorithms: java.lang.String firstDayOfMonth(int,int)> ::: 3;<comp5111.assignment.cut.Subject$DateTimeAlgorithms: java.lang.String firstDayOfMonth(int,int)> ::: 4
comp5111.assignment.cut.Subject_randoop111_RegressionTest0#test383	PASS	<comp5111.assignment.cut.Subject$GamePlace: void <init>(comp5111.assignment.cut.Subject,int,int)> ::: 4;<comp5111.assignment.cut.Subject$GamePlace: void <init>(comp5111.assignment.cut.Subject,int,int)> ::: 5;<comp5111.assignment.cut.Subject$GamePlace: void <init>(comp5111.assignment.cut.Subject,int,int)> ::: 6;<comp5111.assignment.cut.Subject$GamePlace: void <init>(comp5111.assignment.cut.Subject,int,int)> ::: 7;<comp5111.assignment.cut.Subject$GamePlace: void <init>(comp5111.assignment.cut.Subject,int,int)> ::: 8;<comp5111.assignment.cut.Subject: void <init>()> ::: 1;<comp5111.assignment.cut.Subject: void <init>()> ::: 2
comp5111.assignment.cut.Subject_randoop111_RegressionTest0#test384	PASS	<comp5111.assignment.cut.Subject$GamePlace: void <init>(comp5111.assignment.cut.Subject,int,int)> ::: 4;<comp5111.assignment.cut.Subject$GamePlace: void <init>(comp5111.assignment.cut.Subject,int,int)> ::: 5;<comp5111.assignment.cut.Subject$GamePlace: void <init>(comp5111.assignment.cut.Subject,int,int)> ::: 6;<comp5111.assignment.cut.Subject$GamePlace: void <init>(comp5111.assignment.cut.Subject,int,int)> ::: 7;<comp5111.assignment.cut.Subject$GamePlace: void <init>(comp5111.assignment.cut.Subject,int,int)> ::: 8;<comp5111.assignment.cut.Subject$GamePlayer: java.lang.String getName()> ::: 1;<comp5111.assignment.cut.Subject$GamePlayer: java.lang.String getName()> ::: 2;<comp5111.assignment.cut.Subject$GamePlayer: java.lang.String toString()> ::: 1;<comp5111.assignment.cut.Subject$GamePlayer: java.lang.String toString()> ::: 2;<comp5111.assignment.cut.Subject$GamePlayer: java.lang.String toString()> ::: 3;<comp5111.assignment.cut.Subject$GamePlayer: java.lang.String toString()> ::: 4;<comp5111.assignment.cut.Subject$GamePlayer: void <init>(comp5111.assignment.cut.Subject)> ::: 2;<comp5111.assignment.cut.Subject$GamePlayer: void <init>(comp5111.assignment.cut.Subject)> ::: 3;<comp5111.assignment.cut.Subject$GamePlayer: void <init>(comp5111.assignment.cut.Subject)> ::: 4;<comp5111.assignment.cut.Subject$GamePlayer: void <init>(comp5111.assignment.cut.Subject)> ::: 5;<comp5111.assignment.cut.Subject$GamePlayer: void resetScore()> ::: 1;<comp5111.assignment.cut.Subject$GamePlayer: void resetScore()> ::: 2;<comp5111.assignment.cut.Subject$GamePlayer: void setScore(int)> ::: 2;<comp5111.assignment.cut.Subject$GamePlayer: void setScore(int)> ::: 3;<comp5111.assignment.cut.Subject: void <init>()> ::: 1;<comp5111.assignment.cut.Subject: void <init>()> ::: 2
comp5111.assignment.cut.Subject_randoop111_RegressionTest0#test385	PASS	<comp5111.assignment.cut.Subject$GamePlayer: int getScore()> ::: 1;<comp5111.assignment.cut.Subject$GamePlayer: int getScore()> ::: 2;<comp5111.assignment.cut.Subject$GamePlayer: void <init>(comp5111.assignment.cut.Subject,java.lang.String)> ::: 3;<comp5111.assignment.cut.Subject$GamePlayer: void <init>(comp5111.assignment.cut.Subject,java.lang.String)> ::: 4;<comp5111.assignment.cut.Subject$GamePlayer: void <init>(comp5111.assignment.cut.Subject,java.lang.String)> ::: 5;<comp5111.assignment.cut.Subject$GamePlayer: void <init>(comp5111.assignment.cut.Subject,java.lang.String)> ::: 6;<comp5111.assignment.cut.Subject$GamePlayer: void resetScore()> ::: 1;<comp5111.assignment.cut.Subject$GamePlayer: void resetScore()> ::: 2;<comp5111.assignment.cut.Subject$GamePlayer: void setScore(int)> ::: 2;<comp5111.assignment.cut.Subject$GamePlayer: void setScore(int)> ::: 3;<comp5111.assignment.cut.Subject: void <init>()> ::: 1;<comp5111.assignment.cut.Subject: void <init>()> ::: 2
comp5111.assignment.cut.Subject_randoop111_RegressionTest0#test386	PASS	<comp5111.assignment.cut.Subject$DateTimeAlgorithms: java.lang.String firstDayOfMonth(int,int)> ::: 10;<comp5111.assignment.cut.Subject$DateTimeAlgorithms: java.lang.String firstDayOfMonth(int,int)> ::: 11;<comp5111.assignment.cut.Subject$DateTimeAlgorithms: java.lang.String firstDayOfMonth(int,int)> ::: 2;<comp5111.assignment.cut.Subject$DateTimeAlgorithms: java.lang.String firstDayOfMonth(int,int)> ::: 3;<comp5111.assignment.cut.Subject$DateTimeAlgorithms: java.lang.String firstDayOfMonth(int,int)> ::: 5;<comp5111.assignment.cut.Subject$DateTimeAlgorithms: java.lang.String firstDayOfMonth(int,int)> ::: 6;<comp5111.assignment.cut.Subject$DateTimeAlgorithms: java.lang.String firstDayOfMonth(int,int)> ::: 7;<comp5111.assignment.cut.Subject$DateTimeAlgorithms: java.lang.String firstDayOfMonth(int,int)> ::: 8;<comp5111.assignment.cut.Subject$DateTimeAlgorithms: java.lang.String firstDayOfMonth(int,int)> ::: 9
comp5111.assignment.cut.Subject_randoop111_RegressionTest0#test387	PASS	<comp5111.assignment.cut.Subject$StringAlgorithms: java.lang.Number parseNumber(java.lang.String)> ::: 1;<comp5111.assignment.cut.Subject$StringAlgorithms: java.lang.Number parseNumber(java.lang.String)> ::: 10;<comp5111.assignment.cut.Subject$StringAlgorithms: java.lang.Number parseNumber(java.lang.String)> ::: 105;<comp5111.assignment.cut.Subject$StringAlgorithms: java.lang.Number parseNumber(java.lang.String)> ::: 11;<comp5111.assignment.cut.Subject$StringAlgorithms: java.lang.Number parseNumber(java.lang.String)> ::: 112;<comp5111.assignment.cut.Subject$StringAlgorithms: java.lang.Number parseNumber(java.lang.String)> ::: 113;<comp5111.assignment.cut.Subject$StringAlgorithms: java.lang.Number parseNumber(java.lang.String)> ::: 114;<comp5111.assignment.cut.Subject$StringAlgorithms: java.lang.Number parseNumber(java.lang.String)> ::: 115;<comp5111.assignment.cut.Subject$StringAlgorithms: java.lang.Number parseNumber(java.lang.String)> ::: 116;<comp5111.assignment.cut.Subject$StringAlgorithms: java.lang.Number parseNumber(java.lang.String)> ::: 117;<comp5111.assignment.cut.Subject$StringAlgorithms: java.lang.Number parseNumber(java.lang.String)> ::: 118;<comp5111.assignment.cut.Subject$StringAlgorithms: java.lang.Number parseNumber(java.lang.String)> ::: 119;<comp5111.assignment.cut.Subject$StringAlgorithms: java.lang.Number parseNumber(java.lang.String)> ::: 120;<comp5111.assignment.cut.Subject$StringAlgorithms: java.lang.Number parseNumber(java.lang.String)> ::: 121;<comp5111.assignment.cut.Subject$StringAlgorithms: java.lang.Number parseNumber(java.lang.String)> ::: 125;<comp5111.assignment.cut.Subject$StringAlgorithms: java.lang.Number parseNumber(java.lang.String)> ::: 126;<comp5111.assignment.cut.Subject$StringAlgorithms: java.lang.Number parseNumber(java.lang.String)> ::: 127;<comp5111.assignment.cut.Subject$StringAlgorithms: java.lang.Number parseNumber(java.lang.String)> ::: 13;<comp5111.assignment.cut.Subject$StringAlgorithms: java.lang.Number parseNumber(java.lang.String)> ::: 131;<comp5111.assignment.cut.Subject$StringAlgorithms: java.lang.Number parseNumber(java.lang.String)> ::: 14;<comp5111.assignment.cut.Subject$StringAlgorithms: java.lang.Number parseNumber(java.lang.String)> ::: 15;<comp5111.assignment.cut.Subject$StringAlgorithms: java.lang.Number parseNumber(java.lang.String)> ::: 16;<comp5111.assignment.cut.Subject$StringAlgorithms: java.lang.Number parseNumber(java.lang.String)> ::: 19;<comp5111.assignment.cut.Subject$StringAlgorithms: java.lang.Number parseNumber(java.lang.String)> ::: 2;<comp5111.assignment.cut.Subject$StringAlgorithms: java.lang.Number parseNumber(java.lang.String)> ::: 20;<comp5111.assignment.cut.Subject$StringAlgorithms: java.lang.Number parseNumber(java.lang.String)> ::: 21;<comp5111.assignment.cut.Subject$StringAlgorithms: java.lang.Number parseNumber(java.lang.String)> ::: 22;<comp5111.assignment.cut.Subject$StringAlgorithms: java.lang.Number parseNumber(java.lang.String)> ::: 23;<comp5111.assignment.cut.Subject$StringAlgorithms: java.lang.Number parseNumber(java.lang.String)> ::: 24;<comp5111.assignment.cut.Subject$StringAlgorithms: java.lang.Number parseNumber(java.lang.String)> ::: 25;<comp5111.assignment.cut.Subject$StringAlgorithms: java.lang.Number parseNumber(java.lang.String)> ::: 26;<comp5111.assignment.cut.Subject$StringAlgorithms: java.lang.Number parseNumber(java.lang.String)> ::: 27;<comp5111.assignment.cut.Subject$StringAlgorithms: java.lang.Number parseNumber(java.lang.String)> ::: 3;<comp5111.assignment.cut.Subject$StringAlgorithms: java.lang.Number parseNumber(java.lang.String)> ::: 39;<comp5111.assignment.cut.Subject$StringAlgorithms: java.lang.Number parseNumber(java.lang.String)> ::: 4;<comp5111.assignment.cut.Subject$StringAlgorithms: java.lang.Number parseNumber(java.lang.String)> ::: 40;<comp5111.assignment.cut.Subject$StringAlgorithms: java.lang.Number parseNumber(java.lang.String)> ::: 41;<comp5111.assignment.cut.Subject$StringAlgorithms: java.lang.Number parseNumber(java.lang.String)> ::: 5
comp5111.assignment.cut.Subject_randoop111_RegressionTest0#test388	PASS	<comp5111.assignment.cut.Subject$DateTimeAlgorithms: int monthsBetween(int,int,int,int)> ::: 4;<comp5111.assignment.cut.Subject$DateTimeAlgorithms: int monthsBetween(int,int,int,int)> ::: 5;<comp5111.assignment.cut.Subject$DateTimeAlgorithms: int monthsBetween(int,int,int,int)> ::: 8
comp5111.assignment.cut.Subject_randoop111_RegressionTest0#test389	PASS	<comp5111.assignment.cut.Subject$DateTimeAlgorithms: boolean checkValidDate(int,int,int)> ::: 3;<comp5111.assignment.cut.Subject$DateTimeAlgorithms: boolean checkValidDate(int,int,int)> ::: 5;<comp5111.assignment.cut.Subject$DateTimeAlgorithms: java.util.List listDatesBetween(int,int,int,int,int,int)> ::: 10;<comp5111.assignment.cut.Subject$DateTimeAlgorithms: java.util.List listDatesBetween(int,int,int,int,int,int)> ::: 13;<comp5111.assignment.cut.Subject$DateTimeAlgorithms: java.util.List listDatesBetween(int,int,int,int,int,int)> ::: 6;<comp5111.assignment.cut.Subject$DateTimeAlgorithms: java.util.List listDatesBetween(int,int,int,int,int,int)> ::: 7;<comp5111.assignment.cut.Subject$DateTimeAlgorithms: java.util.List listDatesBetween(int,int,int,int,int,int)> ::: 8;<comp5111.assignment.cut.Subject$DateTimeAlgorithms: java.util.List listDatesBetween(int,int,int,int,int,int)> ::: 9
comp5111.assignment.cut.Subject_randoop111_RegressionTest0#test390	PASS	<comp5111.assignment.cut.Subject$GameConfiguration: void <init>(comp5111.assignment.cut.Subject,int)> ::: 10;<comp5111.assignment.cut.Subject$GameConfiguration: void <init>(comp5111.assignment.cut.Subject,int)> ::: 3;<comp5111.assignment.cut.Subject$GameConfiguration: void <init>(comp5111.assignment.cut.Subject,int)> ::: 4;<comp5111.assignment.cut.Subject$GameConfiguration: void <init>(comp5111.assignment.cut.Subject,int)> ::: 5;<comp5111.assignment.cut.Subject$GameConfiguration: void <init>(comp5111.assignment.cut.Subject,int)> ::: 6;<comp5111.assignment.cut.Subject$GameConfiguration: void <init>(comp5111.assignment.cut.Subject,int)> ::: 7;<comp5111.assignment.cut.Subject$GameConfiguration: void <init>(comp5111.assignment.cut.Subject,int)> ::: 8;<comp5111.assignment.cut.Subject$GameConfiguration: void <init>(comp5111.assignment.cut.Subject,int)> ::: 9;<comp5111.assignment.cut.Subject$GameConfiguration: void <init>(comp5111.assignment.cut.Subject,int,comp5111.assignment.cut.Subject$GamePlayer[])> ::: 10;<comp5111.assignment.cut.Subject$GameConfiguration: void <init>(comp5111.assignment.cut.Subject,int,comp5111.assignment.cut.Subject$GamePlayer[])> ::: 11;<comp5111.assignment.cut.Subject$GameConfiguration: void <init>(comp5111.assignment.cut.Subject,int,comp5111.assignment.cut.Subject$GamePlayer[])> ::: 12;<comp5111.assignment.cut.Subject$GameConfiguration: void <init>(comp5111.assignment.cut.Subject,int,comp5111.assignment.cut.Subject$GamePlayer[])> ::: 13;<comp5111.assignment.cut.Subject$GameConfiguration: void <init>(comp5111.assignment.cut.Subject,int,comp5111.assignment.cut.Subject$GamePlayer[])> ::: 14;<comp5111.assignment.cut.Subject$GameConfiguration: void <init>(comp5111.assignment.cut.Subject,int,comp5111.assignment.cut.Subject$GamePlayer[])> ::: 4;<comp5111.assignment.cut.Subject$GameConfiguration: void <init>(comp5111.assignment.cut.Subject,int,comp5111.assignment.cut.Subject$GamePlayer[])> ::: 5;<comp5111.assignment.cut.Subject$GameConfiguration: void <init>(comp5111.assignment.cut.Subject,int,comp5111.assignment.cut.Subject$GamePlayer[])> ::: 6;<comp5111.assignment.cut.Subject$GamePlace: void <init>(comp5111.assignment.cut.Subject,int,int)> ::: 4;<comp5111.assignment.cut.Subject$GamePlace: void <init>(comp5111.assignment.cut.Subject,int,int)> ::: 5;<comp5111.assignment.cut.Subject$GamePlace: void <init>(comp5111.assignment.cut.Subject,int,int)> ::: 6;<comp5111.assignment.cut.Subject$GamePlace: void <init>(comp5111.assignment.cut.Subject,int,int)> ::: 7;<comp5111.assignment.cut.Subject$GamePlace: void <init>(comp5111.assignment.cut.Subject,int,int)> ::: 8;<comp5111.assignment.cut.Subject$GamePlayer: void <init>(comp5111.assignment.cut.Subject)> ::: 2;<comp5111.assignment.cut.Subject$GamePlayer: void <init>(comp5111.assignment.cut.Subject)> ::: 3;<comp5111.assignment.cut.Subject$GamePlayer: void <init>(comp5111.assignment.cut.Subject)> ::: 4;<comp5111.assignment.cut.Subject$GamePlayer: void <init>(comp5111.assignment.cut.Subject)> ::: 5;<comp5111.assignment.cut.Subject$GamePlayer: void <init>(comp5111.assignment.cut.Subject,java.lang.String)> ::: 3;<comp5111.assignment.cut.Subject$GamePlayer: void <init>(comp5111.assignment.cut.Subject,java.lang.String)> ::: 4;<comp5111.assignment.cut.Subject$GamePlayer: void <init>(comp5111.assignment.cut.Subject,java.lang.String)> ::: 5;<comp5111.assignment.cut.Subject$GamePlayer: void <init>(comp5111.assignment.cut.Subject,java.lang.String)> ::: 6;<comp5111.assignment.cut.Subject: void <init>()> ::: 1;<comp5111.assignment.cut.Subject: void <init>()> ::: 2
comp5111.assignment.cut.Subject_randoop111_RegressionTest0#test391	PASS	<comp5111.assignment.cut.Subject$StringAlgorithms: java.lang.String padRight(java.lang.String,short,char)> ::: 10;<comp5111.assignment.cut.Subject$StringAlgorithms: java.lang.String padRight(java.lang.String,short,char)> ::: 11;<comp5111.assignment.cut.Subject$StringAlgorithms: java.lang.String padRight(java.lang.String,short,char)> ::: 12;<comp5111.assignment.cut.Subject$StringAlgorithms: java.lang.String padRight(java.lang.String,short,char)> ::: 13;<comp5111.assignment.cut.Subject$StringAlgorithms: java.lang.String padRight(java.lang.String,short,char)> ::: 14;<comp5111.assignment.cut.Subject$StringAlgorithms: java.lang.String padRight(java.lang.String,short,char)> ::: 15;<comp5111.assignment.cut.Subject$StringAlgorithms: java.lang.String padRight(java.lang.String,short,char)> ::: 16;<comp5111.assignment.cut.Subject$StringAlgorithms: java.lang.String padRight(java.lang.String,short,char)> ::: 17;<comp5111.assignment.cut.Subject$StringAlgorithms: java.lang.String padRight(java.lang.String,short,char)> ::: 18;<comp5111.assignment.cut.Subject$StringAlgorithms: java.lang.String padRight(java.lang.String,short,char)> ::: 3;<comp5111.assignment.cut.Subject$StringAlgorithms: java.lang.String padRight(java.lang.String,short,char)> ::: 5;<comp5111.assignment.cut.Subject$StringAlgorithms: java.lang.String padRight(java.lang.String,short,char)> ::: 6;<comp5111.assignment.cut.Subject$StringAlgorithms: java.lang.String padRight(java.lang.String,short,char)> ::: 7;<comp5111.assignment.cut.Subject$StringAlgorithms: java.lang.String padRight(java.lang.String,short,char)> ::: 9
comp5111.assignment.cut.Subject_randoop111_RegressionTest0#test392	PASS	<comp5111.assignment.cut.Subject$GamePlace: comp5111.assignment.cut.Subject$GamePlace clone()> ::: 1;<comp5111.assignment.cut.Subject$GamePlace: comp5111.assignment.cut.Subject$GamePlace clone()> ::: 2;<comp5111.assignment.cut.Subject$GamePlace: comp5111.assignment.cut.Subject$GamePlace clone()> ::: 3;<comp5111.assignment.cut.Subject$GamePlace: comp5111.assignment.cut.Subject$GamePlace clone()> ::: 4;<comp5111.assignment.cut.Subject$GamePlace: comp5111.assignment.cut.Subject$GamePlace clone()> ::: 5;<comp5111.assignment.cut.Subject$GamePlace: comp5111.assignment.cut.Subject$GamePlace clone()> ::: 6;<comp5111.assignment.cut.Subject$GamePlace: comp5111.assignment.cut.Subject$GamePlace clone()> ::: 7;<comp5111.assignment.cut.Subject$GamePlace: comp5111.assignment.cut.Subject$GamePlace clone()> ::: 8;<comp5111.assignment.cut.Subject$GamePlace: comp5111.assignment.cut.Subject$GamePlace clone()> ::: 9;<comp5111.assignment.cut.Subject$GamePlace: int y()> ::: 1;<comp5111.assignment.cut.Subject$GamePlace: int y()> ::: 2;<comp5111.assignment.cut.Subject$GamePlace: java.lang.String toString()> ::: 1;<comp5111.assignment.cut.Subject$GamePlace: java.lang.String toString()> ::: 2;<comp5111.assignment.cut.Subject$GamePlace: java.lang.String toString()> ::: 3;<comp5111.assignment.cut.Subject$GamePlace: java.lang.String toString()> ::: 4;<comp5111.assignment.cut.Subject$GamePlace: void <init>(comp5111.assignment.cut.Subject,int,int)> ::: 4;<comp5111.assignment.cut.Subject$GamePlace: void <init>(comp5111.assignment.cut.Subject,int,int)> ::: 5;<comp5111.assignment.cut.Subject$GamePlace: void <init>(comp5111.assignment.cut.Subject,int,int)> ::: 6;<comp5111.assignment.cut.Subject$GamePlace: void <init>(comp5111.assignment.cut.Subject,int,int)> ::: 7;<comp5111.assignment.cut.Subject$GamePlace: void <init>(comp5111.assignment.cut.Subject,int,int)> ::: 8;<comp5111.assignment.cut.Subject$GamePlayer: void <init>(comp5111.assignment.cut.Subject)> ::: 2;<comp5111.assignment.cut.Subject$GamePlayer: void <init>(comp5111.assignment.cut.Subject)> ::: 3;<comp5111.assignment.cut.Subject$GamePlayer: void <init>(comp5111.assignment.cut.Subject)> ::: 4;<comp5111.assignment.cut.Subject$GamePlayer: void <init>(comp5111.assignment.cut.Subject)> ::: 5;<comp5111.assignment.cut.Subject$GamePlayer: void <init>(comp5111.assignment.cut.Subject,java.lang.String)> ::: 3;<comp5111.assignment.cut.Subject$GamePlayer: void <init>(comp5111.assignment.cut.Subject,java.lang.String)> ::: 4;<comp5111.assignment.cut.Subject$GamePlayer: void <init>(comp5111.assignment.cut.Subject,java.lang.String)> ::: 5;<comp5111.assignment.cut.Subject$GamePlayer: void <init>(comp5111.assignment.cut.Subject,java.lang.String)> ::: 6;<comp5111.assignment.cut.Subject: void <init>()> ::: 1;<comp5111.assignment.cut.Subject: void <init>()> ::: 2
comp5111.assignment.cut.Subject_randoop111_RegressionTest0#test393	PASS	<comp5111.assignment.cut.Subject$DateTimeAlgorithms: boolean checkValidDate(int,int,int)> ::: 3;<comp5111.assignment.cut.Subject$DateTimeAlgorithms: boolean checkValidDate(int,int,int)> ::: 4;<comp5111.assignment.cut.Subject$DateTimeAlgorithms: boolean checkValidDate(int,int,int)> ::: 5;<comp5111.assignment.cut.Subject$DateTimeAlgorithms: java.lang.String formatFullDate(int,int,int)> ::: 3;<comp5111.assignment.cut.Subject$DateTimeAlgorithms: java.lang.String formatFullDate(int,int,int)> ::: 4;<comp5111.assignment.cut.Subject$DateTimeAlgorithms: java.lang.String formatFullDate(int,int,int)> ::: 5
comp5111.assignment.cut.Subject_randoop111_RegressionTest0#test394	PASS	<comp5111.assignment.cut.Subject$DateTimeAlgorithms: java.lang.String firstDayOfMonth(int,int)> ::: 2;<comp5111.assignment.cut.Subject$DateTimeAlgorithms: java.lang.String firstDayOfMonth(int,int)> ::: 4
comp5111.assignment.cut.Subject_randoop111_RegressionTest0#test395	PASS	<comp5111.assignment.cut.Subject$GamePlace: boolean equals(java.lang.Object)> ::: 2;<comp5111.assignment.cut.Subject$GamePlace: boolean equals(java.lang.Object)> ::: 4;<comp5111.assignment.cut.Subject$GamePlace: boolean equals(java.lang.Object)> ::: 5;<comp5111.assignment.cut.Subject$GamePlace: boolean equals(java.lang.Object)> ::: 6;<comp5111.assignment.cut.Subject$GamePlace: boolean equals(java.lang.Object)> ::: 7;<comp5111.assignment.cut.Subject$GamePlace: boolean equals(java.lang.Object)> ::: 8;<comp5111.assignment.cut.Subject$GamePlace: boolean isAdjacent(comp5111.assignment.cut.Subject$GamePlace)> ::: 10;<comp5111.assignment.cut.Subject$GamePlace: boolean isAdjacent(comp5111.assignment.cut.Subject$GamePlace)> ::: 11;<comp5111.assignment.cut.Subject$GamePlace: boolean isAdjacent(comp5111.assignment.cut.Subject$GamePlace)> ::: 12;<comp5111.assignment.cut.Subject$GamePlace: boolean isAdjacent(comp5111.assignment.cut.Subject$GamePlace)> ::: 13;<comp5111.assignment.cut.Subject$GamePlace: boolean isAdjacent(comp5111.assignment.cut.Subject$GamePlace)> ::: 15;<comp5111.assignment.cut.Subject$GamePlace: boolean isAdjacent(comp5111.assignment.cut.Subject$GamePlace)> ::: 2;<comp5111.assignment.cut.Subject$GamePlace: boolean isAdjacent(comp5111.assignment.cut.Subject$GamePlace)> ::: 3;<comp5111.assignment.cut.Subject$GamePlace: boolean isAdjacent(comp5111.assignment.cut.Subject$GamePlace)> ::: 4;<comp5111.assignment.cut.Subject$GamePlace: boolean isAdjacent(comp5111.assignment.cut.Subject$GamePlace)> ::: 5;<comp5111.assignment.cut.Subject$GamePlace: boolean isAdjacent(comp5111.assignment.cut.Subject$GamePlace)> ::: 6;<comp5111.assignment.cut.Subject$GamePlace: boolean isAdjacent(comp5111.assignment.cut.Subject$GamePlace)> ::: 7;<comp5111.assignment.cut.Subject$GamePlace: boolean isAdjacent(comp5111.assignment.cut.Subject$GamePlace)> ::: 8;<comp5111.assignment.cut.Subject$GamePlace: boolean isAdjacent(comp5111.assignment.cut.Subject$GamePlace)> ::: 9;<comp5111.assignment.cut.Subject$GamePlace: comp5111.assignment.cut.Subject$GamePlace clone()> ::: 1;<comp5111.assignment.cut.Subject$GamePlace: comp5111.assignment.cut.Subject$GamePlace clone()> ::: 2;<comp5111.assignment.cut.Subject$GamePlace: comp5111.assignment.cut.Subject$GamePlace clone()> ::: 3;<comp5111.assignment.cut.Subject$GamePlace: comp5111.assignment.cut.Subject$GamePlace clone()> ::: 4;<comp5111.assignment.cut.Subject$GamePlace: comp5111.assignment.cut.Subject$GamePlace clone()> ::: 5;<comp5111.assignment.cut.Subject$GamePlace: comp5111.assignment.cut.Subject$GamePlace clone()> ::: 6;<comp5111.assignment.cut.Subject$GamePlace: comp5111.assignment.cut.Subject$GamePlace clone()> ::: 7;<comp5111.assignment.cut.Subject$GamePlace: comp5111.assignment.cut.Subject$GamePlace clone()> ::: 8;<comp5111.assignment.cut.Subject$GamePlace: comp5111.assignment.cut.Subject$GamePlace clone()> ::: 9;<comp5111.assignment.cut.Subject$GamePlace: java.lang.String toString()> ::: 1;<comp5111.assignment.cut.Subject$GamePlace: java.lang.String toString()> ::: 2;<comp5111.assignment.cut.Subject$GamePlace: java.lang.String toString()> ::: 3;<comp5111.assignment.cut.Subject$GamePlace: java.lang.String toString()> ::: 4;<comp5111.assignment.cut.Subject$GamePlace: void <init>(comp5111.assignment.cut.Subject,int,int)> ::: 4;<comp5111.assignment.cut.Subject$GamePlace: void <init>(comp5111.assignment.cut.Subject,int,int)> ::: 5;<comp5111.assignment.cut.Subject$GamePlace: void <init>(comp5111.assignment.cut.Subject,int,int)> ::: 6;<comp5111.assignment.cut.Subject$GamePlace: void <init>(comp5111.assignment.cut.Subject,int,int)> ::: 7;<comp5111.assignment.cut.Subject$GamePlace: void <init>(comp5111.assignment.cut.Subject,int,int)> ::: 8;<comp5111.assignment.cut.Subject: void <init>()> ::: 1;<comp5111.assignment.cut.Subject: void <init>()> ::: 2
comp5111.assignment.cut.Subject_randoop111_RegressionTest0#test396	PASS	<comp5111.assignment.cut.Subject$GamePlace: void <init>(comp5111.assignment.cut.Subject,int,int)> ::: 4;<comp5111.assignment.cut.Subject$GamePlace: void <init>(comp5111.assignment.cut.Subject,int,int)> ::: 5;<comp5111.assignment.cut.Subject$GamePlace: void <init>(comp5111.assignment.cut.Subject,int,int)> ::: 6;<comp5111.assignment.cut.Subject$GamePlace: void <init>(comp5111.assignment.cut.Subject,int,int)> ::: 7;<comp5111.assignment.cut.Subject$GamePlace: void <init>(comp5111.assignment.cut.Subject,int,int)> ::: 8;<comp5111.assignment.cut.Subject$GamePlayer: int getScore()> ::: 1;<comp5111.assignment.cut.Subject$GamePlayer: int getScore()> ::: 2;<comp5111.assignment.cut.Subject$GamePlayer: java.lang.String getName()> ::: 1;<comp5111.assignment.cut.Subject$GamePlayer: java.lang.String getName()> ::: 2;<comp5111.assignment.cut.Subject$GamePlayer: void <init>(comp5111.assignment.cut.Subject)> ::: 2;<comp5111.assignment.cut.Subject$GamePlayer: void <init>(comp5111.assignment.cut.Subject)> ::: 3;<comp5111.assignment.cut.Subject$GamePlayer: void <init>(comp5111.assignment.cut.Subject)> ::: 4;<comp5111.assignment.cut.Subject$GamePlayer: void <init>(comp5111.assignment.cut.Subject)> ::: 5;<comp5111.assignment.cut.Subject$GamePlayer: void addScore(int)> ::: 2;<comp5111.assignment.cut.Subject$GamePlayer: void addScore(int)> ::: 3;<comp5111.assignment.cut.Subject$GamePlayer: void addScore(int)> ::: 4;<comp5111.assignment.cut.Subject$GamePlayer: void addScore(int)> ::: 5;<comp5111.assignment.cut.Subject$GamePlayer: void setScore(int)> ::: 2;<comp5111.assignment.cut.Subject$GamePlayer: void setScore(int)> ::: 3;<comp5111.assignment.cut.Subject: void <init>()> ::: 1;<comp5111.assignment.cut.Subject: void <init>()> ::: 2
comp5111.assignment.cut.Subject_randoop111_RegressionTest0#test397	PASS	<comp5111.assignment.cut.Subject$GamePlayer: void <init>(comp5111.assignment.cut.Subject)> ::: 2;<comp5111.assignment.cut.Subject$GamePlayer: void <init>(comp5111.assignment.cut.Subject)> ::: 3;<comp5111.assignment.cut.Subject$GamePlayer: void <init>(comp5111.assignment.cut.Subject)> ::: 4;<comp5111.assignment.cut.Subject$GamePlayer: void <init>(comp5111.assignment.cut.Subject)> ::: 5;<comp5111.assignment.cut.Subject$GamePlayer: void <init>(comp5111.assignment.cut.Subject,java.lang.String)> ::: 3;<comp5111.assignment.cut.Subject$GamePlayer: void <init>(comp5111.assignment.cut.Subject,java.lang.String)> ::: 4;<comp5111.assignment.cut.Subject$GamePlayer: void <init>(comp5111.assignment.cut.Subject,java.lang.String)> ::: 5;<comp5111.assignment.cut.Subject$GamePlayer: void <init>(comp5111.assignment.cut.Subject,java.lang.String)> ::: 6;<comp5111.assignment.cut.Subject$GamePlayer: void setScore(int)> ::: 2;<comp5111.assignment.cut.Subject$GamePlayer: void setScore(int)> ::: 3;<comp5111.assignment.cut.Subject: void <init>()> ::: 1;<comp5111.assignment.cut.Subject: void <init>()> ::: 2
comp5111.assignment.cut.Subject_randoop111_RegressionTest0#test398	PASS	<comp5111.assignment.cut.Subject$StringAlgorithms: java.lang.String[] trimArrayElements(java.lang.String[])> ::: 1;<comp5111.assignment.cut.Subject$StringAlgorithms: java.lang.String[] trimArrayElements(java.lang.String[])> ::: 10;<comp5111.assignment.cut.Subject$StringAlgorithms: java.lang.String[] trimArrayElements(java.lang.String[])> ::: 11;<comp5111.assignment.cut.Subject$StringAlgorithms: java.lang.String[] trimArrayElements(java.lang.String[])> ::: 12;<comp5111.assignment.cut.Subject$StringAlgorithms: java.lang.String[] trimArrayElements(java.lang.String[])> ::: 13;<comp5111.assignment.cut.Subject$StringAlgorithms: java.lang.String[] trimArrayElements(java.lang.String[])> ::: 14;<comp5111.assignment.cut.Subject$StringAlgorithms: java.lang.String[] trimArrayElements(java.lang.String[])> ::: 16;<comp5111.assignment.cut.Subject$StringAlgorithms: java.lang.String[] trimArrayElements(java.lang.String[])> ::: 17;<comp5111.assignment.cut.Subject$StringAlgorithms: java.lang.String[] trimArrayElements(java.lang.String[])> ::: 18;<comp5111.assignment.cut.Subject$StringAlgorithms: java.lang.String[] trimArrayElements(java.lang.String[])> ::: 19;<comp5111.assignment.cut.Subject$StringAlgorithms: java.lang.String[] trimArrayElements(java.lang.String[])> ::: 2;<comp5111.assignment.cut.Subject$StringAlgorithms: java.lang.String[] trimArrayElements(java.lang.String[])> ::: 20;<comp5111.assignment.cut.Subject$StringAlgorithms: java.lang.String[] trimArrayElements(java.lang.String[])> ::: 3;<comp5111.assignment.cut.Subject$StringAlgorithms: java.lang.String[] trimArrayElements(java.lang.String[])> ::: 6;<comp5111.assignment.cut.Subject$StringAlgorithms: java.lang.String[] trimArrayElements(java.lang.String[])> ::: 7;<comp5111.assignment.cut.Subject$StringAlgorithms: java.lang.String[] trimArrayElements(java.lang.String[])> ::: 8;<comp5111.assignment.cut.Subject$StringAlgorithms: java.lang.String[] trimArrayElements(java.lang.String[])> ::: 9
comp5111.assignment.cut.Subject_randoop111_RegressionTest0#test399	PASS	<comp5111.assignment.cut.Subject$DateTimeAlgorithms: int calcDaysInMonth(int,int)> ::: 2;<comp5111.assignment.cut.Subject$DateTimeAlgorithms: int calcDaysInMonth(int,int)> ::: 3;<comp5111.assignment.cut.Subject$DateTimeAlgorithms: int calcDaysInMonth(int,int)> ::: 4
comp5111.assignment.cut.Subject_randoop111_RegressionTest0#test400	PASS	<comp5111.assignment.cut.Subject$DateTimeAlgorithms: java.lang.String dayStr(int)> ::: 1;<comp5111.assignment.cut.Subject$DateTimeAlgorithms: java.lang.String dayStr(int)> ::: 10;<comp5111.assignment.cut.Subject$DateTimeAlgorithms: java.lang.String dayStr(int)> ::: 11;<comp5111.assignment.cut.Subject$DateTimeAlgorithms: java.lang.String dayStr(int)> ::: 14;<comp5111.assignment.cut.Subject$DateTimeAlgorithms: java.lang.String dayStr(int)> ::: 15;<comp5111.assignment.cut.Subject$DateTimeAlgorithms: java.lang.String dayStr(int)> ::: 18;<comp5111.assignment.cut.Subject$DateTimeAlgorithms: java.lang.String dayStr(int)> ::: 19;<comp5111.assignment.cut.Subject$DateTimeAlgorithms: java.lang.String dayStr(int)> ::: 2;<comp5111.assignment.cut.Subject$DateTimeAlgorithms: java.lang.String dayStr(int)> ::: 20;<comp5111.assignment.cut.Subject$DateTimeAlgorithms: java.lang.String dayStr(int)> ::: 21;<comp5111.assignment.cut.Subject$DateTimeAlgorithms: java.lang.String dayStr(int)> ::: 22;<comp5111.assignment.cut.Subject$DateTimeAlgorithms: java.lang.String dayStr(int)> ::: 3;<comp5111.assignment.cut.Subject$DateTimeAlgorithms: java.lang.String dayStr(int)> ::: 6;<comp5111.assignment.cut.Subject$DateTimeAlgorithms: java.lang.String dayStr(int)> ::: 7
comp5111.assignment.cut.Subject_randoop111_RegressionTest0#test401	PASS	<comp5111.assignment.cut.Subject$StringAlgorithms: void enlarge(int,byte[],int)> ::: 10;<comp5111.assignment.cut.Subject$StringAlgorithms: void enlarge(int,byte[],int)> ::: 11;<comp5111.assignment.cut.Subject$StringAlgorithms: void enlarge(int,byte[],int)> ::: 12;<comp5111.assignment.cut.Subject$StringAlgorithms: void enlarge(int,byte[],int)> ::: 13;<comp5111.assignment.cut.Subject$StringAlgorithms: void enlarge(int,byte[],int)> ::: 3;<comp5111.assignment.cut.Subject$StringAlgorithms: void enlarge(int,byte[],int)> ::: 4;<comp5111.assignment.cut.Subject$StringAlgorithms: void enlarge(int,byte[],int)> ::: 5;<comp5111.assignment.cut.Subject$StringAlgorithms: void enlarge(int,byte[],int)> ::: 6;<comp5111.assignment.cut.Subject$StringAlgorithms: void enlarge(int,byte[],int)> ::: 7;<comp5111.assignment.cut.Subject$StringAlgorithms: void enlarge(int,byte[],int)> ::: 8;<comp5111.assignment.cut.Subject$StringAlgorithms: void enlarge(int,byte[],int)> ::: 9
comp5111.assignment.cut.Subject_randoop111_RegressionTest0#test402	PASS	<comp5111.assignment.cut.Subject$DateTimeAlgorithms: int getQuarter(int)> ::: 1;<comp5111.assignment.cut.Subject$DateTimeAlgorithms: int getQuarter(int)> ::: 2;<comp5111.assignment.cut.Subject$DateTimeAlgorithms: int getQuarter(int)> ::: 3
comp5111.assignment.cut.Subject_randoop111_RegressionTest0#test403	PASS	<comp5111.assignment.cut.Subject$DateTimeAlgorithms: boolean checkValidDate(int,int,int)> ::: 3;<comp5111.assignment.cut.Subject$DateTimeAlgorithms: boolean checkValidDate(int,int,int)> ::: 4;<comp5111.assignment.cut.Subject$DateTimeAlgorithms: boolean checkValidDate(int,int,int)> ::: 5;<comp5111.assignment.cut.Subject$DateTimeAlgorithms: java.util.List listDatesBetween(int,int,int,int,int,int)> ::: 10;<comp5111.assignment.cut.Subject$DateTimeAlgorithms: java.util.List listDatesBetween(int,int,int,int,int,int)> ::: 13;<comp5111.assignment.cut.Subject$DateTimeAlgorithms: java.util.List listDatesBetween(int,int,int,int,int,int)> ::: 6;<comp5111.assignment.cut.Subject$DateTimeAlgorithms: java.util.List listDatesBetween(int,int,int,int,int,int)> ::: 7;<comp5111.assignment.cut.Subject$DateTimeAlgorithms: java.util.List listDatesBetween(int,int,int,int,int,int)> ::: 8;<comp5111.assignment.cut.Subject$DateTimeAlgorithms: java.util.List listDatesBetween(int,int,int,int,int,int)> ::: 9
comp5111.assignment.cut.Subject_randoop111_RegressionTest0#test404	PASS	<comp5111.assignment.cut.Subject$DateTimeAlgorithms: int daysBetweenDateStrings(java.lang.String,java.lang.String)> ::: 2;<comp5111.assignment.cut.Subject$DateTimeAlgorithms: int daysBetweenDateStrings(java.lang.String,java.lang.String)> ::: 3;<comp5111.assignment.cut.Subject$DateTimeAlgorithms: int daysBetweenDateStrings(java.lang.String,java.lang.String)> ::: 4;<comp5111.assignment.cut.Subject$DateTimeAlgorithms: int daysBetweenDateStrings(java.lang.String,java.lang.String)> ::: 5;<comp5111.assignment.cut.Subject$DateTimeAlgorithms: int daysBetweenDateStrings(java.lang.String,java.lang.String)> ::: 8
comp5111.assignment.cut.Subject_randoop111_RegressionTest0#test405	PASS	<comp5111.assignment.cut.Subject$DateTimeAlgorithms: boolean checkValidDate(int,int,int)> ::: 3;<comp5111.assignment.cut.Subject$DateTimeAlgorithms: boolean checkValidDate(int,int,int)> ::: 4;<comp5111.assignment.cut.Subject$DateTimeAlgorithms: boolean checkValidDate(int,int,int)> ::: 5;<comp5111.assignment.cut.Subject$DateTimeAlgorithms: java.lang.String formatFullDate(int,int,int)> ::: 3;<comp5111.assignment.cut.Subject$DateTimeAlgorithms: java.lang.String formatFullDate(int,int,int)> ::: 4;<comp5111.assignment.cut.Subject$DateTimeAlgorithms: java.lang.String formatFullDate(int,int,int)> ::: 5
comp5111.assignment.cut.Subject_randoop111_RegressionTest0#test406	PASS	<comp5111.assignment.cut.Subject$DateTimeAlgorithms: java.lang.String month2MonAbbr(int)> ::: 1;<comp5111.assignment.cut.Subject$DateTimeAlgorithms: java.lang.String month2MonAbbr(int)> ::: 14
comp5111.assignment.cut.Subject_randoop111_RegressionTest0#test407	PASS	<comp5111.assignment.cut.Subject$DateTimeAlgorithms: java.lang.String month2MonAbbr(int)> ::: 1;<comp5111.assignment.cut.Subject$DateTimeAlgorithms: java.lang.String month2MonAbbr(int)> ::: 12
comp5111.assignment.cut.Subject_randoop111_RegressionTest0#test408	PASS	<comp5111.assignment.cut.Subject$DateTimeAlgorithms: java.lang.String dayStr(int)> ::: 1;<comp5111.assignment.cut.Subject$DateTimeAlgorithms: java.lang.String dayStr(int)> ::: 10;<comp5111.assignment.cut.Subject$DateTimeAlgorithms: java.lang.String dayStr(int)> ::: 11;<comp5111.assignment.cut.Subject$DateTimeAlgorithms: java.lang.String dayStr(int)> ::: 14;<comp5111.assignment.cut.Subject$DateTimeAlgorithms: java.lang.String dayStr(int)> ::: 15;<comp5111.assignment.cut.Subject$DateTimeAlgorithms: java.lang.String dayStr(int)> ::: 18;<comp5111.assignment.cut.Subject$DateTimeAlgorithms: java.lang.String dayStr(int)> ::: 19;<comp5111.assignment.cut.Subject$DateTimeAlgorithms: java.lang.String dayStr(int)> ::: 2;<comp5111.assignment.cut.Subject$DateTimeAlgorithms: java.lang.String dayStr(int)> ::: 21;<comp5111.assignment.cut.Subject$DateTimeAlgorithms: java.lang.String dayStr(int)> ::: 22;<comp5111.assignment.cut.Subject$DateTimeAlgorithms: java.lang.String dayStr(int)> ::: 6;<comp5111.assignment.cut.Subject$DateTimeAlgorithms: java.lang.String dayStr(int)> ::: 7
comp5111.assignment.cut.Subject_randoop111_RegressionTest0#test409	PASS	<comp5111.assignment.cut.Subject$DateTimeAlgorithms: java.lang.String dayStr(int)> ::: 1;<comp5111.assignment.cut.Subject$DateTimeAlgorithms: java.lang.String dayStr(int)> ::: 10;<comp5111.assignment.cut.Subject$DateTimeAlgorithms: java.lang.String dayStr(int)> ::: 11;<comp5111.assignment.cut.Subject$DateTimeAlgorithms: java.lang.String dayStr(int)> ::: 12;<comp5111.assignment.cut.Subject$DateTimeAlgorithms: java.lang.String dayStr(int)> ::: 13;<comp5111.assignment.cut.Subject$DateTimeAlgorithms: java.lang.String dayStr(int)> ::: 19;<comp5111.assignment.cut.Subject$DateTimeAlgorithms: java.lang.String dayStr(int)> ::: 2;<comp5111.assignment.cut.Subject$DateTimeAlgorithms: java.lang.String dayStr(int)> ::: 20;<comp5111.assignment.cut.Subject$DateTimeAlgorithms: java.lang.String dayStr(int)> ::: 21;<comp5111.assignment.cut.Subject$DateTimeAlgorithms: java.lang.String dayStr(int)> ::: 22;<comp5111.assignment.cut.Subject$DateTimeAlgorithms: java.lang.String dayStr(int)> ::: 3;<comp5111.assignment.cut.Subject$DateTimeAlgorithms: java.lang.String dayStr(int)> ::: 6;<comp5111.assignment.cut.Subject$DateTimeAlgorithms: java.lang.String dayStr(int)> ::: 7
comp5111.assignment.cut.Subject_randoop111_RegressionTest0#test410	PASS	<comp5111.assignment.cut.Subject$DateTimeAlgorithms: int calcDaysInMonth(int,int)> ::: 2;<comp5111.assignment.cut.Subject$DateTimeAlgorithms: int calcDaysInMonth(int,int)> ::: 3;<comp5111.assignment.cut.Subject$DateTimeAlgorithms: int calcDaysInMonth(int,int)> ::: 4
comp5111.assignment.cut.Subject_randoop111_RegressionTest0#test411	PASS	<comp5111.assignment.cut.Subject$StringAlgorithms: java.lang.Number parseNumber(java.lang.String)> ::: 1;<comp5111.assignment.cut.Subject$StringAlgorithms: java.lang.Number parseNumber(java.lang.String)> ::: 10;<comp5111.assignment.cut.Subject$StringAlgorithms: java.lang.Number parseNumber(java.lang.String)> ::: 102;<comp5111.assignment.cut.Subject$StringAlgorithms: java.lang.Number parseNumber(java.lang.String)> ::: 103;<comp5111.assignment.cut.Subject$StringAlgorithms: java.lang.Number parseNumber(java.lang.String)> ::: 104;<comp5111.assignment.cut.Subject$StringAlgorithms: java.lang.Number parseNumber(java.lang.String)> ::: 11;<comp5111.assignment.cut.Subject$StringAlgorithms: java.lang.Number parseNumber(java.lang.String)> ::: 13;<comp5111.assignment.cut.Subject$StringAlgorithms: java.lang.Number parseNumber(java.lang.String)> ::: 14;<comp5111.assignment.cut.Subject$StringAlgorithms: java.lang.Number parseNumber(java.lang.String)> ::: 15;<comp5111.assignment.cut.Subject$StringAlgorithms: java.lang.Number parseNumber(java.lang.String)> ::: 16;<comp5111.assignment.cut.Subject$StringAlgorithms: java.lang.Number parseNumber(java.lang.String)> ::: 19;<comp5111.assignment.cut.Subject$StringAlgorithms: java.lang.Number parseNumber(java.lang.String)> ::: 2;<comp5111.assignment.cut.Subject$StringAlgorithms: java.lang.Number parseNumber(java.lang.String)> ::: 20;<comp5111.assignment.cut.Subject$StringAlgorithms: java.lang.Number parseNumber(java.lang.String)> ::: 21;<comp5111.assignment.cut.Subject$StringAlgorithms: java.lang.Number parseNumber(java.lang.String)> ::: 22;<comp5111.assignment.cut.Subject$StringAlgorithms: java.lang.Number parseNumber(java.lang.String)> ::: 23;<comp5111.assignment.cut.Subject$StringAlgorithms: java.lang.Number parseNumber(java.lang.String)> ::: 24;<comp5111.assignment.cut.Subject$StringAlgorithms: java.lang.Number parseNumber(java.lang.String)> ::: 25;<comp5111.assignment.cut.Subject$StringAlgorithms: java.lang.Number parseNumber(java.lang.String)> ::: 26;<comp5111.assignment.cut.Subject$StringAlgorithms: java.lang.Number parseNumber(java.lang.String)> ::: 27;<comp5111.assignment.cut.Subject$StringAlgorithms: java.lang.Number parseNumber(java.lang.String)> ::: 3;<comp5111.assignment.cut.Subject$StringAlgorithms: java.lang.Number parseNumber(java.lang.String)> ::: 39;<comp5111.assignment.cut.Subject$StringAlgorithms: java.lang.Number parseNumber(java.lang.String)> ::: 4;<comp5111.assignment.cut.Subject$StringAlgorithms: java.lang.Number parseNumber(java.lang.String)> ::: 40;<comp5111.assignment.cut.Subject$StringAlgorithms: java.lang.Number parseNumber(java.lang.String)> ::: 41;<comp5111.assignment.cut.Subject$StringAlgorithms: java.lang.Number parseNumber(java.lang.String)> ::: 42;<comp5111.assignment.cut.Subject$StringAlgorithms: java.lang.Number parseNumber(java.lang.String)> ::: 5;<comp5111.assignment.cut.Subject$StringAlgorithms: java.lang.Number parseNumber(java.lang.String)> ::: 51;<comp5111.assignment.cut.Subject$StringAlgorithms: java.lang.Number parseNumber(java.lang.String)> ::: 52;<comp5111.assignment.cut.Subject$StringAlgorithms: java.lang.Number parseNumber(java.lang.String)> ::: 53;<comp5111.assignment.cut.Subject$StringAlgorithms: java.lang.Number parseNumber(java.lang.String)> ::: 54;<comp5111.assignment.cut.Subject$StringAlgorithms: java.lang.Number parseNumber(java.lang.String)> ::: 55;<comp5111.assignment.cut.Subject$StringAlgorithms: java.lang.Number parseNumber(java.lang.String)> ::: 56;<comp5111.assignment.cut.Subject$StringAlgorithms: java.lang.Number parseNumber(java.lang.String)> ::: 86;<comp5111.assignment.cut.Subject$StringAlgorithms: java.lang.Number parseNumber(java.lang.String)> ::: 87;<comp5111.assignment.cut.Subject$StringAlgorithms: java.lang.Number parseNumber(java.lang.String)> ::: 90;<comp5111.assignment.cut.Subject$StringAlgorithms: java.lang.Number parseNumber(java.lang.String)> ::: 91
comp5111.assignment.cut.Subject_randoop111_RegressionTest0#test412	PASS	<comp5111.assignment.cut.Subject$GamePlayer: int getScore()> ::: 1;<comp5111.assignment.cut.Subject$GamePlayer: int getScore()> ::: 2;<comp5111.assignment.cut.Subject$GamePlayer: java.lang.String getName()> ::: 1;<comp5111.assignment.cut.Subject$GamePlayer: java.lang.String getName()> ::: 2;<comp5111.assignment.cut.Subject$GamePlayer: void <init>(comp5111.assignment.cut.Subject,java.lang.String)> ::: 3;<comp5111.assignment.cut.Subject$GamePlayer: void <init>(comp5111.assignment.cut.Subject,java.lang.String)> ::: 4;<comp5111.assignment.cut.Subject$GamePlayer: void <init>(comp5111.assignment.cut.Subject,java.lang.String)> ::: 5;<comp5111.assignment.cut.Subject$GamePlayer: void <init>(comp5111.assignment.cut.Subject,java.lang.String)> ::: 6;<comp5111.assignment.cut.Subject: void <init>()> ::: 1;<comp5111.assignment.cut.Subject: void <init>()> ::: 2
comp5111.assignment.cut.Subject_randoop111_RegressionTest0#test413	PASS	<comp5111.assignment.cut.Subject$StringAlgorithms: boolean isOneOf(char,char[])> ::: 11;<comp5111.assignment.cut.Subject$StringAlgorithms: boolean isOneOf(char,char[])> ::: 12;<comp5111.assignment.cut.Subject$StringAlgorithms: boolean isOneOf(char,char[])> ::: 13;<comp5111.assignment.cut.Subject$StringAlgorithms: boolean isOneOf(char,char[])> ::: 2;<comp5111.assignment.cut.Subject$StringAlgorithms: boolean isOneOf(char,char[])> ::: 3;<comp5111.assignment.cut.Subject$StringAlgorithms: boolean isOneOf(char,char[])> ::: 4;<comp5111.assignment.cut.Subject$StringAlgorithms: boolean isOneOf(char,char[])> ::: 5;<comp5111.assignment.cut.Subject$StringAlgorithms: boolean isOneOf(char,char[])> ::: 6;<comp5111.assignment.cut.Subject$StringAlgorithms: boolean isOneOf(char,char[])> ::: 7;<comp5111.assignment.cut.Subject$StringAlgorithms: boolean isOneOf(char,char[])> ::: 8;<comp5111.assignment.cut.Subject$StringAlgorithms: java.lang.String parseToken(java.lang.String,char[])> ::: 10;<comp5111.assignment.cut.Subject$StringAlgorithms: java.lang.String parseToken(java.lang.String,char[])> ::: 11;<comp5111.assignment.cut.Subject$StringAlgorithms: java.lang.String parseToken(java.lang.String,char[])> ::: 12;<comp5111.assignment.cut.Subject$StringAlgorithms: java.lang.String parseToken(java.lang.String,char[])> ::: 13;<comp5111.assignment.cut.Subject$StringAlgorithms: java.lang.String parseToken(java.lang.String,char[])> ::: 14;<comp5111.assignment.cut.Subject$StringAlgorithms: java.lang.String parseToken(java.lang.String,char[])> ::: 2;<comp5111.assignment.cut.Subject$StringAlgorithms: java.lang.String parseToken(java.lang.String,char[])> ::: 3;<comp5111.assignment.cut.Subject$StringAlgorithms: java.lang.String parseToken(java.lang.String,char[])> ::: 4;<comp5111.assignment.cut.Subject$StringAlgorithms: java.lang.String parseToken(java.lang.String,char[])> ::: 5;<comp5111.assignment.cut.Subject$StringAlgorithms: java.lang.String parseToken(java.lang.String,char[])> ::: 6;<comp5111.assignment.cut.Subject$StringAlgorithms: java.lang.String parseToken(java.lang.String,char[])> ::: 7
comp5111.assignment.cut.Subject_randoop111_RegressionTest0#test414	PASS	<comp5111.assignment.cut.Subject$GamePlace: boolean equals(java.lang.Object)> ::: 2;<comp5111.assignment.cut.Subject$GamePlace: boolean equals(java.lang.Object)> ::: 4;<comp5111.assignment.cut.Subject$GamePlace: boolean equals(java.lang.Object)> ::: 5;<comp5111.assignment.cut.Subject$GamePlace: boolean equals(java.lang.Object)> ::: 6;<comp5111.assignment.cut.Subject$GamePlace: boolean equals(java.lang.Object)> ::: 7;<comp5111.assignment.cut.Subject$GamePlace: boolean equals(java.lang.Object)> ::: 8;<comp5111.assignment.cut.Subject$GamePlace: comp5111.assignment.cut.Subject$GamePlace clone()> ::: 1;<comp5111.assignment.cut.Subject$GamePlace: comp5111.assignment.cut.Subject$GamePlace clone()> ::: 2;<comp5111.assignment.cut.Subject$GamePlace: comp5111.assignment.cut.Subject$GamePlace clone()> ::: 3;<comp5111.assignment.cut.Subject$GamePlace: comp5111.assignment.cut.Subject$GamePlace clone()> ::: 4;<comp5111.assignment.cut.Subject$GamePlace: comp5111.assignment.cut.Subject$GamePlace clone()> ::: 5;<comp5111.assignment.cut.Subject$GamePlace: comp5111.assignment.cut.Subject$GamePlace clone()> ::: 6;<comp5111.assignment.cut.Subject$GamePlace: comp5111.assignment.cut.Subject$GamePlace clone()> ::: 7;<comp5111.assignment.cut.Subject$GamePlace: comp5111.assignment.cut.Subject$GamePlace clone()> ::: 8;<comp5111.assignment.cut.Subject$GamePlace: comp5111.assignment.cut.Subject$GamePlace clone()> ::: 9;<comp5111.assignment.cut.Subject$GamePlace: void <init>(comp5111.assignment.cut.Subject,int,int)> ::: 4;<comp5111.assignment.cut.Subject$GamePlace: void <init>(comp5111.assignment.cut.Subject,int,int)> ::: 5;<comp5111.assignment.cut.Subject$GamePlace: void <init>(comp5111.assignment.cut.Subject,int,int)> ::: 6;<comp5111.assignment.cut.Subject$GamePlace: void <init>(comp5111.assignment.cut.Subject,int,int)> ::: 7;<comp5111.assignment.cut.Subject$GamePlace: void <init>(comp5111.assignment.cut.Subject,int,int)> ::: 8;<comp5111.assignment.cut.Subject$GamePlace: void y(int)> ::: 2;<comp5111.assignment.cut.Subject$GamePlace: void y(int)> ::: 3;<comp5111.assignment.cut.Subject$GamePlayer: void <init>(comp5111.assignment.cut.Subject)> ::: 2;<comp5111.assignment.cut.Subject$GamePlayer: void <init>(comp5111.assignment.cut.Subject)> ::: 3;<comp5111.assignment.cut.Subject$GamePlayer: void <init>(comp5111.assignment.cut.Subject)> ::: 4;<comp5111.assignment.cut.Subject$GamePlayer: void <init>(comp5111.assignment.cut.Subject)> ::: 5;<comp5111.assignment.cut.Subject: void <init>()> ::: 1;<comp5111.assignment.cut.Subject: void <init>()> ::: 2
comp5111.assignment.cut.Subject_randoop111_RegressionTest0#test415	PASS	<comp5111.assignment.cut.Subject$DateTimeAlgorithms: java.lang.String dayStr(int)> ::: 1;<comp5111.assignment.cut.Subject$DateTimeAlgorithms: java.lang.String dayStr(int)> ::: 10;<comp5111.assignment.cut.Subject$DateTimeAlgorithms: java.lang.String dayStr(int)> ::: 11;<comp5111.assignment.cut.Subject$DateTimeAlgorithms: java.lang.String dayStr(int)> ::: 14;<comp5111.assignment.cut.Subject$DateTimeAlgorithms: java.lang.String dayStr(int)> ::: 15;<comp5111.assignment.cut.Subject$DateTimeAlgorithms: java.lang.String dayStr(int)> ::: 18;<comp5111.assignment.cut.Subject$DateTimeAlgorithms: java.lang.String dayStr(int)> ::: 19;<comp5111.assignment.cut.Subject$DateTimeAlgorithms: java.lang.String dayStr(int)> ::: 2;<comp5111.assignment.cut.Subject$DateTimeAlgorithms: java.lang.String dayStr(int)> ::: 20;<comp5111.assignment.cut.Subject$DateTimeAlgorithms: java.lang.String dayStr(int)> ::: 21;<comp5111.assignment.cut.Subject$DateTimeAlgorithms: java.lang.String dayStr(int)> ::: 22;<comp5111.assignment.cut.Subject$DateTimeAlgorithms: java.lang.String dayStr(int)> ::: 3;<comp5111.assignment.cut.Subject$DateTimeAlgorithms: java.lang.String dayStr(int)> ::: 6;<comp5111.assignment.cut.Subject$DateTimeAlgorithms: java.lang.String dayStr(int)> ::: 7
comp5111.assignment.cut.Subject_randoop111_RegressionTest0#test416	PASS	<comp5111.assignment.cut.Subject$GamePlace: boolean isAdjacent(comp5111.assignment.cut.Subject$GamePlace)> ::: 10;<comp5111.assignment.cut.Subject$GamePlace: boolean isAdjacent(comp5111.assignment.cut.Subject$GamePlace)> ::: 11;<comp5111.assignment.cut.Subject$GamePlace: boolean isAdjacent(comp5111.assignment.cut.Subject$GamePlace)> ::: 12;<comp5111.assignment.cut.Subject$GamePlace: boolean isAdjacent(comp5111.assignment.cut.Subject$GamePlace)> ::: 13;<comp5111.assignment.cut.Subject$GamePlace: boolean isAdjacent(comp5111.assignment.cut.Subject$GamePlace)> ::: 15;<comp5111.assignment.cut.Subject$GamePlace: boolean isAdjacent(comp5111.assignment.cut.Subject$GamePlace)> ::: 2;<comp5111.assignment.cut.Subject$GamePlace: boolean isAdjacent(comp5111.assignment.cut.Subject$GamePlace)> ::: 3;<comp5111.assignment.cut.Subject$GamePlace: boolean isAdjacent(comp5111.assignment.cut.Subject$GamePlace)> ::: 4;<comp5111.assignment.cut.Subject$GamePlace: boolean isAdjacent(comp5111.assignment.cut.Subject$GamePlace)> ::: 5;<comp5111.assignment.cut.Subject$GamePlace: boolean isAdjacent(comp5111.assignment.cut.Subject$GamePlace)> ::: 6;<comp5111.assignment.cut.Subject$GamePlace: boolean isAdjacent(comp5111.assignment.cut.Subject$GamePlace)> ::: 7;<comp5111.assignment.cut.Subject$GamePlace: boolean isAdjacent(comp5111.assignment.cut.Subject$GamePlace)> ::: 8;<comp5111.assignment.cut.Subject$GamePlace: boolean isAdjacent(comp5111.assignment.cut.Subject$GamePlace)> ::: 9;<comp5111.assignment.cut.Subject$GamePlace: comp5111.assignment.cut.Subject$GamePlace clone()> ::: 1;<comp5111.assignment.cut.Subject$GamePlace: comp5111.assignment.cut.Subject$GamePlace clone()> ::: 2;<comp5111.assignment.cut.Subject$GamePlace: comp5111.assignment.cut.Subject$GamePlace clone()> ::: 3;<comp5111.assignment.cut.Subject$GamePlace: comp5111.assignment.cut.Subject$GamePlace clone()> ::: 4;<comp5111.assignment.cut.Subject$GamePlace: comp5111.assignment.cut.Subject$GamePlace clone()> ::: 5;<comp5111.assignment.cut.Subject$GamePlace: comp5111.assignment.cut.Subject$GamePlace clone()> ::: 6;<comp5111.assignment.cut.Subject$GamePlace: comp5111.assignment.cut.Subject$GamePlace clone()> ::: 7;<comp5111.assignment.cut.Subject$GamePlace: comp5111.assignment.cut.Subject$GamePlace clone()> ::: 8;<comp5111.assignment.cut.Subject$GamePlace: comp5111.assignment.cut.Subject$GamePlace clone()> ::: 9;<comp5111.assignment.cut.Subject$GamePlace: int manhattanDistance(comp5111.assignment.cut.Subject$GamePlace)> ::: 10;<comp5111.assignment.cut.Subject$GamePlace: int manhattanDistance(comp5111.assignment.cut.Subject$GamePlace)> ::: 11;<comp5111.assignment.cut.Subject$GamePlace: int manhattanDistance(comp5111.assignment.cut.Subject$GamePlace)> ::: 12;<comp5111.assignment.cut.Subject$GamePlace: int manhattanDistance(comp5111.assignment.cut.Subject$GamePlace)> ::: 13;<comp5111.assignment.cut.Subject$GamePlace: int manhattanDistance(comp5111.assignment.cut.Subject$GamePlace)> ::: 2;<comp5111.assignment.cut.Subject$GamePlace: int manhattanDistance(comp5111.assignment.cut.Subject$GamePlace)> ::: 4;<comp5111.assignment.cut.Subject$GamePlace: int manhattanDistance(comp5111.assignment.cut.Subject$GamePlace)> ::: 5;<comp5111.assignment.cut.Subject$GamePlace: int manhattanDistance(comp5111.assignment.cut.Subject$GamePlace)> ::: 6;<comp5111.assignment.cut.Subject$GamePlace: int manhattanDistance(comp5111.assignment.cut.Subject$GamePlace)> ::: 7;<comp5111.assignment.cut.Subject$GamePlace: int manhattanDistance(comp5111.assignment.cut.Subject$GamePlace)> ::: 8;<comp5111.assignment.cut.Subject$GamePlace: int manhattanDistance(comp5111.assignment.cut.Subject$GamePlace)> ::: 9;<comp5111.assignment.cut.Subject$GamePlace: void <init>(comp5111.assignment.cut.Subject,int,int)> ::: 4;<comp5111.assignment.cut.Subject$GamePlace: void <init>(comp5111.assignment.cut.Subject,int,int)> ::: 5;<comp5111.assignment.cut.Subject$GamePlace: void <init>(comp5111.assignment.cut.Subject,int,int)> ::: 6;<comp5111.assignment.cut.Subject$GamePlace: void <init>(comp5111.assignment.cut.Subject,int,int)> ::: 7;<comp5111.assignment.cut.Subject$GamePlace: void <init>(comp5111.assignment.cut.Subject,int,int)> ::: 8;<comp5111.assignment.cut.Subject$GamePlace: void y(int)> ::: 2;<comp5111.assignment.cut.Subject$GamePlace: void y(int)> ::: 3;<comp5111.assignment.cut.Subject: void <init>()> ::: 1;<comp5111.assignment.cut.Subject: void <init>()> ::: 2
comp5111.assignment.cut.Subject_randoop111_RegressionTest0#test417	PASS	<comp5111.assignment.cut.Subject$StringAlgorithms: boolean isOneOf(char,char[])> ::: 11;<comp5111.assignment.cut.Subject$StringAlgorithms: boolean isOneOf(char,char[])> ::: 12;<comp5111.assignment.cut.Subject$StringAlgorithms: boolean isOneOf(char,char[])> ::: 13;<comp5111.assignment.cut.Subject$StringAlgorithms: boolean isOneOf(char,char[])> ::: 2;<comp5111.assignment.cut.Subject$StringAlgorithms: boolean isOneOf(char,char[])> ::: 3;<comp5111.assignment.cut.Subject$StringAlgorithms: boolean isOneOf(char,char[])> ::: 4;<comp5111.assignment.cut.Subject$StringAlgorithms: boolean isOneOf(char,char[])> ::: 5;<comp5111.assignment.cut.Subject$StringAlgorithms: boolean isOneOf(char,char[])> ::: 6;<comp5111.assignment.cut.Subject$StringAlgorithms: boolean isOneOf(char,char[])> ::: 7;<comp5111.assignment.cut.Subject$StringAlgorithms: boolean isOneOf(char,char[])> ::: 8;<comp5111.assignment.cut.Subject$StringAlgorithms: java.lang.String parseToken(java.lang.String,char[])> ::: 10;<comp5111.assignment.cut.Subject$StringAlgorithms: java.lang.String parseToken(java.lang.String,char[])> ::: 11;<comp5111.assignment.cut.Subject$StringAlgorithms: java.lang.String parseToken(java.lang.String,char[])> ::: 12;<comp5111.assignment.cut.Subject$StringAlgorithms: java.lang.String parseToken(java.lang.String,char[])> ::: 13;<comp5111.assignment.cut.Subject$StringAlgorithms: java.lang.String parseToken(java.lang.String,char[])> ::: 14;<comp5111.assignment.cut.Subject$StringAlgorithms: java.lang.String parseToken(java.lang.String,char[])> ::: 2;<comp5111.assignment.cut.Subject$StringAlgorithms: java.lang.String parseToken(java.lang.String,char[])> ::: 3;<comp5111.assignment.cut.Subject$StringAlgorithms: java.lang.String parseToken(java.lang.String,char[])> ::: 4;<comp5111.assignment.cut.Subject$StringAlgorithms: java.lang.String parseToken(java.lang.String,char[])> ::: 5;<comp5111.assignment.cut.Subject$StringAlgorithms: java.lang.String parseToken(java.lang.String,char[])> ::: 6;<comp5111.assignment.cut.Subject$StringAlgorithms: java.lang.String parseToken(java.lang.String,char[])> ::: 7
comp5111.assignment.cut.Subject_randoop111_RegressionTest0#test418	PASS	<comp5111.assignment.cut.Subject$DateTimeAlgorithms: int calcDaysInMonth(int,int)> ::: 2;<comp5111.assignment.cut.Subject$DateTimeAlgorithms: int calcDaysInMonth(int,int)> ::: 4
comp5111.assignment.cut.Subject_randoop111_RegressionTest0#test419	PASS	<comp5111.assignment.cut.Subject$StringAlgorithms: boolean startsWithIgnoreCase(java.lang.String,java.lang.String)> ::: 10;<comp5111.assignment.cut.Subject$StringAlgorithms: boolean startsWithIgnoreCase(java.lang.String,java.lang.String)> ::: 12;<comp5111.assignment.cut.Subject$StringAlgorithms: boolean startsWithIgnoreCase(java.lang.String,java.lang.String)> ::: 13;<comp5111.assignment.cut.Subject$StringAlgorithms: boolean startsWithIgnoreCase(java.lang.String,java.lang.String)> ::: 14;<comp5111.assignment.cut.Subject$StringAlgorithms: boolean startsWithIgnoreCase(java.lang.String,java.lang.String)> ::: 15;<comp5111.assignment.cut.Subject$StringAlgorithms: boolean startsWithIgnoreCase(java.lang.String,java.lang.String)> ::: 16;<comp5111.assignment.cut.Subject$StringAlgorithms: boolean startsWithIgnoreCase(java.lang.String,java.lang.String)> ::: 17;<comp5111.assignment.cut.Subject$StringAlgorithms: boolean startsWithIgnoreCase(java.lang.String,java.lang.String)> ::: 2;<comp5111.assignment.cut.Subject$StringAlgorithms: boolean startsWithIgnoreCase(java.lang.String,java.lang.String)> ::: 3;<comp5111.assignment.cut.Subject$StringAlgorithms: boolean startsWithIgnoreCase(java.lang.String,java.lang.String)> ::: 5;<comp5111.assignment.cut.Subject$StringAlgorithms: boolean startsWithIgnoreCase(java.lang.String,java.lang.String)> ::: 6;<comp5111.assignment.cut.Subject$StringAlgorithms: boolean startsWithIgnoreCase(java.lang.String,java.lang.String)> ::: 7;<comp5111.assignment.cut.Subject$StringAlgorithms: boolean startsWithIgnoreCase(java.lang.String,java.lang.String)> ::: 9
comp5111.assignment.cut.Subject_randoop111_RegressionTest0#test420	PASS	<comp5111.assignment.cut.Subject$DateTimeAlgorithms: java.lang.String month2MonAbbr(int)> ::: 1;<comp5111.assignment.cut.Subject$DateTimeAlgorithms: java.lang.String month2MonAbbr(int)> ::: 11
comp5111.assignment.cut.Subject_randoop111_RegressionTest0#test421	PASS	<comp5111.assignment.cut.Subject$StringAlgorithms: java.lang.String padRight(java.lang.String,short,char)> ::: 3;<comp5111.assignment.cut.Subject$StringAlgorithms: java.lang.String padRight(java.lang.String,short,char)> ::: 5;<comp5111.assignment.cut.Subject$StringAlgorithms: java.lang.String padRight(java.lang.String,short,char)> ::: 6;<comp5111.assignment.cut.Subject$StringAlgorithms: java.lang.String padRight(java.lang.String,short,char)> ::: 7;<comp5111.assignment.cut.Subject$StringAlgorithms: java.lang.String padRight(java.lang.String,short,char)> ::: 8
comp5111.assignment.cut.Subject_randoop111_RegressionTest0#test422	PASS	<comp5111.assignment.cut.Subject$DateTimeAlgorithms: boolean checkValidDate(int,int,int)> ::: 3;<comp5111.assignment.cut.Subject$DateTimeAlgorithms: boolean checkValidDate(int,int,int)> ::: 4;<comp5111.assignment.cut.Subject$DateTimeAlgorithms: boolean checkValidDate(int,int,int)> ::: 5;<comp5111.assignment.cut.Subject$DateTimeAlgorithms: java.lang.String formatFullDate(int,int,int)> ::: 3;<comp5111.assignment.cut.Subject$DateTimeAlgorithms: java.lang.String formatFullDate(int,int,int)> ::: 4;<comp5111.assignment.cut.Subject$DateTimeAlgorithms: java.lang.String formatFullDate(int,int,int)> ::: 5
comp5111.assignment.cut.Subject_randoop111_RegressionTest0#test423	FAIL	<comp5111.assignment.cut.Subject$StringAlgorithms: boolean isOneOf(char,char[])> ::: 10;<comp5111.assignment.cut.Subject$StringAlgorithms: boolean isOneOf(char,char[])> ::: 11;<comp5111.assignment.cut.Subject$StringAlgorithms: boolean isOneOf(char,char[])> ::: 12;<comp5111.assignment.cut.Subject$StringAlgorithms: boolean isOneOf(char,char[])> ::: 13;<comp5111.assignment.cut.Subject$StringAlgorithms: boolean isOneOf(char,char[])> ::: 2;<comp5111.assignment.cut.Subject$StringAlgorithms: boolean isOneOf(char,char[])> ::: 3;<comp5111.assignment.cut.Subject$StringAlgorithms: boolean isOneOf(char,char[])> ::: 4;<comp5111.assignment.cut.Subject$StringAlgorithms: boolean isOneOf(char,char[])> ::: 5;<comp5111.assignment.cut.Subject$StringAlgorithms: boolean isOneOf(char,char[])> ::: 6;<comp5111.assignment.cut.Subject$StringAlgorithms: boolean isOneOf(char,char[])> ::: 7;<comp5111.assignment.cut.Subject$StringAlgorithms: boolean isOneOf(char,char[])> ::: 8;<comp5111.assignment.cut.Subject$StringAlgorithms: boolean isOneOf(char,char[])> ::: 9;<comp5111.assignment.cut.Subject$StringAlgorithms: java.lang.String parseToken(java.lang.String,char[])> ::: 10;<comp5111.assignment.cut.Subject$StringAlgorithms: java.lang.String parseToken(java.lang.String,char[])> ::: 11;<comp5111.assignment.cut.Subject$StringAlgorithms: java.lang.String parseToken(java.lang.String,char[])> ::: 12;<comp5111.assignment.cut.Subject$StringAlgorithms: java.lang.String parseToken(java.lang.String,char[])> ::: 13;<comp5111.assignment.cut.Subject$StringAlgorithms: java.lang.String parseToken(java.lang.String,char[])> ::: 14;<comp5111.assignment.cut.Subject$StringAlgorithms: java.lang.String parseToken(java.lang.String,char[])> ::: 2;<comp5111.assignment.cut.Subject$StringAlgorithms: java.lang.String parseToken(java.lang.String,char[])> ::: 3;<comp5111.assignment.cut.Subject$StringAlgorithms: java.lang.String parseToken(java.lang.String,char[])> ::: 4;<comp5111.assignment.cut.Subject$StringAlgorithms: java.lang.String parseToken(java.lang.String,char[])> ::: 5;<comp5111.assignment.cut.Subject$StringAlgorithms: java.lang.String parseToken(java.lang.String,char[])> ::: 6;<comp5111.assignment.cut.Subject$StringAlgorithms: java.lang.String parseToken(java.lang.String,char[])> ::: 7;<comp5111.assignment.cut.Subject$StringAlgorithms: java.lang.String parseToken(java.lang.String,char[])> ::: 8;<comp5111.assignment.cut.Subject$StringAlgorithms: java.lang.String parseToken(java.lang.String,char[])> ::: 9
comp5111.assignment.cut.Subject_randoop111_RegressionTest0#test424	PASS	<comp5111.assignment.cut.Subject$StringAlgorithms: boolean startsWithIgnoreCase(java.lang.String,java.lang.String)> ::: 10;<comp5111.assignment.cut.Subject$StringAlgorithms: boolean startsWithIgnoreCase(java.lang.String,java.lang.String)> ::: 11;<comp5111.assignment.cut.Subject$StringAlgorithms: boolean startsWithIgnoreCase(java.lang.String,java.lang.String)> ::: 2;<comp5111.assignment.cut.Subject$StringAlgorithms: boolean startsWithIgnoreCase(java.lang.String,java.lang.String)> ::: 3;<comp5111.assignment.cut.Subject$StringAlgorithms: boolean startsWithIgnoreCase(java.lang.String,java.lang.String)> ::: 5;<comp5111.assignment.cut.Subject$StringAlgorithms: boolean startsWithIgnoreCase(java.lang.String,java.lang.String)> ::: 6;<comp5111.assignment.cut.Subject$StringAlgorithms: boolean startsWithIgnoreCase(java.lang.String,java.lang.String)> ::: 7;<comp5111.assignment.cut.Subject$StringAlgorithms: boolean startsWithIgnoreCase(java.lang.String,java.lang.String)> ::: 9
comp5111.assignment.cut.Subject_randoop111_RegressionTest0#test425	PASS	<comp5111.assignment.cut.Subject$StringAlgorithms: java.lang.Boolean strToBoolean(java.lang.String,java.lang.String,java.lang.String,java.lang.String)> ::: 13;<comp5111.assignment.cut.Subject$StringAlgorithms: java.lang.Boolean strToBoolean(java.lang.String,java.lang.String,java.lang.String,java.lang.String)> ::: 14;<comp5111.assignment.cut.Subject$StringAlgorithms: java.lang.Boolean strToBoolean(java.lang.String,java.lang.String,java.lang.String,java.lang.String)> ::: 17;<comp5111.assignment.cut.Subject$StringAlgorithms: java.lang.Boolean strToBoolean(java.lang.String,java.lang.String,java.lang.String,java.lang.String)> ::: 18;<comp5111.assignment.cut.Subject$StringAlgorithms: java.lang.Boolean strToBoolean(java.lang.String,java.lang.String,java.lang.String,java.lang.String)> ::: 21;<comp5111.assignment.cut.Subject$StringAlgorithms: java.lang.Boolean strToBoolean(java.lang.String,java.lang.String,java.lang.String,java.lang.String)> ::: 22;<comp5111.assignment.cut.Subject$StringAlgorithms: java.lang.Boolean strToBoolean(java.lang.String,java.lang.String,java.lang.String,java.lang.String)> ::: 24;<comp5111.assignment.cut.Subject$StringAlgorithms: java.lang.Boolean strToBoolean(java.lang.String,java.lang.String,java.lang.String,java.lang.String)> ::: 25;<comp5111.assignment.cut.Subject$StringAlgorithms: java.lang.Boolean strToBoolean(java.lang.String,java.lang.String,java.lang.String,java.lang.String)> ::: 26;<comp5111.assignment.cut.Subject$StringAlgorithms: java.lang.Boolean strToBoolean(java.lang.String,java.lang.String,java.lang.String,java.lang.String)> ::: 4
comp5111.assignment.cut.Subject_randoop111_RegressionTest0#test426	PASS	<comp5111.assignment.cut.Subject$DateTimeAlgorithms: boolean checkValidDate(int,int,int)> ::: 3;<comp5111.assignment.cut.Subject$DateTimeAlgorithms: boolean checkValidDate(int,int,int)> ::: 4;<comp5111.assignment.cut.Subject$DateTimeAlgorithms: boolean checkValidDate(int,int,int)> ::: 5;<comp5111.assignment.cut.Subject$DateTimeAlgorithms: java.util.List listDatesBetween(int,int,int,int,int,int)> ::: 10;<comp5111.assignment.cut.Subject$DateTimeAlgorithms: java.util.List listDatesBetween(int,int,int,int,int,int)> ::: 13;<comp5111.assignment.cut.Subject$DateTimeAlgorithms: java.util.List listDatesBetween(int,int,int,int,int,int)> ::: 6;<comp5111.assignment.cut.Subject$DateTimeAlgorithms: java.util.List listDatesBetween(int,int,int,int,int,int)> ::: 7;<comp5111.assignment.cut.Subject$DateTimeAlgorithms: java.util.List listDatesBetween(int,int,int,int,int,int)> ::: 8;<comp5111.assignment.cut.Subject$DateTimeAlgorithms: java.util.List listDatesBetween(int,int,int,int,int,int)> ::: 9
comp5111.assignment.cut.Subject_randoop111_RegressionTest0#test427	PASS	<comp5111.assignment.cut.Subject$GamePlace: void <init>(comp5111.assignment.cut.Subject,int,int)> ::: 4;<comp5111.assignment.cut.Subject$GamePlace: void <init>(comp5111.assignment.cut.Subject,int,int)> ::: 5;<comp5111.assignment.cut.Subject$GamePlace: void <init>(comp5111.assignment.cut.Subject,int,int)> ::: 6;<comp5111.assignment.cut.Subject$GamePlace: void <init>(comp5111.assignment.cut.Subject,int,int)> ::: 7;<comp5111.assignment.cut.Subject$GamePlace: void <init>(comp5111.assignment.cut.Subject,int,int)> ::: 8;<comp5111.assignment.cut.Subject$GamePlace: void y(int)> ::: 2;<comp5111.assignment.cut.Subject$GamePlace: void y(int)> ::: 3;<comp5111.assignment.cut.Subject$GamePlayer: void <init>(comp5111.assignment.cut.Subject)> ::: 2;<comp5111.assignment.cut.Subject$GamePlayer: void <init>(comp5111.assignment.cut.Subject)> ::: 3;<comp5111.assignment.cut.Subject$GamePlayer: void <init>(comp5111.assignment.cut.Subject)> ::: 4;<comp5111.assignment.cut.Subject$GamePlayer: void <init>(comp5111.assignment.cut.Subject)> ::: 5;<comp5111.assignment.cut.Subject: void <init>()> ::: 1;<comp5111.assignment.cut.Subject: void <init>()> ::: 2
comp5111.assignment.cut.Subject_randoop111_RegressionTest0#test428	PASS	<comp5111.assignment.cut.Subject$StringAlgorithms: java.lang.String padRight(java.lang.String,short,char)> ::: 3;<comp5111.assignment.cut.Subject$StringAlgorithms: java.lang.String padRight(java.lang.String,short,char)> ::: 5;<comp5111.assignment.cut.Subject$StringAlgorithms: java.lang.String padRight(java.lang.String,short,char)> ::: 6;<comp5111.assignment.cut.Subject$StringAlgorithms: java.lang.String padRight(java.lang.String,short,char)> ::: 7;<comp5111.assignment.cut.Subject$StringAlgorithms: java.lang.String padRight(java.lang.String,short,char)> ::: 8
comp5111.assignment.cut.Subject_randoop111_RegressionTest0#test429	PASS	<comp5111.assignment.cut.Subject$StringAlgorithms: java.lang.Boolean strToBoolean(java.lang.String)> ::: 1;<comp5111.assignment.cut.Subject$StringAlgorithms: java.lang.Boolean strToBoolean(java.lang.String)> ::: 18;<comp5111.assignment.cut.Subject$StringAlgorithms: java.lang.Boolean strToBoolean(java.lang.String)> ::: 19;<comp5111.assignment.cut.Subject$StringAlgorithms: java.lang.Boolean strToBoolean(java.lang.String)> ::: 3;<comp5111.assignment.cut.Subject$StringAlgorithms: java.lang.Boolean strToBoolean(java.lang.String)> ::: 34;<comp5111.assignment.cut.Subject$StringAlgorithms: java.lang.Boolean strToBoolean(java.lang.String)> ::: 35;<comp5111.assignment.cut.Subject$StringAlgorithms: java.lang.Boolean strToBoolean(java.lang.String)> ::: 4;<comp5111.assignment.cut.Subject$StringAlgorithms: java.lang.Boolean strToBoolean(java.lang.String)> ::: 55;<comp5111.assignment.cut.Subject$StringAlgorithms: java.lang.Boolean strToBoolean(java.lang.String)> ::: 56;<comp5111.assignment.cut.Subject$StringAlgorithms: java.lang.Boolean strToBoolean(java.lang.String)> ::: 71;<comp5111.assignment.cut.Subject$StringAlgorithms: java.lang.Boolean strToBoolean(java.lang.String)> ::: 72;<comp5111.assignment.cut.Subject$StringAlgorithms: java.lang.Boolean strToBoolean(java.lang.String)> ::: 90
comp5111.assignment.cut.Subject_randoop111_RegressionTest0#test430	PASS	<comp5111.assignment.cut.Subject$StringAlgorithms: void enlarge(int,byte[],int)> ::: 10;<comp5111.assignment.cut.Subject$StringAlgorithms: void enlarge(int,byte[],int)> ::: 11;<comp5111.assignment.cut.Subject$StringAlgorithms: void enlarge(int,byte[],int)> ::: 12;<comp5111.assignment.cut.Subject$StringAlgorithms: void enlarge(int,byte[],int)> ::: 13;<comp5111.assignment.cut.Subject$StringAlgorithms: void enlarge(int,byte[],int)> ::: 3;<comp5111.assignment.cut.Subject$StringAlgorithms: void enlarge(int,byte[],int)> ::: 4;<comp5111.assignment.cut.Subject$StringAlgorithms: void enlarge(int,byte[],int)> ::: 5;<comp5111.assignment.cut.Subject$StringAlgorithms: void enlarge(int,byte[],int)> ::: 6;<comp5111.assignment.cut.Subject$StringAlgorithms: void enlarge(int,byte[],int)> ::: 7;<comp5111.assignment.cut.Subject$StringAlgorithms: void enlarge(int,byte[],int)> ::: 8;<comp5111.assignment.cut.Subject$StringAlgorithms: void enlarge(int,byte[],int)> ::: 9
comp5111.assignment.cut.Subject_randoop111_RegressionTest0#test431	PASS	<comp5111.assignment.cut.Subject$StringAlgorithms: boolean startsWithIgnoreCase(java.lang.String,java.lang.String)> ::: 10;<comp5111.assignment.cut.Subject$StringAlgorithms: boolean startsWithIgnoreCase(java.lang.String,java.lang.String)> ::: 12;<comp5111.assignment.cut.Subject$StringAlgorithms: boolean startsWithIgnoreCase(java.lang.String,java.lang.String)> ::: 13;<comp5111.assignment.cut.Subject$StringAlgorithms: boolean startsWithIgnoreCase(java.lang.String,java.lang.String)> ::: 14;<comp5111.assignment.cut.Subject$StringAlgorithms: boolean startsWithIgnoreCase(java.lang.String,java.lang.String)> ::: 15;<comp5111.assignment.cut.Subject$StringAlgorithms: boolean startsWithIgnoreCase(java.lang.String,java.lang.String)> ::: 16;<comp5111.assignment.cut.Subject$StringAlgorithms: boolean startsWithIgnoreCase(java.lang.String,java.lang.String)> ::: 17;<comp5111.assignment.cut.Subject$StringAlgorithms: boolean startsWithIgnoreCase(java.lang.String,java.lang.String)> ::: 2;<comp5111.assignment.cut.Subject$StringAlgorithms: boolean startsWithIgnoreCase(java.lang.String,java.lang.String)> ::: 3;<comp5111.assignment.cut.Subject$StringAlgorithms: boolean startsWithIgnoreCase(java.lang.String,java.lang.String)> ::: 5;<comp5111.assignment.cut.Subject$StringAlgorithms: boolean startsWithIgnoreCase(java.lang.String,java.lang.String)> ::: 6;<comp5111.assignment.cut.Subject$StringAlgorithms: boolean startsWithIgnoreCase(java.lang.String,java.lang.String)> ::: 7;<comp5111.assignment.cut.Subject$StringAlgorithms: boolean startsWithIgnoreCase(java.lang.String,java.lang.String)> ::: 9
comp5111.assignment.cut.Subject_randoop111_RegressionTest0#test432	PASS	<comp5111.assignment.cut.Subject$DateTimeAlgorithms: int calcDaysInMonth(int,int)> ::: 2;<comp5111.assignment.cut.Subject$DateTimeAlgorithms: int calcDaysInMonth(int,int)> ::: 3;<comp5111.assignment.cut.Subject$DateTimeAlgorithms: int calcDaysInMonth(int,int)> ::: 4;<comp5111.assignment.cut.Subject$DateTimeAlgorithms: java.lang.String lastDayOfMonth(int,int)> ::: 2;<comp5111.assignment.cut.Subject$DateTimeAlgorithms: java.lang.String lastDayOfMonth(int,int)> ::: 3;<comp5111.assignment.cut.Subject$DateTimeAlgorithms: java.lang.String lastDayOfMonth(int,int)> ::: 4
comp5111.assignment.cut.Subject_randoop111_RegressionTest0#test433	PASS	<comp5111.assignment.cut.Subject$DateTimeAlgorithms: int daysBetweenDateStrings(java.lang.String,java.lang.String)> ::: 2;<comp5111.assignment.cut.Subject$DateTimeAlgorithms: int daysBetweenDateStrings(java.lang.String,java.lang.String)> ::: 3;<comp5111.assignment.cut.Subject$DateTimeAlgorithms: int daysBetweenDateStrings(java.lang.String,java.lang.String)> ::: 4;<comp5111.assignment.cut.Subject$DateTimeAlgorithms: int daysBetweenDateStrings(java.lang.String,java.lang.String)> ::: 5;<comp5111.assignment.cut.Subject$DateTimeAlgorithms: int daysBetweenDateStrings(java.lang.String,java.lang.String)> ::: 8
comp5111.assignment.cut.Subject_randoop111_RegressionTest0#test434	PASS	<comp5111.assignment.cut.Subject$GamePlayer: void <init>(comp5111.assignment.cut.Subject)> ::: 2;<comp5111.assignment.cut.Subject$GamePlayer: void <init>(comp5111.assignment.cut.Subject)> ::: 3;<comp5111.assignment.cut.Subject$GamePlayer: void <init>(comp5111.assignment.cut.Subject)> ::: 4;<comp5111.assignment.cut.Subject$GamePlayer: void <init>(comp5111.assignment.cut.Subject)> ::: 5;<comp5111.assignment.cut.Subject$GamePlayer: void <init>(comp5111.assignment.cut.Subject,java.lang.String)> ::: 3;<comp5111.assignment.cut.Subject$GamePlayer: void <init>(comp5111.assignment.cut.Subject,java.lang.String)> ::: 4;<comp5111.assignment.cut.Subject$GamePlayer: void <init>(comp5111.assignment.cut.Subject,java.lang.String)> ::: 5;<comp5111.assignment.cut.Subject$GamePlayer: void <init>(comp5111.assignment.cut.Subject,java.lang.String)> ::: 6;<comp5111.assignment.cut.Subject: void <init>()> ::: 1;<comp5111.assignment.cut.Subject: void <init>()> ::: 2
comp5111.assignment.cut.Subject_randoop111_RegressionTest0#test435	PASS	<comp5111.assignment.cut.Subject$StringAlgorithms: java.lang.Boolean strToBoolean(java.lang.String,java.lang.String,java.lang.String,java.lang.String)> ::: 13;<comp5111.assignment.cut.Subject$StringAlgorithms: java.lang.Boolean strToBoolean(java.lang.String,java.lang.String,java.lang.String,java.lang.String)> ::: 14;<comp5111.assignment.cut.Subject$StringAlgorithms: java.lang.Boolean strToBoolean(java.lang.String,java.lang.String,java.lang.String,java.lang.String)> ::: 17;<comp5111.assignment.cut.Subject$StringAlgorithms: java.lang.Boolean strToBoolean(java.lang.String,java.lang.String,java.lang.String,java.lang.String)> ::: 18;<comp5111.assignment.cut.Subject$StringAlgorithms: java.lang.Boolean strToBoolean(java.lang.String,java.lang.String,java.lang.String,java.lang.String)> ::: 21;<comp5111.assignment.cut.Subject$StringAlgorithms: java.lang.Boolean strToBoolean(java.lang.String,java.lang.String,java.lang.String,java.lang.String)> ::: 22;<comp5111.assignment.cut.Subject$StringAlgorithms: java.lang.Boolean strToBoolean(java.lang.String,java.lang.String,java.lang.String,java.lang.String)> ::: 24;<comp5111.assignment.cut.Subject$StringAlgorithms: java.lang.Boolean strToBoolean(java.lang.String,java.lang.String,java.lang.String,java.lang.String)> ::: 25;<comp5111.assignment.cut.Subject$StringAlgorithms: java.lang.Boolean strToBoolean(java.lang.String,java.lang.String,java.lang.String,java.lang.String)> ::: 26;<comp5111.assignment.cut.Subject$StringAlgorithms: java.lang.Boolean strToBoolean(java.lang.String,java.lang.String,java.lang.String,java.lang.String)> ::: 4
comp5111.assignment.cut.Subject_randoop111_RegressionTest0#test436	PASS	<comp5111.assignment.cut.Subject$GamePlace: boolean equals(java.lang.Object)> ::: 2;<comp5111.assignment.cut.Subject$GamePlace: boolean equals(java.lang.Object)> ::: 4;<comp5111.assignment.cut.Subject$GamePlace: boolean equals(java.lang.Object)> ::: 5;<comp5111.assignment.cut.Subject$GamePlace: boolean equals(java.lang.Object)> ::: 6;<comp5111.assignment.cut.Subject$GamePlace: boolean equals(java.lang.Object)> ::: 7;<comp5111.assignment.cut.Subject$GamePlace: boolean equals(java.lang.Object)> ::: 8;<comp5111.assignment.cut.Subject$GamePlace: boolean isAdjacent(comp5111.assignment.cut.Subject$GamePlace)> ::: 10;<comp5111.assignment.cut.Subject$GamePlace: boolean isAdjacent(comp5111.assignment.cut.Subject$GamePlace)> ::: 11;<comp5111.assignment.cut.Subject$GamePlace: boolean isAdjacent(comp5111.assignment.cut.Subject$GamePlace)> ::: 12;<comp5111.assignment.cut.Subject$GamePlace: boolean isAdjacent(comp5111.assignment.cut.Subject$GamePlace)> ::: 13;<comp5111.assignment.cut.Subject$GamePlace: boolean isAdjacent(comp5111.assignment.cut.Subject$GamePlace)> ::: 15;<comp5111.assignment.cut.Subject$GamePlace: boolean isAdjacent(comp5111.assignment.cut.Subject$GamePlace)> ::: 2;<comp5111.assignment.cut.Subject$GamePlace: boolean isAdjacent(comp5111.assignment.cut.Subject$GamePlace)> ::: 3;<comp5111.assignment.cut.Subject$GamePlace: boolean isAdjacent(comp5111.assignment.cut.Subject$GamePlace)> ::: 4;<comp5111.assignment.cut.Subject$GamePlace: boolean isAdjacent(comp5111.assignment.cut.Subject$GamePlace)> ::: 5;<comp5111.assignment.cut.Subject$GamePlace: boolean isAdjacent(comp5111.assignment.cut.Subject$GamePlace)> ::: 6;<comp5111.assignment.cut.Subject$GamePlace: boolean isAdjacent(comp5111.assignment.cut.Subject$GamePlace)> ::: 7;<comp5111.assignment.cut.Subject$GamePlace: boolean isAdjacent(comp5111.assignment.cut.Subject$GamePlace)> ::: 8;<comp5111.assignment.cut.Subject$GamePlace: boolean isAdjacent(comp5111.assignment.cut.Subject$GamePlace)> ::: 9;<comp5111.assignment.cut.Subject$GamePlace: comp5111.assignment.cut.Subject$GamePlace clone()> ::: 1;<comp5111.assignment.cut.Subject$GamePlace: comp5111.assignment.cut.Subject$GamePlace clone()> ::: 2;<comp5111.assignment.cut.Subject$GamePlace: comp5111.assignment.cut.Subject$GamePlace clone()> ::: 3;<comp5111.assignment.cut.Subject$GamePlace: comp5111.assignment.cut.Subject$GamePlace clone()> ::: 4;<comp5111.assignment.cut.Subject$GamePlace: comp5111.assignment.cut.Subject$GamePlace clone()> ::: 5;<comp5111.assignment.cut.Subject$GamePlace: comp5111.assignment.cut.Subject$GamePlace clone()> ::: 6;<comp5111.assignment.cut.Subject$GamePlace: comp5111.assignment.cut.Subject$GamePlace clone()> ::: 7;<comp5111.assignment.cut.Subject$GamePlace: comp5111.assignment.cut.Subject$GamePlace clone()> ::: 8;<comp5111.assignment.cut.Subject$GamePlace: comp5111.assignment.cut.Subject$GamePlace clone()> ::: 9;<comp5111.assignment.cut.Subject$GamePlace: int manhattanDistance(comp5111.assignment.cut.Subject$GamePlace)> ::: 10;<comp5111.assignment.cut.Subject$GamePlace: int manhattanDistance(comp5111.assignment.cut.Subject$GamePlace)> ::: 11;<comp5111.assignment.cut.Subject$GamePlace: int manhattanDistance(comp5111.assignment.cut.Subject$GamePlace)> ::: 12;<comp5111.assignment.cut.Subject$GamePlace: int manhattanDistance(comp5111.assignment.cut.Subject$GamePlace)> ::: 13;<comp5111.assignment.cut.Subject$GamePlace: int manhattanDistance(comp5111.assignment.cut.Subject$GamePlace)> ::: 2;<comp5111.assignment.cut.Subject$GamePlace: int manhattanDistance(comp5111.assignment.cut.Subject$GamePlace)> ::: 4;<comp5111.assignment.cut.Subject$GamePlace: int manhattanDistance(comp5111.assignment.cut.Subject$GamePlace)> ::: 5;<comp5111.assignment.cut.Subject$GamePlace: int manhattanDistance(comp5111.assignment.cut.Subject$GamePlace)> ::: 6;<comp5111.assignment.cut.Subject$GamePlace: int manhattanDistance(comp5111.assignment.cut.Subject$GamePlace)> ::: 7;<comp5111.assignment.cut.Subject$GamePlace: int manhattanDistance(comp5111.assignment.cut.Subject$GamePlace)> ::: 8;<comp5111.assignment.cut.Subject$GamePlace: int manhattanDistance(comp5111.assignment.cut.Subject$GamePlace)> ::: 9;<comp5111.assignment.cut.Subject$GamePlace: java.lang.String toString()> ::: 1;<comp5111.assignment.cut.Subject$GamePlace: java.lang.String toString()> ::: 2;<comp5111.assignment.cut.Subject$GamePlace: java.lang.String toString()> ::: 3;<comp5111.assignment.cut.Subject$GamePlace: java.lang.String toString()> ::: 4;<comp5111.assignment.cut.Subject$GamePlace: void <init>(comp5111.assignment.cut.Subject,int,int)> ::: 4;<comp5111.assignment.cut.Subject$GamePlace: void <init>(comp5111.assignment.cut.Subject,int,int)> ::: 5;<comp5111.assignment.cut.Subject$GamePlace: void <init>(comp5111.assignment.cut.Subject,int,int)> ::: 6;<comp5111.assignment.cut.Subject$GamePlace: void <init>(comp5111.assignment.cut.Subject,int,int)> ::: 7;<comp5111.assignment.cut.Subject$GamePlace: void <init>(comp5111.assignment.cut.Subject,int,int)> ::: 8;<comp5111.assignment.cut.Subject: void <init>()> ::: 1;<comp5111.assignment.cut.Subject: void <init>()> ::: 2
comp5111.assignment.cut.Subject_randoop111_RegressionTest0#test437	PASS	<comp5111.assignment.cut.Subject$StringAlgorithms: java.lang.Boolean strToBoolean(java.lang.String)> ::: 1;<comp5111.assignment.cut.Subject$StringAlgorithms: java.lang.Boolean strToBoolean(java.lang.String)> ::: 18;<comp5111.assignment.cut.Subject$StringAlgorithms: java.lang.Boolean strToBoolean(java.lang.String)> ::: 19;<comp5111.assignment.cut.Subject$StringAlgorithms: java.lang.Boolean strToBoolean(java.lang.String)> ::: 3;<comp5111.assignment.cut.Subject$StringAlgorithms: java.lang.Boolean strToBoolean(java.lang.String)> ::: 34;<comp5111.assignment.cut.Subject$StringAlgorithms: java.lang.Boolean strToBoolean(java.lang.String)> ::: 35;<comp5111.assignment.cut.Subject$StringAlgorithms: java.lang.Boolean strToBoolean(java.lang.String)> ::: 4;<comp5111.assignment.cut.Subject$StringAlgorithms: java.lang.Boolean strToBoolean(java.lang.String)> ::: 55;<comp5111.assignment.cut.Subject$StringAlgorithms: java.lang.Boolean strToBoolean(java.lang.String)> ::: 56;<comp5111.assignment.cut.Subject$StringAlgorithms: java.lang.Boolean strToBoolean(java.lang.String)> ::: 71;<comp5111.assignment.cut.Subject$StringAlgorithms: java.lang.Boolean strToBoolean(java.lang.String)> ::: 72;<comp5111.assignment.cut.Subject$StringAlgorithms: java.lang.Boolean strToBoolean(java.lang.String)> ::: 90
comp5111.assignment.cut.Subject_randoop111_RegressionTest0#test438	PASS	<comp5111.assignment.cut.Subject$GamePlayer: int getScore()> ::: 1;<comp5111.assignment.cut.Subject$GamePlayer: int getScore()> ::: 2;<comp5111.assignment.cut.Subject$GamePlayer: void <init>(comp5111.assignment.cut.Subject,java.lang.String)> ::: 3;<comp5111.assignment.cut.Subject$GamePlayer: void <init>(comp5111.assignment.cut.Subject,java.lang.String)> ::: 4;<comp5111.assignment.cut.Subject$GamePlayer: void <init>(comp5111.assignment.cut.Subject,java.lang.String)> ::: 5;<comp5111.assignment.cut.Subject$GamePlayer: void <init>(comp5111.assignment.cut.Subject,java.lang.String)> ::: 6;<comp5111.assignment.cut.Subject$GamePlayer: void resetScore()> ::: 1;<comp5111.assignment.cut.Subject$GamePlayer: void resetScore()> ::: 2;<comp5111.assignment.cut.Subject$GamePlayer: void setScore(int)> ::: 2;<comp5111.assignment.cut.Subject$GamePlayer: void setScore(int)> ::: 3;<comp5111.assignment.cut.Subject: void <init>()> ::: 1;<comp5111.assignment.cut.Subject: void <init>()> ::: 2
comp5111.assignment.cut.Subject_randoop111_RegressionTest0#test439	PASS	<comp5111.assignment.cut.Subject$DateTimeAlgorithms: boolean checkValidDate(int,int,int)> ::: 3;<comp5111.assignment.cut.Subject$DateTimeAlgorithms: boolean checkValidDate(int,int,int)> ::: 5;<comp5111.assignment.cut.Subject$DateTimeAlgorithms: java.util.List listDatesBetween(int,int,int,int,int,int)> ::: 10;<comp5111.assignment.cut.Subject$DateTimeAlgorithms: java.util.List listDatesBetween(int,int,int,int,int,int)> ::: 13;<comp5111.assignment.cut.Subject$DateTimeAlgorithms: java.util.List listDatesBetween(int,int,int,int,int,int)> ::: 6;<comp5111.assignment.cut.Subject$DateTimeAlgorithms: java.util.List listDatesBetween(int,int,int,int,int,int)> ::: 7;<comp5111.assignment.cut.Subject$DateTimeAlgorithms: java.util.List listDatesBetween(int,int,int,int,int,int)> ::: 8;<comp5111.assignment.cut.Subject$DateTimeAlgorithms: java.util.List listDatesBetween(int,int,int,int,int,int)> ::: 9
comp5111.assignment.cut.Subject_randoop111_RegressionTest0#test440	PASS	<comp5111.assignment.cut.Subject$DateTimeAlgorithms: int calcDaysInMonth(int,int)> ::: 12;<comp5111.assignment.cut.Subject$DateTimeAlgorithms: int calcDaysInMonth(int,int)> ::: 13;<comp5111.assignment.cut.Subject$DateTimeAlgorithms: int calcDaysInMonth(int,int)> ::: 14;<comp5111.assignment.cut.Subject$DateTimeAlgorithms: int calcDaysInMonth(int,int)> ::: 15;<comp5111.assignment.cut.Subject$DateTimeAlgorithms: int calcDaysInMonth(int,int)> ::: 16;<comp5111.assignment.cut.Subject$DateTimeAlgorithms: int calcDaysInMonth(int,int)> ::: 2;<comp5111.assignment.cut.Subject$DateTimeAlgorithms: int calcDaysInMonth(int,int)> ::: 3;<comp5111.assignment.cut.Subject$DateTimeAlgorithms: int calcDaysInMonth(int,int)> ::: 5;<comp5111.assignment.cut.Subject$DateTimeAlgorithms: java.lang.String lastDayOfMonth(int,int)> ::: 10;<comp5111.assignment.cut.Subject$DateTimeAlgorithms: java.lang.String lastDayOfMonth(int,int)> ::: 11;<comp5111.assignment.cut.Subject$DateTimeAlgorithms: java.lang.String lastDayOfMonth(int,int)> ::: 12;<comp5111.assignment.cut.Subject$DateTimeAlgorithms: java.lang.String lastDayOfMonth(int,int)> ::: 13;<comp5111.assignment.cut.Subject$DateTimeAlgorithms: java.lang.String lastDayOfMonth(int,int)> ::: 2;<comp5111.assignment.cut.Subject$DateTimeAlgorithms: java.lang.String lastDayOfMonth(int,int)> ::: 3;<comp5111.assignment.cut.Subject$DateTimeAlgorithms: java.lang.String lastDayOfMonth(int,int)> ::: 5;<comp5111.assignment.cut.Subject$DateTimeAlgorithms: java.lang.String lastDayOfMonth(int,int)> ::: 6;<comp5111.assignment.cut.Subject$DateTimeAlgorithms: java.lang.String lastDayOfMonth(int,int)> ::: 7;<comp5111.assignment.cut.Subject$DateTimeAlgorithms: java.lang.String lastDayOfMonth(int,int)> ::: 8;<comp5111.assignment.cut.Subject$DateTimeAlgorithms: java.lang.String lastDayOfMonth(int,int)> ::: 9
comp5111.assignment.cut.Subject_randoop111_RegressionTest0#test441	PASS	<comp5111.assignment.cut.Subject$GamePlayer: void <init>(comp5111.assignment.cut.Subject)> ::: 2;<comp5111.assignment.cut.Subject$GamePlayer: void <init>(comp5111.assignment.cut.Subject)> ::: 3;<comp5111.assignment.cut.Subject$GamePlayer: void <init>(comp5111.assignment.cut.Subject)> ::: 4;<comp5111.assignment.cut.Subject$GamePlayer: void <init>(comp5111.assignment.cut.Subject)> ::: 5;<comp5111.assignment.cut.Subject$GamePlayer: void <init>(comp5111.assignment.cut.Subject,java.lang.String)> ::: 3;<comp5111.assignment.cut.Subject$GamePlayer: void <init>(comp5111.assignment.cut.Subject,java.lang.String)> ::: 4;<comp5111.assignment.cut.Subject$GamePlayer: void <init>(comp5111.assignment.cut.Subject,java.lang.String)> ::: 5;<comp5111.assignment.cut.Subject$GamePlayer: void <init>(comp5111.assignment.cut.Subject,java.lang.String)> ::: 6;<comp5111.assignment.cut.Subject$GamePlayer: void resetScore()> ::: 1;<comp5111.assignment.cut.Subject$GamePlayer: void resetScore()> ::: 2;<comp5111.assignment.cut.Subject: void <init>()> ::: 1;<comp5111.assignment.cut.Subject: void <init>()> ::: 2
comp5111.assignment.cut.Subject_randoop111_RegressionTest0#test442	PASS	<comp5111.assignment.cut.Subject$DateTimeAlgorithms: int getQuarter(int)> ::: 1;<comp5111.assignment.cut.Subject$DateTimeAlgorithms: int getQuarter(int)> ::: 2;<comp5111.assignment.cut.Subject$DateTimeAlgorithms: int getQuarter(int)> ::: 3
comp5111.assignment.cut.Subject_randoop111_RegressionTest0#test443	PASS	<comp5111.assignment.cut.Subject$DateTimeAlgorithms: int calcDaysInMonth(int,int)> ::: 2;<comp5111.assignment.cut.Subject$DateTimeAlgorithms: int calcDaysInMonth(int,int)> ::: 3;<comp5111.assignment.cut.Subject$DateTimeAlgorithms: int calcDaysInMonth(int,int)> ::: 4
comp5111.assignment.cut.Subject_randoop111_RegressionTest0#test444	PASS	<comp5111.assignment.cut.Subject$DateTimeAlgorithms: boolean judgeLeapYear(int)> ::: 1;<comp5111.assignment.cut.Subject$DateTimeAlgorithms: boolean judgeLeapYear(int)> ::: 2;<comp5111.assignment.cut.Subject$DateTimeAlgorithms: boolean judgeLeapYear(int)> ::: 3;<comp5111.assignment.cut.Subject$DateTimeAlgorithms: int daysInYear(int)> ::: 1;<comp5111.assignment.cut.Subject$DateTimeAlgorithms: int daysInYear(int)> ::: 2;<comp5111.assignment.cut.Subject$DateTimeAlgorithms: int daysInYear(int)> ::: 5;<comp5111.assignment.cut.Subject$DateTimeAlgorithms: int daysInYear(int)> ::: 6
comp5111.assignment.cut.Subject_randoop111_RegressionTest0#test445	PASS	<comp5111.assignment.cut.Subject$GamePlace: boolean isAdjacent(comp5111.assignment.cut.Subject$GamePlace)> ::: 2;<comp5111.assignment.cut.Subject$GamePlace: boolean isAdjacent(comp5111.assignment.cut.Subject$GamePlace)> ::: 3;<comp5111.assignment.cut.Subject$GamePlace: comp5111.assignment.cut.Subject$GamePlace clone()> ::: 1;<comp5111.assignment.cut.Subject$GamePlace: comp5111.assignment.cut.Subject$GamePlace clone()> ::: 2;<comp5111.assignment.cut.Subject$GamePlace: comp5111.assignment.cut.Subject$GamePlace clone()> ::: 3;<comp5111.assignment.cut.Subject$GamePlace: comp5111.assignment.cut.Subject$GamePlace clone()> ::: 4;<comp5111.assignment.cut.Subject$GamePlace: comp5111.assignment.cut.Subject$GamePlace clone()> ::: 5;<comp5111.assignment.cut.Subject$GamePlace: comp5111.assignment.cut.Subject$GamePlace clone()> ::: 6;<comp5111.assignment.cut.Subject$GamePlace: comp5111.assignment.cut.Subject$GamePlace clone()> ::: 7;<comp5111.assignment.cut.Subject$GamePlace: comp5111.assignment.cut.Subject$GamePlace clone()> ::: 8;<comp5111.assignment.cut.Subject$GamePlace: comp5111.assignment.cut.Subject$GamePlace clone()> ::: 9;<comp5111.assignment.cut.Subject$GamePlace: void <init>(comp5111.assignment.cut.Subject,int,int)> ::: 4;<comp5111.assignment.cut.Subject$GamePlace: void <init>(comp5111.assignment.cut.Subject,int,int)> ::: 5;<comp5111.assignment.cut.Subject$GamePlace: void <init>(comp5111.assignment.cut.Subject,int,int)> ::: 6;<comp5111.assignment.cut.Subject$GamePlace: void <init>(comp5111.assignment.cut.Subject,int,int)> ::: 7;<comp5111.assignment.cut.Subject$GamePlace: void <init>(comp5111.assignment.cut.Subject,int,int)> ::: 8;<comp5111.assignment.cut.Subject: void <init>()> ::: 1;<comp5111.assignment.cut.Subject: void <init>()> ::: 2
comp5111.assignment.cut.Subject_randoop111_RegressionTest0#test446	PASS	<comp5111.assignment.cut.Subject$GamePlace: boolean isAdjacent(comp5111.assignment.cut.Subject$GamePlace)> ::: 2;<comp5111.assignment.cut.Subject$GamePlace: boolean isAdjacent(comp5111.assignment.cut.Subject$GamePlace)> ::: 3;<comp5111.assignment.cut.Subject$GamePlace: comp5111.assignment.cut.Subject$GamePlace clone()> ::: 1;<comp5111.assignment.cut.Subject$GamePlace: comp5111.assignment.cut.Subject$GamePlace clone()> ::: 2;<comp5111.assignment.cut.Subject$GamePlace: comp5111.assignment.cut.Subject$GamePlace clone()> ::: 3;<comp5111.assignment.cut.Subject$GamePlace: comp5111.assignment.cut.Subject$GamePlace clone()> ::: 4;<comp5111.assignment.cut.Subject$GamePlace: comp5111.assignment.cut.Subject$GamePlace clone()> ::: 5;<comp5111.assignment.cut.Subject$GamePlace: comp5111.assignment.cut.Subject$GamePlace clone()> ::: 6;<comp5111.assignment.cut.Subject$GamePlace: comp5111.assignment.cut.Subject$GamePlace clone()> ::: 7;<comp5111.assignment.cut.Subject$GamePlace: comp5111.assignment.cut.Subject$GamePlace clone()> ::: 8;<comp5111.assignment.cut.Subject$GamePlace: comp5111.assignment.cut.Subject$GamePlace clone()> ::: 9;<comp5111.assignment.cut.Subject$GamePlace: int x()> ::: 1;<comp5111.assignment.cut.Subject$GamePlace: int x()> ::: 2;<comp5111.assignment.cut.Subject$GamePlace: java.lang.String toString()> ::: 1;<comp5111.assignment.cut.Subject$GamePlace: java.lang.String toString()> ::: 2;<comp5111.assignment.cut.Subject$GamePlace: java.lang.String toString()> ::: 3;<comp5111.assignment.cut.Subject$GamePlace: java.lang.String toString()> ::: 4;<comp5111.assignment.cut.Subject$GamePlace: void <init>(comp5111.assignment.cut.Subject,int,int)> ::: 4;<comp5111.assignment.cut.Subject$GamePlace: void <init>(comp5111.assignment.cut.Subject,int,int)> ::: 5;<comp5111.assignment.cut.Subject$GamePlace: void <init>(comp5111.assignment.cut.Subject,int,int)> ::: 6;<comp5111.assignment.cut.Subject$GamePlace: void <init>(comp5111.assignment.cut.Subject,int,int)> ::: 7;<comp5111.assignment.cut.Subject$GamePlace: void <init>(comp5111.assignment.cut.Subject,int,int)> ::: 8;<comp5111.assignment.cut.Subject$GamePlace: void x(int)> ::: 2;<comp5111.assignment.cut.Subject$GamePlace: void x(int)> ::: 3;<comp5111.assignment.cut.Subject: void <init>()> ::: 1;<comp5111.assignment.cut.Subject: void <init>()> ::: 2
comp5111.assignment.cut.Subject_randoop111_RegressionTest0#test447	PASS	<comp5111.assignment.cut.Subject$DateTimeAlgorithms: java.lang.String firstDayOfMonth(int,int)> ::: 2;<comp5111.assignment.cut.Subject$DateTimeAlgorithms: java.lang.String firstDayOfMonth(int,int)> ::: 4
comp5111.assignment.cut.Subject_randoop111_RegressionTest0#test448	PASS	<comp5111.assignment.cut.Subject$StringAlgorithms: java.lang.String padRight(java.lang.String,short,char)> ::: 3;<comp5111.assignment.cut.Subject$StringAlgorithms: java.lang.String padRight(java.lang.String,short,char)> ::: 5;<comp5111.assignment.cut.Subject$StringAlgorithms: java.lang.String padRight(java.lang.String,short,char)> ::: 6;<comp5111.assignment.cut.Subject$StringAlgorithms: java.lang.String padRight(java.lang.String,short,char)> ::: 7;<comp5111.assignment.cut.Subject$StringAlgorithms: java.lang.String padRight(java.lang.String,short,char)> ::: 8
comp5111.assignment.cut.Subject_randoop111_RegressionTest0#test449	FAIL	<comp5111.assignment.cut.Subject$StringAlgorithms: int extractIntInStr(java.lang.String)> ::: 1;<comp5111.assignment.cut.Subject$StringAlgorithms: int extractIntInStr(java.lang.String)> ::: 10;<comp5111.assignment.cut.Subject$StringAlgorithms: int extractIntInStr(java.lang.String)> ::: 11;<comp5111.assignment.cut.Subject$StringAlgorithms: int extractIntInStr(java.lang.String)> ::: 12;<comp5111.assignment.cut.Subject$StringAlgorithms: int extractIntInStr(java.lang.String)> ::: 13;<comp5111.assignment.cut.Subject$StringAlgorithms: int extractIntInStr(java.lang.String)> ::: 14;<comp5111.assignment.cut.Subject$StringAlgorithms: int extractIntInStr(java.lang.String)> ::: 15;<comp5111.assignment.cut.Subject$StringAlgorithms: int extractIntInStr(java.lang.String)> ::: 16;<comp5111.assignment.cut.Subject$StringAlgorithms: int extractIntInStr(java.lang.String)> ::: 17;<comp5111.assignment.cut.Subject$StringAlgorithms: int extractIntInStr(java.lang.String)> ::: 2;<comp5111.assignment.cut.Subject$StringAlgorithms: int extractIntInStr(java.lang.String)> ::: 3;<comp5111.assignment.cut.Subject$StringAlgorithms: int extractIntInStr(java.lang.String)> ::: 5;<comp5111.assignment.cut.Subject$StringAlgorithms: int extractIntInStr(java.lang.String)> ::: 6;<comp5111.assignment.cut.Subject$StringAlgorithms: int extractIntInStr(java.lang.String)> ::: 7;<comp5111.assignment.cut.Subject$StringAlgorithms: int extractIntInStr(java.lang.String)> ::: 8;<comp5111.assignment.cut.Subject$StringAlgorithms: int extractIntInStr(java.lang.String)> ::: 9
comp5111.assignment.cut.Subject_randoop111_RegressionTest0#test450	PASS	<comp5111.assignment.cut.Subject$DateTimeAlgorithms: int calcDaysInMonth(int,int)> ::: 12;<comp5111.assignment.cut.Subject$DateTimeAlgorithms: int calcDaysInMonth(int,int)> ::: 13;<comp5111.assignment.cut.Subject$DateTimeAlgorithms: int calcDaysInMonth(int,int)> ::: 14;<comp5111.assignment.cut.Subject$DateTimeAlgorithms: int calcDaysInMonth(int,int)> ::: 15;<comp5111.assignment.cut.Subject$DateTimeAlgorithms: int calcDaysInMonth(int,int)> ::: 17;<comp5111.assignment.cut.Subject$DateTimeAlgorithms: int calcDaysInMonth(int,int)> ::: 2;<comp5111.assignment.cut.Subject$DateTimeAlgorithms: int calcDaysInMonth(int,int)> ::: 3;<comp5111.assignment.cut.Subject$DateTimeAlgorithms: int calcDaysInMonth(int,int)> ::: 5;<comp5111.assignment.cut.Subject$DateTimeAlgorithms: java.lang.String lastDayOfMonth(int,int)> ::: 10;<comp5111.assignment.cut.Subject$DateTimeAlgorithms: java.lang.String lastDayOfMonth(int,int)> ::: 11;<comp5111.assignment.cut.Subject$DateTimeAlgorithms: java.lang.String lastDayOfMonth(int,int)> ::: 12;<comp5111.assignment.cut.Subject$DateTimeAlgorithms: java.lang.String lastDayOfMonth(int,int)> ::: 13;<comp5111.assignment.cut.Subject$DateTimeAlgorithms: java.lang.String lastDayOfMonth(int,int)> ::: 2;<comp5111.assignment.cut.Subject$DateTimeAlgorithms: java.lang.String lastDayOfMonth(int,int)> ::: 3;<comp5111.assignment.cut.Subject$DateTimeAlgorithms: java.lang.String lastDayOfMonth(int,int)> ::: 5;<comp5111.assignment.cut.Subject$DateTimeAlgorithms: java.lang.String lastDayOfMonth(int,int)> ::: 6;<comp5111.assignment.cut.Subject$DateTimeAlgorithms: java.lang.String lastDayOfMonth(int,int)> ::: 7;<comp5111.assignment.cut.Subject$DateTimeAlgorithms: java.lang.String lastDayOfMonth(int,int)> ::: 8;<comp5111.assignment.cut.Subject$DateTimeAlgorithms: java.lang.String lastDayOfMonth(int,int)> ::: 9
comp5111.assignment.cut.Subject_randoop111_RegressionTest0#test451	PASS	<comp5111.assignment.cut.Subject$StringAlgorithms: java.lang.Boolean strToBoolean(java.lang.String,java.lang.String,java.lang.String,java.lang.String)> ::: 13;<comp5111.assignment.cut.Subject$StringAlgorithms: java.lang.Boolean strToBoolean(java.lang.String,java.lang.String,java.lang.String,java.lang.String)> ::: 14;<comp5111.assignment.cut.Subject$StringAlgorithms: java.lang.Boolean strToBoolean(java.lang.String,java.lang.String,java.lang.String,java.lang.String)> ::: 17;<comp5111.assignment.cut.Subject$StringAlgorithms: java.lang.Boolean strToBoolean(java.lang.String,java.lang.String,java.lang.String,java.lang.String)> ::: 18;<comp5111.assignment.cut.Subject$StringAlgorithms: java.lang.Boolean strToBoolean(java.lang.String,java.lang.String,java.lang.String,java.lang.String)> ::: 21;<comp5111.assignment.cut.Subject$StringAlgorithms: java.lang.Boolean strToBoolean(java.lang.String,java.lang.String,java.lang.String,java.lang.String)> ::: 22;<comp5111.assignment.cut.Subject$StringAlgorithms: java.lang.Boolean strToBoolean(java.lang.String,java.lang.String,java.lang.String,java.lang.String)> ::: 24;<comp5111.assignment.cut.Subject$StringAlgorithms: java.lang.Boolean strToBoolean(java.lang.String,java.lang.String,java.lang.String,java.lang.String)> ::: 25;<comp5111.assignment.cut.Subject$StringAlgorithms: java.lang.Boolean strToBoolean(java.lang.String,java.lang.String,java.lang.String,java.lang.String)> ::: 26;<comp5111.assignment.cut.Subject$StringAlgorithms: java.lang.Boolean strToBoolean(java.lang.String,java.lang.String,java.lang.String,java.lang.String)> ::: 4
comp5111.assignment.cut.Subject_randoop111_RegressionTest0#test452	PASS	<comp5111.assignment.cut.Subject$StringAlgorithms: java.lang.String padLeft(java.lang.String,short,char)> ::: 10;<comp5111.assignment.cut.Subject$StringAlgorithms: java.lang.String padLeft(java.lang.String,short,char)> ::: 11;<comp5111.assignment.cut.Subject$StringAlgorithms: java.lang.String padLeft(java.lang.String,short,char)> ::: 12;<comp5111.assignment.cut.Subject$StringAlgorithms: java.lang.String padLeft(java.lang.String,short,char)> ::: 13;<comp5111.assignment.cut.Subject$StringAlgorithms: java.lang.String padLeft(java.lang.String,short,char)> ::: 14;<comp5111.assignment.cut.Subject$StringAlgorithms: java.lang.String padLeft(java.lang.String,short,char)> ::: 15;<comp5111.assignment.cut.Subject$StringAlgorithms: java.lang.String padLeft(java.lang.String,short,char)> ::: 16;<comp5111.assignment.cut.Subject$StringAlgorithms: java.lang.String padLeft(java.lang.String,short,char)> ::: 17;<comp5111.assignment.cut.Subject$StringAlgorithms: java.lang.String padLeft(java.lang.String,short,char)> ::: 18;<comp5111.assignment.cut.Subject$StringAlgorithms: java.lang.String padLeft(java.lang.String,short,char)> ::: 19;<comp5111.assignment.cut.Subject$StringAlgorithms: java.lang.String padLeft(java.lang.String,short,char)> ::: 3;<comp5111.assignment.cut.Subject$StringAlgorithms: java.lang.String padLeft(java.lang.String,short,char)> ::: 5;<comp5111.assignment.cut.Subject$StringAlgorithms: java.lang.String padLeft(java.lang.String,short,char)> ::: 6;<comp5111.assignment.cut.Subject$StringAlgorithms: java.lang.String padLeft(java.lang.String,short,char)> ::: 7;<comp5111.assignment.cut.Subject$StringAlgorithms: java.lang.String padLeft(java.lang.String,short,char)> ::: 9
comp5111.assignment.cut.Subject_randoop111_RegressionTest0#test453	PASS	<comp5111.assignment.cut.Subject$GamePlayer: int getScore()> ::: 1;<comp5111.assignment.cut.Subject$GamePlayer: int getScore()> ::: 2;<comp5111.assignment.cut.Subject$GamePlayer: java.lang.String toString()> ::: 1;<comp5111.assignment.cut.Subject$GamePlayer: java.lang.String toString()> ::: 2;<comp5111.assignment.cut.Subject$GamePlayer: java.lang.String toString()> ::: 3;<comp5111.assignment.cut.Subject$GamePlayer: java.lang.String toString()> ::: 4;<comp5111.assignment.cut.Subject$GamePlayer: void <init>(comp5111.assignment.cut.Subject,java.lang.String)> ::: 3;<comp5111.assignment.cut.Subject$GamePlayer: void <init>(comp5111.assignment.cut.Subject,java.lang.String)> ::: 4;<comp5111.assignment.cut.Subject$GamePlayer: void <init>(comp5111.assignment.cut.Subject,java.lang.String)> ::: 5;<comp5111.assignment.cut.Subject$GamePlayer: void <init>(comp5111.assignment.cut.Subject,java.lang.String)> ::: 6;<comp5111.assignment.cut.Subject$GamePlayer: void setScore(int)> ::: 2;<comp5111.assignment.cut.Subject$GamePlayer: void setScore(int)> ::: 3;<comp5111.assignment.cut.Subject: void <init>()> ::: 1;<comp5111.assignment.cut.Subject: void <init>()> ::: 2
comp5111.assignment.cut.Subject_randoop111_RegressionTest0#test454	PASS	<comp5111.assignment.cut.Subject$StringAlgorithms: boolean startsWithIgnoreCase(java.lang.String,java.lang.String)> ::: 2;<comp5111.assignment.cut.Subject$StringAlgorithms: boolean startsWithIgnoreCase(java.lang.String,java.lang.String)> ::: 3;<comp5111.assignment.cut.Subject$StringAlgorithms: boolean startsWithIgnoreCase(java.lang.String,java.lang.String)> ::: 5;<comp5111.assignment.cut.Subject$StringAlgorithms: boolean startsWithIgnoreCase(java.lang.String,java.lang.String)> ::: 6;<comp5111.assignment.cut.Subject$StringAlgorithms: boolean startsWithIgnoreCase(java.lang.String,java.lang.String)> ::: 7;<comp5111.assignment.cut.Subject$StringAlgorithms: boolean startsWithIgnoreCase(java.lang.String,java.lang.String)> ::: 8
comp5111.assignment.cut.Subject_randoop111_RegressionTest0#test455	PASS	<comp5111.assignment.cut.Subject$DateTimeAlgorithms: boolean checkValidDate(int,int,int)> ::: 10;<comp5111.assignment.cut.Subject$DateTimeAlgorithms: boolean checkValidDate(int,int,int)> ::: 3;<comp5111.assignment.cut.Subject$DateTimeAlgorithms: boolean checkValidDate(int,int,int)> ::: 4;<comp5111.assignment.cut.Subject$DateTimeAlgorithms: boolean checkValidDate(int,int,int)> ::: 6;<comp5111.assignment.cut.Subject$DateTimeAlgorithms: boolean checkValidDate(int,int,int)> ::: 7;<comp5111.assignment.cut.Subject$DateTimeAlgorithms: int calcDaysInMonth(int,int)> ::: 12;<comp5111.assignment.cut.Subject$DateTimeAlgorithms: int calcDaysInMonth(int,int)> ::: 13;<comp5111.assignment.cut.Subject$DateTimeAlgorithms: int calcDaysInMonth(int,int)> ::: 14;<comp5111.assignment.cut.Subject$DateTimeAlgorithms: int calcDaysInMonth(int,int)> ::: 15;<comp5111.assignment.cut.Subject$DateTimeAlgorithms: int calcDaysInMonth(int,int)> ::: 17;<comp5111.assignment.cut.Subject$DateTimeAlgorithms: int calcDaysInMonth(int,int)> ::: 2;<comp5111.assignment.cut.Subject$DateTimeAlgorithms: int calcDaysInMonth(int,int)> ::: 3;<comp5111.assignment.cut.Subject$DateTimeAlgorithms: int calcDaysInMonth(int,int)> ::: 5;<comp5111.assignment.cut.Subject$DateTimeAlgorithms: java.util.List listDatesBetween(int,int,int,int,int,int)> ::: 10;<comp5111.assignment.cut.Subject$DateTimeAlgorithms: java.util.List listDatesBetween(int,int,int,int,int,int)> ::: 13;<comp5111.assignment.cut.Subject$DateTimeAlgorithms: java.util.List listDatesBetween(int,int,int,int,int,int)> ::: 6;<comp5111.assignment.cut.Subject$DateTimeAlgorithms: java.util.List listDatesBetween(int,int,int,int,int,int)> ::: 7;<comp5111.assignment.cut.Subject$DateTimeAlgorithms: java.util.List listDatesBetween(int,int,int,int,int,int)> ::: 8;<comp5111.assignment.cut.Subject$DateTimeAlgorithms: java.util.List listDatesBetween(int,int,int,int,int,int)> ::: 9
comp5111.assignment.cut.Subject_randoop111_RegressionTest0#test456	FAIL	<comp5111.assignment.cut.Subject$StringAlgorithms: int extractIntInStr(java.lang.String)> ::: 1;<comp5111.assignment.cut.Subject$StringAlgorithms: int extractIntInStr(java.lang.String)> ::: 10;<comp5111.assignment.cut.Subject$StringAlgorithms: int extractIntInStr(java.lang.String)> ::: 11;<comp5111.assignment.cut.Subject$StringAlgorithms: int extractIntInStr(java.lang.String)> ::: 12;<comp5111.assignment.cut.Subject$StringAlgorithms: int extractIntInStr(java.lang.String)> ::: 13;<comp5111.assignment.cut.Subject$StringAlgorithms: int extractIntInStr(java.lang.String)> ::: 14;<comp5111.assignment.cut.Subject$StringAlgorithms: int extractIntInStr(java.lang.String)> ::: 15;<comp5111.assignment.cut.Subject$StringAlgorithms: int extractIntInStr(java.lang.String)> ::: 16;<comp5111.assignment.cut.Subject$StringAlgorithms: int extractIntInStr(java.lang.String)> ::: 17;<comp5111.assignment.cut.Subject$StringAlgorithms: int extractIntInStr(java.lang.String)> ::: 2;<comp5111.assignment.cut.Subject$StringAlgorithms: int extractIntInStr(java.lang.String)> ::: 3;<comp5111.assignment.cut.Subject$StringAlgorithms: int extractIntInStr(java.lang.String)> ::: 5;<comp5111.assignment.cut.Subject$StringAlgorithms: int extractIntInStr(java.lang.String)> ::: 6;<comp5111.assignment.cut.Subject$StringAlgorithms: int extractIntInStr(java.lang.String)> ::: 7;<comp5111.assignment.cut.Subject$StringAlgorithms: int extractIntInStr(java.lang.String)> ::: 8;<comp5111.assignment.cut.Subject$StringAlgorithms: int extractIntInStr(java.lang.String)> ::: 9;<comp5111.assignment.cut.Subject$StringAlgorithms: int[] getVersionNo(java.lang.String)> ::: 1;<comp5111.assignment.cut.Subject$StringAlgorithms: int[] getVersionNo(java.lang.String)> ::: 10;<comp5111.assignment.cut.Subject$StringAlgorithms: int[] getVersionNo(java.lang.String)> ::: 11;<comp5111.assignment.cut.Subject$StringAlgorithms: int[] getVersionNo(java.lang.String)> ::: 12;<comp5111.assignment.cut.Subject$StringAlgorithms: int[] getVersionNo(java.lang.String)> ::: 14;<comp5111.assignment.cut.Subject$StringAlgorithms: int[] getVersionNo(java.lang.String)> ::: 15;<comp5111.assignment.cut.Subject$StringAlgorithms: int[] getVersionNo(java.lang.String)> ::: 16;<comp5111.assignment.cut.Subject$StringAlgorithms: int[] getVersionNo(java.lang.String)> ::: 17;<comp5111.assignment.cut.Subject$StringAlgorithms: int[] getVersionNo(java.lang.String)> ::: 2;<comp5111.assignment.cut.Subject$StringAlgorithms: int[] getVersionNo(java.lang.String)> ::: 22;<comp5111.assignment.cut.Subject$StringAlgorithms: int[] getVersionNo(java.lang.String)> ::: 23;<comp5111.assignment.cut.Subject$StringAlgorithms: int[] getVersionNo(java.lang.String)> ::: 24;<comp5111.assignment.cut.Subject$StringAlgorithms: int[] getVersionNo(java.lang.String)> ::: 25;<comp5111.assignment.cut.Subject$StringAlgorithms: int[] getVersionNo(java.lang.String)> ::: 26;<comp5111.assignment.cut.Subject$StringAlgorithms: int[] getVersionNo(java.lang.String)> ::: 27;<comp5111.assignment.cut.Subject$StringAlgorithms: int[] getVersionNo(java.lang.String)> ::: 3;<comp5111.assignment.cut.Subject$StringAlgorithms: int[] getVersionNo(java.lang.String)> ::: 5;<comp5111.assignment.cut.Subject$StringAlgorithms: int[] getVersionNo(java.lang.String)> ::: 6;<comp5111.assignment.cut.Subject$StringAlgorithms: int[] getVersionNo(java.lang.String)> ::: 7;<comp5111.assignment.cut.Subject$StringAlgorithms: int[] getVersionNo(java.lang.String)> ::: 8;<comp5111.assignment.cut.Subject$StringAlgorithms: int[] getVersionNo(java.lang.String)> ::: 9
comp5111.assignment.cut.Subject_randoop111_RegressionTest0#test457	PASS	<comp5111.assignment.cut.Subject$DateTimeAlgorithms: java.lang.String dayStr(int)> ::: 1;<comp5111.assignment.cut.Subject$DateTimeAlgorithms: java.lang.String dayStr(int)> ::: 10;<comp5111.assignment.cut.Subject$DateTimeAlgorithms: java.lang.String dayStr(int)> ::: 11;<comp5111.assignment.cut.Subject$DateTimeAlgorithms: java.lang.String dayStr(int)> ::: 14;<comp5111.assignment.cut.Subject$DateTimeAlgorithms: java.lang.String dayStr(int)> ::: 15;<comp5111.assignment.cut.Subject$DateTimeAlgorithms: java.lang.String dayStr(int)> ::: 18;<comp5111.assignment.cut.Subject$DateTimeAlgorithms: java.lang.String dayStr(int)> ::: 19;<comp5111.assignment.cut.Subject$DateTimeAlgorithms: java.lang.String dayStr(int)> ::: 2;<comp5111.assignment.cut.Subject$DateTimeAlgorithms: java.lang.String dayStr(int)> ::: 20;<comp5111.assignment.cut.Subject$DateTimeAlgorithms: java.lang.String dayStr(int)> ::: 22;<comp5111.assignment.cut.Subject$DateTimeAlgorithms: java.lang.String dayStr(int)> ::: 3;<comp5111.assignment.cut.Subject$DateTimeAlgorithms: java.lang.String dayStr(int)> ::: 6;<comp5111.assignment.cut.Subject$DateTimeAlgorithms: java.lang.String dayStr(int)> ::: 7
comp5111.assignment.cut.Subject_randoop111_RegressionTest0#test458	PASS	<comp5111.assignment.cut.Subject$StringAlgorithms: java.lang.String padRight(java.lang.String,short,char)> ::: 3;<comp5111.assignment.cut.Subject$StringAlgorithms: java.lang.String padRight(java.lang.String,short,char)> ::: 5;<comp5111.assignment.cut.Subject$StringAlgorithms: java.lang.String padRight(java.lang.String,short,char)> ::: 6;<comp5111.assignment.cut.Subject$StringAlgorithms: java.lang.String padRight(java.lang.String,short,char)> ::: 7;<comp5111.assignment.cut.Subject$StringAlgorithms: java.lang.String padRight(java.lang.String,short,char)> ::: 8
comp5111.assignment.cut.Subject_randoop111_RegressionTest0#test459	PASS	<comp5111.assignment.cut.Subject$DateTimeAlgorithms: int calcDaysInMonth(int,int)> ::: 2;<comp5111.assignment.cut.Subject$DateTimeAlgorithms: int calcDaysInMonth(int,int)> ::: 3;<comp5111.assignment.cut.Subject$DateTimeAlgorithms: int calcDaysInMonth(int,int)> ::: 4
comp5111.assignment.cut.Subject_randoop111_RegressionTest0#test460	PASS	<comp5111.assignment.cut.Subject$DateTimeAlgorithms: boolean checkValidDate(int,int,int)> ::: 3;<comp5111.assignment.cut.Subject$DateTimeAlgorithms: boolean checkValidDate(int,int,int)> ::: 4;<comp5111.assignment.cut.Subject$DateTimeAlgorithms: boolean checkValidDate(int,int,int)> ::: 5;<comp5111.assignment.cut.Subject$DateTimeAlgorithms: int daysBetweenDates(int,int,int,int,int,int)> ::: 12;<comp5111.assignment.cut.Subject$DateTimeAlgorithms: int daysBetweenDates(int,int,int,int,int,int)> ::: 13;<comp5111.assignment.cut.Subject$DateTimeAlgorithms: int daysBetweenDates(int,int,int,int,int,int)> ::: 14;<comp5111.assignment.cut.Subject$DateTimeAlgorithms: int daysBetweenDates(int,int,int,int,int,int)> ::: 6;<comp5111.assignment.cut.Subject$DateTimeAlgorithms: int daysBetweenDates(int,int,int,int,int,int)> ::: 7;<comp5111.assignment.cut.Subject$DateTimeAlgorithms: int daysBetweenDates(int,int,int,int,int,int)> ::: 8;<comp5111.assignment.cut.Subject$DateTimeAlgorithms: int daysBetweenDates(int,int,int,int,int,int)> ::: 9
comp5111.assignment.cut.Subject_randoop111_RegressionTest0#test461	PASS	<comp5111.assignment.cut.Subject$StringAlgorithms: java.lang.String[] trimArrayElements(java.lang.String[])> ::: 1;<comp5111.assignment.cut.Subject$StringAlgorithms: java.lang.String[] trimArrayElements(java.lang.String[])> ::: 10;<comp5111.assignment.cut.Subject$StringAlgorithms: java.lang.String[] trimArrayElements(java.lang.String[])> ::: 11;<comp5111.assignment.cut.Subject$StringAlgorithms: java.lang.String[] trimArrayElements(java.lang.String[])> ::: 12;<comp5111.assignment.cut.Subject$StringAlgorithms: java.lang.String[] trimArrayElements(java.lang.String[])> ::: 13;<comp5111.assignment.cut.Subject$StringAlgorithms: java.lang.String[] trimArrayElements(java.lang.String[])> ::: 14;<comp5111.assignment.cut.Subject$StringAlgorithms: java.lang.String[] trimArrayElements(java.lang.String[])> ::: 16;<comp5111.assignment.cut.Subject$StringAlgorithms: java.lang.String[] trimArrayElements(java.lang.String[])> ::: 17;<comp5111.assignment.cut.Subject$StringAlgorithms: java.lang.String[] trimArrayElements(java.lang.String[])> ::: 18;<comp5111.assignment.cut.Subject$StringAlgorithms: java.lang.String[] trimArrayElements(java.lang.String[])> ::: 19;<comp5111.assignment.cut.Subject$StringAlgorithms: java.lang.String[] trimArrayElements(java.lang.String[])> ::: 2;<comp5111.assignment.cut.Subject$StringAlgorithms: java.lang.String[] trimArrayElements(java.lang.String[])> ::: 20;<comp5111.assignment.cut.Subject$StringAlgorithms: java.lang.String[] trimArrayElements(java.lang.String[])> ::: 3;<comp5111.assignment.cut.Subject$StringAlgorithms: java.lang.String[] trimArrayElements(java.lang.String[])> ::: 6;<comp5111.assignment.cut.Subject$StringAlgorithms: java.lang.String[] trimArrayElements(java.lang.String[])> ::: 7;<comp5111.assignment.cut.Subject$StringAlgorithms: java.lang.String[] trimArrayElements(java.lang.String[])> ::: 8;<comp5111.assignment.cut.Subject$StringAlgorithms: java.lang.String[] trimArrayElements(java.lang.String[])> ::: 9
comp5111.assignment.cut.Subject_randoop111_RegressionTest0#test462	PASS	<comp5111.assignment.cut.Subject$StringAlgorithms: int extractIntInStr(java.lang.String)> ::: 1;<comp5111.assignment.cut.Subject$StringAlgorithms: int extractIntInStr(java.lang.String)> ::: 10;<comp5111.assignment.cut.Subject$StringAlgorithms: int extractIntInStr(java.lang.String)> ::: 11;<comp5111.assignment.cut.Subject$StringAlgorithms: int extractIntInStr(java.lang.String)> ::: 16;<comp5111.assignment.cut.Subject$StringAlgorithms: int extractIntInStr(java.lang.String)> ::: 17;<comp5111.assignment.cut.Subject$StringAlgorithms: int extractIntInStr(java.lang.String)> ::: 2;<comp5111.assignment.cut.Subject$StringAlgorithms: int extractIntInStr(java.lang.String)> ::: 3;<comp5111.assignment.cut.Subject$StringAlgorithms: int extractIntInStr(java.lang.String)> ::: 5;<comp5111.assignment.cut.Subject$StringAlgorithms: int extractIntInStr(java.lang.String)> ::: 6;<comp5111.assignment.cut.Subject$StringAlgorithms: int extractIntInStr(java.lang.String)> ::: 7;<comp5111.assignment.cut.Subject$StringAlgorithms: int extractIntInStr(java.lang.String)> ::: 8;<comp5111.assignment.cut.Subject$StringAlgorithms: int extractIntInStr(java.lang.String)> ::: 9
comp5111.assignment.cut.Subject_randoop111_RegressionTest0#test463	PASS	<comp5111.assignment.cut.Subject$DateTimeAlgorithms: int calcDaysInMonth(int,int)> ::: 2;<comp5111.assignment.cut.Subject$DateTimeAlgorithms: int calcDaysInMonth(int,int)> ::: 3;<comp5111.assignment.cut.Subject$DateTimeAlgorithms: int calcDaysInMonth(int,int)> ::: 4;<comp5111.assignment.cut.Subject$DateTimeAlgorithms: java.lang.String lastDayOfMonth(int,int)> ::: 2;<comp5111.assignment.cut.Subject$DateTimeAlgorithms: java.lang.String lastDayOfMonth(int,int)> ::: 3;<comp5111.assignment.cut.Subject$DateTimeAlgorithms: java.lang.String lastDayOfMonth(int,int)> ::: 4
comp5111.assignment.cut.Subject_randoop111_RegressionTest0#test464	PASS	<comp5111.assignment.cut.Subject$StringAlgorithms: java.lang.String padLeft(java.lang.String,short,char)> ::: 10;<comp5111.assignment.cut.Subject$StringAlgorithms: java.lang.String padLeft(java.lang.String,short,char)> ::: 11;<comp5111.assignment.cut.Subject$StringAlgorithms: java.lang.String padLeft(java.lang.String,short,char)> ::: 12;<comp5111.assignment.cut.Subject$StringAlgorithms: java.lang.String padLeft(java.lang.String,short,char)> ::: 13;<comp5111.assignment.cut.Subject$StringAlgorithms: java.lang.String padLeft(java.lang.String,short,char)> ::: 14;<comp5111.assignment.cut.Subject$StringAlgorithms: java.lang.String padLeft(java.lang.String,short,char)> ::: 15;<comp5111.assignment.cut.Subject$StringAlgorithms: java.lang.String padLeft(java.lang.String,short,char)> ::: 16;<comp5111.assignment.cut.Subject$StringAlgorithms: java.lang.String padLeft(java.lang.String,short,char)> ::: 17;<comp5111.assignment.cut.Subject$StringAlgorithms: java.lang.String padLeft(java.lang.String,short,char)> ::: 18;<comp5111.assignment.cut.Subject$StringAlgorithms: java.lang.String padLeft(java.lang.String,short,char)> ::: 19;<comp5111.assignment.cut.Subject$StringAlgorithms: java.lang.String padLeft(java.lang.String,short,char)> ::: 3;<comp5111.assignment.cut.Subject$StringAlgorithms: java.lang.String padLeft(java.lang.String,short,char)> ::: 5;<comp5111.assignment.cut.Subject$StringAlgorithms: java.lang.String padLeft(java.lang.String,short,char)> ::: 6;<comp5111.assignment.cut.Subject$StringAlgorithms: java.lang.String padLeft(java.lang.String,short,char)> ::: 7;<comp5111.assignment.cut.Subject$StringAlgorithms: java.lang.String padLeft(java.lang.String,short,char)> ::: 9
comp5111.assignment.cut.Subject_randoop111_RegressionTest0#test465	PASS	<comp5111.assignment.cut.Subject$DateTimeAlgorithms: int monthsBetween(int,int,int,int)> ::: 4;<comp5111.assignment.cut.Subject$DateTimeAlgorithms: int monthsBetween(int,int,int,int)> ::: 5;<comp5111.assignment.cut.Subject$DateTimeAlgorithms: int monthsBetween(int,int,int,int)> ::: 8
comp5111.assignment.cut.Subject_randoop111_RegressionTest0#test466	PASS	<comp5111.assignment.cut.Subject$DateTimeAlgorithms: boolean checkValidDate(int,int,int)> ::: 3;<comp5111.assignment.cut.Subject$DateTimeAlgorithms: boolean checkValidDate(int,int,int)> ::: 4;<comp5111.assignment.cut.Subject$DateTimeAlgorithms: boolean checkValidDate(int,int,int)> ::: 6;<comp5111.assignment.cut.Subject$DateTimeAlgorithms: boolean checkValidDate(int,int,int)> ::: 7;<comp5111.assignment.cut.Subject$DateTimeAlgorithms: boolean checkValidDate(int,int,int)> ::: 8;<comp5111.assignment.cut.Subject$DateTimeAlgorithms: boolean checkValidDate(int,int,int)> ::: 9;<comp5111.assignment.cut.Subject$DateTimeAlgorithms: int calcDaysInMonth(int,int)> ::: 12;<comp5111.assignment.cut.Subject$DateTimeAlgorithms: int calcDaysInMonth(int,int)> ::: 13;<comp5111.assignment.cut.Subject$DateTimeAlgorithms: int calcDaysInMonth(int,int)> ::: 14;<comp5111.assignment.cut.Subject$DateTimeAlgorithms: int calcDaysInMonth(int,int)> ::: 15;<comp5111.assignment.cut.Subject$DateTimeAlgorithms: int calcDaysInMonth(int,int)> ::: 17;<comp5111.assignment.cut.Subject$DateTimeAlgorithms: int calcDaysInMonth(int,int)> ::: 2;<comp5111.assignment.cut.Subject$DateTimeAlgorithms: int calcDaysInMonth(int,int)> ::: 3;<comp5111.assignment.cut.Subject$DateTimeAlgorithms: int calcDaysInMonth(int,int)> ::: 5;<comp5111.assignment.cut.Subject$DateTimeAlgorithms: java.lang.String dayStr(int)> ::: 1;<comp5111.assignment.cut.Subject$DateTimeAlgorithms: java.lang.String dayStr(int)> ::: 10;<comp5111.assignment.cut.Subject$DateTimeAlgorithms: java.lang.String dayStr(int)> ::: 11;<comp5111.assignment.cut.Subject$DateTimeAlgorithms: java.lang.String dayStr(int)> ::: 14;<comp5111.assignment.cut.Subject$DateTimeAlgorithms: java.lang.String dayStr(int)> ::: 15;<comp5111.assignment.cut.Subject$DateTimeAlgorithms: java.lang.String dayStr(int)> ::: 18;<comp5111.assignment.cut.Subject$DateTimeAlgorithms: java.lang.String dayStr(int)> ::: 19;<comp5111.assignment.cut.Subject$DateTimeAlgorithms: java.lang.String dayStr(int)> ::: 2;<comp5111.assignment.cut.Subject$DateTimeAlgorithms: java.lang.String dayStr(int)> ::: 20;<comp5111.assignment.cut.Subject$DateTimeAlgorithms: java.lang.String dayStr(int)> ::: 22;<comp5111.assignment.cut.Subject$DateTimeAlgorithms: java.lang.String dayStr(int)> ::: 6;<comp5111.assignment.cut.Subject$DateTimeAlgorithms: java.lang.String dayStr(int)> ::: 7;<comp5111.assignment.cut.Subject$DateTimeAlgorithms: java.lang.String formatFullDate(int,int,int)> ::: 3;<comp5111.assignment.cut.Subject$DateTimeAlgorithms: java.lang.String formatFullDate(int,int,int)> ::: 4;<comp5111.assignment.cut.Subject$DateTimeAlgorithms: java.lang.String formatFullDate(int,int,int)> ::: 6;<comp5111.assignment.cut.Subject$DateTimeAlgorithms: java.lang.String formatFullDate(int,int,int)> ::: 7;<comp5111.assignment.cut.Subject$DateTimeAlgorithms: java.lang.String formatFullDate(int,int,int)> ::: 8;<comp5111.assignment.cut.Subject$DateTimeAlgorithms: java.lang.String formatFullDate(int,int,int)> ::: 9;<comp5111.assignment.cut.Subject$DateTimeAlgorithms: java.lang.String month2MonAbbr(int)> ::: 1;<comp5111.assignment.cut.Subject$DateTimeAlgorithms: java.lang.String month2MonAbbr(int)> ::: 11
comp5111.assignment.cut.Subject_randoop111_RegressionTest0#test467	PASS	<comp5111.assignment.cut.Subject$GamePlace: void <init>(comp5111.assignment.cut.Subject,int,int)> ::: 4;<comp5111.assignment.cut.Subject$GamePlace: void <init>(comp5111.assignment.cut.Subject,int,int)> ::: 5;<comp5111.assignment.cut.Subject$GamePlace: void <init>(comp5111.assignment.cut.Subject,int,int)> ::: 6;<comp5111.assignment.cut.Subject$GamePlace: void <init>(comp5111.assignment.cut.Subject,int,int)> ::: 7;<comp5111.assignment.cut.Subject$GamePlace: void <init>(comp5111.assignment.cut.Subject,int,int)> ::: 8;<comp5111.assignment.cut.Subject$GamePlayer: void <init>(comp5111.assignment.cut.Subject)> ::: 2;<comp5111.assignment.cut.Subject$GamePlayer: void <init>(comp5111.assignment.cut.Subject)> ::: 3;<comp5111.assignment.cut.Subject$GamePlayer: void <init>(comp5111.assignment.cut.Subject)> ::: 4;<comp5111.assignment.cut.Subject$GamePlayer: void <init>(comp5111.assignment.cut.Subject)> ::: 5;<comp5111.assignment.cut.Subject$GamePlayer: void <init>(comp5111.assignment.cut.Subject,java.lang.String)> ::: 3;<comp5111.assignment.cut.Subject$GamePlayer: void <init>(comp5111.assignment.cut.Subject,java.lang.String)> ::: 4;<comp5111.assignment.cut.Subject$GamePlayer: void <init>(comp5111.assignment.cut.Subject,java.lang.String)> ::: 5;<comp5111.assignment.cut.Subject$GamePlayer: void <init>(comp5111.assignment.cut.Subject,java.lang.String)> ::: 6;<comp5111.assignment.cut.Subject$GamePlayer: void addScore(int)> ::: 2;<comp5111.assignment.cut.Subject$GamePlayer: void addScore(int)> ::: 3;<comp5111.assignment.cut.Subject$GamePlayer: void addScore(int)> ::: 4;<comp5111.assignment.cut.Subject$GamePlayer: void addScore(int)> ::: 5;<comp5111.assignment.cut.Subject: void <init>()> ::: 1;<comp5111.assignment.cut.Subject: void <init>()> ::: 2
comp5111.assignment.cut.Subject_randoop111_RegressionTest0#test468	PASS	<comp5111.assignment.cut.Subject$GamePlace: boolean isAdjacent(comp5111.assignment.cut.Subject$GamePlace)> ::: 10;<comp5111.assignment.cut.Subject$GamePlace: boolean isAdjacent(comp5111.assignment.cut.Subject$GamePlace)> ::: 11;<comp5111.assignment.cut.Subject$GamePlace: boolean isAdjacent(comp5111.assignment.cut.Subject$GamePlace)> ::: 12;<comp5111.assignment.cut.Subject$GamePlace: boolean isAdjacent(comp5111.assignment.cut.Subject$GamePlace)> ::: 13;<comp5111.assignment.cut.Subject$GamePlace: boolean isAdjacent(comp5111.assignment.cut.Subject$GamePlace)> ::: 15;<comp5111.assignment.cut.Subject$GamePlace: boolean isAdjacent(comp5111.assignment.cut.Subject$GamePlace)> ::: 2;<comp5111.assignment.cut.Subject$GamePlace: boolean isAdjacent(comp5111.assignment.cut.Subject$GamePlace)> ::: 3;<comp5111.assignment.cut.Subject$GamePlace: boolean isAdjacent(comp5111.assignment.cut.Subject$GamePlace)> ::: 4;<comp5111.assignment.cut.Subject$GamePlace: boolean isAdjacent(comp5111.assignment.cut.Subject$GamePlace)> ::: 5;<comp5111.assignment.cut.Subject$GamePlace: boolean isAdjacent(comp5111.assignment.cut.Subject$GamePlace)> ::: 6;<comp5111.assignment.cut.Subject$GamePlace: boolean isAdjacent(comp5111.assignment.cut.Subject$GamePlace)> ::: 7;<comp5111.assignment.cut.Subject$GamePlace: boolean isAdjacent(comp5111.assignment.cut.Subject$GamePlace)> ::: 8;<comp5111.assignment.cut.Subject$GamePlace: boolean isAdjacent(comp5111.assignment.cut.Subject$GamePlace)> ::: 9;<comp5111.assignment.cut.Subject$GamePlace: comp5111.assignment.cut.Subject$GamePlace clone()> ::: 1;<comp5111.assignment.cut.Subject$GamePlace: comp5111.assignment.cut.Subject$GamePlace clone()> ::: 2;<comp5111.assignment.cut.Subject$GamePlace: comp5111.assignment.cut.Subject$GamePlace clone()> ::: 3;<comp5111.assignment.cut.Subject$GamePlace: comp5111.assignment.cut.Subject$GamePlace clone()> ::: 4;<comp5111.assignment.cut.Subject$GamePlace: comp5111.assignment.cut.Subject$GamePlace clone()> ::: 5;<comp5111.assignment.cut.Subject$GamePlace: comp5111.assignment.cut.Subject$GamePlace clone()> ::: 6;<comp5111.assignment.cut.Subject$GamePlace: comp5111.assignment.cut.Subject$GamePlace clone()> ::: 7;<comp5111.assignment.cut.Subject$GamePlace: comp5111.assignment.cut.Subject$GamePlace clone()> ::: 8;<comp5111.assignment.cut.Subject$GamePlace: comp5111.assignment.cut.Subject$GamePlace clone()> ::: 9;<comp5111.assignment.cut.Subject$GamePlace: int y()> ::: 1;<comp5111.assignment.cut.Subject$GamePlace: int y()> ::: 2;<comp5111.assignment.cut.Subject$GamePlace: void <init>(comp5111.assignment.cut.Subject,int,int)> ::: 4;<comp5111.assignment.cut.Subject$GamePlace: void <init>(comp5111.assignment.cut.Subject,int,int)> ::: 5;<comp5111.assignment.cut.Subject$GamePlace: void <init>(comp5111.assignment.cut.Subject,int,int)> ::: 6;<comp5111.assignment.cut.Subject$GamePlace: void <init>(comp5111.assignment.cut.Subject,int,int)> ::: 7;<comp5111.assignment.cut.Subject$GamePlace: void <init>(comp5111.assignment.cut.Subject,int,int)> ::: 8;<comp5111.assignment.cut.Subject: void <init>()> ::: 1;<comp5111.assignment.cut.Subject: void <init>()> ::: 2
comp5111.assignment.cut.Subject_randoop111_RegressionTest0#test469	PASS	<comp5111.assignment.cut.Subject$DateTimeAlgorithms: int daysBetweenDateStrings(java.lang.String,java.lang.String)> ::: 2;<comp5111.assignment.cut.Subject$DateTimeAlgorithms: int daysBetweenDateStrings(java.lang.String,java.lang.String)> ::: 3;<comp5111.assignment.cut.Subject$DateTimeAlgorithms: int daysBetweenDateStrings(java.lang.String,java.lang.String)> ::: 4;<comp5111.assignment.cut.Subject$DateTimeAlgorithms: int daysBetweenDateStrings(java.lang.String,java.lang.String)> ::: 5;<comp5111.assignment.cut.Subject$DateTimeAlgorithms: int daysBetweenDateStrings(java.lang.String,java.lang.String)> ::: 8
comp5111.assignment.cut.Subject_randoop111_RegressionTest0#test470	PASS	<comp5111.assignment.cut.Subject$DateTimeAlgorithms: int getQuarter(int)> ::: 1;<comp5111.assignment.cut.Subject$DateTimeAlgorithms: int getQuarter(int)> ::: 2;<comp5111.assignment.cut.Subject$DateTimeAlgorithms: int getQuarter(int)> ::: 3
comp5111.assignment.cut.Subject_randoop111_RegressionTest0#test471	PASS	<comp5111.assignment.cut.Subject$DateTimeAlgorithms: int daysBetweenDateStrings(java.lang.String,java.lang.String)> ::: 2;<comp5111.assignment.cut.Subject$DateTimeAlgorithms: int daysBetweenDateStrings(java.lang.String,java.lang.String)> ::: 3;<comp5111.assignment.cut.Subject$DateTimeAlgorithms: int daysBetweenDateStrings(java.lang.String,java.lang.String)> ::: 4;<comp5111.assignment.cut.Subject$DateTimeAlgorithms: int daysBetweenDateStrings(java.lang.String,java.lang.String)> ::: 5;<comp5111.assignment.cut.Subject$DateTimeAlgorithms: int daysBetweenDateStrings(java.lang.String,java.lang.String)> ::: 8
comp5111.assignment.cut.Subject_randoop111_RegressionTest0#test472	PASS	<comp5111.assignment.cut.Subject$StringAlgorithms: int decodeOctets(int,java.nio.ByteBuffer,java.lang.StringBuilder)> ::: 3
comp5111.assignment.cut.Subject_randoop111_RegressionTest0#test473	PASS	<comp5111.assignment.cut.Subject$DateTimeAlgorithms: int monAbbr2month(java.lang.String)> ::: 1;<comp5111.assignment.cut.Subject$DateTimeAlgorithms: int monAbbr2month(java.lang.String)> ::: 2;<comp5111.assignment.cut.Subject$DateTimeAlgorithms: int monAbbr2month(java.lang.String)> ::: 3;<comp5111.assignment.cut.Subject$DateTimeAlgorithms: int monAbbr2month(java.lang.String)> ::: 4
comp5111.assignment.cut.Subject_randoop111_RegressionTest0#test474	PASS	<comp5111.assignment.cut.Subject$DateTimeAlgorithms: int monthsBetween(int,int,int,int)> ::: 4;<comp5111.assignment.cut.Subject$DateTimeAlgorithms: int monthsBetween(int,int,int,int)> ::: 5;<comp5111.assignment.cut.Subject$DateTimeAlgorithms: int monthsBetween(int,int,int,int)> ::: 8
comp5111.assignment.cut.Subject_randoop111_RegressionTest0#test475	PASS	<comp5111.assignment.cut.Subject$DateTimeAlgorithms: int daysBetweenDateStrings(java.lang.String,java.lang.String)> ::: 2;<comp5111.assignment.cut.Subject$DateTimeAlgorithms: int daysBetweenDateStrings(java.lang.String,java.lang.String)> ::: 3;<comp5111.assignment.cut.Subject$DateTimeAlgorithms: int daysBetweenDateStrings(java.lang.String,java.lang.String)> ::: 4;<comp5111.assignment.cut.Subject$DateTimeAlgorithms: int daysBetweenDateStrings(java.lang.String,java.lang.String)> ::: 5;<comp5111.assignment.cut.Subject$DateTimeAlgorithms: int daysBetweenDateStrings(java.lang.String,java.lang.String)> ::: 8
comp5111.assignment.cut.Subject_randoop111_RegressionTest0#test476	PASS	<comp5111.assignment.cut.Subject$DateTimeAlgorithms: int calcDaysInMonth(int,int)> ::: 2;<comp5111.assignment.cut.Subject$DateTimeAlgorithms: int calcDaysInMonth(int,int)> ::: 3;<comp5111.assignment.cut.Subject$DateTimeAlgorithms: int calcDaysInMonth(int,int)> ::: 4;<comp5111.assignment.cut.Subject$DateTimeAlgorithms: java.lang.String lastDayOfMonth(int,int)> ::: 2;<comp5111.assignment.cut.Subject$DateTimeAlgorithms: java.lang.String lastDayOfMonth(int,int)> ::: 3;<comp5111.assignment.cut.Subject$DateTimeAlgorithms: java.lang.String lastDayOfMonth(int,int)> ::: 4
comp5111.assignment.cut.Subject_randoop111_RegressionTest0#test477	PASS	<comp5111.assignment.cut.Subject$DateTimeAlgorithms: boolean checkValidDate(int,int,int)> ::: 10;<comp5111.assignment.cut.Subject$DateTimeAlgorithms: boolean checkValidDate(int,int,int)> ::: 3;<comp5111.assignment.cut.Subject$DateTimeAlgorithms: boolean checkValidDate(int,int,int)> ::: 4;<comp5111.assignment.cut.Subject$DateTimeAlgorithms: boolean checkValidDate(int,int,int)> ::: 6;<comp5111.assignment.cut.Subject$DateTimeAlgorithms: boolean checkValidDate(int,int,int)> ::: 7;<comp5111.assignment.cut.Subject$DateTimeAlgorithms: boolean checkValidDate(int,int,int)> ::: 8;<comp5111.assignment.cut.Subject$DateTimeAlgorithms: int calcDaysInMonth(int,int)> ::: 12;<comp5111.assignment.cut.Subject$DateTimeAlgorithms: int calcDaysInMonth(int,int)> ::: 13;<comp5111.assignment.cut.Subject$DateTimeAlgorithms: int calcDaysInMonth(int,int)> ::: 14;<comp5111.assignment.cut.Subject$DateTimeAlgorithms: int calcDaysInMonth(int,int)> ::: 15;<comp5111.assignment.cut.Subject$DateTimeAlgorithms: int calcDaysInMonth(int,int)> ::: 17;<comp5111.assignment.cut.Subject$DateTimeAlgorithms: int calcDaysInMonth(int,int)> ::: 2;<comp5111.assignment.cut.Subject$DateTimeAlgorithms: int calcDaysInMonth(int,int)> ::: 3;<comp5111.assignment.cut.Subject$DateTimeAlgorithms: int calcDaysInMonth(int,int)> ::: 5;<comp5111.assignment.cut.Subject$DateTimeAlgorithms: int daysBetweenDates(int,int,int,int,int,int)> ::: 12;<comp5111.assignment.cut.Subject$DateTimeAlgorithms: int daysBetweenDates(int,int,int,int,int,int)> ::: 13;<comp5111.assignment.cut.Subject$DateTimeAlgorithms: int daysBetweenDates(int,int,int,int,int,int)> ::: 14;<comp5111.assignment.cut.Subject$DateTimeAlgorithms: int daysBetweenDates(int,int,int,int,int,int)> ::: 6;<comp5111.assignment.cut.Subject$DateTimeAlgorithms: int daysBetweenDates(int,int,int,int,int,int)> ::: 7;<comp5111.assignment.cut.Subject$DateTimeAlgorithms: int daysBetweenDates(int,int,int,int,int,int)> ::: 8;<comp5111.assignment.cut.Subject$DateTimeAlgorithms: int daysBetweenDates(int,int,int,int,int,int)> ::: 9
comp5111.assignment.cut.Subject_randoop111_RegressionTest0#test478	PASS	<comp5111.assignment.cut.Subject$StringAlgorithms: void enlarge(int,byte[],int)> ::: 10;<comp5111.assignment.cut.Subject$StringAlgorithms: void enlarge(int,byte[],int)> ::: 11;<comp5111.assignment.cut.Subject$StringAlgorithms: void enlarge(int,byte[],int)> ::: 12;<comp5111.assignment.cut.Subject$StringAlgorithms: void enlarge(int,byte[],int)> ::: 13;<comp5111.assignment.cut.Subject$StringAlgorithms: void enlarge(int,byte[],int)> ::: 3;<comp5111.assignment.cut.Subject$StringAlgorithms: void enlarge(int,byte[],int)> ::: 4;<comp5111.assignment.cut.Subject$StringAlgorithms: void enlarge(int,byte[],int)> ::: 5;<comp5111.assignment.cut.Subject$StringAlgorithms: void enlarge(int,byte[],int)> ::: 6;<comp5111.assignment.cut.Subject$StringAlgorithms: void enlarge(int,byte[],int)> ::: 7;<comp5111.assignment.cut.Subject$StringAlgorithms: void enlarge(int,byte[],int)> ::: 8;<comp5111.assignment.cut.Subject$StringAlgorithms: void enlarge(int,byte[],int)> ::: 9
comp5111.assignment.cut.Subject_randoop111_RegressionTest0#test479	PASS	<comp5111.assignment.cut.Subject$DateTimeAlgorithms: int daysBetweenDateStrings(java.lang.String,java.lang.String)> ::: 2;<comp5111.assignment.cut.Subject$DateTimeAlgorithms: int daysBetweenDateStrings(java.lang.String,java.lang.String)> ::: 3;<comp5111.assignment.cut.Subject$DateTimeAlgorithms: int daysBetweenDateStrings(java.lang.String,java.lang.String)> ::: 4;<comp5111.assignment.cut.Subject$DateTimeAlgorithms: int daysBetweenDateStrings(java.lang.String,java.lang.String)> ::: 5;<comp5111.assignment.cut.Subject$DateTimeAlgorithms: int daysBetweenDateStrings(java.lang.String,java.lang.String)> ::: 8
comp5111.assignment.cut.Subject_randoop111_RegressionTest0#test480	FAIL	<comp5111.assignment.cut.Subject$StringAlgorithms: boolean isOneOf(char,char[])> ::: 10;<comp5111.assignment.cut.Subject$StringAlgorithms: boolean isOneOf(char,char[])> ::: 11;<comp5111.assignment.cut.Subject$StringAlgorithms: boolean isOneOf(char,char[])> ::: 12;<comp5111.assignment.cut.Subject$StringAlgorithms: boolean isOneOf(char,char[])> ::: 13;<comp5111.assignment.cut.Subject$StringAlgorithms: boolean isOneOf(char,char[])> ::: 2;<comp5111.assignment.cut.Subject$StringAlgorithms: boolean isOneOf(char,char[])> ::: 3;<comp5111.assignment.cut.Subject$StringAlgorithms: boolean isOneOf(char,char[])> ::: 4;<comp5111.assignment.cut.Subject$StringAlgorithms: boolean isOneOf(char,char[])> ::: 5;<comp5111.assignment.cut.Subject$StringAlgorithms: boolean isOneOf(char,char[])> ::: 6;<comp5111.assignment.cut.Subject$StringAlgorithms: boolean isOneOf(char,char[])> ::: 7;<comp5111.assignment.cut.Subject$StringAlgorithms: boolean isOneOf(char,char[])> ::: 8;<comp5111.assignment.cut.Subject$StringAlgorithms: boolean isOneOf(char,char[])> ::: 9;<comp5111.assignment.cut.Subject$StringAlgorithms: java.lang.String parseToken(java.lang.String,char[])> ::: 10;<comp5111.assignment.cut.Subject$StringAlgorithms: java.lang.String parseToken(java.lang.String,char[])> ::: 11;<comp5111.assignment.cut.Subject$StringAlgorithms: java.lang.String parseToken(java.lang.String,char[])> ::: 12;<comp5111.assignment.cut.Subject$StringAlgorithms: java.lang.String parseToken(java.lang.String,char[])> ::: 13;<comp5111.assignment.cut.Subject$StringAlgorithms: java.lang.String parseToken(java.lang.String,char[])> ::: 14;<comp5111.assignment.cut.Subject$StringAlgorithms: java.lang.String parseToken(java.lang.String,char[])> ::: 2;<comp5111.assignment.cut.Subject$StringAlgorithms: java.lang.String parseToken(java.lang.String,char[])> ::: 3;<comp5111.assignment.cut.Subject$StringAlgorithms: java.lang.String parseToken(java.lang.String,char[])> ::: 4;<comp5111.assignment.cut.Subject$StringAlgorithms: java.lang.String parseToken(java.lang.String,char[])> ::: 5;<comp5111.assignment.cut.Subject$StringAlgorithms: java.lang.String parseToken(java.lang.String,char[])> ::: 6;<comp5111.assignment.cut.Subject$StringAlgorithms: java.lang.String parseToken(java.lang.String,char[])> ::: 7;<comp5111.assignment.cut.Subject$StringAlgorithms: java.lang.String parseToken(java.lang.String,char[])> ::: 8;<comp5111.assignment.cut.Subject$StringAlgorithms: java.lang.String parseToken(java.lang.String,char[])> ::: 9
comp5111.assignment.cut.Subject_randoop111_RegressionTest0#test481	PASS	<comp5111.assignment.cut.Subject$StringAlgorithms: int decodeOctets(int,java.nio.ByteBuffer,java.lang.StringBuilder)> ::: 3
comp5111.assignment.cut.Subject_randoop111_RegressionTest0#test482	PASS	<comp5111.assignment.cut.Subject$GamePlace: boolean isAdjacent(comp5111.assignment.cut.Subject$GamePlace)> ::: 2;<comp5111.assignment.cut.Subject$GamePlace: boolean isAdjacent(comp5111.assignment.cut.Subject$GamePlace)> ::: 3;<comp5111.assignment.cut.Subject$GamePlace: comp5111.assignment.cut.Subject$GamePlace clone()> ::: 1;<comp5111.assignment.cut.Subject$GamePlace: comp5111.assignment.cut.Subject$GamePlace clone()> ::: 2;<comp5111.assignment.cut.Subject$GamePlace: comp5111.assignment.cut.Subject$GamePlace clone()> ::: 3;<comp5111.assignment.cut.Subject$GamePlace: comp5111.assignment.cut.Subject$GamePlace clone()> ::: 4;<comp5111.assignment.cut.Subject$GamePlace: comp5111.assignment.cut.Subject$GamePlace clone()> ::: 5;<comp5111.assignment.cut.Subject$GamePlace: comp5111.assignment.cut.Subject$GamePlace clone()> ::: 6;<comp5111.assignment.cut.Subject$GamePlace: comp5111.assignment.cut.Subject$GamePlace clone()> ::: 7;<comp5111.assignment.cut.Subject$GamePlace: comp5111.assignment.cut.Subject$GamePlace clone()> ::: 8;<comp5111.assignment.cut.Subject$GamePlace: comp5111.assignment.cut.Subject$GamePlace clone()> ::: 9;<comp5111.assignment.cut.Subject$GamePlace: int x()> ::: 1;<comp5111.assignment.cut.Subject$GamePlace: int x()> ::: 2;<comp5111.assignment.cut.Subject$GamePlace: java.lang.String toString()> ::: 1;<comp5111.assignment.cut.Subject$GamePlace: java.lang.String toString()> ::: 2;<comp5111.assignment.cut.Subject$GamePlace: java.lang.String toString()> ::: 3;<comp5111.assignment.cut.Subject$GamePlace: java.lang.String toString()> ::: 4;<comp5111.assignment.cut.Subject$GamePlace: void <init>(comp5111.assignment.cut.Subject,int,int)> ::: 4;<comp5111.assignment.cut.Subject$GamePlace: void <init>(comp5111.assignment.cut.Subject,int,int)> ::: 5;<comp5111.assignment.cut.Subject$GamePlace: void <init>(comp5111.assignment.cut.Subject,int,int)> ::: 6;<comp5111.assignment.cut.Subject$GamePlace: void <init>(comp5111.assignment.cut.Subject,int,int)> ::: 7;<comp5111.assignment.cut.Subject$GamePlace: void <init>(comp5111.assignment.cut.Subject,int,int)> ::: 8;<comp5111.assignment.cut.Subject$GamePlace: void x(int)> ::: 2;<comp5111.assignment.cut.Subject$GamePlace: void x(int)> ::: 3;<comp5111.assignment.cut.Subject: void <init>()> ::: 1;<comp5111.assignment.cut.Subject: void <init>()> ::: 2
comp5111.assignment.cut.Subject_randoop111_RegressionTest0#test483	PASS	<comp5111.assignment.cut.Subject$StringAlgorithms: java.lang.Number parseNumber(java.lang.String)> ::: 1;<comp5111.assignment.cut.Subject$StringAlgorithms: java.lang.Number parseNumber(java.lang.String)> ::: 10;<comp5111.assignment.cut.Subject$StringAlgorithms: java.lang.Number parseNumber(java.lang.String)> ::: 102;<comp5111.assignment.cut.Subject$StringAlgorithms: java.lang.Number parseNumber(java.lang.String)> ::: 103;<comp5111.assignment.cut.Subject$StringAlgorithms: java.lang.Number parseNumber(java.lang.String)> ::: 104;<comp5111.assignment.cut.Subject$StringAlgorithms: java.lang.Number parseNumber(java.lang.String)> ::: 11;<comp5111.assignment.cut.Subject$StringAlgorithms: java.lang.Number parseNumber(java.lang.String)> ::: 13;<comp5111.assignment.cut.Subject$StringAlgorithms: java.lang.Number parseNumber(java.lang.String)> ::: 14;<comp5111.assignment.cut.Subject$StringAlgorithms: java.lang.Number parseNumber(java.lang.String)> ::: 15;<comp5111.assignment.cut.Subject$StringAlgorithms: java.lang.Number parseNumber(java.lang.String)> ::: 16;<comp5111.assignment.cut.Subject$StringAlgorithms: java.lang.Number parseNumber(java.lang.String)> ::: 19;<comp5111.assignment.cut.Subject$StringAlgorithms: java.lang.Number parseNumber(java.lang.String)> ::: 2;<comp5111.assignment.cut.Subject$StringAlgorithms: java.lang.Number parseNumber(java.lang.String)> ::: 20;<comp5111.assignment.cut.Subject$StringAlgorithms: java.lang.Number parseNumber(java.lang.String)> ::: 21;<comp5111.assignment.cut.Subject$StringAlgorithms: java.lang.Number parseNumber(java.lang.String)> ::: 22;<comp5111.assignment.cut.Subject$StringAlgorithms: java.lang.Number parseNumber(java.lang.String)> ::: 23;<comp5111.assignment.cut.Subject$StringAlgorithms: java.lang.Number parseNumber(java.lang.String)> ::: 24;<comp5111.assignment.cut.Subject$StringAlgorithms: java.lang.Number parseNumber(java.lang.String)> ::: 25;<comp5111.assignment.cut.Subject$StringAlgorithms: java.lang.Number parseNumber(java.lang.String)> ::: 26;<comp5111.assignment.cut.Subject$StringAlgorithms: java.lang.Number parseNumber(java.lang.String)> ::: 27;<comp5111.assignment.cut.Subject$StringAlgorithms: java.lang.Number parseNumber(java.lang.String)> ::: 3;<comp5111.assignment.cut.Subject$StringAlgorithms: java.lang.Number parseNumber(java.lang.String)> ::: 39;<comp5111.assignment.cut.Subject$StringAlgorithms: java.lang.Number parseNumber(java.lang.String)> ::: 4;<comp5111.assignment.cut.Subject$StringAlgorithms: java.lang.Number parseNumber(java.lang.String)> ::: 40;<comp5111.assignment.cut.Subject$StringAlgorithms: java.lang.Number parseNumber(java.lang.String)> ::: 41;<comp5111.assignment.cut.Subject$StringAlgorithms: java.lang.Number parseNumber(java.lang.String)> ::: 42;<comp5111.assignment.cut.Subject$StringAlgorithms: java.lang.Number parseNumber(java.lang.String)> ::: 5;<comp5111.assignment.cut.Subject$StringAlgorithms: java.lang.Number parseNumber(java.lang.String)> ::: 51;<comp5111.assignment.cut.Subject$StringAlgorithms: java.lang.Number parseNumber(java.lang.String)> ::: 52;<comp5111.assignment.cut.Subject$StringAlgorithms: java.lang.Number parseNumber(java.lang.String)> ::: 53;<comp5111.assignment.cut.Subject$StringAlgorithms: java.lang.Number parseNumber(java.lang.String)> ::: 54;<comp5111.assignment.cut.Subject$StringAlgorithms: java.lang.Number parseNumber(java.lang.String)> ::: 55;<comp5111.assignment.cut.Subject$StringAlgorithms: java.lang.Number parseNumber(java.lang.String)> ::: 56;<comp5111.assignment.cut.Subject$StringAlgorithms: java.lang.Number parseNumber(java.lang.String)> ::: 86;<comp5111.assignment.cut.Subject$StringAlgorithms: java.lang.Number parseNumber(java.lang.String)> ::: 87;<comp5111.assignment.cut.Subject$StringAlgorithms: java.lang.Number parseNumber(java.lang.String)> ::: 90;<comp5111.assignment.cut.Subject$StringAlgorithms: java.lang.Number parseNumber(java.lang.String)> ::: 91
comp5111.assignment.cut.Subject_randoop111_RegressionTest0#test484	PASS	<comp5111.assignment.cut.Subject$DateTimeAlgorithms: boolean checkValidDate(int,int,int)> ::: 3;<comp5111.assignment.cut.Subject$DateTimeAlgorithms: boolean checkValidDate(int,int,int)> ::: 5;<comp5111.assignment.cut.Subject$DateTimeAlgorithms: java.util.List listDatesBetween(int,int,int,int,int,int)> ::: 10;<comp5111.assignment.cut.Subject$DateTimeAlgorithms: java.util.List listDatesBetween(int,int,int,int,int,int)> ::: 13;<comp5111.assignment.cut.Subject$DateTimeAlgorithms: java.util.List listDatesBetween(int,int,int,int,int,int)> ::: 6;<comp5111.assignment.cut.Subject$DateTimeAlgorithms: java.util.List listDatesBetween(int,int,int,int,int,int)> ::: 7;<comp5111.assignment.cut.Subject$DateTimeAlgorithms: java.util.List listDatesBetween(int,int,int,int,int,int)> ::: 8;<comp5111.assignment.cut.Subject$DateTimeAlgorithms: java.util.List listDatesBetween(int,int,int,int,int,int)> ::: 9
comp5111.assignment.cut.Subject_randoop111_RegressionTest0#test485	PASS	<comp5111.assignment.cut.Subject$DateTimeAlgorithms: boolean checkValidDate(int,int,int)> ::: 3;<comp5111.assignment.cut.Subject$DateTimeAlgorithms: boolean checkValidDate(int,int,int)> ::: 4;<comp5111.assignment.cut.Subject$DateTimeAlgorithms: boolean checkValidDate(int,int,int)> ::: 5;<comp5111.assignment.cut.Subject$DateTimeAlgorithms: boolean checkValidDate(int,int,int)> ::: 6;<comp5111.assignment.cut.Subject$DateTimeAlgorithms: boolean checkValidDate(int,int,int)> ::: 7;<comp5111.assignment.cut.Subject$DateTimeAlgorithms: boolean checkValidDate(int,int,int)> ::: 8;<comp5111.assignment.cut.Subject$DateTimeAlgorithms: boolean checkValidDate(int,int,int)> ::: 9;<comp5111.assignment.cut.Subject$DateTimeAlgorithms: int calcDaysInMonth(int,int)> ::: 12;<comp5111.assignment.cut.Subject$DateTimeAlgorithms: int calcDaysInMonth(int,int)> ::: 13;<comp5111.assignment.cut.Subject$DateTimeAlgorithms: int calcDaysInMonth(int,int)> ::: 14;<comp5111.assignment.cut.Subject$DateTimeAlgorithms: int calcDaysInMonth(int,int)> ::: 15;<comp5111.assignment.cut.Subject$DateTimeAlgorithms: int calcDaysInMonth(int,int)> ::: 17;<comp5111.assignment.cut.Subject$DateTimeAlgorithms: int calcDaysInMonth(int,int)> ::: 2;<comp5111.assignment.cut.Subject$DateTimeAlgorithms: int calcDaysInMonth(int,int)> ::: 3;<comp5111.assignment.cut.Subject$DateTimeAlgorithms: int calcDaysInMonth(int,int)> ::: 5;<comp5111.assignment.cut.Subject$DateTimeAlgorithms: java.util.List listDatesBetween(int,int,int,int,int,int)> ::: 10;<comp5111.assignment.cut.Subject$DateTimeAlgorithms: java.util.List listDatesBetween(int,int,int,int,int,int)> ::: 11;<comp5111.assignment.cut.Subject$DateTimeAlgorithms: java.util.List listDatesBetween(int,int,int,int,int,int)> ::: 12;<comp5111.assignment.cut.Subject$DateTimeAlgorithms: java.util.List listDatesBetween(int,int,int,int,int,int)> ::: 13;<comp5111.assignment.cut.Subject$DateTimeAlgorithms: java.util.List listDatesBetween(int,int,int,int,int,int)> ::: 6;<comp5111.assignment.cut.Subject$DateTimeAlgorithms: java.util.List listDatesBetween(int,int,int,int,int,int)> ::: 7;<comp5111.assignment.cut.Subject$DateTimeAlgorithms: java.util.List listDatesBetween(int,int,int,int,int,int)> ::: 8;<comp5111.assignment.cut.Subject$DateTimeAlgorithms: java.util.List listDatesBetween(int,int,int,int,int,int)> ::: 9
comp5111.assignment.cut.Subject_randoop111_RegressionTest0#test486	PASS	<comp5111.assignment.cut.Subject$DateTimeAlgorithms: boolean checkValidDate(int,int,int)> ::: 3;<comp5111.assignment.cut.Subject$DateTimeAlgorithms: boolean checkValidDate(int,int,int)> ::: 4;<comp5111.assignment.cut.Subject$DateTimeAlgorithms: boolean checkValidDate(int,int,int)> ::: 5;<comp5111.assignment.cut.Subject$DateTimeAlgorithms: int daysBetweenDates(int,int,int,int,int,int)> ::: 12;<comp5111.assignment.cut.Subject$DateTimeAlgorithms: int daysBetweenDates(int,int,int,int,int,int)> ::: 13;<comp5111.assignment.cut.Subject$DateTimeAlgorithms: int daysBetweenDates(int,int,int,int,int,int)> ::: 14;<comp5111.assignment.cut.Subject$DateTimeAlgorithms: int daysBetweenDates(int,int,int,int,int,int)> ::: 6;<comp5111.assignment.cut.Subject$DateTimeAlgorithms: int daysBetweenDates(int,int,int,int,int,int)> ::: 7;<comp5111.assignment.cut.Subject$DateTimeAlgorithms: int daysBetweenDates(int,int,int,int,int,int)> ::: 8;<comp5111.assignment.cut.Subject$DateTimeAlgorithms: int daysBetweenDates(int,int,int,int,int,int)> ::: 9
comp5111.assignment.cut.Subject_randoop111_RegressionTest0#test487	PASS	<comp5111.assignment.cut.Subject$StringAlgorithms: java.lang.Boolean strToBoolean(java.lang.String)> ::: 1;<comp5111.assignment.cut.Subject$StringAlgorithms: java.lang.Boolean strToBoolean(java.lang.String)> ::: 18;<comp5111.assignment.cut.Subject$StringAlgorithms: java.lang.Boolean strToBoolean(java.lang.String)> ::: 19;<comp5111.assignment.cut.Subject$StringAlgorithms: java.lang.Boolean strToBoolean(java.lang.String)> ::: 3;<comp5111.assignment.cut.Subject$StringAlgorithms: java.lang.Boolean strToBoolean(java.lang.String)> ::: 34;<comp5111.assignment.cut.Subject$StringAlgorithms: java.lang.Boolean strToBoolean(java.lang.String)> ::: 35;<comp5111.assignment.cut.Subject$StringAlgorithms: java.lang.Boolean strToBoolean(java.lang.String)> ::: 36;<comp5111.assignment.cut.Subject$StringAlgorithms: java.lang.Boolean strToBoolean(java.lang.String)> ::: 37;<comp5111.assignment.cut.Subject$StringAlgorithms: java.lang.Boolean strToBoolean(java.lang.String)> ::: 38;<comp5111.assignment.cut.Subject$StringAlgorithms: java.lang.Boolean strToBoolean(java.lang.String)> ::: 39;<comp5111.assignment.cut.Subject$StringAlgorithms: java.lang.Boolean strToBoolean(java.lang.String)> ::: 4;<comp5111.assignment.cut.Subject$StringAlgorithms: java.lang.Boolean strToBoolean(java.lang.String)> ::: 40;<comp5111.assignment.cut.Subject$StringAlgorithms: java.lang.Boolean strToBoolean(java.lang.String)> ::: 47;<comp5111.assignment.cut.Subject$StringAlgorithms: java.lang.Boolean strToBoolean(java.lang.String)> ::: 48;<comp5111.assignment.cut.Subject$StringAlgorithms: java.lang.Boolean strToBoolean(java.lang.String)> ::: 90
comp5111.assignment.cut.Subject_randoop111_RegressionTest0#test488	PASS	<comp5111.assignment.cut.Subject$DateTimeAlgorithms: int monthsBetween(int,int,int,int)> ::: 4;<comp5111.assignment.cut.Subject$DateTimeAlgorithms: int monthsBetween(int,int,int,int)> ::: 5;<comp5111.assignment.cut.Subject$DateTimeAlgorithms: int monthsBetween(int,int,int,int)> ::: 8
comp5111.assignment.cut.Subject_randoop111_RegressionTest0#test489	PASS	<comp5111.assignment.cut.Subject$StringAlgorithms: boolean startsWithIgnoreCase(java.lang.String,java.lang.String)> ::: 2;<comp5111.assignment.cut.Subject$StringAlgorithms: boolean startsWithIgnoreCase(java.lang.String,java.lang.String)> ::: 3;<comp5111.assignment.cut.Subject$StringAlgorithms: boolean startsWithIgnoreCase(java.lang.String,java.lang.String)> ::: 5;<comp5111.assignment.cut.Subject$StringAlgorithms: boolean startsWithIgnoreCase(java.lang.String,java.lang.String)> ::: 6;<comp5111.assignment.cut.Subject$StringAlgorithms: boolean startsWithIgnoreCase(java.lang.String,java.lang.String)> ::: 7;<comp5111.assignment.cut.Subject$StringAlgorithms: boolean startsWithIgnoreCase(java.lang.String,java.lang.String)> ::: 8
comp5111.assignment.cut.Subject_randoop111_RegressionTest0#test490	PASS	<comp5111.assignment.cut.Subject$DateTimeAlgorithms: int monAbbr2month(java.lang.String)> ::: 1;<comp5111.assignment.cut.Subject$DateTimeAlgorithms: int monAbbr2month(java.lang.String)> ::: 2;<comp5111.assignment.cut.Subject$DateTimeAlgorithms: int monAbbr2month(java.lang.String)> ::: 3;<comp5111.assignment.cut.Subject$DateTimeAlgorithms: int monAbbr2month(java.lang.String)> ::: 4
comp5111.assignment.cut.Subject_randoop111_RegressionTest0#test491	PASS	<comp5111.assignment.cut.Subject$DateTimeAlgorithms: int daysBetweenDateStrings(java.lang.String,java.lang.String)> ::: 2;<comp5111.assignment.cut.Subject$DateTimeAlgorithms: int daysBetweenDateStrings(java.lang.String,java.lang.String)> ::: 3;<comp5111.assignment.cut.Subject$DateTimeAlgorithms: int daysBetweenDateStrings(java.lang.String,java.lang.String)> ::: 4;<comp5111.assignment.cut.Subject$DateTimeAlgorithms: int daysBetweenDateStrings(java.lang.String,java.lang.String)> ::: 5;<comp5111.assignment.cut.Subject$DateTimeAlgorithms: int daysBetweenDateStrings(java.lang.String,java.lang.String)> ::: 8
comp5111.assignment.cut.Subject_randoop111_RegressionTest0#test492	PASS	<comp5111.assignment.cut.Subject$DateTimeAlgorithms: int monthsBetween(int,int,int,int)> ::: 4;<comp5111.assignment.cut.Subject$DateTimeAlgorithms: int monthsBetween(int,int,int,int)> ::: 5;<comp5111.assignment.cut.Subject$DateTimeAlgorithms: int monthsBetween(int,int,int,int)> ::: 6;<comp5111.assignment.cut.Subject$DateTimeAlgorithms: int monthsBetween(int,int,int,int)> ::: 8
comp5111.assignment.cut.Subject_randoop111_RegressionTest0#test493	PASS	<comp5111.assignment.cut.Subject$StringAlgorithms: java.lang.String[] trimArrayElements(java.lang.String[])> ::: 1;<comp5111.assignment.cut.Subject$StringAlgorithms: java.lang.String[] trimArrayElements(java.lang.String[])> ::: 2;<comp5111.assignment.cut.Subject$StringAlgorithms: java.lang.String[] trimArrayElements(java.lang.String[])> ::: 3;<comp5111.assignment.cut.Subject$StringAlgorithms: java.lang.String[] trimArrayElements(java.lang.String[])> ::: 4;<comp5111.assignment.cut.Subject$StringAlgorithms: java.lang.String[] trimArrayElements(java.lang.String[])> ::: 5
