agg_rank	source_line	sum_score	max_score	num_suites	R0_score	R0_rank	R1_score	R1_rank	E0_score	E0_rank	E1_score	E1_rank	methods	jimple_samples
1	184	2.3780993101	0.7608859103	4	0.6172133998	6.5	0.7608859103	13.0	0.5000000000	12.5	0.5000000000	11.5	boolean isOneOf	goto [?= return result]
2	183	2.3780993101	0.7608859103	4	0.6172133998	6.5	0.7608859103	13.0	0.5000000000	12.5	0.5000000000	11.5	boolean isOneOf	result = 1
3	206	2.3780993101	0.7608859103	4	0.6172133998	6.5	0.7608859103	13.0	0.5000000000	12.5	0.5000000000	11.5	java.lang.String parseToken	goto [?= $stack10 = virtualinvoke str.<java.lang.String: java.lang.String substr
4	205	2.3780993101	0.7608859103	4	0.6172133998	6.5	0.7608859103	13.0	0.5000000000	12.5	0.5000000000	11.5	java.lang.String parseToken	pos = pos + 1
5	346	2.0915066798	0.6579516950	4	0.6579516950	2.5	0.4335549848	27.5	0.5000000000	12.5	0.5000000000	11.5	int extractIntInStr	$stack7 = ch - 48 | $stack8 = num * 10 | num = $stack8 + $stack7
6	341	2.0915066798	0.6579516950	4	0.6579516950	2.5	0.4335549848	27.5	0.5000000000	12.5	0.5000000000	11.5	int extractIntInStr	$stack5 = virtualinvoke str.<java.lang.String: int length()>() | goto [?= $stack5 = virtualinvoke str.<java.lang.String: int length()>()] | i = i + 1
7	181	2.0200451390	0.7608859103	4	0.5520524475	30.0	0.7608859103	13.0	0.3535533906	44.5	0.3535533906	42.5	boolean isOneOf	element = l6[l4] | goto [?= (branch)] | if l4 < l5 goto staticinvoke <comp5111.assignment.CoverageRuntime: void hit(java
8	182	2.0200451390	0.7608859103	4	0.5520524475	30.0	0.7608859103	13.0	0.3535533906	44.5	0.3535533906	42.5	boolean isOneOf	if ch != element goto l4 = l4 + 1
9	180	2.0200451390	0.7608859103	4	0.5520524475	30.0	0.7608859103	13.0	0.3535533906	44.5	0.3535533906	42.5	boolean isOneOf	result = 0
10	187	2.0200451390	0.7608859103	4	0.5520524475	30.0	0.7608859103	13.0	0.3535533906	44.5	0.3535533906	42.5	boolean isOneOf	return result
11	210	2.0200451390	0.7608859103	4	0.5520524475	30.0	0.7608859103	13.0	0.3535533906	44.5	0.3535533906	42.5	java.lang.String parseToken	$stack10 = virtualinvoke str.<java.lang.String: java.lang.String substring(int,i | return $stack10
12	202	2.0200451390	0.7608859103	4	0.5520524475	30.0	0.7608859103	13.0	0.3535533906	44.5	0.3535533906	42.5	java.lang.String parseToken	$stack6 = lengthof chars | goto [?= $stack6 = lengthof chars] | if pos < $stack6 goto staticinvoke <comp5111.assignment.CoverageRuntime: void hi
13	204	2.0200451390	0.7608859103	4	0.5520524475	30.0	0.7608859103	13.0	0.3535533906	44.5	0.3535533906	42.5	java.lang.String parseToken	$stack7 = staticinvoke <comp5111.assignment.cut.Subject$StringAlgorithms: boolea | if $stack7 == 0 goto pos = pos + 1
14	203	2.0200451390	0.7608859103	4	0.5520524475	30.0	0.7608859103	13.0	0.3535533906	44.5	0.3535533906	42.5	java.lang.String parseToken	ch = chars[pos]
15	200	2.0200451390	0.7608859103	4	0.5520524475	30.0	0.7608859103	13.0	0.3535533906	44.5	0.3535533906	42.5	java.lang.String parseToken	chars = virtualinvoke str.<java.lang.String: char[] toCharArray()>()
16	201	2.0200451390	0.7608859103	4	0.5520524475	30.0	0.7608859103	13.0	0.3535533906	44.5	0.3535533906	42.5	java.lang.String parseToken	pos = 0
17	208	2.0200451390	0.7608859103	4	0.5520524475	30.0	0.7608859103	13.0	0.3535533906	44.5	0.3535533906	42.5	java.lang.String parseToken	pos = pos + 1
18	375	1.7166894164	0.5091750772	4	0.5091750772	52.0	0.2075143392	77.5	0.5000000000	12.5	0.5000000000	11.5	int[] getVersionNo	goto [?= $stack9 = staticinvoke <comp5111.assignment.cut.Subject$StringAlgorithm
19	382	1.7166894164	0.5091750772	4	0.5091750772	52.0	0.2075143392	77.5	0.5000000000	12.5	0.5000000000	11.5	int[] getVersionNo	return vernos
20	374	1.7166894164	0.5091750772	4	0.5091750772	52.0	0.2075143392	77.5	0.5000000000	12.5	0.5000000000	11.5	int[] getVersionNo	segment = virtualinvoke versionString.<java.lang.String: java.lang.String substr
21	697	1.6330495422	0.5000000000	4	0.3086066999	63.0	0.3244428423	37.0	0.5000000000	12.5	0.5000000000	11.5	int daysBetweenDateStrings	$stack26 = staticinvoke <comp5111.assignment.cut.Subject$DateTimeAlgorithms: int | return $stack26
22	692	1.5764191576	0.5000000000	4	0.2519763153	70.5	0.3244428423	37.0	0.5000000000	12.5	0.5000000000	11.5	int daysBetweenDateStrings	$stack16 = parts1[1] | m1 = staticinvoke <java.lang.Integer: int parseInt(java.lang.String)>($stack16)
23	693	1.5764191576	0.5000000000	4	0.2519763153	70.5	0.3244428423	37.0	0.5000000000	12.5	0.5000000000	11.5	int daysBetweenDateStrings	$stack18 = parts1[2] | d1 = staticinvoke <java.lang.Integer: int parseInt(java.lang.String)>($stack18)
24	694	1.5764191576	0.5000000000	4	0.2519763153	70.5	0.3244428423	37.0	0.5000000000	12.5	0.5000000000	11.5	int daysBetweenDateStrings	$stack20 = parts2[0] | y2 = staticinvoke <java.lang.Integer: int parseInt(java.lang.String)>($stack20)
25	695	1.5764191576	0.5000000000	4	0.2519763153	70.5	0.3244428423	37.0	0.5000000000	12.5	0.5000000000	11.5	int daysBetweenDateStrings	$stack22 = parts2[1] | m2 = staticinvoke <java.lang.Integer: int parseInt(java.lang.String)>($stack22)
26	696	1.5764191576	0.5000000000	4	0.2519763153	70.5	0.3244428423	37.0	0.5000000000	12.5	0.5000000000	11.5	int daysBetweenDateStrings	$stack24 = parts2[2] | d2 = staticinvoke <java.lang.Integer: int parseInt(java.lang.String)>($stack24)
27	343	1.5760581849	0.5821817364	4	0.5821817364	14.5	0.2867696673	46.0	0.3535533906	44.5	0.3535533906	42.5	int extractIntInStr	if ch < 48 goto return num | if ch <= 57 goto $stack8 = num * 10
28	344	1.5703638740	0.6000991981	4	0.6000991981	9.0	0.2631578947	54.0	0.3535533906	44.5	0.3535533906	42.5	int extractIntInStr	return num
29	342	1.5457831056	0.5821817364	4	0.5821817364	14.5	0.2564945880	58.0	0.3535533906	44.5	0.3535533906	42.5	int extractIntInStr	ch = virtualinvoke str.<java.lang.String: char charAt(int)>(i)
30	340	1.5457831056	0.5821817364	4	0.5821817364	14.5	0.2564945880	58.0	0.3535533906	44.5	0.3535533906	42.5	int extractIntInStr	num = 0
31	691	1.4299725482	0.5000000000	4	0.2519763153	70.5	0.3244428423	37.0	0.5000000000	12.5	0.3535533906	42.5	int daysBetweenDateStrings	$stack14 = parts1[0] | y1 = staticinvoke <java.lang.Integer: int parseInt(java.lang.String)>($stack14)
32	378	1.4237961976	0.5091750772	4	0.5091750772	52.0	0.2075143392	77.5	0.3535533906	44.5	0.3535533906	42.5	int[] getVersionNo	$stack9 = staticinvoke <comp5111.assignment.cut.Subject$StringAlgorithms: int ex | vernos[index] = $stack9
33	379	1.4237961976	0.5091750772	4	0.5091750772	52.0	0.2075143392	77.5	0.3535533906	44.5	0.3535533906	42.5	int[] getVersionNo	cur = pos + 1
34	369	1.4237961976	0.5091750772	4	0.5091750772	52.0	0.2075143392	77.5	0.3535533906	44.5	0.3535533906	42.5	int[] getVersionNo	if index <= 3 goto pos = virtualinvoke versionString.<java.lang.String: int inde | if pos > 0 goto staticinvoke <comp5111.assignment.CoverageRuntime: void hit(java
35	380	1.4237961976	0.5091750772	4	0.5091750772	52.0	0.2075143392	77.5	0.3535533906	44.5	0.3535533906	42.5	int[] getVersionNo	index = index + 1
36	337	1.4098450928	0.5821817364	4	0.5821817364	14.5	0.2503130872	63.0	0.2886751346	76.0	0.2886751346	70.0	int extractIntInStr	$stack4 = virtualinvoke str.<java.lang.String: int length()>() | if $stack4 >= 1 goto num = 0 | if str == null goto return 0
37	367	1.2940396856	0.5091750772	4	0.5091750772	52.0	0.2075143392	77.5	0.2886751346	76.0	0.2886751346	70.0	int[] getVersionNo	cur = 0 | index = 0
38	373	1.2940396856	0.5091750772	4	0.5091750772	52.0	0.2075143392	77.5	0.2886751346	76.0	0.2886751346	70.0	int[] getVersionNo	if cur >= pos goto return null | if pos != -1 goto (branch) | return null
39	372	1.2940396856	0.5091750772	4	0.5091750772	52.0	0.2075143392	77.5	0.2886751346	76.0	0.2886751346	70.0	int[] getVersionNo	pos = virtualinvoke versionString.<java.lang.String: int indexOf(int,int)>(46, c
40	365	1.2940396856	0.5091750772	4	0.5091750772	52.0	0.2075143392	77.5	0.2886751346	76.0	0.2886751346	70.0	int[] getVersionNo	vernos = newarray (int)[4]
41	366	1.2940396856	0.5091750772	4	0.5091750772	52.0	0.2075143392	77.5	0.2886751346	76.0	0.2886751346	70.0	int[] getVersionNo	vernos[0] = 0 | vernos[1] = 0 | vernos[2] = 0
42	699	1.2835259388	0.3535533906	4	0.2519763153	70.5	0.3244428423	37.0	0.3535533906	44.5	0.3535533906	42.5	int daysBetweenDateStrings	parts1#2 = $stack28 | return -2147483648
43	362	1.2078549308	0.5091750772	4	0.5091750772	52.0	0.1986798536	88.0	0.2500000000	90.0	0.2500000000	85.0	int[] getVersionNo	$stack6 = virtualinvoke versionString.<java.lang.String: int length()>() | if $stack6 >= 1 goto vernos = newarray (int)[4] | if versionString == null goto return null
44	689	1.0853091579	0.3535533906	4	0.1781741613	78.5	0.2649064714	50.0	0.3535533906	44.5	0.2886751346	70.0	int daysBetweenDateStrings	$stack12 = lengthof parts1 | $stack13 = lengthof parts2 | if $stack13 == 3 goto $stack14 = parts1[0]
45	624	0.8218146481	0.3535533906	3	0.0000000000		0.1147078669	99.5	0.3535533906	44.5	0.3535533906	42.5	int monAbbr2month	return -1
46	688	0.7317364274	0.2886751346	4	0.0952380952	86.0	0.0978231976	127.0	0.2886751346	76.0	0.2500000000	85.0	int daysBetweenDateStrings	parts2 = virtualinvoke dateStr2.<java.lang.String: java.lang.String[] split(java
47	444	0.7196625397	0.2886751346	4	0.0910031510	95.0	0.0899842541	133.0	0.2886751346	76.0	0.2500000000	85.0	int daysBetweenDates	$stack16 = staticinvoke <comp5111.assignment.cut.Subject$DateTimeAlgorithms: boo | $stack18 = staticinvoke <comp5111.assignment.cut.Subject$DateTimeAlgorithms: boo | if $stack16 == 0 goto $stack17 = new java.lang.IllegalArgumentException
48	445	0.7196625397	0.2886751346	4	0.0910031510	95.0	0.0899842541	133.0	0.2886751346	76.0	0.2500000000	85.0	int daysBetweenDates	$stack17 = new java.lang.IllegalArgumentException | specialinvoke $stack17.<java.lang.IllegalArgumentException: void <init>(java.lan | throw $stack17
49	442	0.7196625397	0.2886751346	4	0.0910031510	95.0	0.0899842541	133.0	0.2886751346	76.0	0.2500000000	85.0	int daysBetweenDates	cal1 = staticinvoke <java.util.Calendar: java.util.Calendar getInstance()>()
50	443	0.7196625397	0.2886751346	4	0.0910031510	95.0	0.0899842541	133.0	0.2886751346	76.0	0.2500000000	85.0	int daysBetweenDates	cal2 = staticinvoke <java.util.Calendar: java.util.Calendar getInstance()>()
51	488	0.7066629232	0.2236067977	4	0.1259881577	80.0	0.1529438226	90.0	0.2236067977	95.5	0.2041241452	97.0	boolean checkValidDate	if day <= 0 goto return 0 | if day >= daysInMonth goto return 0 | return 0
52	687	0.6930612928	0.2500000000	4	0.0952380952	86.0	0.0978231976	127.0	0.2500000000	90.0	0.2500000000	85.0	int daysBetweenDateStrings	parts1 = virtualinvoke dateStr1.<java.lang.String: java.lang.String[] split(java
53	621	0.6920581361	0.2886751346	3	0.0000000000		0.1147078669	99.5	0.2886751346	76.0	0.2886751346	70.0	int monAbbr2month	if hash != 4482403 goto return -1
54	619	0.6147078669	0.2500000000	3	0.0000000000		0.1147078669	99.5	0.2500000000	90.0	0.2500000000	85.0	int monAbbr2month	if hash != 5140342 goto (branch)
55	470	0.5640705107	0.1889822365	4	0.0930484210	90.0	0.1052631579	111.5	0.1767766953	102.5	0.1889822365	99.5	int calcDaysInMonth	if month != 11 goto return 31 | if month == 6 goto return 30 | if month == 9 goto return 30
56	617	0.5619214623	0.2236067977	3	0.0000000000		0.1147078669	99.5	0.2236067977	95.5	0.2236067977	94.0	int monAbbr2month	if hash != 5202804 goto (branch)
57	615	0.5619214623	0.2236067977	3	0.0000000000		0.1147078669	99.5	0.2236067977	95.5	0.2236067977	94.0	int monAbbr2month	if hash != 5465466 goto (branch)
58	487	0.5429191069	0.1666666667	4	0.1028689000	82.5	0.1226278679	92.5	0.1666666667	105.0	0.1507556723	109.5	boolean checkValidDate	daysInMonth = staticinvoke <comp5111.assignment.cut.Subject$DateTimeAlgorithms: 
59	613	0.5424388098	0.2236067977	3	0.0000000000		0.1147078669	99.5	0.2236067977	95.5	0.2041241452	97.0	int monAbbr2month	if hash != 4289895 goto (branch)
60	611	0.5078142486	0.2041241452	3	0.0000000000		0.1147078669	99.5	0.2041241452	99.0	0.1889822365	99.5	int monAbbr2month	if hash != 4879724 goto (branch)
61	609	0.4804667987	0.1889822365	3	0.0000000000		0.1147078669	99.5	0.1889822365	100.5	0.1767766953	101.5	int monAbbr2month	if hash != 4879726 goto (branch)
62	467	0.4770907396	0.1581138830	4	0.0824786099	99.5	0.0978231976	127.0	0.1581138830	108.0	0.1386750491	122.5	int calcDaysInMonth	if month != 2 goto (branch)
63	607	0.4581512289	0.1767766953	3	0.0000000000		0.1147078669	99.5	0.1767766953	102.5	0.1666666667	104.0	int monAbbr2month	if hash != 5071225 goto (branch)
64	605	0.4480412003	0.1666666667	3	0.0000000000		0.1147078669	99.5	0.1666666667	105.0	0.1666666667	104.0	int monAbbr2month	if hash != 4288626 goto (branch)
65	485	0.4345107085	0.1581138830	4	0.0636607014	101.0	0.0683985568	142.0	0.1581138830	108.0	0.1443375673	116.0	boolean checkValidDate	if month < 1 goto return 0 | if month <= 12 goto daysInMonth = staticinvoke <comp5111.assignment.cut.Subject$
66	603	0.4309356329	0.1581138830	3	0.0000000000		0.1147078669	99.5	0.1581138830	108.0	0.1581138830	106.5	int monAbbr2month	if hash != 5071218 goto (branch)
67	465	0.4190378085	0.1507556723	4	0.0629940788	102.0	0.0716574364	141.0	0.1507556723	110.5	0.1336306210	125.5	int calcDaysInMonth	if month < 1 goto return -1 | if month <= 12 goto (branch)
68	601	0.4162192115	0.1507556723	3	0.0000000000		0.1147078669	99.5	0.1507556723	110.5	0.1507556723	109.5	int monAbbr2month	if hash != 4613474 goto (branch)
69	473	0.4046253983	0.2041241452	3	0.0952380952	86.0	0.1052631579	111.5	0.0000000000		0.2041241452	97.0	int calcDaysInMonth	return 31
70	597	0.3912729698	0.1443375673	3	0.0000000000		0.1025978352	119.5	0.1443375673	116.5	0.1443375673	116.0	int monAbbr2month	$stack10 = ch0 << 16 | $stack11 = $stack10 | $stack9 | $stack9 = ch1 << 8
71	594	0.3912729698	0.1443375673	3	0.0000000000		0.1025978352	119.5	0.1443375673	116.5	0.1443375673	116.0	int monAbbr2month	ch0 = virtualinvoke abrr.<java.lang.String: char charAt(int)>(0)
72	595	0.3912729698	0.1443375673	3	0.0000000000		0.1025978352	119.5	0.1443375673	116.5	0.1443375673	116.0	int monAbbr2month	ch1 = virtualinvoke abrr.<java.lang.String: char charAt(int)>(1)
73	596	0.3912729698	0.1443375673	3	0.0000000000		0.1025978352	119.5	0.1443375673	116.5	0.1443375673	116.0	int monAbbr2month	ch2 = virtualinvoke abrr.<java.lang.String: char charAt(int)>(2)
74	599	0.3912729698	0.1443375673	3	0.0000000000		0.1025978352	119.5	0.1443375673	116.5	0.1443375673	116.0	int monAbbr2month	if hash != 4874606 goto (branch)
75	591	0.3365849860	0.1386750491	3	0.0000000000		0.0592348878	145.0	0.1386750491	122.5	0.1386750491	122.5	int monAbbr2month	$stack5 = virtualinvoke abrr.<java.lang.String: int length()>() | if $stack5 == 3 goto ch0 = virtualinvoke abrr.<java.lang.String: char charAt(int | if abrr == null goto return -1
76	872	0.3058876452	0.3058876452	1	0.0000000000		0.3058876452	45.0	0.0000000000		0.0000000000		boolean equals	return 0
77	871	0.2649064714	0.2649064714	1	0.0000000000		0.2649064714	50.0	0.0000000000		0.0000000000		boolean equals	$stack3 = virtualinvoke this.<java.lang.Object: java.lang.Class getClass()>() | $stack4 = virtualinvoke o.<java.lang.Object: java.lang.Class getClass()>() | if $stack3 == $stack4 goto player = (comp5111.assignment.cut.Subject$GamePlayer)
78	869	0.2649064714	0.2649064714	1	0.0000000000		0.2649064714	50.0	0.0000000000		0.0000000000		boolean equals	if this != o goto (branch)
79	864	0.2433321317	0.2433321317	1	0.0000000000		0.2433321317	66.5	0.0000000000		0.0000000000		java.lang.String toString	"$stack1 = this.<comp5111.assignment.cut.Subject$GamePlayer: int score> | $stack2 = this.<comp5111.assignment.cut.Subject$GamePlayer: java.lang.String nam | $stack3 = dynamicinvoke ""makeConcatWithConstants"" <java.lang.String (java.lang.S"
80	471	0.2236067977	0.2236067977	1	0.0000000000		0.0000000000		0.2236067977	95.5	0.0000000000		int calcDaysInMonth	return 30
81	814	0.1074861546	0.1074861546	1	0.0000000000		0.1074861546	107.5	0.0000000000		0.0000000000		void <init>	return
82	812	0.1074861546	0.1074861546	1	0.0000000000		0.1074861546	107.5	0.0000000000		0.0000000000		void <init>	specialinvoke this.<java.lang.Object: void <init>()>() | this.<comp5111.assignment.cut.Subject$GamePlayer: comp5111.assignment.cut.Subjec
83	813	0.1074861546	0.1074861546	1	0.0000000000		0.1074861546	107.5	0.0000000000		0.0000000000		void <init>	this.<comp5111.assignment.cut.Subject$GamePlayer: java.lang.String name> = name
84	8	0.1045773971	0.1045773971	1	0.0000000000		0.1045773971	114.5	0.0000000000		0.0000000000		void <init>	return | specialinvoke this.<java.lang.Object: void <init>()>()
85	839	0.0867109970	0.0867109970	1	0.0000000000		0.0867109970	137.5	0.0000000000		0.0000000000		void setScore	return
86	838	0.0867109970	0.0867109970	1	0.0000000000		0.0867109970	137.5	0.0000000000		0.0000000000		void setScore	this.<comp5111.assignment.cut.Subject$GamePlayer: int score> = score
87	829	0.0811107106	0.0811107106	1	0.0000000000		0.0811107106	139.5	0.0000000000		0.0000000000		int getScore	$stack1 = this.<comp5111.assignment.cut.Subject$GamePlayer: int score> | return $stack1
88	817	0.0573539335	0.0573539335	1	0.0000000000		0.0573539335	147.5	0.0000000000		0.0000000000		java.lang.String getName	$stack1 = this.<comp5111.assignment.cut.Subject$GamePlayer: java.lang.String nam | return $stack1
89	810	0.0526315789	0.0526315789	1	0.0000000000		0.0526315789	151.5	0.0000000000		0.0000000000		void <init>	return
90	808	0.0526315789	0.0526315789	1	0.0000000000		0.0526315789	151.5	0.0000000000		0.0000000000		void <init>	specialinvoke this.<java.lang.Object: void <init>()>() | this.<comp5111.assignment.cut.Subject$GamePlayer: comp5111.assignment.cut.Subjec
91	809	0.0526315789	0.0526315789	1	0.0000000000		0.0526315789	151.5	0.0000000000		0.0000000000		void <init>	"this.<comp5111.assignment.cut.Subject$GamePlayer: java.lang.String name> = ""Anon"
92	486	0.0000000000	0.0000000000	0	0.0000000000		0.0000000000		0.0000000000		0.0000000000		boolean checkValidDate	return 0
93	498	0.0000000000	0.0000000000	0	0.0000000000		0.0000000000		0.0000000000		0.0000000000		boolean judgeLeapYear	$stack1 = year % 4 | if $stack1 == 0 goto $stack2 = year % 100
94	500	0.0000000000	0.0000000000	0	0.0000000000		0.0000000000		0.0000000000		0.0000000000		boolean judgeLeapYear	$stack2 = year % 100 | if $stack2 == 0 goto $stack3 = year % 400
95	503	0.0000000000	0.0000000000	0	0.0000000000		0.0000000000		0.0000000000		0.0000000000		boolean judgeLeapYear	$stack3 = year % 400 | if $stack3 != 0 goto return 0 | return 0
96	499	0.0000000000	0.0000000000	0	0.0000000000		0.0000000000		0.0000000000		0.0000000000		boolean judgeLeapYear	return 0
97	501	0.0000000000	0.0000000000	0	0.0000000000		0.0000000000		0.0000000000		0.0000000000		boolean judgeLeapYear	return 1
98	468	0.0000000000	0.0000000000	0	0.0000000000		0.0000000000		0.0000000000		0.0000000000		int calcDaysInMonth	$stack3 = staticinvoke <comp5111.assignment.cut.Subject$DateTimeAlgorithms: bool | $stack4 = 28 | $stack4 = 29
99	466	0.0000000000	0.0000000000	0	0.0000000000		0.0000000000		0.0000000000		0.0000000000		int calcDaysInMonth	return -1
100	690	0.0000000000	0.0000000000	0	0.0000000000		0.0000000000		0.0000000000		0.0000000000		int daysBetweenDateStrings	return -2147483648
101	447	0.0000000000	0.0000000000	0	0.0000000000		0.0000000000		0.0000000000		0.0000000000		int daysBetweenDates	$stack19 = month1 - 1 | virtualinvoke cal1.<java.util.Calendar: void set(int,int,int,int,int,int)>(year1
102	449	0.0000000000	0.0000000000	0	0.0000000000		0.0000000000		0.0000000000		0.0000000000		int daysBetweenDates	$stack20 = month2 - 1 | virtualinvoke cal2.<java.util.Calendar: void set(int,int,int,int,int,int)>(year2
103	454	0.0000000000	0.0000000000	0	0.0000000000		0.0000000000		0.0000000000		0.0000000000		int daysBetweenDates	$stack23 = diff / 86400000L | $stack24 = (int) $stack23 | return $stack24
104	453	0.0000000000	0.0000000000	0	0.0000000000		0.0000000000		0.0000000000		0.0000000000		int daysBetweenDates	diff = millis2 - millis1
105	451	0.0000000000	0.0000000000	0	0.0000000000		0.0000000000		0.0000000000		0.0000000000		int daysBetweenDates	millis1 = virtualinvoke cal1.<java.util.Calendar: long getTimeInMillis()>()
106	452	0.0000000000	0.0000000000	0	0.0000000000		0.0000000000		0.0000000000		0.0000000000		int daysBetweenDates	millis2 = virtualinvoke cal2.<java.util.Calendar: long getTimeInMillis()>()
107	448	0.0000000000	0.0000000000	0	0.0000000000		0.0000000000		0.0000000000		0.0000000000		int daysBetweenDates	virtualinvoke cal1.<java.util.Calendar: void set(int,int)>(14, 0)
108	450	0.0000000000	0.0000000000	0	0.0000000000		0.0000000000		0.0000000000		0.0000000000		int daysBetweenDates	virtualinvoke cal2.<java.util.Calendar: void set(int,int)>(14, 0)
109	674	0.0000000000	0.0000000000	0	0.0000000000		0.0000000000		0.0000000000		0.0000000000		int daysInYear	$stack1 = staticinvoke <comp5111.assignment.cut.Subject$DateTimeAlgorithms: bool | $stack2 = 365 | $stack2 = 366
110	570	0.0000000000	0.0000000000	0	0.0000000000		0.0000000000		0.0000000000		0.0000000000		int getQuarter	if month < 1 goto return -1 | if month <= 12 goto (branch)
111	572	0.0000000000	0.0000000000	0	0.0000000000		0.0000000000		0.0000000000		0.0000000000		int getQuarter	if month > 3 goto (branch)
112	574	0.0000000000	0.0000000000	0	0.0000000000		0.0000000000		0.0000000000		0.0000000000		int getQuarter	if month > 6 goto (branch)
113	576	0.0000000000	0.0000000000	0	0.0000000000		0.0000000000		0.0000000000		0.0000000000		int getQuarter	if month > 9 goto return 4
114	571	0.0000000000	0.0000000000	0	0.0000000000		0.0000000000		0.0000000000		0.0000000000		int getQuarter	return -1
115	573	0.0000000000	0.0000000000	0	0.0000000000		0.0000000000		0.0000000000		0.0000000000		int getQuarter	return 1
116	575	0.0000000000	0.0000000000	0	0.0000000000		0.0000000000		0.0000000000		0.0000000000		int getQuarter	return 2
117	577	0.0000000000	0.0000000000	0	0.0000000000		0.0000000000		0.0000000000		0.0000000000		int getQuarter	return 3
118	578	0.0000000000	0.0000000000	0	0.0000000000		0.0000000000		0.0000000000		0.0000000000		int getQuarter	return 4
119	592	0.0000000000	0.0000000000	0	0.0000000000		0.0000000000		0.0000000000		0.0000000000		int monAbbr2month	return -1
120	600	0.0000000000	0.0000000000	0	0.0000000000		0.0000000000		0.0000000000		0.0000000000		int monAbbr2month	return 1
121	618	0.0000000000	0.0000000000	0	0.0000000000		0.0000000000		0.0000000000		0.0000000000		int monAbbr2month	return 10
122	620	0.0000000000	0.0000000000	0	0.0000000000		0.0000000000		0.0000000000		0.0000000000		int monAbbr2month	return 11
123	622	0.0000000000	0.0000000000	0	0.0000000000		0.0000000000		0.0000000000		0.0000000000		int monAbbr2month	return 12
124	602	0.0000000000	0.0000000000	0	0.0000000000		0.0000000000		0.0000000000		0.0000000000		int monAbbr2month	return 2
125	604	0.0000000000	0.0000000000	0	0.0000000000		0.0000000000		0.0000000000		0.0000000000		int monAbbr2month	return 3
126	606	0.0000000000	0.0000000000	0	0.0000000000		0.0000000000		0.0000000000		0.0000000000		int monAbbr2month	return 4
127	608	0.0000000000	0.0000000000	0	0.0000000000		0.0000000000		0.0000000000		0.0000000000		int monAbbr2month	return 5
128	610	0.0000000000	0.0000000000	0	0.0000000000		0.0000000000		0.0000000000		0.0000000000		int monAbbr2month	return 6
129	612	0.0000000000	0.0000000000	0	0.0000000000		0.0000000000		0.0000000000		0.0000000000		int monAbbr2month	return 7
130	614	0.0000000000	0.0000000000	0	0.0000000000		0.0000000000		0.0000000000		0.0000000000		int monAbbr2month	return 8
131	616	0.0000000000	0.0000000000	0	0.0000000000		0.0000000000		0.0000000000		0.0000000000		int monAbbr2month	return 9
132	790	0.0000000000	0.0000000000	0	0.0000000000		0.0000000000		0.0000000000		0.0000000000		int monthsBetween	$stack6 = year2 - year1 | $stack7 = month2 - month1 | $stack8 = $stack6 * 12
133	788	0.0000000000	0.0000000000	0	0.0000000000		0.0000000000		0.0000000000		0.0000000000		int monthsBetween	if month1 < 1 goto return -1 | if month1 > 12 goto return -1 | if month2 < 1 goto return -1
134	789	0.0000000000	0.0000000000	0	0.0000000000		0.0000000000		0.0000000000		0.0000000000		int monthsBetween	return -1
135	791	0.0000000000	0.0000000000	0	0.0000000000		0.0000000000		0.0000000000		0.0000000000		int monthsBetween	return months
136	549	0.0000000000	0.0000000000	0	0.0000000000		0.0000000000		0.0000000000		0.0000000000		java.lang.String dayStr	$stack3 = day % 10 | if $stack3 != 1 goto $stack4 = day % 10
137	551	0.0000000000	0.0000000000	0	0.0000000000		0.0000000000		0.0000000000		0.0000000000		java.lang.String dayStr	$stack4 = day % 10 | if $stack4 != 2 goto $stack5 = day % 10
138	553	0.0000000000	0.0000000000	0	0.0000000000		0.0000000000		0.0000000000		0.0000000000		java.lang.String dayStr	"$stack5 = day % 10 | if $stack5 != 3 goto ans = dynamicinvoke ""makeConcatWithConstants"" <java.lang.St"
139	559	0.0000000000	0.0000000000	0	0.0000000000		0.0000000000		0.0000000000		0.0000000000		java.lang.String dayStr	"ans = ""(invalid)"""
140	546	0.0000000000	0.0000000000	0	0.0000000000		0.0000000000		0.0000000000		0.0000000000		java.lang.String dayStr	"ans = dynamicinvoke ""makeConcatWithConstants"" <java.lang.String (int)>(day) <jav"
141	552	0.0000000000	0.0000000000	0	0.0000000000		0.0000000000		0.0000000000		0.0000000000		java.lang.String dayStr	"ans = dynamicinvoke ""makeConcatWithConstants"" <java.lang.String (java.lang.Strin | goto [?= (branch)]"
142	554	0.0000000000	0.0000000000	0	0.0000000000		0.0000000000		0.0000000000		0.0000000000		java.lang.String dayStr	"ans = dynamicinvoke ""makeConcatWithConstants"" <java.lang.String (java.lang.Strin | goto [?= (branch)]"
143	550	0.0000000000	0.0000000000	0	0.0000000000		0.0000000000		0.0000000000		0.0000000000		java.lang.String dayStr	"ans = dynamicinvoke ""makeConcatWithConstants"" <java.lang.String (java.lang.Strin | goto [?= (branch)]"
144	548	0.0000000000	0.0000000000	0	0.0000000000		0.0000000000		0.0000000000		0.0000000000		java.lang.String dayStr	"ans = dynamicinvoke ""makeConcatWithConstants"" <java.lang.String (java.lang.Strin | goto [?= (branch)]"
145	556	0.0000000000	0.0000000000	0	0.0000000000		0.0000000000		0.0000000000		0.0000000000		java.lang.String dayStr	"ans = dynamicinvoke ""makeConcatWithConstants"" <java.lang.String (java.lang.Strin"
146	547	0.0000000000	0.0000000000	0	0.0000000000		0.0000000000		0.0000000000		0.0000000000		java.lang.String dayStr	if day < 11 goto $stack3 = day % 10 | if day > 13 goto $stack3 = day % 10
147	558	0.0000000000	0.0000000000	0	0.0000000000		0.0000000000		0.0000000000		0.0000000000		java.lang.String dayStr	"if day <= 0 goto ans = ""(invalid)"" | if day <= 31 goto return ans"
148	560	0.0000000000	0.0000000000	0	0.0000000000		0.0000000000		0.0000000000		0.0000000000		java.lang.String dayStr	return ans
149	761	0.0000000000	0.0000000000	0	0.0000000000		0.0000000000		0.0000000000		0.0000000000		java.lang.String firstDayOfMonth	$stack2 = newarray (java.lang.Object)[2] | $stack2[0] = $stack5 | $stack2[1] = $stack7
150	759	0.0000000000	0.0000000000	0	0.0000000000		0.0000000000		0.0000000000		0.0000000000		java.lang.String firstDayOfMonth	"if month < 1 goto return ""(invalid)"" | if month <= 12 goto $stack2 = newarray (java.lang.Object)[2]"
151	760	0.0000000000	0.0000000000	0	0.0000000000		0.0000000000		0.0000000000		0.0000000000		java.lang.String firstDayOfMonth	"return ""(invalid)"""
152	711	0.0000000000	0.0000000000	0	0.0000000000		0.0000000000		0.0000000000		0.0000000000		java.lang.String formatFullDate	$stack5 = staticinvoke <comp5111.assignment.cut.Subject$DateTimeAlgorithms: bool | if $stack5 != 0 goto dayStr = staticinvoke <comp5111.assignment.cut.Subject$Date
153	715	0.0000000000	0.0000000000	0	0.0000000000		0.0000000000		0.0000000000		0.0000000000		java.lang.String formatFullDate	"$stack8 = dynamicinvoke ""makeConcatWithConstants"" <java.lang.String (java.lang.S | return $stack8"
154	713	0.0000000000	0.0000000000	0	0.0000000000		0.0000000000		0.0000000000		0.0000000000		java.lang.String formatFullDate	dayStr = staticinvoke <comp5111.assignment.cut.Subject$DateTimeAlgorithms: java.
155	714	0.0000000000	0.0000000000	0	0.0000000000		0.0000000000		0.0000000000		0.0000000000		java.lang.String formatFullDate	monAbbr = staticinvoke <comp5111.assignment.cut.Subject$DateTimeAlgorithms: java
156	712	0.0000000000	0.0000000000	0	0.0000000000		0.0000000000		0.0000000000		0.0000000000		java.lang.String formatFullDate	"return ""(invalid)"""
157	775	0.0000000000	0.0000000000	0	0.0000000000		0.0000000000		0.0000000000		0.0000000000		java.lang.String lastDayOfMonth	$stack11 = staticinvoke <java.lang.Integer: java.lang.Integer valueOf(int)>(days | $stack12 = staticinvoke <java.lang.String: java.lang.String format(java.lang.Str | $stack4 = newarray (java.lang.Object)[3]
158	772	0.0000000000	0.0000000000	0	0.0000000000		0.0000000000		0.0000000000		0.0000000000		java.lang.String lastDayOfMonth	days = staticinvoke <comp5111.assignment.cut.Subject$DateTimeAlgorithms: int cal
159	773	0.0000000000	0.0000000000	0	0.0000000000		0.0000000000		0.0000000000		0.0000000000		java.lang.String lastDayOfMonth	if days != -1 goto $stack4 = newarray (java.lang.Object)[3]
160	774	0.0000000000	0.0000000000	0	0.0000000000		0.0000000000		0.0000000000		0.0000000000		java.lang.String lastDayOfMonth	"return ""(invalid)"""
161	663	0.0000000000	0.0000000000	0	0.0000000000		0.0000000000		0.0000000000		0.0000000000		java.lang.String month2MonAbbr	"return ""(invalid)"""
162	645	0.0000000000	0.0000000000	0	0.0000000000		0.0000000000		0.0000000000		0.0000000000		java.lang.String month2MonAbbr	"return ""Apr"""
163	653	0.0000000000	0.0000000000	0	0.0000000000		0.0000000000		0.0000000000		0.0000000000		java.lang.String month2MonAbbr	"return ""Aug"""
164	661	0.0000000000	0.0000000000	0	0.0000000000		0.0000000000		0.0000000000		0.0000000000		java.lang.String month2MonAbbr	"return ""Dec"""
165	641	0.0000000000	0.0000000000	0	0.0000000000		0.0000000000		0.0000000000		0.0000000000		java.lang.String month2MonAbbr	"return ""Feb"""
166	639	0.0000000000	0.0000000000	0	0.0000000000		0.0000000000		0.0000000000		0.0000000000		java.lang.String month2MonAbbr	"return ""Jan"""
167	651	0.0000000000	0.0000000000	0	0.0000000000		0.0000000000		0.0000000000		0.0000000000		java.lang.String month2MonAbbr	"return ""Jul"""
168	649	0.0000000000	0.0000000000	0	0.0000000000		0.0000000000		0.0000000000		0.0000000000		java.lang.String month2MonAbbr	"return ""Jun"""
169	643	0.0000000000	0.0000000000	0	0.0000000000		0.0000000000		0.0000000000		0.0000000000		java.lang.String month2MonAbbr	"return ""Mar"""
170	647	0.0000000000	0.0000000000	0	0.0000000000		0.0000000000		0.0000000000		0.0000000000		java.lang.String month2MonAbbr	"return ""May"""
171	659	0.0000000000	0.0000000000	0	0.0000000000		0.0000000000		0.0000000000		0.0000000000		java.lang.String month2MonAbbr	"return ""Nov"""
172	657	0.0000000000	0.0000000000	0	0.0000000000		0.0000000000		0.0000000000		0.0000000000		java.lang.String month2MonAbbr	"return ""Oct"""
173	655	0.0000000000	0.0000000000	0	0.0000000000		0.0000000000		0.0000000000		0.0000000000		java.lang.String month2MonAbbr	"return ""Sep"""
174	637	0.0000000000	0.0000000000	0	0.0000000000		0.0000000000		0.0000000000		0.0000000000		java.lang.String month2MonAbbr	"tableswitch(month) {     case 1: goto return ""Jan"";     case 2: goto return ""Feb"
175	516	0.0000000000	0.0000000000	0	0.0000000000		0.0000000000		0.0000000000		0.0000000000		java.lang.String roundSecondToString	$stack10 = second cmp 60L | $stack5 = (double) second | $stack6 = $stack5 cmpl 3.1536E7
176	534	0.0000000000	0.0000000000	0	0.0000000000		0.0000000000		0.0000000000		0.0000000000		java.lang.String roundSecondToString	"$stack11 = staticinvoke <java.lang.Math: long round(double)>(converted) | $stack12 = dynamicinvoke ""makeConcatWithConstants"" <java.lang.String (long,java. | return $stack12"
177	529	0.0000000000	0.0000000000	0	0.0000000000		0.0000000000		0.0000000000		0.0000000000		java.lang.String roundSecondToString	$stack13 = (double) second | converted = $stack13 / 60.0
178	526	0.0000000000	0.0000000000	0	0.0000000000		0.0000000000		0.0000000000		0.0000000000		java.lang.String roundSecondToString	$stack16 = (double) second | $stack17 = $stack16 / 60.0 | converted = $stack17 / 60.0
179	523	0.0000000000	0.0000000000	0	0.0000000000		0.0000000000		0.0000000000		0.0000000000		java.lang.String roundSecondToString	$stack18 = (double) second | $stack19 = $stack18 / 24.0 | $stack20 = $stack19 / 60.0
180	520	0.0000000000	0.0000000000	0	0.0000000000		0.0000000000		0.0000000000		0.0000000000		java.lang.String roundSecondToString	$stack21 = (double) second | $stack22 = $stack21 / 7.0 | $stack23 = $stack22 / 24.0
181	517	0.0000000000	0.0000000000	0	0.0000000000		0.0000000000		0.0000000000		0.0000000000		java.lang.String roundSecondToString	$stack25 = (double) second | $stack26 = $stack25 / 365.0 | $stack27 = $stack26 / 24.0
182	519	0.0000000000	0.0000000000	0	0.0000000000		0.0000000000		0.0000000000		0.0000000000		java.lang.String roundSecondToString	goto [?= $stack11 = staticinvoke <java.lang.Math: long round(double)>(converted)
183	522	0.0000000000	0.0000000000	0	0.0000000000		0.0000000000		0.0000000000		0.0000000000		java.lang.String roundSecondToString	goto [?= $stack11 = staticinvoke <java.lang.Math: long round(double)>(converted)
184	525	0.0000000000	0.0000000000	0	0.0000000000		0.0000000000		0.0000000000		0.0000000000		java.lang.String roundSecondToString	goto [?= $stack11 = staticinvoke <java.lang.Math: long round(double)>(converted)
185	528	0.0000000000	0.0000000000	0	0.0000000000		0.0000000000		0.0000000000		0.0000000000		java.lang.String roundSecondToString	goto [?= $stack11 = staticinvoke <java.lang.Math: long round(double)>(converted)
186	531	0.0000000000	0.0000000000	0	0.0000000000		0.0000000000		0.0000000000		0.0000000000		java.lang.String roundSecondToString	goto [?= $stack11 = staticinvoke <java.lang.Math: long round(double)>(converted)
187	524	0.0000000000	0.0000000000	0	0.0000000000		0.0000000000		0.0000000000		0.0000000000		java.lang.String roundSecondToString	"type = ""D"""
188	527	0.0000000000	0.0000000000	0	0.0000000000		0.0000000000		0.0000000000		0.0000000000		java.lang.String roundSecondToString	"type = ""H"""
189	530	0.0000000000	0.0000000000	0	0.0000000000		0.0000000000		0.0000000000		0.0000000000		java.lang.String roundSecondToString	"type = ""M"""
190	532	0.0000000000	0.0000000000	0	0.0000000000		0.0000000000		0.0000000000		0.0000000000		java.lang.String roundSecondToString	"type = ""S"""
191	521	0.0000000000	0.0000000000	0	0.0000000000		0.0000000000		0.0000000000		0.0000000000		java.lang.String roundSecondToString	"type = ""W"""
192	518	0.0000000000	0.0000000000	0	0.0000000000		0.0000000000		0.0000000000		0.0000000000		java.lang.String roundSecondToString	"type = ""Y"""
193	732	0.0000000000	0.0000000000	0	0.0000000000		0.0000000000		0.0000000000		0.0000000000		java.util.List listDatesBetween	$stack10 = new java.util.ArrayList | result = $stack10 | specialinvoke $stack10.<java.util.ArrayList: void <init>()>()
194	733	0.0000000000	0.0000000000	0	0.0000000000		0.0000000000		0.0000000000		0.0000000000		java.util.List listDatesBetween	$stack11 = staticinvoke <comp5111.assignment.cut.Subject$DateTimeAlgorithms: boo | $stack12 = staticinvoke <comp5111.assignment.cut.Subject$DateTimeAlgorithms: boo | if $stack11 == 0 goto return result
195	737	0.0000000000	0.0000000000	0	0.0000000000		0.0000000000		0.0000000000		0.0000000000		java.util.List listDatesBetween	$stack15 = month1 - 1 | virtualinvoke cal1.<java.util.Calendar: void set(int,int,int,int,int,int)>(year1
196	739	0.0000000000	0.0000000000	0	0.0000000000		0.0000000000		0.0000000000		0.0000000000		java.util.List listDatesBetween	$stack16 = month2 - 1 | virtualinvoke cal2.<java.util.Calendar: void set(int,int,int,int,int,int)>(year2
197	741	0.0000000000	0.0000000000	0	0.0000000000		0.0000000000		0.0000000000		0.0000000000		java.util.List listDatesBetween	$stack17 = virtualinvoke cal1.<java.util.Calendar: boolean after(java.lang.Objec | if $stack17 == 0 goto $stack18 = new java.text.SimpleDateFormat
198	743	0.0000000000	0.0000000000	0	0.0000000000		0.0000000000		0.0000000000		0.0000000000		java.util.List listDatesBetween	$stack18 = new java.text.SimpleDateFormat | sdf = $stack18 | specialinvoke $stack18.<java.text.SimpleDateFormat: void <init>(java.lang.String
199	744	0.0000000000	0.0000000000	0	0.0000000000		0.0000000000		0.0000000000		0.0000000000		java.util.List listDatesBetween	$stack19 = virtualinvoke cal1.<java.util.Calendar: boolean after(java.lang.Objec | goto [?= $stack19 = virtualinvoke cal1.<java.util.Calendar: boolean after(java.l | if $stack19 == 0 goto staticinvoke <comp5111.assignment.CoverageRuntime: void hi
200	745	0.0000000000	0.0000000000	0	0.0000000000		0.0000000000		0.0000000000		0.0000000000		java.util.List listDatesBetween	$stack20 = virtualinvoke cal1.<java.util.Calendar: java.util.Date getTime()>() | $stack21 = virtualinvoke sdf.<java.text.SimpleDateFormat: java.lang.String forma | interfaceinvoke result.<java.util.List: boolean add(java.lang.Object)>($stack21)
201	735	0.0000000000	0.0000000000	0	0.0000000000		0.0000000000		0.0000000000		0.0000000000		java.util.List listDatesBetween	cal1 = staticinvoke <java.util.Calendar: java.util.Calendar getInstance()>()
202	736	0.0000000000	0.0000000000	0	0.0000000000		0.0000000000		0.0000000000		0.0000000000		java.util.List listDatesBetween	cal2 = staticinvoke <java.util.Calendar: java.util.Calendar getInstance()>()
203	734	0.0000000000	0.0000000000	0	0.0000000000		0.0000000000		0.0000000000		0.0000000000		java.util.List listDatesBetween	return result
204	742	0.0000000000	0.0000000000	0	0.0000000000		0.0000000000		0.0000000000		0.0000000000		java.util.List listDatesBetween	return result
205	748	0.0000000000	0.0000000000	0	0.0000000000		0.0000000000		0.0000000000		0.0000000000		java.util.List listDatesBetween	return result
206	746	0.0000000000	0.0000000000	0	0.0000000000		0.0000000000		0.0000000000		0.0000000000		java.util.List listDatesBetween	virtualinvoke cal1.<java.util.Calendar: void add(int,int)>(5, 1)
207	738	0.0000000000	0.0000000000	0	0.0000000000		0.0000000000		0.0000000000		0.0000000000		java.util.List listDatesBetween	virtualinvoke cal1.<java.util.Calendar: void set(int,int)>(14, 0)
208	740	0.0000000000	0.0000000000	0	0.0000000000		0.0000000000		0.0000000000		0.0000000000		java.util.List listDatesBetween	virtualinvoke cal2.<java.util.Calendar: void set(int,int)>(14, 0)
209	429	0.0000000000	0.0000000000	0	0.0000000000		0.0000000000		0.0000000000		0.0000000000		void <init>	return | specialinvoke this.<java.lang.Object: void <init>()>()
210	1281	0.0000000000	0.0000000000	0	0.0000000000		0.0000000000		0.0000000000		0.0000000000		boolean isBoardFull	$stack12 = this.<comp5111.assignment.cut.Subject$GameConfiguration: comp5111.ass | $stack13 = virtualinvoke $stack12.<comp5111.assignment.cut.Subject$GamePlace: in | $stack5 = this.<comp5111.assignment.cut.Subject$GameConfiguration: comp5111.assi
211	1279	0.0000000000	0.0000000000	0	0.0000000000		0.0000000000		0.0000000000		0.0000000000		boolean isBoardFull	$stack3 = this.<comp5111.assignment.cut.Subject$GameConfiguration: int size> | goto [?= $stack3 = this.<comp5111.assignment.cut.Subject$GameConfiguration: int  | if x < $stack3 goto staticinvoke <comp5111.assignment.CoverageRuntime: void hit(
212	1280	0.0000000000	0.0000000000	0	0.0000000000		0.0000000000		0.0000000000		0.0000000000		boolean isBoardFull	$stack4 = this.<comp5111.assignment.cut.Subject$GameConfiguration: int size> | goto [?= $stack4 = this.<comp5111.assignment.cut.Subject$GameConfiguration: int  | if y < $stack4 goto staticinvoke <comp5111.assignment.CoverageRuntime: void hit(
213	1282	0.0000000000	0.0000000000	0	0.0000000000		0.0000000000		0.0000000000		0.0000000000		boolean isBoardFull	return 0
214	1286	0.0000000000	0.0000000000	0	0.0000000000		0.0000000000		0.0000000000		0.0000000000		boolean isBoardFull	return 1
215	1244	0.0000000000	0.0000000000	0	0.0000000000		0.0000000000		0.0000000000		0.0000000000		boolean isBoardSymmetric	$stack10 = $stack9[y] | $stack9 = this.<comp5111.assignment.cut.Subject$GameConfiguration: comp5111.assi | b = $stack10[x]
216	1247	0.0000000000	0.0000000000	0	0.0000000000		0.0000000000		0.0000000000		0.0000000000		boolean isBoardSymmetric	$stack13 = virtualinvoke a.<comp5111.assignment.cut.Subject$GamePlayer: boolean  | if $stack13 != 0 goto y = y + 1 | if a == null goto y = y + 1
217	1241	0.0000000000	0.0000000000	0	0.0000000000		0.0000000000		0.0000000000		0.0000000000		boolean isBoardSymmetric	$stack5 = this.<comp5111.assignment.cut.Subject$GameConfiguration: int size> | goto [?= $stack5 = this.<comp5111.assignment.cut.Subject$GameConfiguration: int  | if x < $stack5 goto staticinvoke <comp5111.assignment.CoverageRuntime: void hit(
218	1242	0.0000000000	0.0000000000	0	0.0000000000		0.0000000000		0.0000000000		0.0000000000		boolean isBoardSymmetric	$stack6 = this.<comp5111.assignment.cut.Subject$GameConfiguration: int size> | goto [?= $stack6 = this.<comp5111.assignment.cut.Subject$GameConfiguration: int  | if y < $stack6 goto staticinvoke <comp5111.assignment.CoverageRuntime: void hit(
219	1243	0.0000000000	0.0000000000	0	0.0000000000		0.0000000000		0.0000000000		0.0000000000		boolean isBoardSymmetric	$stack7 = this.<comp5111.assignment.cut.Subject$GameConfiguration: comp5111.assi | $stack8 = $stack7[x] | a = $stack8[y]
220	1245	0.0000000000	0.0000000000	0	0.0000000000		0.0000000000		0.0000000000		0.0000000000		boolean isBoardSymmetric	if a != null goto (branch) | if b == null goto (branch)
221	1246	0.0000000000	0.0000000000	0	0.0000000000		0.0000000000		0.0000000000		0.0000000000		boolean isBoardSymmetric	return 0
222	1248	0.0000000000	0.0000000000	0	0.0000000000		0.0000000000		0.0000000000		0.0000000000		boolean isBoardSymmetric	return 0
223	1251	0.0000000000	0.0000000000	0	0.0000000000		0.0000000000		0.0000000000		0.0000000000		boolean isBoardSymmetric	return 1
224	1209	0.0000000000	0.0000000000	0	0.0000000000		0.0000000000		0.0000000000		0.0000000000		boolean isOccupied	$stack10 = virtualinvoke place.<comp5111.assignment.cut.Subject$GamePlace: int x | $stack11 = $stack9[$stack10] | $stack12 = virtualinvoke place.<comp5111.assignment.cut.Subject$GamePlace: int y
225	1206	0.0000000000	0.0000000000	0	0.0000000000		0.0000000000		0.0000000000		0.0000000000		boolean isOccupied	$stack2 = virtualinvoke place.<comp5111.assignment.cut.Subject$GamePlace: int x( | $stack3 = virtualinvoke place.<comp5111.assignment.cut.Subject$GamePlace: int x( | $stack4 = this.<comp5111.assignment.cut.Subject$GameConfiguration: int size>
226	1207	0.0000000000	0.0000000000	0	0.0000000000		0.0000000000		0.0000000000		0.0000000000		boolean isOccupied	return 1
227	1106	0.0000000000	0.0000000000	0	0.0000000000		0.0000000000		0.0000000000		0.0000000000		comp5111.assignment.cut.Subject$GameConfiguration clone	$stack10 = $stack9[i] | $stack11 = cloned.<comp5111.assignment.cut.Subject$GameConfiguration: comp5111.a | $stack11[i] = $stack12
228	1108	0.0000000000	0.0000000000	0	0.0000000000		0.0000000000		0.0000000000		0.0000000000		comp5111.assignment.cut.Subject$GameConfiguration clone	$stack15 = this.<comp5111.assignment.cut.Subject$GameConfiguration: comp5111.ass | $stack16 = virtualinvoke $stack15.<java.lang.Object: java.lang.Object clone()>() | $stack17 = (comp5111.assignment.cut.Subject$GamePlayer[][]) $stack16
229	1109	0.0000000000	0.0000000000	0	0.0000000000		0.0000000000		0.0000000000		0.0000000000		comp5111.assignment.cut.Subject$GameConfiguration clone	$stack18 = this.<comp5111.assignment.cut.Subject$GameConfiguration: int size> | goto [?= $stack18 = this.<comp5111.assignment.cut.Subject$GameConfiguration: int | i = 0
230	1110	0.0000000000	0.0000000000	0	0.0000000000		0.0000000000		0.0000000000		0.0000000000		comp5111.assignment.cut.Subject$GameConfiguration clone	$stack19 = this.<comp5111.assignment.cut.Subject$GameConfiguration: comp5111.ass | $stack20 = $stack19[i] | $stack21 = cloned.<comp5111.assignment.cut.Subject$GameConfiguration: comp5111.a
231	1111	0.0000000000	0.0000000000	0	0.0000000000		0.0000000000		0.0000000000		0.0000000000		comp5111.assignment.cut.Subject$GameConfiguration clone	$stack24 = this.<comp5111.assignment.cut.Subject$GameConfiguration: comp5111.ass | $stack25 = cloned.<comp5111.assignment.cut.Subject$GameConfiguration: comp5111.a | $stack26 = this.<comp5111.assignment.cut.Subject$GameConfiguration: int size>
232	1103	0.0000000000	0.0000000000	0	0.0000000000		0.0000000000		0.0000000000		0.0000000000		comp5111.assignment.cut.Subject$GameConfiguration clone	$stack3 = specialinvoke this.<java.lang.Object: java.lang.Object clone()>() | cloned = (comp5111.assignment.cut.Subject$GameConfiguration) $stack3
233	1113	0.0000000000	0.0000000000	0	0.0000000000		0.0000000000		0.0000000000		0.0000000000		comp5111.assignment.cut.Subject$GameConfiguration clone	$stack31 = this.<comp5111.assignment.cut.Subject$GameConfiguration: comp5111.ass | $stack32 = virtualinvoke $stack31.<comp5111.assignment.cut.Subject$GamePlace: co | cloned.<comp5111.assignment.cut.Subject$GameConfiguration: comp5111.assignment.c
234	1104	0.0000000000	0.0000000000	0	0.0000000000		0.0000000000		0.0000000000		0.0000000000		comp5111.assignment.cut.Subject$GameConfiguration clone	$stack4 = this.<comp5111.assignment.cut.Subject$GameConfiguration: comp5111.assi | $stack5 = virtualinvoke $stack4.<java.lang.Object: java.lang.Object clone()>() | $stack6 = (comp5111.assignment.cut.Subject$GamePlayer[]) $stack5
235	1105	0.0000000000	0.0000000000	0	0.0000000000		0.0000000000		0.0000000000		0.0000000000		comp5111.assignment.cut.Subject$GameConfiguration clone	$stack7 = this.<comp5111.assignment.cut.Subject$GameConfiguration: comp5111.assi | $stack8 = lengthof $stack7 | goto [?= $stack7 = this.<comp5111.assignment.cut.Subject$GameConfiguration: comp
236	1114	0.0000000000	0.0000000000	0	0.0000000000		0.0000000000		0.0000000000		0.0000000000		comp5111.assignment.cut.Subject$GameConfiguration clone	return cloned
237	1158	0.0000000000	0.0000000000	0	0.0000000000		0.0000000000		0.0000000000		0.0000000000		comp5111.assignment.cut.Subject$GamePlayer getPlayerAt	$stack10 = this.<comp5111.assignment.cut.Subject$GameConfiguration: comp5111.ass | $stack11 = virtualinvoke place.<comp5111.assignment.cut.Subject$GamePlace: int x | $stack12 = $stack10[$stack11]
238	1155	0.0000000000	0.0000000000	0	0.0000000000		0.0000000000		0.0000000000		0.0000000000		comp5111.assignment.cut.Subject$GamePlayer getPlayerAt	$stack2 = virtualinvoke place.<comp5111.assignment.cut.Subject$GamePlace: int x( | $stack4 = virtualinvoke place.<comp5111.assignment.cut.Subject$GamePlace: int x( | $stack5 = this.<comp5111.assignment.cut.Subject$GameConfiguration: int size>
239	1156	0.0000000000	0.0000000000	0	0.0000000000		0.0000000000		0.0000000000		0.0000000000		comp5111.assignment.cut.Subject$GamePlayer getPlayerAt	$stack3 = new java.lang.IllegalArgumentException | specialinvoke $stack3.<java.lang.IllegalArgumentException: void <init>(java.lang | throw $stack3
240	1132	0.0000000000	0.0000000000	0	0.0000000000		0.0000000000		0.0000000000		0.0000000000		comp5111.assignment.cut.Subject$GamePlayer[] getPlayers	$stack1 = this.<comp5111.assignment.cut.Subject$GameConfiguration: comp5111.assi | $stack2 = virtualinvoke $stack1.<java.lang.Object: java.lang.Object clone()>() | $stack3 = (comp5111.assignment.cut.Subject$GamePlayer[]) $stack2
241	1141	0.0000000000	0.0000000000	0	0.0000000000		0.0000000000		0.0000000000		0.0000000000		comp5111.assignment.cut.Subject$GamePlayer[][] getInitialBoard	$stack3 = this.<comp5111.assignment.cut.Subject$GameConfiguration: int size> | $stack4 = this.<comp5111.assignment.cut.Subject$GameConfiguration: int size> | copy = newmultiarray (comp5111.assignment.cut.Subject$GamePlayer)[$stack4][$stac
242	1142	0.0000000000	0.0000000000	0	0.0000000000		0.0000000000		0.0000000000		0.0000000000		comp5111.assignment.cut.Subject$GamePlayer[][] getInitialBoard	$stack5 = this.<comp5111.assignment.cut.Subject$GameConfiguration: int size> | goto [?= $stack5 = this.<comp5111.assignment.cut.Subject$GameConfiguration: int  | if x < $stack5 goto staticinvoke <comp5111.assignment.CoverageRuntime: void hit(
243	1143	0.0000000000	0.0000000000	0	0.0000000000		0.0000000000		0.0000000000		0.0000000000		comp5111.assignment.cut.Subject$GamePlayer[][] getInitialBoard	$stack6 = this.<comp5111.assignment.cut.Subject$GameConfiguration: comp5111.assi | $stack7 = this.<comp5111.assignment.cut.Subject$GameConfiguration: int size> | $stack8 = copy[x]
244	1145	0.0000000000	0.0000000000	0	0.0000000000		0.0000000000		0.0000000000		0.0000000000		comp5111.assignment.cut.Subject$GamePlayer[][] getInitialBoard	return copy
245	1123	0.0000000000	0.0000000000	0	0.0000000000		0.0000000000		0.0000000000		0.0000000000		int getSize	$stack1 = this.<comp5111.assignment.cut.Subject$GameConfiguration: int size> | return $stack1
246	1224	0.0000000000	0.0000000000	0	0.0000000000		0.0000000000		0.0000000000		0.0000000000		int[] countPiecesPerPlayer	$stack11 = this.<comp5111.assignment.cut.Subject$GameConfiguration: comp5111.ass | $stack12 = $stack11[0] | $stack13 = virtualinvoke p.<comp5111.assignment.cut.Subject$GamePlayer: boolean 
247	1227	0.0000000000	0.0000000000	0	0.0000000000		0.0000000000		0.0000000000		0.0000000000		int[] countPiecesPerPlayer	$stack17 = counts[1] | $stack18 = $stack17 + 1 | counts[1] = $stack18
248	1225	0.0000000000	0.0000000000	0	0.0000000000		0.0000000000		0.0000000000		0.0000000000		int[] countPiecesPerPlayer	$stack19 = counts[0] | $stack20 = $stack19 + 1 | counts[0] = $stack20
249	1220	0.0000000000	0.0000000000	0	0.0000000000		0.0000000000		0.0000000000		0.0000000000		int[] countPiecesPerPlayer	$stack5 = this.<comp5111.assignment.cut.Subject$GameConfiguration: int size> | goto [?= $stack5 = this.<comp5111.assignment.cut.Subject$GameConfiguration: int  | if x < $stack5 goto staticinvoke <comp5111.assignment.CoverageRuntime: void hit(
250	1221	0.0000000000	0.0000000000	0	0.0000000000		0.0000000000		0.0000000000		0.0000000000		int[] countPiecesPerPlayer	$stack6 = this.<comp5111.assignment.cut.Subject$GameConfiguration: int size> | goto [?= $stack6 = this.<comp5111.assignment.cut.Subject$GameConfiguration: int  | if y < $stack6 goto staticinvoke <comp5111.assignment.CoverageRuntime: void hit(
251	1222	0.0000000000	0.0000000000	0	0.0000000000		0.0000000000		0.0000000000		0.0000000000		int[] countPiecesPerPlayer	$stack7 = this.<comp5111.assignment.cut.Subject$GameConfiguration: comp5111.assi | $stack8 = $stack7[x] | p = $stack8[y]
252	1219	0.0000000000	0.0000000000	0	0.0000000000		0.0000000000		0.0000000000		0.0000000000		int[] countPiecesPerPlayer	counts = newarray (int)[2]
253	1226	0.0000000000	0.0000000000	0	0.0000000000		0.0000000000		0.0000000000		0.0000000000		int[] countPiecesPerPlayer	goto [?= y = y + 1]
254	1223	0.0000000000	0.0000000000	0	0.0000000000		0.0000000000		0.0000000000		0.0000000000		int[] countPiecesPerPlayer	if p == null goto y = y + 1
255	1232	0.0000000000	0.0000000000	0	0.0000000000		0.0000000000		0.0000000000		0.0000000000		int[] countPiecesPerPlayer	return counts
256	1	0.0000000000	0.0000000000	0	0.0000000000		0.0000000000		0.0000000000		0.0000000000		java.lang.Object clone	$stack1 = virtualinvoke l0.<comp5111.assignment.cut.Subject$GameConfiguration: c | $stack1 = virtualinvoke l0.<comp5111.assignment.cut.Subject$GamePlace: comp5111. | return $stack1
257	1170	0.0000000000	0.0000000000	0	0.0000000000		0.0000000000		0.0000000000		0.0000000000		java.lang.String toString	$stack10 = this.<comp5111.assignment.cut.Subject$GameConfiguration: int size> | goto [?= $stack10 = this.<comp5111.assignment.cut.Subject$GameConfiguration: int | if y < $stack10 goto staticinvoke <comp5111.assignment.CoverageRuntime: void hit
258	1171	0.0000000000	0.0000000000	0	0.0000000000		0.0000000000		0.0000000000		0.0000000000		java.lang.String toString	$stack11 = this.<comp5111.assignment.cut.Subject$GameConfiguration: int size> | goto [?= $stack11 = this.<comp5111.assignment.cut.Subject$GameConfiguration: int | if x < $stack11 goto staticinvoke <comp5111.assignment.CoverageRuntime: void hit
259	1172	0.0000000000	0.0000000000	0	0.0000000000		0.0000000000		0.0000000000		0.0000000000		java.lang.String toString	$stack12 = this.<comp5111.assignment.cut.Subject$GameConfiguration: comp5111.ass | $stack13 = $stack12[x] | p = $stack13[y]
260	1174	0.0000000000	0.0000000000	0	0.0000000000		0.0000000000		0.0000000000		0.0000000000		java.lang.String toString	$stack15 = this.<comp5111.assignment.cut.Subject$GameConfiguration: int size> | $stack16 = $stack15 - 1 | if x >= $stack16 goto x = x + 1
261	1173	0.0000000000	0.0000000000	0	0.0000000000		0.0000000000		0.0000000000		0.0000000000		java.lang.String toString	"$stack20 = ""."" | $stack20 = ""P"" | goto [?= virtualinvoke sb.<java.lang.StringBuilder: java.lang.StringBuilder appe"
262	1179	0.0000000000	0.0000000000	0	0.0000000000		0.0000000000		0.0000000000		0.0000000000		java.lang.String toString	$stack28 = virtualinvoke sb.<java.lang.StringBuilder: java.lang.String toString( | return $stack28
263	1168	0.0000000000	0.0000000000	0	0.0000000000		0.0000000000		0.0000000000		0.0000000000		java.lang.String toString	$stack5 = new java.lang.StringBuilder | sb = $stack5 | specialinvoke $stack5.<java.lang.StringBuilder: void <init>()>()
264	1169	0.0000000000	0.0000000000	0	0.0000000000		0.0000000000		0.0000000000		0.0000000000		java.lang.String toString	$stack6 = virtualinvoke sb.<java.lang.StringBuilder: java.lang.StringBuilder app | $stack7 = this.<comp5111.assignment.cut.Subject$GameConfiguration: int size> | $stack8 = virtualinvoke $stack6.<java.lang.StringBuilder: java.lang.StringBuilde
265	1175	0.0000000000	0.0000000000	0	0.0000000000		0.0000000000		0.0000000000		0.0000000000		java.lang.String toString	virtualinvoke sb.<java.lang.StringBuilder: java.lang.StringBuilder append(java.l
266	1177	0.0000000000	0.0000000000	0	0.0000000000		0.0000000000		0.0000000000		0.0000000000		java.lang.String toString	virtualinvoke sb.<java.lang.StringBuilder: java.lang.StringBuilder append(java.l
267	1191	0.0000000000	0.0000000000	0	0.0000000000		0.0000000000		0.0000000000		0.0000000000		java.util.List getEmptyPlaces	$stack12 = this.<comp5111.assignment.cut.Subject$GameConfiguration: comp5111.ass | $stack13 = virtualinvoke $stack12.<comp5111.assignment.cut.Subject$GamePlace: in | $stack17 = this.<comp5111.assignment.cut.Subject$GameConfiguration: comp5111.ass
268	1192	0.0000000000	0.0000000000	0	0.0000000000		0.0000000000		0.0000000000		0.0000000000		java.util.List getEmptyPlaces	$stack14 = new comp5111.assignment.cut.Subject$GamePlace | $stack15 = this.<comp5111.assignment.cut.Subject$GameConfiguration: comp5111.ass | interfaceinvoke emptyPlaces.<java.util.List: boolean add(java.lang.Object)>($sta
269	1188	0.0000000000	0.0000000000	0	0.0000000000		0.0000000000		0.0000000000		0.0000000000		java.util.List getEmptyPlaces	$stack4 = new java.util.ArrayList | emptyPlaces = $stack4 | specialinvoke $stack4.<java.util.ArrayList: void <init>()>()
270	1189	0.0000000000	0.0000000000	0	0.0000000000		0.0000000000		0.0000000000		0.0000000000		java.util.List getEmptyPlaces	$stack5 = this.<comp5111.assignment.cut.Subject$GameConfiguration: int size> | goto [?= $stack5 = this.<comp5111.assignment.cut.Subject$GameConfiguration: int  | if x < $stack5 goto staticinvoke <comp5111.assignment.CoverageRuntime: void hit(
271	1190	0.0000000000	0.0000000000	0	0.0000000000		0.0000000000		0.0000000000		0.0000000000		java.util.List getEmptyPlaces	$stack6 = this.<comp5111.assignment.cut.Subject$GameConfiguration: int size> | goto [?= $stack6 = this.<comp5111.assignment.cut.Subject$GameConfiguration: int  | if y < $stack6 goto staticinvoke <comp5111.assignment.CoverageRuntime: void hit(
272	1196	0.0000000000	0.0000000000	0	0.0000000000		0.0000000000		0.0000000000		0.0000000000		java.util.List getEmptyPlaces	return emptyPlaces
273	1264	0.0000000000	0.0000000000	0	0.0000000000		0.0000000000		0.0000000000		0.0000000000		java.util.List getPlacesOfPlayer	$stack10 = $stack9[y] | $stack13 = this.<comp5111.assignment.cut.Subject$GameConfiguration: comp5111.ass | $stack14 = $stack13[x]
274	1265	0.0000000000	0.0000000000	0	0.0000000000		0.0000000000		0.0000000000		0.0000000000		java.util.List getPlacesOfPlayer	$stack17 = new comp5111.assignment.cut.Subject$GamePlace | $stack18 = this.<comp5111.assignment.cut.Subject$GameConfiguration: comp5111.ass | interfaceinvoke places.<java.util.List: boolean add(java.lang.Object)>($stack17)
275	1261	0.0000000000	0.0000000000	0	0.0000000000		0.0000000000		0.0000000000		0.0000000000		java.util.List getPlacesOfPlayer	$stack5 = new java.util.ArrayList | places = $stack5 | specialinvoke $stack5.<java.util.ArrayList: void <init>()>()
276	1262	0.0000000000	0.0000000000	0	0.0000000000		0.0000000000		0.0000000000		0.0000000000		java.util.List getPlacesOfPlayer	$stack6 = this.<comp5111.assignment.cut.Subject$GameConfiguration: int size> | goto [?= $stack6 = this.<comp5111.assignment.cut.Subject$GameConfiguration: int  | if x < $stack6 goto staticinvoke <comp5111.assignment.CoverageRuntime: void hit(
277	1263	0.0000000000	0.0000000000	0	0.0000000000		0.0000000000		0.0000000000		0.0000000000		java.util.List getPlacesOfPlayer	$stack7 = this.<comp5111.assignment.cut.Subject$GameConfiguration: int size> | goto [?= $stack7 = this.<comp5111.assignment.cut.Subject$GameConfiguration: int  | if y < $stack7 goto staticinvoke <comp5111.assignment.CoverageRuntime: void hit(
278	1269	0.0000000000	0.0000000000	0	0.0000000000		0.0000000000		0.0000000000		0.0000000000		java.util.List getPlacesOfPlayer	return places
279	1037	0.0000000000	0.0000000000	0	0.0000000000		0.0000000000		0.0000000000		0.0000000000		void <init>	$stack3 = newarray (comp5111.assignment.cut.Subject$GamePlayer)[2] | $stack3[0] = $stack4 | $stack3[1] = $stack6
280	1038	0.0000000000	0.0000000000	0	0.0000000000		0.0000000000		0.0000000000		0.0000000000		void <init>	return
281	1068	0.0000000000	0.0000000000	0	0.0000000000		0.0000000000		0.0000000000		0.0000000000		void <init>	$stack10 = this.<comp5111.assignment.cut.Subject$GameConfiguration: comp5111.ass | $stack10[x] = $stack9 | $stack9 = newarray (comp5111.assignment.cut.Subject$GamePlayer)[size]
282	1070	0.0000000000	0.0000000000	0	0.0000000000		0.0000000000		0.0000000000		0.0000000000		void <init>	$stack11 = this.<comp5111.assignment.cut.Subject$GameConfiguration: comp5111.ass | $stack12 = $stack11[x] | $stack12[y] = null
283	1074	0.0000000000	0.0000000000	0	0.0000000000		0.0000000000		0.0000000000		0.0000000000		void <init>	$stack17 = new comp5111.assignment.cut.Subject$GamePlace | $stack18 = size / 2 | $stack19 = size / 2
284	1062	0.0000000000	0.0000000000	0	0.0000000000		0.0000000000		0.0000000000		0.0000000000		void <init>	$stack20 = new java.lang.IllegalArgumentException | specialinvoke $stack20.<java.lang.IllegalArgumentException: void <init>(java.lan | throw $stack20
285	1056	0.0000000000	0.0000000000	0	0.0000000000		0.0000000000		0.0000000000		0.0000000000		void <init>	$stack21 = new java.lang.IllegalArgumentException | specialinvoke $stack21.<java.lang.IllegalArgumentException: void <init>(java.lan | throw $stack21
286	1053	0.0000000000	0.0000000000	0	0.0000000000		0.0000000000		0.0000000000		0.0000000000		void <init>	$stack22 = new java.lang.IllegalArgumentException | specialinvoke $stack22.<java.lang.IllegalArgumentException: void <init>(java.lan | throw $stack22
287	1050	0.0000000000	0.0000000000	0	0.0000000000		0.0000000000		0.0000000000		0.0000000000		void <init>	$stack23 = new java.lang.IllegalArgumentException | specialinvoke $stack23.<java.lang.IllegalArgumentException: void <init>(java.lan | throw $stack23
288	1052	0.0000000000	0.0000000000	0	0.0000000000		0.0000000000		0.0000000000		0.0000000000		void <init>	$stack6 = size % 2 | if $stack6 == 1 goto (branch)
289	1061	0.0000000000	0.0000000000	0	0.0000000000		0.0000000000		0.0000000000		0.0000000000		void <init>	$stack7 = lengthof players | if $stack7 == 2 goto $stack8 = newarray (comp5111.assignment.cut.Subject$GamePla
290	1066	0.0000000000	0.0000000000	0	0.0000000000		0.0000000000		0.0000000000		0.0000000000		void <init>	$stack8 = newarray (comp5111.assignment.cut.Subject$GamePlayer[])[size] | this.<comp5111.assignment.cut.Subject$GameConfiguration: comp5111.assignment.cut
291	1067	0.0000000000	0.0000000000	0	0.0000000000		0.0000000000		0.0000000000		0.0000000000		void <init>	goto [?= (branch)] | if x < size goto staticinvoke <comp5111.assignment.CoverageRuntime: void hit(jav | x = 0
292	1069	0.0000000000	0.0000000000	0	0.0000000000		0.0000000000		0.0000000000		0.0000000000		void <init>	goto [?= (branch)] | if y < size goto staticinvoke <comp5111.assignment.CoverageRuntime: void hit(jav | y = 0
293	1055	0.0000000000	0.0000000000	0	0.0000000000		0.0000000000		0.0000000000		0.0000000000		void <init>	if size <= 25 goto this.<comp5111.assignment.cut.Subject$GameConfiguration: int 
294	1049	0.0000000000	0.0000000000	0	0.0000000000		0.0000000000		0.0000000000		0.0000000000		void <init>	if size >= 3 goto $stack6 = size % 2
295	1075	0.0000000000	0.0000000000	0	0.0000000000		0.0000000000		0.0000000000		0.0000000000		void <init>	return
296	1047	0.0000000000	0.0000000000	0	0.0000000000		0.0000000000		0.0000000000		0.0000000000		void <init>	specialinvoke this.<java.lang.Object: void <init>()>() | this.<comp5111.assignment.cut.Subject$GameConfiguration: comp5111.assignment.cut
297	1060	0.0000000000	0.0000000000	0	0.0000000000		0.0000000000		0.0000000000		0.0000000000		void <init>	this.<comp5111.assignment.cut.Subject$GameConfiguration: comp5111.assignment.cut
298	1058	0.0000000000	0.0000000000	0	0.0000000000		0.0000000000		0.0000000000		0.0000000000		void <init>	this.<comp5111.assignment.cut.Subject$GameConfiguration: int size> = size
299	1091	0.0000000000	0.0000000000	0	0.0000000000		0.0000000000		0.0000000000		0.0000000000		void addInitialPiece	"$stack10 = dynamicinvoke ""makeConcatWithConstants"" <java.lang.String (java.lang. | $stack8 = new java.lang.IllegalArgumentException | $stack9 = virtualinvoke place.<comp5111.assignment.cut.Subject$GamePlace: java.l"
300	1089	0.0000000000	0.0000000000	0	0.0000000000		0.0000000000		0.0000000000		0.0000000000		void addInitialPiece	$stack11 = virtualinvoke place.<comp5111.assignment.cut.Subject$GamePlace: int y | $stack12 = this.<comp5111.assignment.cut.Subject$GameConfiguration: int size> | $stack14 = virtualinvoke place.<comp5111.assignment.cut.Subject$GamePlace: int x
301	1093	0.0000000000	0.0000000000	0	0.0000000000		0.0000000000		0.0000000000		0.0000000000		void addInitialPiece	$stack16 = this.<comp5111.assignment.cut.Subject$GameConfiguration: comp5111.ass | $stack17 = virtualinvoke place.<comp5111.assignment.cut.Subject$GamePlace: boole | if $stack17 == 0 goto $stack18 = this.<comp5111.assignment.cut.Subject$GameConfi
302	1098	0.0000000000	0.0000000000	0	0.0000000000		0.0000000000		0.0000000000		0.0000000000		void addInitialPiece	$stack18 = this.<comp5111.assignment.cut.Subject$GameConfiguration: comp5111.ass | $stack19 = virtualinvoke place.<comp5111.assignment.cut.Subject$GamePlace: int x | $stack20 = $stack18[$stack19]
303	1094	0.0000000000	0.0000000000	0	0.0000000000		0.0000000000		0.0000000000		0.0000000000		void addInitialPiece	$stack22 = new java.lang.IllegalArgumentException | specialinvoke $stack22.<java.lang.IllegalArgumentException: void <init>(java.lan | throw $stack22
304	1086	0.0000000000	0.0000000000	0	0.0000000000		0.0000000000		0.0000000000		0.0000000000		void addInitialPiece	$stack23 = this.<comp5111.assignment.cut.Subject$GameConfiguration: comp5111.ass | $stack24 = $stack23[1] | $stack25 = virtualinvoke piece.<comp5111.assignment.cut.Subject$GamePlayer: bool
305	1087	0.0000000000	0.0000000000	0	0.0000000000		0.0000000000		0.0000000000		0.0000000000		void addInitialPiece	$stack28 = new java.lang.IllegalArgumentException | specialinvoke $stack28.<java.lang.IllegalArgumentException: void <init>(java.lan | throw $stack28
306	1099	0.0000000000	0.0000000000	0	0.0000000000		0.0000000000		0.0000000000		0.0000000000		void addInitialPiece	return
307	1294	0.0000000000	0.0000000000	0	0.0000000000		0.0000000000		0.0000000000		0.0000000000		void clearInitialBoard	$stack3 = this.<comp5111.assignment.cut.Subject$GameConfiguration: int size> | goto [?= $stack3 = this.<comp5111.assignment.cut.Subject$GameConfiguration: int  | if x < $stack3 goto staticinvoke <comp5111.assignment.CoverageRuntime: void hit(
308	1295	0.0000000000	0.0000000000	0	0.0000000000		0.0000000000		0.0000000000		0.0000000000		void clearInitialBoard	$stack4 = this.<comp5111.assignment.cut.Subject$GameConfiguration: int size> | goto [?= $stack4 = this.<comp5111.assignment.cut.Subject$GameConfiguration: int  | if y < $stack4 goto staticinvoke <comp5111.assignment.CoverageRuntime: void hit(
309	1296	0.0000000000	0.0000000000	0	0.0000000000		0.0000000000		0.0000000000		0.0000000000		void clearInitialBoard	$stack5 = this.<comp5111.assignment.cut.Subject$GameConfiguration: comp5111.assi | $stack6 = $stack5[x] | $stack6[y] = null
310	1299	0.0000000000	0.0000000000	0	0.0000000000		0.0000000000		0.0000000000		0.0000000000		void clearInitialBoard	return
311	958	0.0000000000	0.0000000000	0	0.0000000000		0.0000000000		0.0000000000		0.0000000000		boolean equals	$stack3 = virtualinvoke this.<java.lang.Object: java.lang.Class getClass()>() | $stack4 = virtualinvoke obj.<java.lang.Object: java.lang.Class getClass()>() | if $stack3 == $stack4 goto other = (comp5111.assignment.cut.Subject$GamePlace) o
312	961	0.0000000000	0.0000000000	0	0.0000000000		0.0000000000		0.0000000000		0.0000000000		boolean equals	$stack5 = other.<comp5111.assignment.cut.Subject$GamePlace: int x> | $stack6 = this.<comp5111.assignment.cut.Subject$GamePlace: int x> | $stack7 = other.<comp5111.assignment.cut.Subject$GamePlace: int y>
313	956	0.0000000000	0.0000000000	0	0.0000000000		0.0000000000		0.0000000000		0.0000000000		boolean equals	if this != obj goto (branch)
314	960	0.0000000000	0.0000000000	0	0.0000000000		0.0000000000		0.0000000000		0.0000000000		boolean equals	other = (comp5111.assignment.cut.Subject$GamePlace) obj
315	959	0.0000000000	0.0000000000	0	0.0000000000		0.0000000000		0.0000000000		0.0000000000		boolean equals	return 0
316	957	0.0000000000	0.0000000000	0	0.0000000000		0.0000000000		0.0000000000		0.0000000000		boolean equals	return 1
317	979	0.0000000000	0.0000000000	0	0.0000000000		0.0000000000		0.0000000000		0.0000000000		boolean isAdjacent	$stack10 = $stack9 - $stack8 | $stack8 = other.<comp5111.assignment.cut.Subject$GamePlace: int y> | $stack9 = this.<comp5111.assignment.cut.Subject$GamePlace: int y>
318	980	0.0000000000	0.0000000000	0	0.0000000000		0.0000000000		0.0000000000		0.0000000000		boolean isAdjacent	$stack12 = dx + dy | if $stack12 != 1 goto return 0 | return 0
319	978	0.0000000000	0.0000000000	0	0.0000000000		0.0000000000		0.0000000000		0.0000000000		boolean isAdjacent	$stack4 = other.<comp5111.assignment.cut.Subject$GamePlace: int x> | $stack5 = this.<comp5111.assignment.cut.Subject$GamePlace: int x> | $stack6 = $stack5 - $stack4
320	976	0.0000000000	0.0000000000	0	0.0000000000		0.0000000000		0.0000000000		0.0000000000		boolean isAdjacent	if other != null goto $stack5 = this.<comp5111.assignment.cut.Subject$GamePlace:
321	977	0.0000000000	0.0000000000	0	0.0000000000		0.0000000000		0.0000000000		0.0000000000		boolean isAdjacent	return 0
322	943	0.0000000000	0.0000000000	0	0.0000000000		0.0000000000		0.0000000000		0.0000000000		comp5111.assignment.cut.Subject$GamePlace clone	$stack2 = new comp5111.assignment.cut.Subject$GamePlace | $stack3 = this.<comp5111.assignment.cut.Subject$GamePlace: comp5111.assignment.c | cloned = $stack2
323	944	0.0000000000	0.0000000000	0	0.0000000000		0.0000000000		0.0000000000		0.0000000000		comp5111.assignment.cut.Subject$GamePlace clone	$stack4 = this.<comp5111.assignment.cut.Subject$GamePlace: int y> | cloned.<comp5111.assignment.cut.Subject$GamePlace: int y> = $stack4
324	945	0.0000000000	0.0000000000	0	0.0000000000		0.0000000000		0.0000000000		0.0000000000		comp5111.assignment.cut.Subject$GamePlace clone	$stack5 = this.<comp5111.assignment.cut.Subject$GamePlace: int x> | cloned.<comp5111.assignment.cut.Subject$GamePlace: int x> = $stack5
325	946	0.0000000000	0.0000000000	0	0.0000000000		0.0000000000		0.0000000000		0.0000000000		comp5111.assignment.cut.Subject$GamePlace clone	return cloned
326	966	0.0000000000	0.0000000000	0	0.0000000000		0.0000000000		0.0000000000		0.0000000000		int hashCode	$stack1 = this.<comp5111.assignment.cut.Subject$GamePlace: int x> | $stack2 = this.<comp5111.assignment.cut.Subject$GamePlace: int y> | $stack3 = 31 * $stack1
327	992	0.0000000000	0.0000000000	0	0.0000000000		0.0000000000		0.0000000000		0.0000000000		int manhattanDistance	$stack10 = $stack5 + $stack9 | $stack2 = other.<comp5111.assignment.cut.Subject$GamePlace: int x> | $stack3 = this.<comp5111.assignment.cut.Subject$GamePlace: int x>
328	990	0.0000000000	0.0000000000	0	0.0000000000		0.0000000000		0.0000000000		0.0000000000		int manhattanDistance	if other != null goto $stack3 = this.<comp5111.assignment.cut.Subject$GamePlace:
329	991	0.0000000000	0.0000000000	0	0.0000000000		0.0000000000		0.0000000000		0.0000000000		int manhattanDistance	return -1
330	938	0.0000000000	0.0000000000	0	0.0000000000		0.0000000000		0.0000000000		0.0000000000		int x	$stack1 = this.<comp5111.assignment.cut.Subject$GamePlace: int x> | return $stack1
331	920	0.0000000000	0.0000000000	0	0.0000000000		0.0000000000		0.0000000000		0.0000000000		int y	$stack1 = this.<comp5111.assignment.cut.Subject$GamePlace: int y> | return $stack1
332	951	0.0000000000	0.0000000000	0	0.0000000000		0.0000000000		0.0000000000		0.0000000000		java.lang.String toString	"$stack1 = this.<comp5111.assignment.cut.Subject$GamePlace: int y> | $stack2 = this.<comp5111.assignment.cut.Subject$GamePlace: int x> | $stack3 = dynamicinvoke ""makeConcatWithConstants"" <java.lang.String (int,int)>($"
333	903	0.0000000000	0.0000000000	0	0.0000000000		0.0000000000		0.0000000000		0.0000000000		void <init>	return
334	900	0.0000000000	0.0000000000	0	0.0000000000		0.0000000000		0.0000000000		0.0000000000		void <init>	specialinvoke this.<java.lang.Object: void <init>()>() | this.<comp5111.assignment.cut.Subject$GamePlace: comp5111.assignment.cut.Subject
335	902	0.0000000000	0.0000000000	0	0.0000000000		0.0000000000		0.0000000000		0.0000000000		void <init>	this.<comp5111.assignment.cut.Subject$GamePlace: int x> = x
336	901	0.0000000000	0.0000000000	0	0.0000000000		0.0000000000		0.0000000000		0.0000000000		void <init>	this.<comp5111.assignment.cut.Subject$GamePlace: int y> = y
337	930	0.0000000000	0.0000000000	0	0.0000000000		0.0000000000		0.0000000000		0.0000000000		void x	return
338	929	0.0000000000	0.0000000000	0	0.0000000000		0.0000000000		0.0000000000		0.0000000000		void x	this.<comp5111.assignment.cut.Subject$GamePlace: int x> = x
339	912	0.0000000000	0.0000000000	0	0.0000000000		0.0000000000		0.0000000000		0.0000000000		void y	return
340	911	0.0000000000	0.0000000000	0	0.0000000000		0.0000000000		0.0000000000		0.0000000000		void y	this.<comp5111.assignment.cut.Subject$GamePlace: int y> = y
341	874	0.0000000000	0.0000000000	0	0.0000000000		0.0000000000		0.0000000000		0.0000000000		boolean equals	$stack5 = player.<comp5111.assignment.cut.Subject$GamePlayer: java.lang.String n | $stack6 = this.<comp5111.assignment.cut.Subject$GamePlayer: java.lang.String nam | $stack7 = virtualinvoke $stack6.<java.lang.String: boolean equals(java.lang.Obje
342	873	0.0000000000	0.0000000000	0	0.0000000000		0.0000000000		0.0000000000		0.0000000000		boolean equals	player = (comp5111.assignment.cut.Subject$GamePlayer) o
343	870	0.0000000000	0.0000000000	0	0.0000000000		0.0000000000		0.0000000000		0.0000000000		boolean equals	return 1
344	879	0.0000000000	0.0000000000	0	0.0000000000		0.0000000000		0.0000000000		0.0000000000		comp5111.assignment.cut.Subject$GamePlayer clone	$stack2 = new comp5111.assignment.cut.Subject$GamePlayer | $stack3 = this.<comp5111.assignment.cut.Subject$GamePlayer: java.lang.String nam | $stack4 = this.<comp5111.assignment.cut.Subject$GamePlayer: comp5111.assignment.
345	880	0.0000000000	0.0000000000	0	0.0000000000		0.0000000000		0.0000000000		0.0000000000		comp5111.assignment.cut.Subject$GamePlayer clone	$stack5 = this.<comp5111.assignment.cut.Subject$GamePlayer: int score> | cloned.<comp5111.assignment.cut.Subject$GamePlayer: int score> = $stack5
346	881	0.0000000000	0.0000000000	0	0.0000000000		0.0000000000		0.0000000000		0.0000000000		comp5111.assignment.cut.Subject$GamePlayer clone	return cloned
347	847	0.0000000000	0.0000000000	0	0.0000000000		0.0000000000		0.0000000000		0.0000000000		void addScore	$stack2 = this.<comp5111.assignment.cut.Subject$GamePlayer: int score> | $stack3 = $stack2 + delta | this.<comp5111.assignment.cut.Subject$GamePlayer: int score> = $stack3
348	848	0.0000000000	0.0000000000	0	0.0000000000		0.0000000000		0.0000000000		0.0000000000		void addScore	return
349	855	0.0000000000	0.0000000000	0	0.0000000000		0.0000000000		0.0000000000		0.0000000000		void resetScore	return
350	854	0.0000000000	0.0000000000	0	0.0000000000		0.0000000000		0.0000000000		0.0000000000		void resetScore	this.<comp5111.assignment.cut.Subject$GamePlayer: int score> = 0
351	222	0.0000000000	0.0000000000	0	0.0000000000		0.0000000000		0.0000000000		0.0000000000		boolean isDigits	$stack2 = virtualinvoke str.<java.lang.String: int length()>() | if $stack2 != 0 goto i = 0 | if str == null goto return 0
352	224	0.0000000000	0.0000000000	0	0.0000000000		0.0000000000		0.0000000000		0.0000000000		boolean isDigits	$stack3 = virtualinvoke str.<java.lang.String: int length()>() | goto [?= $stack3 = virtualinvoke str.<java.lang.String: int length()>()] | i = 0
353	225	0.0000000000	0.0000000000	0	0.0000000000		0.0000000000		0.0000000000		0.0000000000		boolean isDigits	$stack4 = virtualinvoke str.<java.lang.String: char charAt(int)>(i) | $stack5 = staticinvoke <java.lang.Character: boolean isDigit(char)>($stack4) | if $stack5 != 0 goto i = i + 1
354	223	0.0000000000	0.0000000000	0	0.0000000000		0.0000000000		0.0000000000		0.0000000000		boolean isDigits	return 0
355	226	0.0000000000	0.0000000000	0	0.0000000000		0.0000000000		0.0000000000		0.0000000000		boolean isDigits	return 0
356	229	0.0000000000	0.0000000000	0	0.0000000000		0.0000000000		0.0000000000		0.0000000000		boolean isDigits	return 1
357	32	0.0000000000	0.0000000000	0	0.0000000000		0.0000000000		0.0000000000		0.0000000000		boolean startsWithIgnoreCase	$stack12 = virtualinvoke lcStr.<java.lang.String: boolean equals(java.lang.Objec | return $stack12
358	24	0.0000000000	0.0000000000	0	0.0000000000		0.0000000000		0.0000000000		0.0000000000		boolean startsWithIgnoreCase	$stack4 = virtualinvoke str.<java.lang.String: int length()>() | $stack5 = virtualinvoke prefix.<java.lang.String: int length()>() | if $stack4 >= $stack5 goto $stack6 = virtualinvoke str.<java.lang.String: boolea
359	27	0.0000000000	0.0000000000	0	0.0000000000		0.0000000000		0.0000000000		0.0000000000		boolean startsWithIgnoreCase	$stack6 = virtualinvoke str.<java.lang.String: boolean startsWith(java.lang.Stri | if $stack6 == 0 goto $stack8 = virtualinvoke prefix.<java.lang.String: int lengt
360	30	0.0000000000	0.0000000000	0	0.0000000000		0.0000000000		0.0000000000		0.0000000000		boolean startsWithIgnoreCase	$stack8 = virtualinvoke prefix.<java.lang.String: int length()>() | $stack9 = virtualinvoke str.<java.lang.String: java.lang.String substring(int,in | lcStr = virtualinvoke $stack9.<java.lang.String: java.lang.String toLowerCase()>
361	21	0.0000000000	0.0000000000	0	0.0000000000		0.0000000000		0.0000000000		0.0000000000		boolean startsWithIgnoreCase	if prefix != null goto $stack4 = virtualinvoke str.<java.lang.String: int length | if str == null goto return 0
362	31	0.0000000000	0.0000000000	0	0.0000000000		0.0000000000		0.0000000000		0.0000000000		boolean startsWithIgnoreCase	lcPrefix = virtualinvoke prefix.<java.lang.String: java.lang.String toLowerCase(
363	22	0.0000000000	0.0000000000	0	0.0000000000		0.0000000000		0.0000000000		0.0000000000		boolean startsWithIgnoreCase	return 0
364	25	0.0000000000	0.0000000000	0	0.0000000000		0.0000000000		0.0000000000		0.0000000000		boolean startsWithIgnoreCase	return 0
365	28	0.0000000000	0.0000000000	0	0.0000000000		0.0000000000		0.0000000000		0.0000000000		boolean startsWithIgnoreCase	return 1
366	67	0.0000000000	0.0000000000	0	0.0000000000		0.0000000000		0.0000000000		0.0000000000		int decodeOctets	$stack10 = i + $stack9 | $stack11 = $stack10 - 1 | $stack8 = virtualinvoke bb.<java.nio.ByteBuffer: int limit()>()
367	61	0.0000000000	0.0000000000	0	0.0000000000		0.0000000000		0.0000000000		0.0000000000		int decodeOctets	$stack12 = virtualinvoke bb.<java.nio.ByteBuffer: byte get(int)>(0) | $stack13 = $stack12 & 255 | $stack4 = virtualinvoke bb.<java.nio.ByteBuffer: int limit()>()
368	62	0.0000000000	0.0000000000	0	0.0000000000		0.0000000000		0.0000000000		0.0000000000		int decodeOctets	$stack21 = virtualinvoke bb.<java.nio.ByteBuffer: byte get(int)>(0) | $stack22 = (char) $stack21 | virtualinvoke sb.<java.lang.StringBuilder: java.lang.StringBuilder append(char)>
369	63	0.0000000000	0.0000000000	0	0.0000000000		0.0000000000		0.0000000000		0.0000000000		int decodeOctets	$stack24 = i + 2 | return $stack24
370	65	0.0000000000	0.0000000000	0	0.0000000000		0.0000000000		0.0000000000		0.0000000000		int decodeOctets	$stack5 = <java.nio.charset.StandardCharsets: java.nio.charset.Charset UTF_8> | cb = virtualinvoke $stack5.<java.nio.charset.Charset: java.nio.CharBuffer decode
371	66	0.0000000000	0.0000000000	0	0.0000000000		0.0000000000		0.0000000000		0.0000000000		int decodeOctets	virtualinvoke sb.<java.lang.StringBuilder: java.lang.StringBuilder append(java.l
372	338	0.0000000000	0.0000000000	0	0.0000000000		0.0000000000		0.0000000000		0.0000000000		int extractIntInStr	return 0
373	349	0.0000000000	0.0000000000	0	0.0000000000		0.0000000000		0.0000000000		0.0000000000		int extractIntInStr	return num
374	377	0.0000000000	0.0000000000	0	0.0000000000		0.0000000000		0.0000000000		0.0000000000		int[] getVersionNo	goto [?= $stack9 = staticinvoke <comp5111.assignment.cut.Subject$StringAlgorithm
375	363	0.0000000000	0.0000000000	0	0.0000000000		0.0000000000		0.0000000000		0.0000000000		int[] getVersionNo	return null
376	370	0.0000000000	0.0000000000	0	0.0000000000		0.0000000000		0.0000000000		0.0000000000		int[] getVersionNo	return null
377	376	0.0000000000	0.0000000000	0	0.0000000000		0.0000000000		0.0000000000		0.0000000000		int[] getVersionNo	segment = virtualinvoke versionString.<java.lang.String: java.lang.String substr
378	133	0.0000000000	0.0000000000	0	0.0000000000		0.0000000000		0.0000000000		0.0000000000		java.lang.Boolean strToBoolean	$stack10 = virtualinvoke str.<java.lang.String: int length()>() | if $stack10 != 5 goto return null
379	140	0.0000000000	0.0000000000	0	0.0000000000		0.0000000000		0.0000000000		0.0000000000		java.lang.Boolean strToBoolean	$stack16 = <java.lang.Boolean: java.lang.Boolean FALSE> | return $stack16
380	131	0.0000000000	0.0000000000	0	0.0000000000		0.0000000000		0.0000000000		0.0000000000		java.lang.Boolean strToBoolean	$stack30 = <java.lang.Boolean: java.lang.Boolean TRUE> | return $stack30
381	120	0.0000000000	0.0000000000	0	0.0000000000		0.0000000000		0.0000000000		0.0000000000		java.lang.Boolean strToBoolean	$stack40 = <java.lang.Boolean: java.lang.Boolean FALSE> | return $stack40
382	123	0.0000000000	0.0000000000	0	0.0000000000		0.0000000000		0.0000000000		0.0000000000		java.lang.Boolean strToBoolean	$stack41 = <java.lang.Boolean: java.lang.Boolean TRUE> | return $stack41
383	110	0.0000000000	0.0000000000	0	0.0000000000		0.0000000000		0.0000000000		0.0000000000		java.lang.Boolean strToBoolean	$stack54 = <java.lang.Boolean: java.lang.Boolean FALSE> | return $stack54
384	113	0.0000000000	0.0000000000	0	0.0000000000		0.0000000000		0.0000000000		0.0000000000		java.lang.Boolean strToBoolean	$stack55 = <java.lang.Boolean: java.lang.Boolean TRUE> | return $stack55
385	98	0.0000000000	0.0000000000	0	0.0000000000		0.0000000000		0.0000000000		0.0000000000		java.lang.Boolean strToBoolean	$stack6 = virtualinvoke str.<java.lang.String: int length()>() | if $stack6 != 1 goto $stack7 = virtualinvoke str.<java.lang.String: int length()
386	101	0.0000000000	0.0000000000	0	0.0000000000		0.0000000000		0.0000000000		0.0000000000		java.lang.Boolean strToBoolean	$stack63 = <java.lang.Boolean: java.lang.Boolean TRUE> | return $stack63
387	104	0.0000000000	0.0000000000	0	0.0000000000		0.0000000000		0.0000000000		0.0000000000		java.lang.Boolean strToBoolean	$stack64 = <java.lang.Boolean: java.lang.Boolean FALSE> | return $stack64
388	106	0.0000000000	0.0000000000	0	0.0000000000		0.0000000000		0.0000000000		0.0000000000		java.lang.Boolean strToBoolean	$stack7 = virtualinvoke str.<java.lang.String: int length()>() | if $stack7 != 2 goto $stack8 = virtualinvoke str.<java.lang.String: int length()
389	115	0.0000000000	0.0000000000	0	0.0000000000		0.0000000000		0.0000000000		0.0000000000		java.lang.Boolean strToBoolean	$stack8 = virtualinvoke str.<java.lang.String: int length()>() | if $stack8 != 3 goto $stack9 = virtualinvoke str.<java.lang.String: int length()
390	125	0.0000000000	0.0000000000	0	0.0000000000		0.0000000000		0.0000000000		0.0000000000		java.lang.Boolean strToBoolean	$stack9 = virtualinvoke str.<java.lang.String: int length()>() | if $stack9 != 4 goto $stack10 = virtualinvoke str.<java.lang.String: int length(
391	99	0.0000000000	0.0000000000	0	0.0000000000		0.0000000000		0.0000000000		0.0000000000		java.lang.Boolean strToBoolean	ch0 = virtualinvoke str.<java.lang.String: char charAt(int)>(0)
392	107	0.0000000000	0.0000000000	0	0.0000000000		0.0000000000		0.0000000000		0.0000000000		java.lang.Boolean strToBoolean	ch0 = virtualinvoke str.<java.lang.String: char charAt(int)>(0)
393	116	0.0000000000	0.0000000000	0	0.0000000000		0.0000000000		0.0000000000		0.0000000000		java.lang.Boolean strToBoolean	ch0 = virtualinvoke str.<java.lang.String: char charAt(int)>(0)
394	126	0.0000000000	0.0000000000	0	0.0000000000		0.0000000000		0.0000000000		0.0000000000		java.lang.Boolean strToBoolean	ch0 = virtualinvoke str.<java.lang.String: char charAt(int)>(0)
395	134	0.0000000000	0.0000000000	0	0.0000000000		0.0000000000		0.0000000000		0.0000000000		java.lang.Boolean strToBoolean	ch0 = virtualinvoke str.<java.lang.String: char charAt(int)>(0)
396	108	0.0000000000	0.0000000000	0	0.0000000000		0.0000000000		0.0000000000		0.0000000000		java.lang.Boolean strToBoolean	ch1 = virtualinvoke str.<java.lang.String: char charAt(int)>(1)
397	117	0.0000000000	0.0000000000	0	0.0000000000		0.0000000000		0.0000000000		0.0000000000		java.lang.Boolean strToBoolean	ch1 = virtualinvoke str.<java.lang.String: char charAt(int)>(1)
398	127	0.0000000000	0.0000000000	0	0.0000000000		0.0000000000		0.0000000000		0.0000000000		java.lang.Boolean strToBoolean	ch1 = virtualinvoke str.<java.lang.String: char charAt(int)>(1)
399	135	0.0000000000	0.0000000000	0	0.0000000000		0.0000000000		0.0000000000		0.0000000000		java.lang.Boolean strToBoolean	ch1 = virtualinvoke str.<java.lang.String: char charAt(int)>(1)
400	118	0.0000000000	0.0000000000	0	0.0000000000		0.0000000000		0.0000000000		0.0000000000		java.lang.Boolean strToBoolean	ch2 = virtualinvoke str.<java.lang.String: char charAt(int)>(2)
401	128	0.0000000000	0.0000000000	0	0.0000000000		0.0000000000		0.0000000000		0.0000000000		java.lang.Boolean strToBoolean	ch2 = virtualinvoke str.<java.lang.String: char charAt(int)>(2)
402	136	0.0000000000	0.0000000000	0	0.0000000000		0.0000000000		0.0000000000		0.0000000000		java.lang.Boolean strToBoolean	ch2 = virtualinvoke str.<java.lang.String: char charAt(int)>(2)
403	129	0.0000000000	0.0000000000	0	0.0000000000		0.0000000000		0.0000000000		0.0000000000		java.lang.Boolean strToBoolean	ch3 = virtualinvoke str.<java.lang.String: char charAt(int)>(3)
404	137	0.0000000000	0.0000000000	0	0.0000000000		0.0000000000		0.0000000000		0.0000000000		java.lang.Boolean strToBoolean	ch3 = virtualinvoke str.<java.lang.String: char charAt(int)>(3)
405	138	0.0000000000	0.0000000000	0	0.0000000000		0.0000000000		0.0000000000		0.0000000000		java.lang.Boolean strToBoolean	ch4 = virtualinvoke str.<java.lang.String: char charAt(int)>(4)
406	103	0.0000000000	0.0000000000	0	0.0000000000		0.0000000000		0.0000000000		0.0000000000		java.lang.Boolean strToBoolean	if ch0 != 70 goto return null | if ch0 == 102 goto $stack64 = <java.lang.Boolean: java.lang.Boolean FALSE> | if ch0 == 110 goto $stack64 = <java.lang.Boolean: java.lang.Boolean FALSE>
407	139	0.0000000000	0.0000000000	0	0.0000000000		0.0000000000		0.0000000000		0.0000000000		java.lang.Boolean strToBoolean	if ch0 != 70 goto return null | if ch0 == 102 goto (branch) | if ch1 != 65 goto return null
408	109	0.0000000000	0.0000000000	0	0.0000000000		0.0000000000		0.0000000000		0.0000000000		java.lang.Boolean strToBoolean	if ch0 != 78 goto (branch) | if ch0 == 110 goto (branch) | if ch1 != 79 goto (branch)
409	119	0.0000000000	0.0000000000	0	0.0000000000		0.0000000000		0.0000000000		0.0000000000		java.lang.Boolean strToBoolean	if ch0 != 79 goto (branch) | if ch0 == 111 goto (branch) | if ch1 != 70 goto (branch)
410	112	0.0000000000	0.0000000000	0	0.0000000000		0.0000000000		0.0000000000		0.0000000000		java.lang.Boolean strToBoolean	if ch0 != 79 goto return null | if ch0 == 111 goto (branch) | if ch1 != 78 goto return null
411	100	0.0000000000	0.0000000000	0	0.0000000000		0.0000000000		0.0000000000		0.0000000000		java.lang.Boolean strToBoolean	if ch0 != 84 goto (branch) | if ch0 == 116 goto $stack63 = <java.lang.Boolean: java.lang.Boolean TRUE> | if ch0 == 121 goto $stack63 = <java.lang.Boolean: java.lang.Boolean TRUE>
412	130	0.0000000000	0.0000000000	0	0.0000000000		0.0000000000		0.0000000000		0.0000000000		java.lang.Boolean strToBoolean	if ch0 != 84 goto return null | if ch0 == 116 goto (branch) | if ch1 != 82 goto return null
413	122	0.0000000000	0.0000000000	0	0.0000000000		0.0000000000		0.0000000000		0.0000000000		java.lang.Boolean strToBoolean	if ch0 != 89 goto return null | if ch0 == 121 goto (branch) | if ch1 != 69 goto return null
414	95	0.0000000000	0.0000000000	0	0.0000000000		0.0000000000		0.0000000000		0.0000000000		java.lang.Boolean strToBoolean	if str != null goto $stack6 = virtualinvoke str.<java.lang.String: int length()>
415	96	0.0000000000	0.0000000000	0	0.0000000000		0.0000000000		0.0000000000		0.0000000000		java.lang.Boolean strToBoolean	return null
416	143	0.0000000000	0.0000000000	0	0.0000000000		0.0000000000		0.0000000000		0.0000000000		java.lang.Boolean strToBoolean	return null
417	163	0.0000000000	0.0000000000	0	0.0000000000		0.0000000000		0.0000000000		0.0000000000		java.lang.Boolean strToBoolean	$stack12 = <java.lang.Boolean: java.lang.Boolean FALSE> | if falseString != null goto $stack4 = virtualinvoke str.<java.lang.String: boole | return $stack12
418	162	0.0000000000	0.0000000000	0	0.0000000000		0.0000000000		0.0000000000		0.0000000000		java.lang.Boolean strToBoolean	$stack13 = <java.lang.Boolean: java.lang.Boolean TRUE> | if trueString != null goto (branch) | return $stack13
419	165	0.0000000000	0.0000000000	0	0.0000000000		0.0000000000		0.0000000000		0.0000000000		java.lang.Boolean strToBoolean	$stack4 = virtualinvoke str.<java.lang.String: boolean equals(java.lang.Object)> | $stack9 = <java.lang.Boolean: java.lang.Boolean TRUE> | if $stack4 == 0 goto $stack5 = virtualinvoke str.<java.lang.String: boolean equa
420	166	0.0000000000	0.0000000000	0	0.0000000000		0.0000000000		0.0000000000		0.0000000000		java.lang.Boolean strToBoolean	$stack5 = virtualinvoke str.<java.lang.String: boolean equals(java.lang.Object)> | $stack8 = <java.lang.Boolean: java.lang.Boolean FALSE> | if $stack5 == 0 goto $stack6 = virtualinvoke str.<java.lang.String: boolean equa
421	167	0.0000000000	0.0000000000	0	0.0000000000		0.0000000000		0.0000000000		0.0000000000		java.lang.Boolean strToBoolean	$stack6 = virtualinvoke str.<java.lang.String: boolean equals(java.lang.Object)> | if $stack6 == 0 goto $stack7 = new java.lang.IllegalArgumentException | return null
422	168	0.0000000000	0.0000000000	0	0.0000000000		0.0000000000		0.0000000000		0.0000000000		java.lang.Boolean strToBoolean	$stack7 = new java.lang.IllegalArgumentException | specialinvoke $stack7.<java.lang.IllegalArgumentException: void <init>()>() | throw $stack7
423	161	0.0000000000	0.0000000000	0	0.0000000000		0.0000000000		0.0000000000		0.0000000000		java.lang.Boolean strToBoolean	if nullString != null goto (branch) | return null
424	160	0.0000000000	0.0000000000	0	0.0000000000		0.0000000000		0.0000000000		0.0000000000		java.lang.Boolean strToBoolean	if str != null goto $stack4 = virtualinvoke str.<java.lang.String: boolean equal
425	253	0.0000000000	0.0000000000	0	0.0000000000		0.0000000000		0.0000000000		0.0000000000		java.lang.Number parseNumber	$stack10 = virtualinvoke val.<java.lang.String: int length()>() | $stack107 = virtualinvoke val.<java.lang.String: char charAt(int)>(0) | $stack108 = staticinvoke <java.lang.Character: boolean isDigit(char)>($stack107)
426	268	0.0000000000	0.0000000000	0	0.0000000000		0.0000000000		0.0000000000		0.0000000000		java.lang.Number parseNumber	$stack100 = decPos + 1 | dec = virtualinvoke val.<java.lang.String: java.lang.String substring(int)>($sta | if expPos <= -1 goto $stack100 = decPos + 1
427	272	0.0000000000	0.0000000000	0	0.0000000000		0.0000000000		0.0000000000		0.0000000000		java.lang.Number parseNumber	$stack103 = decPos + 1 | dec = virtualinvoke val.<java.lang.String: java.lang.String substring(int,int)>(
428	270	0.0000000000	0.0000000000	0	0.0000000000		0.0000000000		0.0000000000		0.0000000000		java.lang.Number parseNumber	$stack105 = new java.lang.NumberFormatException | specialinvoke $stack105.<java.lang.NumberFormatException: void <init>(java.lang. | throw $stack105
429	256	0.0000000000	0.0000000000	0	0.0000000000		0.0000000000		0.0000000000		0.0000000000		java.lang.Number parseNumber	$stack11 = virtualinvoke val.<java.lang.String: boolean startsWith(java.lang.Str | if $stack11 == 0 goto $stack12 = virtualinvoke val.<java.lang.String: boolean st
430	259	0.0000000000	0.0000000000	0	0.0000000000		0.0000000000		0.0000000000		0.0000000000		java.lang.Number parseNumber	$stack12 = virtualinvoke val.<java.lang.String: boolean startsWith(java.lang.Str | $stack14 = virtualinvoke val.<java.lang.String: boolean startsWith(java.lang.Str | if $stack12 != 0 goto $stack13 = staticinvoke <java.lang.Integer: java.lang.Inte
431	260	0.0000000000	0.0000000000	0	0.0000000000		0.0000000000		0.0000000000		0.0000000000		java.lang.Number parseNumber	$stack13 = staticinvoke <java.lang.Integer: java.lang.Integer decode(java.lang.S | return $stack13
432	262	0.0000000000	0.0000000000	0	0.0000000000		0.0000000000		0.0000000000		0.0000000000		java.lang.Number parseNumber	$stack15 = virtualinvoke val.<java.lang.String: int length()>() | $stack16 = $stack15 - 1 | lastChar = virtualinvoke val.<java.lang.String: char charAt(int)>($stack16)
433	266	0.0000000000	0.0000000000	0	0.0000000000		0.0000000000		0.0000000000		0.0000000000		java.lang.Number parseNumber	$stack19 = virtualinvoke val.<java.lang.String: int indexOf(int)>(101) | $stack20 = virtualinvoke val.<java.lang.String: int indexOf(int)>(69) | $stack21 = $stack19 + $stack20
434	275	0.0000000000	0.0000000000	0	0.0000000000		0.0000000000		0.0000000000		0.0000000000		java.lang.Number parseNumber	$stack22 = staticinvoke <java.lang.Character: boolean isDigit(char)>(lastChar) | if $stack22 != 0 goto (branch)
435	316	0.0000000000	0.0000000000	0	0.0000000000		0.0000000000		0.0000000000		0.0000000000		java.lang.Number parseNumber	$stack23 = new java.math.BigDecimal | numeric#39 = $stack23 | specialinvoke $stack23.<java.math.BigDecimal: void <init>(java.lang.String)>(val
436	317	0.0000000000	0.0000000000	0	0.0000000000		0.0000000000		0.0000000000		0.0000000000		java.lang.Number parseNumber	$stack24 = virtualinvoke numeric#39.<java.math.BigDecimal: float floatValue()>() | $stack25 = (double) $stack24 | $stack26 = staticinvoke <java.math.BigDecimal: java.math.BigDecimal valueOf(doub
437	319	0.0000000000	0.0000000000	0	0.0000000000		0.0000000000		0.0000000000		0.0000000000		java.lang.Number parseNumber	$stack27 = virtualinvoke numeric#39.<java.math.BigDecimal: double doubleValue()> | $stack28 = staticinvoke <java.math.BigDecimal: java.math.BigDecimal valueOf(doub | if numeric#39 != $stack28 goto return numeric#39
438	320	0.0000000000	0.0000000000	0	0.0000000000		0.0000000000		0.0000000000		0.0000000000		java.lang.Number parseNumber	$stack29 = virtualinvoke numeric#39.<java.math.BigDecimal: double doubleValue()> | $stack30 = staticinvoke <java.lang.Double: java.lang.Double valueOf(double)>($st | return $stack30
439	318	0.0000000000	0.0000000000	0	0.0000000000		0.0000000000		0.0000000000		0.0000000000		java.lang.Number parseNumber	$stack31 = virtualinvoke numeric#39.<java.math.BigDecimal: float floatValue()>() | $stack32 = staticinvoke <java.lang.Float: java.lang.Float valueOf(float)>($stack | return $stack32
440	308	0.0000000000	0.0000000000	0	0.0000000000		0.0000000000		0.0000000000		0.0000000000		java.lang.Number parseNumber	$stack36 = new java.math.BigInteger | numeric#38 = $stack36 | specialinvoke $stack36.<java.math.BigInteger: void <init>(java.lang.String)>(val
441	309	0.0000000000	0.0000000000	0	0.0000000000		0.0000000000		0.0000000000		0.0000000000		java.lang.Number parseNumber	$stack37 = virtualinvoke numeric#38.<java.math.BigInteger: int intValue()>() | $stack38 = (long) $stack37 | $stack39 = staticinvoke <java.math.BigInteger: java.math.BigInteger valueOf(long
442	311	0.0000000000	0.0000000000	0	0.0000000000		0.0000000000		0.0000000000		0.0000000000		java.lang.Number parseNumber	$stack40 = virtualinvoke numeric#38.<java.math.BigInteger: long longValue()>() | $stack41 = staticinvoke <java.math.BigInteger: java.math.BigInteger valueOf(long | if numeric#38 != $stack41 goto return numeric#38
443	312	0.0000000000	0.0000000000	0	0.0000000000		0.0000000000		0.0000000000		0.0000000000		java.lang.Number parseNumber	$stack42 = virtualinvoke numeric#38.<java.math.BigInteger: long longValue()>() | $stack43 = staticinvoke <java.lang.Long: java.lang.Long valueOf(long)>($stack42) | return $stack43
444	310	0.0000000000	0.0000000000	0	0.0000000000		0.0000000000		0.0000000000		0.0000000000		java.lang.Number parseNumber	$stack44 = virtualinvoke numeric#38.<java.math.BigInteger: int intValue()>() | $stack45 = staticinvoke <java.lang.Integer: java.lang.Integer valueOf(int)>($sta | return $stack45
445	302	0.0000000000	0.0000000000	0	0.0000000000		0.0000000000		0.0000000000		0.0000000000		java.lang.Number parseNumber	$stack46 = virtualinvoke val.<java.lang.String: int length()>() | $stack47 = $stack46 - 1 | if expPos <= -1 goto exp = null
446	303	0.0000000000	0.0000000000	0	0.0000000000		0.0000000000		0.0000000000		0.0000000000		java.lang.Number parseNumber	$stack50 = expPos + 1 | exp = virtualinvoke val.<java.lang.String: java.lang.String substring(int)>($sta
447	279	0.0000000000	0.0000000000	0	0.0000000000		0.0000000000		0.0000000000		0.0000000000		java.lang.Number parseNumber	$stack53 = virtualinvoke val.<java.lang.String: int length()>() | $stack54 = $stack53 - 1 | numeric = virtualinvoke val.<java.lang.String: java.lang.String substring(int,in
448	290	0.0000000000	0.0000000000	0	0.0000000000		0.0000000000		0.0000000000		0.0000000000		java.lang.Number parseNumber	$stack56 = new java.lang.NumberFormatException | specialinvoke $stack56.<java.lang.NumberFormatException: void <init>(java.lang.S | throw $stack56
449	282	0.0000000000	0.0000000000	0	0.0000000000		0.0000000000		0.0000000000		0.0000000000		java.lang.Number parseNumber	$stack58 = virtualinvoke numeric.<java.lang.String: char charAt(int)>(0) | $stack59 = staticinvoke <comp5111.assignment.cut.Subject$StringAlgorithms: boole | $stack70 = virtualinvoke numeric.<java.lang.String: java.lang.String substring(i
450	283	0.0000000000	0.0000000000	0	0.0000000000		0.0000000000		0.0000000000		0.0000000000		java.lang.Number parseNumber	$stack60 = new java.math.BigInteger | res = $stack60 | specialinvoke $stack60.<java.math.BigInteger: void <init>(java.lang.String)>(num
451	284	0.0000000000	0.0000000000	0	0.0000000000		0.0000000000		0.0000000000		0.0000000000		java.lang.Number parseNumber	$stack61 = virtualinvoke res.<java.math.BigInteger: int intValue()>() | $stack62 = (long) $stack61 | $stack63 = staticinvoke <java.math.BigInteger: java.math.BigInteger valueOf(long
452	286	0.0000000000	0.0000000000	0	0.0000000000		0.0000000000		0.0000000000		0.0000000000		java.lang.Number parseNumber	$stack64 = virtualinvoke res.<java.math.BigInteger: long longValue()>() | $stack65 = staticinvoke <java.math.BigInteger: java.math.BigInteger valueOf(long | if res != $stack65 goto return res
453	287	0.0000000000	0.0000000000	0	0.0000000000		0.0000000000		0.0000000000		0.0000000000		java.lang.Number parseNumber	$stack66 = virtualinvoke res.<java.math.BigInteger: long longValue()>() | $stack67 = staticinvoke <java.lang.Long: java.lang.Long valueOf(long)>($stack66) | return $stack67
454	285	0.0000000000	0.0000000000	0	0.0000000000		0.0000000000		0.0000000000		0.0000000000		java.lang.Number parseNumber	$stack68 = virtualinvoke res.<java.math.BigInteger: int intValue()>() | $stack69 = staticinvoke <java.lang.Integer: java.lang.Integer valueOf(int)>($sta | return $stack69
455	292	0.0000000000	0.0000000000	0	0.0000000000		0.0000000000		0.0000000000		0.0000000000		java.lang.Number parseNumber	$stack76 = staticinvoke <java.lang.Float: java.lang.Float valueOf(java.lang.Stri | return $stack76
456	294	0.0000000000	0.0000000000	0	0.0000000000		0.0000000000		0.0000000000		0.0000000000		java.lang.Number parseNumber	$stack77 = new java.math.BigDecimal | res#34 = $stack77 | specialinvoke $stack77.<java.math.BigDecimal: void <init>(java.lang.String)>(num
457	295	0.0000000000	0.0000000000	0	0.0000000000		0.0000000000		0.0000000000		0.0000000000		java.lang.Number parseNumber	$stack78 = virtualinvoke res#34.<java.math.BigDecimal: double doubleValue()>() | $stack79 = staticinvoke <java.math.BigDecimal: java.math.BigDecimal valueOf(doub | if res#34 != $stack79 goto return res#34
458	296	0.0000000000	0.0000000000	0	0.0000000000		0.0000000000		0.0000000000		0.0000000000		java.lang.Number parseNumber	$stack80 = virtualinvoke res#34.<java.math.BigDecimal: double doubleValue()>() | $stack81 = staticinvoke <java.lang.Double: java.lang.Double valueOf(double)>($st | return $stack81
459	299	0.0000000000	0.0000000000	0	0.0000000000		0.0000000000		0.0000000000		0.0000000000		java.lang.Number parseNumber	$stack82 = new java.lang.NumberFormatException | specialinvoke $stack82.<java.lang.NumberFormatException: void <init>(java.lang.S | throw $stack82
460	276	0.0000000000	0.0000000000	0	0.0000000000		0.0000000000		0.0000000000		0.0000000000		java.lang.Number parseNumber	$stack88 = virtualinvoke val.<java.lang.String: int length()>() | $stack89 = $stack88 - 1 | exp = null
461	277	0.0000000000	0.0000000000	0	0.0000000000		0.0000000000		0.0000000000		0.0000000000		java.lang.Number parseNumber	$stack96 = expPos + 1 | $stack97 = virtualinvoke val.<java.lang.String: int length()>() | $stack98 = $stack97 - 1
462	267	0.0000000000	0.0000000000	0	0.0000000000		0.0000000000		0.0000000000		0.0000000000		java.lang.Number parseNumber	dec = null | if decPos <= -1 goto dec = null
463	265	0.0000000000	0.0000000000	0	0.0000000000		0.0000000000		0.0000000000		0.0000000000		java.lang.Number parseNumber	decPos = virtualinvoke val.<java.lang.String: int indexOf(int)>(46)
464	305	0.0000000000	0.0000000000	0	0.0000000000		0.0000000000		0.0000000000		0.0000000000		java.lang.Number parseNumber	exp = null
465	273	0.0000000000	0.0000000000	0	0.0000000000		0.0000000000		0.0000000000		0.0000000000		java.lang.Number parseNumber	goto [?= $stack22 = staticinvoke <java.lang.Character: boolean isDigit(char)>(la
466	274	0.0000000000	0.0000000000	0	0.0000000000		0.0000000000		0.0000000000		0.0000000000		java.lang.Number parseNumber	goto [?= $stack22 = staticinvoke <java.lang.Character: boolean isDigit(char)>(la
467	278	0.0000000000	0.0000000000	0	0.0000000000		0.0000000000		0.0000000000		0.0000000000		java.lang.Number parseNumber	goto [?= $stack53 = virtualinvoke val.<java.lang.String: int length()>()]
468	304	0.0000000000	0.0000000000	0	0.0000000000		0.0000000000		0.0000000000		0.0000000000		java.lang.Number parseNumber	goto [?= (branch)]
469	306	0.0000000000	0.0000000000	0	0.0000000000		0.0000000000		0.0000000000		0.0000000000		java.lang.Number parseNumber	if dec != null goto $stack23 = new java.math.BigDecimal | if exp != null goto $stack23 = new java.math.BigDecimal
470	269	0.0000000000	0.0000000000	0	0.0000000000		0.0000000000		0.0000000000		0.0000000000		java.lang.Number parseNumber	if expPos >= decPos goto $stack103 = decPos + 1
471	293	0.0000000000	0.0000000000	0	0.0000000000		0.0000000000		0.0000000000		0.0000000000		java.lang.Number parseNumber	if lastChar != 68 goto $stack82 = new java.lang.NumberFormatException | if lastChar == 100 goto $stack77 = new java.math.BigDecimal
472	291	0.0000000000	0.0000000000	0	0.0000000000		0.0000000000		0.0000000000		0.0000000000		java.lang.Number parseNumber	if lastChar != 70 goto (branch) | if lastChar == 102 goto $stack76 = staticinvoke <java.lang.Float: java.lang.Floa
473	281	0.0000000000	0.0000000000	0	0.0000000000		0.0000000000		0.0000000000		0.0000000000		java.lang.Number parseNumber	if lastChar != 76 goto (branch) | if lastChar == 108 goto (branch)
474	254	0.0000000000	0.0000000000	0	0.0000000000		0.0000000000		0.0000000000		0.0000000000		java.lang.Number parseNumber	return null
475	257	0.0000000000	0.0000000000	0	0.0000000000		0.0000000000		0.0000000000		0.0000000000		java.lang.Number parseNumber	return null
476	313	0.0000000000	0.0000000000	0	0.0000000000		0.0000000000		0.0000000000		0.0000000000		java.lang.Number parseNumber	return numeric#38
477	321	0.0000000000	0.0000000000	0	0.0000000000		0.0000000000		0.0000000000		0.0000000000		java.lang.Number parseNumber	return numeric#39
478	288	0.0000000000	0.0000000000	0	0.0000000000		0.0000000000		0.0000000000		0.0000000000		java.lang.Number parseNumber	return res
479	297	0.0000000000	0.0000000000	0	0.0000000000		0.0000000000		0.0000000000		0.0000000000		java.lang.Number parseNumber	return res#34
480	404	0.0000000000	0.0000000000	0	0.0000000000		0.0000000000		0.0000000000		0.0000000000		java.lang.String padLeft	$stack12 = virtualinvoke sb.<java.lang.StringBuilder: java.lang.String toString( | return $stack12
481	397	0.0000000000	0.0000000000	0	0.0000000000		0.0000000000		0.0000000000		0.0000000000		java.lang.String padLeft	$stack6 = virtualinvoke str.<java.lang.String: int length()>() | pad = length - $stack6
482	400	0.0000000000	0.0000000000	0	0.0000000000		0.0000000000		0.0000000000		0.0000000000		java.lang.String padLeft	$stack7 = new java.lang.StringBuilder | sb = $stack7 | specialinvoke $stack7.<java.lang.StringBuilder: void <init>()>()
483	401	0.0000000000	0.0000000000	0	0.0000000000		0.0000000000		0.0000000000		0.0000000000		java.lang.String padLeft	goto [?= (branch)] | i = 0 | i = i + 1
484	398	0.0000000000	0.0000000000	0	0.0000000000		0.0000000000		0.0000000000		0.0000000000		java.lang.String padLeft	if pad > 0 goto $stack7 = new java.lang.StringBuilder
485	395	0.0000000000	0.0000000000	0	0.0000000000		0.0000000000		0.0000000000		0.0000000000		java.lang.String padLeft	if str != null goto $stack6 = virtualinvoke str.<java.lang.String: int length()>
486	399	0.0000000000	0.0000000000	0	0.0000000000		0.0000000000		0.0000000000		0.0000000000		java.lang.String padLeft	return str
487	396	0.0000000000	0.0000000000	0	0.0000000000		0.0000000000		0.0000000000		0.0000000000		java.lang.String padLeft	"str = """""
488	402	0.0000000000	0.0000000000	0	0.0000000000		0.0000000000		0.0000000000		0.0000000000		java.lang.String padLeft	virtualinvoke sb.<java.lang.StringBuilder: java.lang.StringBuilder append(char)>
489	403	0.0000000000	0.0000000000	0	0.0000000000		0.0000000000		0.0000000000		0.0000000000		java.lang.String padLeft	virtualinvoke sb.<java.lang.StringBuilder: java.lang.StringBuilder append(java.l
490	425	0.0000000000	0.0000000000	0	0.0000000000		0.0000000000		0.0000000000		0.0000000000		java.lang.String padRight	$stack11 = virtualinvoke sb.<java.lang.StringBuilder: java.lang.String toString( | return $stack11
491	419	0.0000000000	0.0000000000	0	0.0000000000		0.0000000000		0.0000000000		0.0000000000		java.lang.String padRight	$stack6 = virtualinvoke str.<java.lang.String: int length()>() | pad = length - $stack6
492	422	0.0000000000	0.0000000000	0	0.0000000000		0.0000000000		0.0000000000		0.0000000000		java.lang.String padRight	$stack7 = new java.lang.StringBuilder | sb = $stack7 | specialinvoke $stack7.<java.lang.StringBuilder: void <init>(java.lang.String)>(s
493	423	0.0000000000	0.0000000000	0	0.0000000000		0.0000000000		0.0000000000		0.0000000000		java.lang.String padRight	goto [?= (branch)] | i = 0 | i = i + 1
494	420	0.0000000000	0.0000000000	0	0.0000000000		0.0000000000		0.0000000000		0.0000000000		java.lang.String padRight	if pad > 0 goto $stack7 = new java.lang.StringBuilder
495	417	0.0000000000	0.0000000000	0	0.0000000000		0.0000000000		0.0000000000		0.0000000000		java.lang.String padRight	if str != null goto $stack6 = virtualinvoke str.<java.lang.String: int length()>
496	421	0.0000000000	0.0000000000	0	0.0000000000		0.0000000000		0.0000000000		0.0000000000		java.lang.String padRight	return str
497	418	0.0000000000	0.0000000000	0	0.0000000000		0.0000000000		0.0000000000		0.0000000000		java.lang.String padRight	"str = """""
498	424	0.0000000000	0.0000000000	0	0.0000000000		0.0000000000		0.0000000000		0.0000000000		java.lang.String padRight	virtualinvoke sb.<java.lang.StringBuilder: java.lang.StringBuilder append(char)>
499	49	0.0000000000	0.0000000000	0	0.0000000000		0.0000000000		0.0000000000		0.0000000000		java.lang.String[] trimArrayElements	$stack10 = null | $stack10 = virtualinvoke element.<java.lang.String: java.lang.String trim()>() | $stack11 = i
500	44	0.0000000000	0.0000000000	0	0.0000000000		0.0000000000		0.0000000000		0.0000000000		java.lang.String[] trimArrayElements	$stack4 = newarray (java.lang.String)[0] | return $stack4
501	43	0.0000000000	0.0000000000	0	0.0000000000		0.0000000000		0.0000000000		0.0000000000		java.lang.String[] trimArrayElements	$stack5 = lengthof array | if $stack5 != 0 goto $stack6 = lengthof array | if array == null goto $stack4 = newarray (java.lang.String)[0]
502	46	0.0000000000	0.0000000000	0	0.0000000000		0.0000000000		0.0000000000		0.0000000000		java.lang.String[] trimArrayElements	$stack6 = lengthof array | result = newarray (java.lang.String)[$stack6]
503	47	0.0000000000	0.0000000000	0	0.0000000000		0.0000000000		0.0000000000		0.0000000000		java.lang.String[] trimArrayElements	$stack7 = lengthof array | goto [?= $stack7 = lengthof array] | i = 0
504	48	0.0000000000	0.0000000000	0	0.0000000000		0.0000000000		0.0000000000		0.0000000000		java.lang.String[] trimArrayElements	element = array[i]
505	51	0.0000000000	0.0000000000	0	0.0000000000		0.0000000000		0.0000000000		0.0000000000		java.lang.String[] trimArrayElements	return result
506	9	0.0000000000	0.0000000000	0	0.0000000000		0.0000000000		0.0000000000		0.0000000000		void <init>	return | specialinvoke this.<java.lang.Object: void <init>()>()
507	80	0.0000000000	0.0000000000	0	0.0000000000		0.0000000000		0.0000000000		0.0000000000		void enlarge	$stack6 = lengthof data | doubleCapacity = 2 * $stack6
508	82	0.0000000000	0.0000000000	0	0.0000000000		0.0000000000		0.0000000000		0.0000000000		void enlarge	$stack7 = doubleCapacity | $stack7 = minimalCapacity | goto [?= newData = newarray (byte)[$stack7]]
509	83	0.0000000000	0.0000000000	0	0.0000000000		0.0000000000		0.0000000000		0.0000000000		void enlarge	data#3 = newData | staticinvoke <java.lang.System: void arraycopy(java.lang.Object,int,java.lang.Ob
510	81	0.0000000000	0.0000000000	0	0.0000000000		0.0000000000		0.0000000000		0.0000000000		void enlarge	minimalCapacity = length + size
511	84	0.0000000000	0.0000000000	0	0.0000000000		0.0000000000		0.0000000000		0.0000000000		void enlarge	return
