method signature	Jimple statement	suspicious score	ranking	source line	ef	ep	nf	failing tests
<comp5111.assignment.cut.Subject$StringAlgorithms: int extractIntInStr(java.lang.String)>	$stack7 = l3 - 48	0.6579516950	3	346	10	1	11	test040;test127;test139;test160;test189;test194;test286;test320;test449;test456
<comp5111.assignment.cut.Subject$StringAlgorithms: int extractIntInStr(java.lang.String)>	$stack8 = l1 * 10	0.6579516950	3	346	10	1	11	test040;test127;test139;test160;test189;test194;test286;test320;test449;test456
<comp5111.assignment.cut.Subject$StringAlgorithms: int extractIntInStr(java.lang.String)>	goto [?= staticinvoke <comp5111.assignment.CoverageRuntime: void hit(java.lang.String)>("<comp5111.assignment.cut.Subject$StringAlgorithms: int extractIntInStr(java.lang.String)> ::: 7")]	0.6579516950	3	341	10	1	11	test040;test127;test139;test160;test189;test194;test286;test320;test449;test456
<comp5111.assignment.cut.Subject$StringAlgorithms: int extractIntInStr(java.lang.String)>	l1 = $stack8 + $stack7	0.6579516950	3	346	10	1	11	test040;test127;test139;test160;test189;test194;test286;test320;test449;test456
<comp5111.assignment.cut.Subject$StringAlgorithms: int extractIntInStr(java.lang.String)>	l2 = l2 + 1	0.6579516950	3	341	10	1	11	test040;test127;test139;test160;test189;test194;test286;test320;test449;test456
<comp5111.assignment.cut.Subject$StringAlgorithms: boolean isOneOf(char,char[])>	goto [?= return l2]	0.6172133998	7	184	8	0	13	test167;test187;test312;test333;test337;test355;test423;test480
<comp5111.assignment.cut.Subject$StringAlgorithms: boolean isOneOf(char,char[])>	l2 = 1	0.6172133998	7	183	8	0	13	test167;test187;test312;test333;test337;test355;test423;test480
<comp5111.assignment.cut.Subject$StringAlgorithms: java.lang.String parseToken(java.lang.String,char[])>	goto [?= $stack7 = virtualinvoke l0.<java.lang.String: java.lang.String substring(int,int)>(0, l4)]	0.6172133998	7	206	8	0	13	test167;test187;test312;test333;test337;test355;test423;test480
<comp5111.assignment.cut.Subject$StringAlgorithms: java.lang.String parseToken(java.lang.String,char[])>	l4 = l4 + 1	0.6172133998	7	205	8	0	13	test167;test187;test312;test333;test337;test355;test423;test480
<comp5111.assignment.cut.Subject$StringAlgorithms: int extractIntInStr(java.lang.String)>	return l1	0.6000991981	10	344	11	5	10	test040;test127;test139;test160;test189;test194;test286;test320;test328;test449;test456
<comp5111.assignment.cut.Subject$StringAlgorithms: int extractIntInStr(java.lang.String)>	$stack4 = virtualinvoke l0.<java.lang.String: int length()>()	0.5821817364	15	337	11	6	10	test040;test127;test139;test160;test189;test194;test286;test320;test328;test449;test456
<comp5111.assignment.cut.Subject$StringAlgorithms: int extractIntInStr(java.lang.String)>	$stack5 = virtualinvoke l0.<java.lang.String: int length()>()	0.5821817364	15	341	11	6	10	test040;test127;test139;test160;test189;test194;test286;test320;test328;test449;test456
<comp5111.assignment.cut.Subject$StringAlgorithms: int extractIntInStr(java.lang.String)>	if $stack4 >= 1 goto l1 = 0	0.5821817364	15	337	11	6	10	test040;test127;test139;test160;test189;test194;test286;test320;test328;test449;test456
<comp5111.assignment.cut.Subject$StringAlgorithms: int extractIntInStr(java.lang.String)>	if l0 == null goto return 0	0.5821817364	15	337	11	6	10	test040;test127;test139;test160;test189;test194;test286;test320;test328;test449;test456
<comp5111.assignment.cut.Subject$StringAlgorithms: int extractIntInStr(java.lang.String)>	if l2 >= $stack5 goto return l1	0.5821817364	15	341	11	6	10	test040;test127;test139;test160;test189;test194;test286;test320;test328;test449;test456
<comp5111.assignment.cut.Subject$StringAlgorithms: int extractIntInStr(java.lang.String)>	if l3 < 48 goto return l1	0.5821817364	15	343	11	6	10	test040;test127;test139;test160;test189;test194;test286;test320;test328;test449;test456
<comp5111.assignment.cut.Subject$StringAlgorithms: int extractIntInStr(java.lang.String)>	l1 = 0	0.5821817364	15	340	11	6	10	test040;test127;test139;test160;test189;test194;test286;test320;test328;test449;test456
<comp5111.assignment.cut.Subject$StringAlgorithms: int extractIntInStr(java.lang.String)>	l2 = 0	0.5821817364	15	341	11	6	10	test040;test127;test139;test160;test189;test194;test286;test320;test328;test449;test456
<comp5111.assignment.cut.Subject$StringAlgorithms: int extractIntInStr(java.lang.String)>	l3 = virtualinvoke l0.<java.lang.String: char charAt(int)>(l2)	0.5821817364	15	342	11	6	10	test040;test127;test139;test160;test189;test194;test286;test320;test328;test449;test456
<comp5111.assignment.cut.Subject$StringAlgorithms: boolean isOneOf(char,char[])>	goto [?= staticinvoke <comp5111.assignment.CoverageRuntime: void hit(java.lang.String)>("<comp5111.assignment.cut.Subject$StringAlgorithms: boolean isOneOf(char,char[])> ::: 6")]	0.5520524475	30	181	8	2	13	test167;test187;test312;test333;test337;test355;test423;test480
<comp5111.assignment.cut.Subject$StringAlgorithms: boolean isOneOf(char,char[])>	if l0 != l6 goto l5 = l5 + 1	0.5520524475	30	182	8	2	13	test167;test187;test312;test333;test337;test355;test423;test480
<comp5111.assignment.cut.Subject$StringAlgorithms: boolean isOneOf(char,char[])>	if l5 >= l4 goto return l2	0.5520524475	30	181	8	2	13	test167;test187;test312;test333;test337;test355;test423;test480
<comp5111.assignment.cut.Subject$StringAlgorithms: boolean isOneOf(char,char[])>	l2 = 0	0.5520524475	30	180	8	2	13	test167;test187;test312;test333;test337;test355;test423;test480
<comp5111.assignment.cut.Subject$StringAlgorithms: boolean isOneOf(char,char[])>	l3 = l1	0.5520524475	30	181	8	2	13	test167;test187;test312;test333;test337;test355;test423;test480
<comp5111.assignment.cut.Subject$StringAlgorithms: boolean isOneOf(char,char[])>	l4 = lengthof l3	0.5520524475	30	181	8	2	13	test167;test187;test312;test333;test337;test355;test423;test480
<comp5111.assignment.cut.Subject$StringAlgorithms: boolean isOneOf(char,char[])>	l5 = 0	0.5520524475	30	181	8	2	13	test167;test187;test312;test333;test337;test355;test423;test480
<comp5111.assignment.cut.Subject$StringAlgorithms: boolean isOneOf(char,char[])>	l5 = l5 + 1	0.5520524475	30	181	8	2	13	test167;test187;test312;test333;test337;test355;test423;test480
<comp5111.assignment.cut.Subject$StringAlgorithms: boolean isOneOf(char,char[])>	l6 = l3[l5]	0.5520524475	30	181	8	2	13	test167;test187;test312;test333;test337;test355;test423;test480
<comp5111.assignment.cut.Subject$StringAlgorithms: boolean isOneOf(char,char[])>	return l2	0.5520524475	30	187	8	2	13	test167;test187;test312;test333;test337;test355;test423;test480
<comp5111.assignment.cut.Subject$StringAlgorithms: java.lang.String parseToken(java.lang.String,char[])>	$stack6 = lengthof l3	0.5520524475	30	202	8	2	13	test167;test187;test312;test333;test337;test355;test423;test480
<comp5111.assignment.cut.Subject$StringAlgorithms: java.lang.String parseToken(java.lang.String,char[])>	$stack7 = virtualinvoke l0.<java.lang.String: java.lang.String substring(int,int)>(0, l4)	0.5520524475	30	210	8	2	13	test167;test187;test312;test333;test337;test355;test423;test480
<comp5111.assignment.cut.Subject$StringAlgorithms: java.lang.String parseToken(java.lang.String,char[])>	$stack8 = staticinvoke <comp5111.assignment.cut.Subject$StringAlgorithms: boolean isOneOf(char,char[])>(l2, l1)	0.5520524475	30	204	8	2	13	test167;test187;test312;test333;test337;test355;test423;test480
<comp5111.assignment.cut.Subject$StringAlgorithms: java.lang.String parseToken(java.lang.String,char[])>	goto [?= staticinvoke <comp5111.assignment.CoverageRuntime: void hit(java.lang.String)>("<comp5111.assignment.cut.Subject$StringAlgorithms: java.lang.String parseToken(java.lang.String,char[])> ::: 4")]	0.5520524475	30	208	8	2	13	test167;test187;test312;test333;test337;test355;test423;test480
<comp5111.assignment.cut.Subject$StringAlgorithms: java.lang.String parseToken(java.lang.String,char[])>	if $stack8 == 0 goto l4 = l4 + 1	0.5520524475	30	204	8	2	13	test167;test187;test312;test333;test337;test355;test423;test480
<comp5111.assignment.cut.Subject$StringAlgorithms: java.lang.String parseToken(java.lang.String,char[])>	if l4 >= $stack6 goto $stack7 = virtualinvoke l0.<java.lang.String: java.lang.String substring(int,int)>(0, l4)	0.5520524475	30	202	8	2	13	test167;test187;test312;test333;test337;test355;test423;test480
<comp5111.assignment.cut.Subject$StringAlgorithms: java.lang.String parseToken(java.lang.String,char[])>	l2 = l3[l4]	0.5520524475	30	203	8	2	13	test167;test187;test312;test333;test337;test355;test423;test480
<comp5111.assignment.cut.Subject$StringAlgorithms: java.lang.String parseToken(java.lang.String,char[])>	l3 = virtualinvoke l0.<java.lang.String: char[] toCharArray()>()	0.5520524475	30	200	8	2	13	test167;test187;test312;test333;test337;test355;test423;test480
<comp5111.assignment.cut.Subject$StringAlgorithms: java.lang.String parseToken(java.lang.String,char[])>	l4 = 0	0.5520524475	30	201	8	2	13	test167;test187;test312;test333;test337;test355;test423;test480
<comp5111.assignment.cut.Subject$StringAlgorithms: java.lang.String parseToken(java.lang.String,char[])>	l4 = l4 + 1	0.5520524475	30	208	8	2	13	test167;test187;test312;test333;test337;test355;test423;test480
<comp5111.assignment.cut.Subject$StringAlgorithms: java.lang.String parseToken(java.lang.String,char[])>	return $stack7	0.5520524475	30	210	8	2	13	test167;test187;test312;test333;test337;test355;test423;test480
<comp5111.assignment.cut.Subject$StringAlgorithms: int extractIntInStr(java.lang.String)>	if l3 <= 57 goto $stack8 = l1 * 10	0.5455447256	41	343	10	6	11	test040;test127;test139;test160;test189;test194;test286;test320;test449;test456
<comp5111.assignment.cut.Subject$StringAlgorithms: int[] getVersionNo(java.lang.String)>	$stack6 = virtualinvoke l0.<java.lang.String: int length()>()	0.5091750772	52	362	7	2	14	test139;test160;test189;test194;test286;test328;test456
<comp5111.assignment.cut.Subject$StringAlgorithms: int[] getVersionNo(java.lang.String)>	$stack9 = staticinvoke <comp5111.assignment.cut.Subject$StringAlgorithms: int extractIntInStr(java.lang.String)>(l5)	0.5091750772	52	378	7	2	14	test139;test160;test189;test194;test286;test328;test456
<comp5111.assignment.cut.Subject$StringAlgorithms: int[] getVersionNo(java.lang.String)>	goto [?= $stack9 = staticinvoke <comp5111.assignment.cut.Subject$StringAlgorithms: int extractIntInStr(java.lang.String)>(l5)]	0.5091750772	52	374	7	2	14	test139;test160;test189;test194;test286;test328;test456
<comp5111.assignment.cut.Subject$StringAlgorithms: int[] getVersionNo(java.lang.String)>	if $stack6 >= 1 goto l1 = newarray (int)[4]	0.5091750772	52	362	7	2	14	test139;test160;test189;test194;test286;test328;test456
<comp5111.assignment.cut.Subject$StringAlgorithms: int[] getVersionNo(java.lang.String)>	if l0 == null goto return null	0.5091750772	52	362	7	2	14	test139;test160;test189;test194;test286;test328;test456
<comp5111.assignment.cut.Subject$StringAlgorithms: int[] getVersionNo(java.lang.String)>	if l2 <= 3 goto l4 = virtualinvoke l0.<java.lang.String: int indexOf(int,int)>(46, l3)	0.5091750772	52	369	7	2	14	test139;test160;test189;test194;test286;test328;test456
<comp5111.assignment.cut.Subject$StringAlgorithms: int[] getVersionNo(java.lang.String)>	if l4 != -1 goto (branch)	0.5091750772	52	373	7	2	14	test139;test160;test189;test194;test286;test328;test456
<comp5111.assignment.cut.Subject$StringAlgorithms: int[] getVersionNo(java.lang.String)>	if l4 > 0 goto staticinvoke <comp5111.assignment.CoverageRuntime: void hit(java.lang.String)>("<comp5111.assignment.cut.Subject$StringAlgorithms: int[] getVersionNo(java.lang.String)> ::: 12")	0.5091750772	52	381	7	2	14	test139;test160;test189;test194;test286;test328;test456
<comp5111.assignment.cut.Subject$StringAlgorithms: int[] getVersionNo(java.lang.String)>	l1 = newarray (int)[4]	0.5091750772	52	365	7	2	14	test139;test160;test189;test194;test286;test328;test456
<comp5111.assignment.cut.Subject$StringAlgorithms: int[] getVersionNo(java.lang.String)>	l1[0] = 0	0.5091750772	52	366	7	2	14	test139;test160;test189;test194;test286;test328;test456
<comp5111.assignment.cut.Subject$StringAlgorithms: int[] getVersionNo(java.lang.String)>	l1[1] = 0	0.5091750772	52	366	7	2	14	test139;test160;test189;test194;test286;test328;test456
<comp5111.assignment.cut.Subject$StringAlgorithms: int[] getVersionNo(java.lang.String)>	l1[2] = 0	0.5091750772	52	366	7	2	14	test139;test160;test189;test194;test286;test328;test456
<comp5111.assignment.cut.Subject$StringAlgorithms: int[] getVersionNo(java.lang.String)>	l1[3] = 0	0.5091750772	52	366	7	2	14	test139;test160;test189;test194;test286;test328;test456
<comp5111.assignment.cut.Subject$StringAlgorithms: int[] getVersionNo(java.lang.String)>	l1[l2] = $stack9	0.5091750772	52	378	7	2	14	test139;test160;test189;test194;test286;test328;test456
<comp5111.assignment.cut.Subject$StringAlgorithms: int[] getVersionNo(java.lang.String)>	l2 = 0	0.5091750772	52	367	7	2	14	test139;test160;test189;test194;test286;test328;test456
<comp5111.assignment.cut.Subject$StringAlgorithms: int[] getVersionNo(java.lang.String)>	l2 = l2 + 1	0.5091750772	52	380	7	2	14	test139;test160;test189;test194;test286;test328;test456
<comp5111.assignment.cut.Subject$StringAlgorithms: int[] getVersionNo(java.lang.String)>	l3 = 0	0.5091750772	52	367	7	2	14	test139;test160;test189;test194;test286;test328;test456
<comp5111.assignment.cut.Subject$StringAlgorithms: int[] getVersionNo(java.lang.String)>	l3 = l4 + 1	0.5091750772	52	379	7	2	14	test139;test160;test189;test194;test286;test328;test456
<comp5111.assignment.cut.Subject$StringAlgorithms: int[] getVersionNo(java.lang.String)>	l4 = virtualinvoke l0.<java.lang.String: int indexOf(int,int)>(46, l3)	0.5091750772	52	372	7	2	14	test139;test160;test189;test194;test286;test328;test456
<comp5111.assignment.cut.Subject$StringAlgorithms: int[] getVersionNo(java.lang.String)>	l5 = virtualinvoke l0.<java.lang.String: java.lang.String substring(int)>(l3)	0.5091750772	52	374	7	2	14	test139;test160;test189;test194;test286;test328;test456
<comp5111.assignment.cut.Subject$StringAlgorithms: int[] getVersionNo(java.lang.String)>	return l1	0.5091750772	52	382	7	2	14	test139;test160;test189;test194;test286;test328;test456
<comp5111.assignment.cut.Subject$DateTimeAlgorithms: int daysBetweenDateStrings(java.lang.String,java.lang.String)>	$stack26 = staticinvoke <comp5111.assignment.cut.Subject$DateTimeAlgorithms: int daysBetweenDates(int,int,int,int,int,int)>(l4, l5, l6, l7, l8, l9)	0.3086066999	63	697	2	0	19	test071;test376
<comp5111.assignment.cut.Subject$DateTimeAlgorithms: int daysBetweenDateStrings(java.lang.String,java.lang.String)>	$stack14 = l2[0]	0.2519763153	70	691	2	1	19	test071;test376
<comp5111.assignment.cut.Subject$DateTimeAlgorithms: int daysBetweenDateStrings(java.lang.String,java.lang.String)>	$stack16 = l2[1]	0.2519763153	70	692	2	1	19	test071;test376
<comp5111.assignment.cut.Subject$DateTimeAlgorithms: int daysBetweenDateStrings(java.lang.String,java.lang.String)>	$stack18 = l2[2]	0.2519763153	70	693	2	1	19	test071;test376
<comp5111.assignment.cut.Subject$DateTimeAlgorithms: int daysBetweenDateStrings(java.lang.String,java.lang.String)>	$stack20 = l3[0]	0.2519763153	70	694	2	1	19	test071;test376
<comp5111.assignment.cut.Subject$DateTimeAlgorithms: int daysBetweenDateStrings(java.lang.String,java.lang.String)>	$stack22 = l3[1]	0.2519763153	70	695	2	1	19	test071;test376
<comp5111.assignment.cut.Subject$DateTimeAlgorithms: int daysBetweenDateStrings(java.lang.String,java.lang.String)>	$stack24 = l3[2]	0.2519763153	70	696	2	1	19	test071;test376
<comp5111.assignment.cut.Subject$DateTimeAlgorithms: int daysBetweenDateStrings(java.lang.String,java.lang.String)>	l2#2 = $stack28	0.2519763153	70	699	2	1	19	test071;test376
<comp5111.assignment.cut.Subject$DateTimeAlgorithms: int daysBetweenDateStrings(java.lang.String,java.lang.String)>	l4 = staticinvoke <java.lang.Integer: int parseInt(java.lang.String)>($stack14)	0.2519763153	70	691	2	1	19	test071;test376
<comp5111.assignment.cut.Subject$DateTimeAlgorithms: int daysBetweenDateStrings(java.lang.String,java.lang.String)>	l5 = staticinvoke <java.lang.Integer: int parseInt(java.lang.String)>($stack16)	0.2519763153	70	692	2	1	19	test071;test376
<comp5111.assignment.cut.Subject$DateTimeAlgorithms: int daysBetweenDateStrings(java.lang.String,java.lang.String)>	l6 = staticinvoke <java.lang.Integer: int parseInt(java.lang.String)>($stack18)	0.2519763153	70	693	2	1	19	test071;test376
<comp5111.assignment.cut.Subject$DateTimeAlgorithms: int daysBetweenDateStrings(java.lang.String,java.lang.String)>	l7 = staticinvoke <java.lang.Integer: int parseInt(java.lang.String)>($stack20)	0.2519763153	70	694	2	1	19	test071;test376
<comp5111.assignment.cut.Subject$DateTimeAlgorithms: int daysBetweenDateStrings(java.lang.String,java.lang.String)>	l8 = staticinvoke <java.lang.Integer: int parseInt(java.lang.String)>($stack22)	0.2519763153	70	695	2	1	19	test071;test376
<comp5111.assignment.cut.Subject$DateTimeAlgorithms: int daysBetweenDateStrings(java.lang.String,java.lang.String)>	l9 = staticinvoke <java.lang.Integer: int parseInt(java.lang.String)>($stack24)	0.2519763153	70	696	2	1	19	test071;test376
<comp5111.assignment.cut.Subject$DateTimeAlgorithms: int daysBetweenDateStrings(java.lang.String,java.lang.String)>	return -2147483648	0.2519763153	70	699	2	1	19	test071;test376
<comp5111.assignment.cut.Subject$DateTimeAlgorithms: int daysBetweenDateStrings(java.lang.String,java.lang.String)>	$stack13 = lengthof l3	0.1781741613	78	689	2	4	19	test071;test376
<comp5111.assignment.cut.Subject$DateTimeAlgorithms: int daysBetweenDateStrings(java.lang.String,java.lang.String)>	if $stack13 == 3 goto $stack14 = l2[0]	0.1781741613	78	689	2	4	19	test071;test376
<comp5111.assignment.cut.Subject$DateTimeAlgorithms: boolean checkValidDate(int,int,int)>	$stack5 = 0	0.1259881577	80	488	2	10	19	test071;test376
<comp5111.assignment.cut.Subject$DateTimeAlgorithms: boolean checkValidDate(int,int,int)>	if l2 >= l3 goto $stack5 = 0	0.1166423687	81	488	2	12	19	test071;test376
<comp5111.assignment.cut.Subject$DateTimeAlgorithms: boolean checkValidDate(int,int,int)>	if l2 <= 0 goto $stack5 = 0	0.1028689000	83	488	2	16	19	test071;test376
<comp5111.assignment.cut.Subject$DateTimeAlgorithms: boolean checkValidDate(int,int,int)>	l3 = staticinvoke <comp5111.assignment.cut.Subject$DateTimeAlgorithms: int calcDaysInMonth(int,int)>(l0, l1)	0.1028689000	83	487	2	16	19	test071;test376
<comp5111.assignment.cut.Subject$DateTimeAlgorithms: boolean checkValidDate(int,int,int)>	return $stack5	0.1028689000	83	488	2	16	19	test071;test376
<comp5111.assignment.cut.Subject$DateTimeAlgorithms: int calcDaysInMonth(int,int)>	return 31	0.0952380952	87	473	2	19	19	test071;test376
<comp5111.assignment.cut.Subject$DateTimeAlgorithms: int daysBetweenDateStrings(java.lang.String,java.lang.String)>	$stack12 = lengthof l2	0.0952380952	87	689	2	19	19	test071;test376
<comp5111.assignment.cut.Subject$DateTimeAlgorithms: int daysBetweenDateStrings(java.lang.String,java.lang.String)>	if $stack12 != 3 goto return -2147483648	0.0952380952	87	689	2	19	19	test071;test376
<comp5111.assignment.cut.Subject$DateTimeAlgorithms: int daysBetweenDateStrings(java.lang.String,java.lang.String)>	l2 = virtualinvoke l0.<java.lang.String: java.lang.String[] split(java.lang.String)>("-")	0.0952380952	87	687	2	19	19	test071;test376
<comp5111.assignment.cut.Subject$DateTimeAlgorithms: int daysBetweenDateStrings(java.lang.String,java.lang.String)>	l3 = virtualinvoke l1.<java.lang.String: java.lang.String[] split(java.lang.String)>("-")	0.0952380952	87	688	2	19	19	test071;test376
<comp5111.assignment.cut.Subject$DateTimeAlgorithms: int calcDaysInMonth(int,int)>	if l1 != 11 goto return 31	0.0930484210	91	470	2	20	19	test071;test376
<comp5111.assignment.cut.Subject$DateTimeAlgorithms: int calcDaysInMonth(int,int)>	if l1 == 6 goto return 30	0.0930484210	91	470	2	20	19	test071;test376
<comp5111.assignment.cut.Subject$DateTimeAlgorithms: int calcDaysInMonth(int,int)>	if l1 == 9 goto return 30	0.0930484210	91	470	2	20	19	test071;test376
<comp5111.assignment.cut.Subject$DateTimeAlgorithms: int daysBetweenDates(int,int,int,int,int,int)>	$stack16 = staticinvoke <comp5111.assignment.cut.Subject$DateTimeAlgorithms: boolean checkValidDate(int,int,int)>(l0, l1, l2)	0.0910031510	96	444	2	21	19	test071;test376
<comp5111.assignment.cut.Subject$DateTimeAlgorithms: int daysBetweenDates(int,int,int,int,int,int)>	$stack17 = new java.lang.IllegalArgumentException	0.0910031510	96	445	2	21	19	test071;test376
<comp5111.assignment.cut.Subject$DateTimeAlgorithms: int daysBetweenDates(int,int,int,int,int,int)>	if $stack16 == 0 goto $stack17 = new java.lang.IllegalArgumentException	0.0910031510	96	444	2	21	19	test071;test376
<comp5111.assignment.cut.Subject$DateTimeAlgorithms: int daysBetweenDates(int,int,int,int,int,int)>	l6 = staticinvoke <java.util.Calendar: java.util.Calendar getInstance()>()	0.0910031510	96	442	2	21	19	test071;test376
<comp5111.assignment.cut.Subject$DateTimeAlgorithms: int daysBetweenDates(int,int,int,int,int,int)>	l7 = staticinvoke <java.util.Calendar: java.util.Calendar getInstance()>()	0.0910031510	96	443	2	21	19	test071;test376
<comp5111.assignment.cut.Subject$DateTimeAlgorithms: int daysBetweenDates(int,int,int,int,int,int)>	specialinvoke $stack17.<java.lang.IllegalArgumentException: void <init>(java.lang.String)>("Invalid date")	0.0910031510	96	445	2	21	19	test071;test376
<comp5111.assignment.cut.Subject$DateTimeAlgorithms: int daysBetweenDates(int,int,int,int,int,int)>	throw $stack17	0.0910031510	96	445	2	21	19	test071;test376
<comp5111.assignment.cut.Subject$DateTimeAlgorithms: int calcDaysInMonth(int,int)>	if l1 != 2 goto (branch)	0.0824786099	100	467	2	26	19	test071;test376
<comp5111.assignment.cut.Subject$DateTimeAlgorithms: int calcDaysInMonth(int,int)>	if l1 == 4 goto return 30	0.0824786099	100	470	2	26	19	test071;test376
<comp5111.assignment.cut.Subject$DateTimeAlgorithms: boolean checkValidDate(int,int,int)>	if l1 <= 12 goto l3 = staticinvoke <comp5111.assignment.cut.Subject$DateTimeAlgorithms: int calcDaysInMonth(int,int)>(l0, l1)	0.0636607014	102	485	2	45	19	test071;test376
<comp5111.assignment.cut.Subject$DateTimeAlgorithms: int calcDaysInMonth(int,int)>	if l1 <= 12 goto (branch)	0.0629940788	103	465	2	46	19	test071;test376
<comp5111.assignment.cut.Subject$DateTimeAlgorithms: int calcDaysInMonth(int,int)>	if l1 < 1 goto return -1	0.0588489886	104	465	2	53	19	test071;test376
<comp5111.assignment.cut.Subject$DateTimeAlgorithms: boolean checkValidDate(int,int,int)>	if l1 < 1 goto return 0	0.0554273995	105	485	2	60	19	test071;test376
<comp5111.assignment.cut.Subject$DateTimeAlgorithms: boolean checkValidDate(int,int,int)>	$stack5 = 1	0.0000000000	670	488	0	6	21	
<comp5111.assignment.cut.Subject$DateTimeAlgorithms: boolean checkValidDate(int,int,int)>	goto [?= return $stack5]	0.0000000000	670	488	0	6	21	
<comp5111.assignment.cut.Subject$DateTimeAlgorithms: boolean checkValidDate(int,int,int)>	return 0	0.0000000000	670	486	0	47	21	
<comp5111.assignment.cut.Subject$DateTimeAlgorithms: boolean judgeLeapYear(int)>	$stack1 = l0 % 4	0.0000000000	670	498	0	20	21	
<comp5111.assignment.cut.Subject$DateTimeAlgorithms: boolean judgeLeapYear(int)>	$stack2 = l0 % 100	0.0000000000	670	500	0	9	21	
<comp5111.assignment.cut.Subject$DateTimeAlgorithms: boolean judgeLeapYear(int)>	$stack3 = l0 % 400	0.0000000000	670	503	0	4	21	
<comp5111.assignment.cut.Subject$DateTimeAlgorithms: boolean judgeLeapYear(int)>	$stack4 = 0	0.0000000000	670	503	0	1	21	
<comp5111.assignment.cut.Subject$DateTimeAlgorithms: boolean judgeLeapYear(int)>	$stack4 = 1	0.0000000000	670	503	0	3	21	
<comp5111.assignment.cut.Subject$DateTimeAlgorithms: boolean judgeLeapYear(int)>	goto [?= return $stack4]	0.0000000000	670	503	0	3	21	
<comp5111.assignment.cut.Subject$DateTimeAlgorithms: boolean judgeLeapYear(int)>	if $stack1 == 0 goto $stack2 = l0 % 100	0.0000000000	670	498	0	20	21	
<comp5111.assignment.cut.Subject$DateTimeAlgorithms: boolean judgeLeapYear(int)>	if $stack2 == 0 goto $stack3 = l0 % 400	0.0000000000	670	500	0	9	21	
<comp5111.assignment.cut.Subject$DateTimeAlgorithms: boolean judgeLeapYear(int)>	if $stack3 != 0 goto $stack4 = 0	0.0000000000	670	503	0	4	21	
<comp5111.assignment.cut.Subject$DateTimeAlgorithms: boolean judgeLeapYear(int)>	return $stack4	0.0000000000	670	503	0	4	21	
<comp5111.assignment.cut.Subject$DateTimeAlgorithms: boolean judgeLeapYear(int)>	return 0	0.0000000000	670	499	0	11	21	
<comp5111.assignment.cut.Subject$DateTimeAlgorithms: boolean judgeLeapYear(int)>	return 1	0.0000000000	670	501	0	5	21	
<comp5111.assignment.cut.Subject$DateTimeAlgorithms: int calcDaysInMonth(int,int)>	$stack3 = staticinvoke <comp5111.assignment.cut.Subject$DateTimeAlgorithms: boolean judgeLeapYear(int)>(l0)	0.0000000000	670	468	0	0	21	
<comp5111.assignment.cut.Subject$DateTimeAlgorithms: int calcDaysInMonth(int,int)>	$stack4 = 28	0.0000000000	670	468	0	0	21	
<comp5111.assignment.cut.Subject$DateTimeAlgorithms: int calcDaysInMonth(int,int)>	$stack4 = 29	0.0000000000	670	468	0	0	21	
<comp5111.assignment.cut.Subject$DateTimeAlgorithms: int calcDaysInMonth(int,int)>	goto [?= return $stack4]	0.0000000000	670	468	0	0	21	
<comp5111.assignment.cut.Subject$DateTimeAlgorithms: int calcDaysInMonth(int,int)>	if $stack3 == 0 goto $stack4 = 28	0.0000000000	670	468	0	0	21	
<comp5111.assignment.cut.Subject$DateTimeAlgorithms: int calcDaysInMonth(int,int)>	return $stack4	0.0000000000	670	468	0	0	21	
<comp5111.assignment.cut.Subject$DateTimeAlgorithms: int calcDaysInMonth(int,int)>	return -1	0.0000000000	670	466	0	27	21	
<comp5111.assignment.cut.Subject$DateTimeAlgorithms: int calcDaysInMonth(int,int)>	return 30	0.0000000000	670	471	0	7	21	
<comp5111.assignment.cut.Subject$DateTimeAlgorithms: int daysBetweenDateStrings(java.lang.String,java.lang.String)>	return $stack26	0.0000000000	670	697	0	0	21	
<comp5111.assignment.cut.Subject$DateTimeAlgorithms: int daysBetweenDateStrings(java.lang.String,java.lang.String)>	return -2147483648	0.0000000000	670	690	0	18	21	
<comp5111.assignment.cut.Subject$DateTimeAlgorithms: int daysBetweenDates(int,int,int,int,int,int)>	$stack18 = staticinvoke <comp5111.assignment.cut.Subject$DateTimeAlgorithms: boolean checkValidDate(int,int,int)>(l3, l4, l5)	0.0000000000	670	444	0	2	21	
<comp5111.assignment.cut.Subject$DateTimeAlgorithms: int daysBetweenDates(int,int,int,int,int,int)>	$stack19 = l1 - 1	0.0000000000	670	447	0	0	21	
<comp5111.assignment.cut.Subject$DateTimeAlgorithms: int daysBetweenDates(int,int,int,int,int,int)>	$stack20 = l4 - 1	0.0000000000	670	449	0	0	21	
<comp5111.assignment.cut.Subject$DateTimeAlgorithms: int daysBetweenDates(int,int,int,int,int,int)>	$stack23 = l12 / 86400000L	0.0000000000	670	454	0	0	21	
<comp5111.assignment.cut.Subject$DateTimeAlgorithms: int daysBetweenDates(int,int,int,int,int,int)>	$stack24 = (int) $stack23	0.0000000000	670	454	0	0	21	
<comp5111.assignment.cut.Subject$DateTimeAlgorithms: int daysBetweenDates(int,int,int,int,int,int)>	if $stack18 != 0 goto $stack19 = l1 - 1	0.0000000000	670	444	0	2	21	
<comp5111.assignment.cut.Subject$DateTimeAlgorithms: int daysBetweenDates(int,int,int,int,int,int)>	l10 = virtualinvoke l7.<java.util.Calendar: long getTimeInMillis()>()	0.0000000000	670	452	0	0	21	
<comp5111.assignment.cut.Subject$DateTimeAlgorithms: int daysBetweenDates(int,int,int,int,int,int)>	l12 = l10 - l8	0.0000000000	670	453	0	0	21	
<comp5111.assignment.cut.Subject$DateTimeAlgorithms: int daysBetweenDates(int,int,int,int,int,int)>	l8 = virtualinvoke l6.<java.util.Calendar: long getTimeInMillis()>()	0.0000000000	670	451	0	0	21	
<comp5111.assignment.cut.Subject$DateTimeAlgorithms: int daysBetweenDates(int,int,int,int,int,int)>	return $stack24	0.0000000000	670	454	0	0	21	
<comp5111.assignment.cut.Subject$DateTimeAlgorithms: int daysBetweenDates(int,int,int,int,int,int)>	virtualinvoke l6.<java.util.Calendar: void set(int,int)>(14, 0)	0.0000000000	670	448	0	0	21	
<comp5111.assignment.cut.Subject$DateTimeAlgorithms: int daysBetweenDates(int,int,int,int,int,int)>	virtualinvoke l6.<java.util.Calendar: void set(int,int,int,int,int,int)>(l0, $stack19, l2, 0, 0, 0)	0.0000000000	670	447	0	0	21	
<comp5111.assignment.cut.Subject$DateTimeAlgorithms: int daysBetweenDates(int,int,int,int,int,int)>	virtualinvoke l7.<java.util.Calendar: void set(int,int)>(14, 0)	0.0000000000	670	450	0	0	21	
<comp5111.assignment.cut.Subject$DateTimeAlgorithms: int daysBetweenDates(int,int,int,int,int,int)>	virtualinvoke l7.<java.util.Calendar: void set(int,int,int,int,int,int)>(l3, $stack20, l5, 0, 0, 0)	0.0000000000	670	449	0	0	21	
<comp5111.assignment.cut.Subject$DateTimeAlgorithms: int daysInYear(int)>	$stack1 = staticinvoke <comp5111.assignment.cut.Subject$DateTimeAlgorithms: boolean judgeLeapYear(int)>(l0)	0.0000000000	670	674	0	11	21	
<comp5111.assignment.cut.Subject$DateTimeAlgorithms: int daysInYear(int)>	$stack2 = 365	0.0000000000	670	674	0	6	21	
<comp5111.assignment.cut.Subject$DateTimeAlgorithms: int daysInYear(int)>	$stack2 = 366	0.0000000000	670	674	0	5	21	
<comp5111.assignment.cut.Subject$DateTimeAlgorithms: int daysInYear(int)>	goto [?= return $stack2]	0.0000000000	670	674	0	5	21	
<comp5111.assignment.cut.Subject$DateTimeAlgorithms: int daysInYear(int)>	if $stack1 == 0 goto $stack2 = 365	0.0000000000	670	674	0	11	21	
<comp5111.assignment.cut.Subject$DateTimeAlgorithms: int daysInYear(int)>	return $stack2	0.0000000000	670	674	0	11	21	
<comp5111.assignment.cut.Subject$DateTimeAlgorithms: int getQuarter(int)>	if l0 < 1 goto return -1	0.0000000000	670	570	0	11	21	
<comp5111.assignment.cut.Subject$DateTimeAlgorithms: int getQuarter(int)>	if l0 <= 12 goto (branch)	0.0000000000	670	570	0	9	21	
<comp5111.assignment.cut.Subject$DateTimeAlgorithms: int getQuarter(int)>	if l0 > 3 goto (branch)	0.0000000000	670	572	0	2	21	
<comp5111.assignment.cut.Subject$DateTimeAlgorithms: int getQuarter(int)>	if l0 > 6 goto (branch)	0.0000000000	670	574	0	2	21	
<comp5111.assignment.cut.Subject$DateTimeAlgorithms: int getQuarter(int)>	if l0 > 9 goto return 4	0.0000000000	670	576	0	1	21	
<comp5111.assignment.cut.Subject$DateTimeAlgorithms: int getQuarter(int)>	return -1	0.0000000000	670	571	0	9	21	
<comp5111.assignment.cut.Subject$DateTimeAlgorithms: int getQuarter(int)>	return 1	0.0000000000	670	573	0	0	21	
<comp5111.assignment.cut.Subject$DateTimeAlgorithms: int getQuarter(int)>	return 2	0.0000000000	670	575	0	1	21	
<comp5111.assignment.cut.Subject$DateTimeAlgorithms: int getQuarter(int)>	return 3	0.0000000000	670	577	0	0	21	
<comp5111.assignment.cut.Subject$DateTimeAlgorithms: int getQuarter(int)>	return 4	0.0000000000	670	578	0	1	21	
<comp5111.assignment.cut.Subject$DateTimeAlgorithms: int monAbbr2month(java.lang.String)>	$stack10 = l1 << 16	0.0000000000	670	597	0	3	21	
<comp5111.assignment.cut.Subject$DateTimeAlgorithms: int monAbbr2month(java.lang.String)>	$stack11 = $stack10 | $stack9	0.0000000000	670	597	0	3	21	
<comp5111.assignment.cut.Subject$DateTimeAlgorithms: int monAbbr2month(java.lang.String)>	$stack5 = virtualinvoke l0.<java.lang.String: int length()>()	0.0000000000	670	591	0	15	21	
<comp5111.assignment.cut.Subject$DateTimeAlgorithms: int monAbbr2month(java.lang.String)>	$stack9 = l2 << 8	0.0000000000	670	597	0	3	21	
<comp5111.assignment.cut.Subject$DateTimeAlgorithms: int monAbbr2month(java.lang.String)>	if $stack5 == 3 goto l1 = virtualinvoke l0.<java.lang.String: char charAt(int)>(0)	0.0000000000	670	591	0	15	21	
<comp5111.assignment.cut.Subject$DateTimeAlgorithms: int monAbbr2month(java.lang.String)>	if l0 == null goto return -1	0.0000000000	670	591	0	15	21	
<comp5111.assignment.cut.Subject$DateTimeAlgorithms: int monAbbr2month(java.lang.String)>	if l4 != 4288626 goto (branch)	0.0000000000	670	605	0	3	21	
<comp5111.assignment.cut.Subject$DateTimeAlgorithms: int monAbbr2month(java.lang.String)>	if l4 != 4289895 goto (branch)	0.0000000000	670	613	0	2	21	
<comp5111.assignment.cut.Subject$DateTimeAlgorithms: int monAbbr2month(java.lang.String)>	if l4 != 4482403 goto return -1	0.0000000000	670	621	0	2	21	
<comp5111.assignment.cut.Subject$DateTimeAlgorithms: int monAbbr2month(java.lang.String)>	if l4 != 4613474 goto (branch)	0.0000000000	670	601	0	3	21	
<comp5111.assignment.cut.Subject$DateTimeAlgorithms: int monAbbr2month(java.lang.String)>	if l4 != 4874606 goto (branch)	0.0000000000	670	599	0	3	21	
<comp5111.assignment.cut.Subject$DateTimeAlgorithms: int monAbbr2month(java.lang.String)>	if l4 != 4879724 goto (branch)	0.0000000000	670	611	0	2	21	
<comp5111.assignment.cut.Subject$DateTimeAlgorithms: int monAbbr2month(java.lang.String)>	if l4 != 4879726 goto (branch)	0.0000000000	670	609	0	2	21	
<comp5111.assignment.cut.Subject$DateTimeAlgorithms: int monAbbr2month(java.lang.String)>	if l4 != 5071218 goto (branch)	0.0000000000	670	603	0	3	21	
<comp5111.assignment.cut.Subject$DateTimeAlgorithms: int monAbbr2month(java.lang.String)>	if l4 != 5071225 goto (branch)	0.0000000000	670	607	0	2	21	
<comp5111.assignment.cut.Subject$DateTimeAlgorithms: int monAbbr2month(java.lang.String)>	if l4 != 5140342 goto (branch)	0.0000000000	670	619	0	2	21	
<comp5111.assignment.cut.Subject$DateTimeAlgorithms: int monAbbr2month(java.lang.String)>	if l4 != 5202804 goto (branch)	0.0000000000	670	617	0	2	21	
<comp5111.assignment.cut.Subject$DateTimeAlgorithms: int monAbbr2month(java.lang.String)>	if l4 != 5465466 goto (branch)	0.0000000000	670	615	0	2	21	
<comp5111.assignment.cut.Subject$DateTimeAlgorithms: int monAbbr2month(java.lang.String)>	l1 = virtualinvoke l0.<java.lang.String: char charAt(int)>(0)	0.0000000000	670	594	0	3	21	
<comp5111.assignment.cut.Subject$DateTimeAlgorithms: int monAbbr2month(java.lang.String)>	l2 = virtualinvoke l0.<java.lang.String: char charAt(int)>(1)	0.0000000000	670	595	0	3	21	
<comp5111.assignment.cut.Subject$DateTimeAlgorithms: int monAbbr2month(java.lang.String)>	l3 = virtualinvoke l0.<java.lang.String: char charAt(int)>(2)	0.0000000000	670	596	0	3	21	
<comp5111.assignment.cut.Subject$DateTimeAlgorithms: int monAbbr2month(java.lang.String)>	l4 = $stack11 | l3	0.0000000000	670	597	0	3	21	
<comp5111.assignment.cut.Subject$DateTimeAlgorithms: int monAbbr2month(java.lang.String)>	return -1	0.0000000000	670	592	0	12	21	
<comp5111.assignment.cut.Subject$DateTimeAlgorithms: int monAbbr2month(java.lang.String)>	return -1	0.0000000000	670	624	0	2	21	
<comp5111.assignment.cut.Subject$DateTimeAlgorithms: int monAbbr2month(java.lang.String)>	return 1	0.0000000000	670	600	0	0	21	
<comp5111.assignment.cut.Subject$DateTimeAlgorithms: int monAbbr2month(java.lang.String)>	return 10	0.0000000000	670	618	0	0	21	
<comp5111.assignment.cut.Subject$DateTimeAlgorithms: int monAbbr2month(java.lang.String)>	return 11	0.0000000000	670	620	0	0	21	
<comp5111.assignment.cut.Subject$DateTimeAlgorithms: int monAbbr2month(java.lang.String)>	return 12	0.0000000000	670	622	0	0	21	
<comp5111.assignment.cut.Subject$DateTimeAlgorithms: int monAbbr2month(java.lang.String)>	return 2	0.0000000000	670	602	0	0	21	
<comp5111.assignment.cut.Subject$DateTimeAlgorithms: int monAbbr2month(java.lang.String)>	return 3	0.0000000000	670	604	0	0	21	
<comp5111.assignment.cut.Subject$DateTimeAlgorithms: int monAbbr2month(java.lang.String)>	return 4	0.0000000000	670	606	0	1	21	
<comp5111.assignment.cut.Subject$DateTimeAlgorithms: int monAbbr2month(java.lang.String)>	return 5	0.0000000000	670	608	0	0	21	
<comp5111.assignment.cut.Subject$DateTimeAlgorithms: int monAbbr2month(java.lang.String)>	return 6	0.0000000000	670	610	0	0	21	
<comp5111.assignment.cut.Subject$DateTimeAlgorithms: int monAbbr2month(java.lang.String)>	return 7	0.0000000000	670	612	0	0	21	
<comp5111.assignment.cut.Subject$DateTimeAlgorithms: int monAbbr2month(java.lang.String)>	return 8	0.0000000000	670	614	0	0	21	
<comp5111.assignment.cut.Subject$DateTimeAlgorithms: int monAbbr2month(java.lang.String)>	return 9	0.0000000000	670	616	0	0	21	
<comp5111.assignment.cut.Subject$DateTimeAlgorithms: int monthsBetween(int,int,int,int)>	$stack6 = l2 - l0	0.0000000000	670	790	0	1	21	
<comp5111.assignment.cut.Subject$DateTimeAlgorithms: int monthsBetween(int,int,int,int)>	$stack7 = l3 - l1	0.0000000000	670	790	0	1	21	
<comp5111.assignment.cut.Subject$DateTimeAlgorithms: int monthsBetween(int,int,int,int)>	$stack8 = $stack6 * 12	0.0000000000	670	790	0	1	21	
<comp5111.assignment.cut.Subject$DateTimeAlgorithms: int monthsBetween(int,int,int,int)>	if l1 < 1 goto return -1	0.0000000000	670	788	0	17	21	
<comp5111.assignment.cut.Subject$DateTimeAlgorithms: int monthsBetween(int,int,int,int)>	if l1 > 12 goto return -1	0.0000000000	670	788	0	14	21	
<comp5111.assignment.cut.Subject$DateTimeAlgorithms: int monthsBetween(int,int,int,int)>	if l3 < 1 goto return -1	0.0000000000	670	788	0	2	21	
<comp5111.assignment.cut.Subject$DateTimeAlgorithms: int monthsBetween(int,int,int,int)>	if l3 <= 12 goto $stack6 = l2 - l0	0.0000000000	670	788	0	1	21	
<comp5111.assignment.cut.Subject$DateTimeAlgorithms: int monthsBetween(int,int,int,int)>	l4 = $stack8 + $stack7	0.0000000000	670	790	0	1	21	
<comp5111.assignment.cut.Subject$DateTimeAlgorithms: int monthsBetween(int,int,int,int)>	return -1	0.0000000000	670	789	0	16	21	
<comp5111.assignment.cut.Subject$DateTimeAlgorithms: int monthsBetween(int,int,int,int)>	return l4	0.0000000000	670	791	0	1	21	
<comp5111.assignment.cut.Subject$DateTimeAlgorithms: java.lang.String dayStr(int)>	$stack3 = l0 % 10	0.0000000000	670	549	0	19	21	
<comp5111.assignment.cut.Subject$DateTimeAlgorithms: java.lang.String dayStr(int)>	$stack4 = l0 % 10	0.0000000000	670	551	0	16	21	
<comp5111.assignment.cut.Subject$DateTimeAlgorithms: java.lang.String dayStr(int)>	$stack5 = l0 % 10	0.0000000000	670	553	0	14	21	
<comp5111.assignment.cut.Subject$DateTimeAlgorithms: java.lang.String dayStr(int)>	goto [?= (branch)]	0.0000000000	670	548	0	0	21	
<comp5111.assignment.cut.Subject$DateTimeAlgorithms: java.lang.String dayStr(int)>	goto [?= (branch)]	0.0000000000	670	550	0	3	21	
<comp5111.assignment.cut.Subject$DateTimeAlgorithms: java.lang.String dayStr(int)>	goto [?= (branch)]	0.0000000000	670	552	0	2	21	
<comp5111.assignment.cut.Subject$DateTimeAlgorithms: java.lang.String dayStr(int)>	goto [?= (branch)]	0.0000000000	670	554	0	1	21	
<comp5111.assignment.cut.Subject$DateTimeAlgorithms: java.lang.String dayStr(int)>	if $stack3 != 1 goto $stack4 = l0 % 10	0.0000000000	670	549	0	19	21	
<comp5111.assignment.cut.Subject$DateTimeAlgorithms: java.lang.String dayStr(int)>	if $stack4 != 2 goto $stack5 = l0 % 10	0.0000000000	670	551	0	16	21	
<comp5111.assignment.cut.Subject$DateTimeAlgorithms: java.lang.String dayStr(int)>	if $stack5 != 3 goto l1 = dynamicinvoke "makeConcatWithConstants" <java.lang.String (java.lang.String)>(l1) <java.lang.invoke.StringConcatFactory: java.lang.invoke.CallSite makeConcatWithConstants(java.lang.invoke.MethodHandles$Lookup,java.lang.String,java.lang.invoke.MethodType,java.lang.String,java.lang.Object[])>("\u0001th")	0.0000000000	670	553	0	14	21	
<comp5111.assignment.cut.Subject$DateTimeAlgorithms: java.lang.String dayStr(int)>	if l0 < 11 goto $stack3 = l0 % 10	0.0000000000	670	547	0	19	21	
<comp5111.assignment.cut.Subject$DateTimeAlgorithms: java.lang.String dayStr(int)>	if l0 <= 0 goto l1 = "(invalid)"	0.0000000000	670	558	0	19	21	
<comp5111.assignment.cut.Subject$DateTimeAlgorithms: java.lang.String dayStr(int)>	if l0 <= 31 goto return l1	0.0000000000	670	558	0	16	21	
<comp5111.assignment.cut.Subject$DateTimeAlgorithms: java.lang.String dayStr(int)>	if l0 > 13 goto $stack3 = l0 % 10	0.0000000000	670	547	0	10	21	
<comp5111.assignment.cut.Subject$DateTimeAlgorithms: java.lang.String dayStr(int)>	l1 = "(invalid)"	0.0000000000	670	559	0	12	21	
<comp5111.assignment.cut.Subject$DateTimeAlgorithms: java.lang.String dayStr(int)>	l1 = dynamicinvoke "makeConcatWithConstants" <java.lang.String (int)>(l0) <java.lang.invoke.StringConcatFactory: java.lang.invoke.CallSite makeConcatWithConstants(java.lang.invoke.MethodHandles$Lookup,java.lang.String,java.lang.invoke.MethodType,java.lang.String,java.lang.Object[])>("\u0001")	0.0000000000	670	546	0	19	21	
<comp5111.assignment.cut.Subject$DateTimeAlgorithms: java.lang.String dayStr(int)>	l1 = dynamicinvoke "makeConcatWithConstants" <java.lang.String (java.lang.String)>(l1) <java.lang.invoke.StringConcatFactory: java.lang.invoke.CallSite makeConcatWithConstants(java.lang.invoke.MethodHandles$Lookup,java.lang.String,java.lang.invoke.MethodType,java.lang.String,java.lang.Object[])>("\u0001nd")	0.0000000000	670	552	0	2	21	
<comp5111.assignment.cut.Subject$DateTimeAlgorithms: java.lang.String dayStr(int)>	l1 = dynamicinvoke "makeConcatWithConstants" <java.lang.String (java.lang.String)>(l1) <java.lang.invoke.StringConcatFactory: java.lang.invoke.CallSite makeConcatWithConstants(java.lang.invoke.MethodHandles$Lookup,java.lang.String,java.lang.invoke.MethodType,java.lang.String,java.lang.Object[])>("\u0001rd")	0.0000000000	670	554	0	1	21	
<comp5111.assignment.cut.Subject$DateTimeAlgorithms: java.lang.String dayStr(int)>	l1 = dynamicinvoke "makeConcatWithConstants" <java.lang.String (java.lang.String)>(l1) <java.lang.invoke.StringConcatFactory: java.lang.invoke.CallSite makeConcatWithConstants(java.lang.invoke.MethodHandles$Lookup,java.lang.String,java.lang.invoke.MethodType,java.lang.String,java.lang.Object[])>("\u0001st")	0.0000000000	670	550	0	3	21	
<comp5111.assignment.cut.Subject$DateTimeAlgorithms: java.lang.String dayStr(int)>	l1 = dynamicinvoke "makeConcatWithConstants" <java.lang.String (java.lang.String)>(l1) <java.lang.invoke.StringConcatFactory: java.lang.invoke.CallSite makeConcatWithConstants(java.lang.invoke.MethodHandles$Lookup,java.lang.String,java.lang.invoke.MethodType,java.lang.String,java.lang.Object[])>("\u0001th")	0.0000000000	670	548	0	0	21	
<comp5111.assignment.cut.Subject$DateTimeAlgorithms: java.lang.String dayStr(int)>	l1 = dynamicinvoke "makeConcatWithConstants" <java.lang.String (java.lang.String)>(l1) <java.lang.invoke.StringConcatFactory: java.lang.invoke.CallSite makeConcatWithConstants(java.lang.invoke.MethodHandles$Lookup,java.lang.String,java.lang.invoke.MethodType,java.lang.String,java.lang.Object[])>("\u0001th")	0.0000000000	670	556	0	13	21	
<comp5111.assignment.cut.Subject$DateTimeAlgorithms: java.lang.String dayStr(int)>	return l1	0.0000000000	670	560	0	19	21	
<comp5111.assignment.cut.Subject$DateTimeAlgorithms: java.lang.String firstDayOfMonth(int,int)>	$stack2 = newarray (java.lang.Object)[2]	0.0000000000	670	761	0	4	21	
<comp5111.assignment.cut.Subject$DateTimeAlgorithms: java.lang.String firstDayOfMonth(int,int)>	$stack2[0] = $stack5	0.0000000000	670	761	0	4	21	
<comp5111.assignment.cut.Subject$DateTimeAlgorithms: java.lang.String firstDayOfMonth(int,int)>	$stack2[1] = $stack7	0.0000000000	670	761	0	4	21	
<comp5111.assignment.cut.Subject$DateTimeAlgorithms: java.lang.String firstDayOfMonth(int,int)>	$stack5 = staticinvoke <java.lang.Integer: java.lang.Integer valueOf(int)>(l0)	0.0000000000	670	761	0	4	21	
<comp5111.assignment.cut.Subject$DateTimeAlgorithms: java.lang.String firstDayOfMonth(int,int)>	$stack7 = staticinvoke <java.lang.Integer: java.lang.Integer valueOf(int)>(l1)	0.0000000000	670	761	0	4	21	
<comp5111.assignment.cut.Subject$DateTimeAlgorithms: java.lang.String firstDayOfMonth(int,int)>	$stack8 = staticinvoke <java.lang.String: java.lang.String format(java.lang.String,java.lang.Object[])>("%04d-%02d-01", $stack2)	0.0000000000	670	761	0	4	21	
<comp5111.assignment.cut.Subject$DateTimeAlgorithms: java.lang.String firstDayOfMonth(int,int)>	if l1 < 1 goto return "(invalid)"	0.0000000000	670	759	0	15	21	
<comp5111.assignment.cut.Subject$DateTimeAlgorithms: java.lang.String firstDayOfMonth(int,int)>	if l1 <= 12 goto $stack2 = newarray (java.lang.Object)[2]	0.0000000000	670	759	0	9	21	
<comp5111.assignment.cut.Subject$DateTimeAlgorithms: java.lang.String firstDayOfMonth(int,int)>	return "(invalid)"	0.0000000000	670	760	0	11	21	
<comp5111.assignment.cut.Subject$DateTimeAlgorithms: java.lang.String firstDayOfMonth(int,int)>	return $stack8	0.0000000000	670	761	0	4	21	
<comp5111.assignment.cut.Subject$DateTimeAlgorithms: java.lang.String formatFullDate(int,int,int)>	$stack5 = staticinvoke <comp5111.assignment.cut.Subject$DateTimeAlgorithms: boolean checkValidDate(int,int,int)>(l0, l1, l2)	0.0000000000	670	711	0	15	21	
<comp5111.assignment.cut.Subject$DateTimeAlgorithms: java.lang.String formatFullDate(int,int,int)>	$stack8 = dynamicinvoke "makeConcatWithConstants" <java.lang.String (java.lang.String,java.lang.String,int)>(l3, l4, l0) <java.lang.invoke.StringConcatFactory: java.lang.invoke.CallSite makeConcatWithConstants(java.lang.invoke.MethodHandles$Lookup,java.lang.String,java.lang.invoke.MethodType,java.lang.String,java.lang.Object[])>("\u0001 \u0001 \u0001")	0.0000000000	670	715	0	3	21	
<comp5111.assignment.cut.Subject$DateTimeAlgorithms: java.lang.String formatFullDate(int,int,int)>	if $stack5 != 0 goto l3 = staticinvoke <comp5111.assignment.cut.Subject$DateTimeAlgorithms: java.lang.String dayStr(int)>(l2)	0.0000000000	670	711	0	15	21	
<comp5111.assignment.cut.Subject$DateTimeAlgorithms: java.lang.String formatFullDate(int,int,int)>	l3 = staticinvoke <comp5111.assignment.cut.Subject$DateTimeAlgorithms: java.lang.String dayStr(int)>(l2)	0.0000000000	670	713	0	3	21	
<comp5111.assignment.cut.Subject$DateTimeAlgorithms: java.lang.String formatFullDate(int,int,int)>	l4 = staticinvoke <comp5111.assignment.cut.Subject$DateTimeAlgorithms: java.lang.String month2MonAbbr(int)>(l1)	0.0000000000	670	714	0	3	21	
<comp5111.assignment.cut.Subject$DateTimeAlgorithms: java.lang.String formatFullDate(int,int,int)>	return "(invalid)"	0.0000000000	670	712	0	12	21	
<comp5111.assignment.cut.Subject$DateTimeAlgorithms: java.lang.String formatFullDate(int,int,int)>	return $stack8	0.0000000000	670	715	0	3	21	
<comp5111.assignment.cut.Subject$DateTimeAlgorithms: java.lang.String lastDayOfMonth(int,int)>	$stack11 = staticinvoke <java.lang.Integer: java.lang.Integer valueOf(int)>(l2)	0.0000000000	670	775	0	6	21	
<comp5111.assignment.cut.Subject$DateTimeAlgorithms: java.lang.String lastDayOfMonth(int,int)>	$stack12 = staticinvoke <java.lang.String: java.lang.String format(java.lang.String,java.lang.Object[])>("%04d-%02d-%02d", $stack4)	0.0000000000	670	775	0	6	21	
<comp5111.assignment.cut.Subject$DateTimeAlgorithms: java.lang.String lastDayOfMonth(int,int)>	$stack4 = newarray (java.lang.Object)[3]	0.0000000000	670	775	0	6	21	
<comp5111.assignment.cut.Subject$DateTimeAlgorithms: java.lang.String lastDayOfMonth(int,int)>	$stack4[0] = $stack7	0.0000000000	670	775	0	6	21	
<comp5111.assignment.cut.Subject$DateTimeAlgorithms: java.lang.String lastDayOfMonth(int,int)>	$stack4[1] = $stack9	0.0000000000	670	775	0	6	21	
<comp5111.assignment.cut.Subject$DateTimeAlgorithms: java.lang.String lastDayOfMonth(int,int)>	$stack4[2] = $stack11	0.0000000000	670	775	0	6	21	
<comp5111.assignment.cut.Subject$DateTimeAlgorithms: java.lang.String lastDayOfMonth(int,int)>	$stack7 = staticinvoke <java.lang.Integer: java.lang.Integer valueOf(int)>(l0)	0.0000000000	670	775	0	6	21	
<comp5111.assignment.cut.Subject$DateTimeAlgorithms: java.lang.String lastDayOfMonth(int,int)>	$stack9 = staticinvoke <java.lang.Integer: java.lang.Integer valueOf(int)>(l1)	0.0000000000	670	775	0	6	21	
<comp5111.assignment.cut.Subject$DateTimeAlgorithms: java.lang.String lastDayOfMonth(int,int)>	if l2 != -1 goto $stack4 = newarray (java.lang.Object)[3]	0.0000000000	670	773	0	19	21	
<comp5111.assignment.cut.Subject$DateTimeAlgorithms: java.lang.String lastDayOfMonth(int,int)>	l2 = staticinvoke <comp5111.assignment.cut.Subject$DateTimeAlgorithms: int calcDaysInMonth(int,int)>(l0, l1)	0.0000000000	670	772	0	19	21	
<comp5111.assignment.cut.Subject$DateTimeAlgorithms: java.lang.String lastDayOfMonth(int,int)>	return "(invalid)"	0.0000000000	670	774	0	13	21	
<comp5111.assignment.cut.Subject$DateTimeAlgorithms: java.lang.String lastDayOfMonth(int,int)>	return $stack12	0.0000000000	670	775	0	6	21	
<comp5111.assignment.cut.Subject$DateTimeAlgorithms: java.lang.String month2MonAbbr(int)>	return "(invalid)"	0.0000000000	670	663	0	8	21	
<comp5111.assignment.cut.Subject$DateTimeAlgorithms: java.lang.String month2MonAbbr(int)>	return "Apr"	0.0000000000	670	645	0	2	21	
<comp5111.assignment.cut.Subject$DateTimeAlgorithms: java.lang.String month2MonAbbr(int)>	return "Aug"	0.0000000000	670	653	0	0	21	
<comp5111.assignment.cut.Subject$DateTimeAlgorithms: java.lang.String month2MonAbbr(int)>	return "Dec"	0.0000000000	670	661	0	0	21	
<comp5111.assignment.cut.Subject$DateTimeAlgorithms: java.lang.String month2MonAbbr(int)>	return "Feb"	0.0000000000	670	641	0	0	21	
<comp5111.assignment.cut.Subject$DateTimeAlgorithms: java.lang.String month2MonAbbr(int)>	return "Jan"	0.0000000000	670	639	0	2	21	
<comp5111.assignment.cut.Subject$DateTimeAlgorithms: java.lang.String month2MonAbbr(int)>	return "Jul"	0.0000000000	670	651	0	0	21	
<comp5111.assignment.cut.Subject$DateTimeAlgorithms: java.lang.String month2MonAbbr(int)>	return "Jun"	0.0000000000	670	649	0	0	21	
<comp5111.assignment.cut.Subject$DateTimeAlgorithms: java.lang.String month2MonAbbr(int)>	return "Mar"	0.0000000000	670	643	0	0	21	
<comp5111.assignment.cut.Subject$DateTimeAlgorithms: java.lang.String month2MonAbbr(int)>	return "May"	0.0000000000	670	647	0	0	21	
<comp5111.assignment.cut.Subject$DateTimeAlgorithms: java.lang.String month2MonAbbr(int)>	return "Nov"	0.0000000000	670	659	0	1	21	
<comp5111.assignment.cut.Subject$DateTimeAlgorithms: java.lang.String month2MonAbbr(int)>	return "Oct"	0.0000000000	670	657	0	2	21	
<comp5111.assignment.cut.Subject$DateTimeAlgorithms: java.lang.String month2MonAbbr(int)>	return "Sep"	0.0000000000	670	655	0	0	21	
<comp5111.assignment.cut.Subject$DateTimeAlgorithms: java.lang.String month2MonAbbr(int)>	tableswitch(l0) {     case 1: goto return "Jan";     case 2: goto return "Feb";     case 3: goto return "Mar";     case 4: goto return "Apr";     case 5: goto return "May";     case 6: goto return "Jun";     case 7: goto return "Jul";     case 8: goto return "Aug";     case 9: goto return "Sep";     case 10: goto return "Oct";     case 11: goto return "Nov";     case 12: goto return "Dec";     default: goto return "(invalid)"; }	0.0000000000	670	637	0	15	21	
<comp5111.assignment.cut.Subject$DateTimeAlgorithms: java.lang.String roundSecondToString(long)>	$stack10 = l0 cmp 60L	0.0000000000	670	528	0	11	21	
<comp5111.assignment.cut.Subject$DateTimeAlgorithms: java.lang.String roundSecondToString(long)>	$stack11 = staticinvoke <java.lang.Math: long round(double)>(l2)	0.0000000000	670	534	0	11	21	
<comp5111.assignment.cut.Subject$DateTimeAlgorithms: java.lang.String roundSecondToString(long)>	$stack12 = dynamicinvoke "makeConcatWithConstants" <java.lang.String (long,java.lang.String)>($stack11, l4) <java.lang.invoke.StringConcatFactory: java.lang.invoke.CallSite makeConcatWithConstants(java.lang.invoke.MethodHandles$Lookup,java.lang.String,java.lang.invoke.MethodType,java.lang.String,java.lang.Object[])>("\u0001 \u0001")	0.0000000000	670	534	0	11	21	
<comp5111.assignment.cut.Subject$DateTimeAlgorithms: java.lang.String roundSecondToString(long)>	$stack13 = (double) l0	0.0000000000	670	529	0	2	21	
<comp5111.assignment.cut.Subject$DateTimeAlgorithms: java.lang.String roundSecondToString(long)>	$stack16 = (double) l0	0.0000000000	670	526	0	0	21	
<comp5111.assignment.cut.Subject$DateTimeAlgorithms: java.lang.String roundSecondToString(long)>	$stack17 = $stack16 / 60.0	0.0000000000	670	526	0	0	21	
<comp5111.assignment.cut.Subject$DateTimeAlgorithms: java.lang.String roundSecondToString(long)>	$stack18 = (double) l0	0.0000000000	670	523	0	0	21	
<comp5111.assignment.cut.Subject$DateTimeAlgorithms: java.lang.String roundSecondToString(long)>	$stack19 = $stack18 / 24.0	0.0000000000	670	523	0	0	21	
<comp5111.assignment.cut.Subject$DateTimeAlgorithms: java.lang.String roundSecondToString(long)>	$stack20 = $stack19 / 60.0	0.0000000000	670	523	0	0	21	
<comp5111.assignment.cut.Subject$DateTimeAlgorithms: java.lang.String roundSecondToString(long)>	$stack21 = (double) l0	0.0000000000	670	520	0	0	21	
<comp5111.assignment.cut.Subject$DateTimeAlgorithms: java.lang.String roundSecondToString(long)>	$stack22 = $stack21 / 7.0	0.0000000000	670	520	0	0	21	
<comp5111.assignment.cut.Subject$DateTimeAlgorithms: java.lang.String roundSecondToString(long)>	$stack23 = $stack22 / 24.0	0.0000000000	670	520	0	0	21	
<comp5111.assignment.cut.Subject$DateTimeAlgorithms: java.lang.String roundSecondToString(long)>	$stack24 = $stack23 / 60.0	0.0000000000	670	520	0	0	21	
<comp5111.assignment.cut.Subject$DateTimeAlgorithms: java.lang.String roundSecondToString(long)>	$stack25 = (double) l0	0.0000000000	670	517	0	0	21	
<comp5111.assignment.cut.Subject$DateTimeAlgorithms: java.lang.String roundSecondToString(long)>	$stack26 = $stack25 / 365.0	0.0000000000	670	517	0	0	21	
<comp5111.assignment.cut.Subject$DateTimeAlgorithms: java.lang.String roundSecondToString(long)>	$stack27 = $stack26 / 24.0	0.0000000000	670	517	0	0	21	
<comp5111.assignment.cut.Subject$DateTimeAlgorithms: java.lang.String roundSecondToString(long)>	$stack28 = $stack27 / 60.0	0.0000000000	670	517	0	0	21	
<comp5111.assignment.cut.Subject$DateTimeAlgorithms: java.lang.String roundSecondToString(long)>	$stack5 = (double) l0	0.0000000000	670	516	0	11	21	
<comp5111.assignment.cut.Subject$DateTimeAlgorithms: java.lang.String roundSecondToString(long)>	$stack6 = $stack5 cmpl 3.1536E7	0.0000000000	670	516	0	11	21	
<comp5111.assignment.cut.Subject$DateTimeAlgorithms: java.lang.String roundSecondToString(long)>	$stack7 = l0 cmp 604800L	0.0000000000	670	519	0	11	21	
<comp5111.assignment.cut.Subject$DateTimeAlgorithms: java.lang.String roundSecondToString(long)>	$stack8 = l0 cmp 86400L	0.0000000000	670	522	0	11	21	
<comp5111.assignment.cut.Subject$DateTimeAlgorithms: java.lang.String roundSecondToString(long)>	$stack9 = l0 cmp 3600L	0.0000000000	670	525	0	11	21	
<comp5111.assignment.cut.Subject$DateTimeAlgorithms: java.lang.String roundSecondToString(long)>	goto [?= $stack11 = staticinvoke <java.lang.Math: long round(double)>(l2)]	0.0000000000	670	518	0	0	21	
<comp5111.assignment.cut.Subject$DateTimeAlgorithms: java.lang.String roundSecondToString(long)>	goto [?= $stack11 = staticinvoke <java.lang.Math: long round(double)>(l2)]	0.0000000000	670	521	0	0	21	
<comp5111.assignment.cut.Subject$DateTimeAlgorithms: java.lang.String roundSecondToString(long)>	goto [?= $stack11 = staticinvoke <java.lang.Math: long round(double)>(l2)]	0.0000000000	670	524	0	0	21	
<comp5111.assignment.cut.Subject$DateTimeAlgorithms: java.lang.String roundSecondToString(long)>	goto [?= $stack11 = staticinvoke <java.lang.Math: long round(double)>(l2)]	0.0000000000	670	527	0	0	21	
<comp5111.assignment.cut.Subject$DateTimeAlgorithms: java.lang.String roundSecondToString(long)>	goto [?= $stack11 = staticinvoke <java.lang.Math: long round(double)>(l2)]	0.0000000000	670	530	0	2	21	
<comp5111.assignment.cut.Subject$DateTimeAlgorithms: java.lang.String roundSecondToString(long)>	if $stack10 < 0 goto l2 = (double) l0	0.0000000000	670	528	0	11	21	
<comp5111.assignment.cut.Subject$DateTimeAlgorithms: java.lang.String roundSecondToString(long)>	if $stack6 < 0 goto $stack7 = l0 cmp 604800L	0.0000000000	670	516	0	11	21	
<comp5111.assignment.cut.Subject$DateTimeAlgorithms: java.lang.String roundSecondToString(long)>	if $stack7 < 0 goto $stack8 = l0 cmp 86400L	0.0000000000	670	519	0	11	21	
<comp5111.assignment.cut.Subject$DateTimeAlgorithms: java.lang.String roundSecondToString(long)>	if $stack8 < 0 goto $stack9 = l0 cmp 3600L	0.0000000000	670	522	0	11	21	
<comp5111.assignment.cut.Subject$DateTimeAlgorithms: java.lang.String roundSecondToString(long)>	if $stack9 < 0 goto $stack10 = l0 cmp 60L	0.0000000000	670	525	0	11	21	
<comp5111.assignment.cut.Subject$DateTimeAlgorithms: java.lang.String roundSecondToString(long)>	l2 = $stack13 / 60.0	0.0000000000	670	529	0	2	21	
<comp5111.assignment.cut.Subject$DateTimeAlgorithms: java.lang.String roundSecondToString(long)>	l2 = $stack17 / 60.0	0.0000000000	670	526	0	0	21	
<comp5111.assignment.cut.Subject$DateTimeAlgorithms: java.lang.String roundSecondToString(long)>	l2 = $stack20 / 60.0	0.0000000000	670	523	0	0	21	
<comp5111.assignment.cut.Subject$DateTimeAlgorithms: java.lang.String roundSecondToString(long)>	l2 = $stack24 / 60.0	0.0000000000	670	520	0	0	21	
<comp5111.assignment.cut.Subject$DateTimeAlgorithms: java.lang.String roundSecondToString(long)>	l2 = $stack28 / 60.0	0.0000000000	670	517	0	0	21	
<comp5111.assignment.cut.Subject$DateTimeAlgorithms: java.lang.String roundSecondToString(long)>	l2 = (double) l0	0.0000000000	670	531	0	9	21	
<comp5111.assignment.cut.Subject$DateTimeAlgorithms: java.lang.String roundSecondToString(long)>	l4 = "D"	0.0000000000	670	524	0	0	21	
<comp5111.assignment.cut.Subject$DateTimeAlgorithms: java.lang.String roundSecondToString(long)>	l4 = "H"	0.0000000000	670	527	0	0	21	
<comp5111.assignment.cut.Subject$DateTimeAlgorithms: java.lang.String roundSecondToString(long)>	l4 = "M"	0.0000000000	670	530	0	2	21	
<comp5111.assignment.cut.Subject$DateTimeAlgorithms: java.lang.String roundSecondToString(long)>	l4 = "S"	0.0000000000	670	532	0	9	21	
<comp5111.assignment.cut.Subject$DateTimeAlgorithms: java.lang.String roundSecondToString(long)>	l4 = "W"	0.0000000000	670	521	0	0	21	
<comp5111.assignment.cut.Subject$DateTimeAlgorithms: java.lang.String roundSecondToString(long)>	l4 = "Y"	0.0000000000	670	518	0	0	21	
<comp5111.assignment.cut.Subject$DateTimeAlgorithms: java.lang.String roundSecondToString(long)>	return $stack12	0.0000000000	670	534	0	11	21	
<comp5111.assignment.cut.Subject$DateTimeAlgorithms: java.util.List listDatesBetween(int,int,int,int,int,int)>	$stack10 = new java.util.ArrayList	0.0000000000	670	732	0	24	21	
<comp5111.assignment.cut.Subject$DateTimeAlgorithms: java.util.List listDatesBetween(int,int,int,int,int,int)>	$stack11 = staticinvoke <comp5111.assignment.cut.Subject$DateTimeAlgorithms: boolean checkValidDate(int,int,int)>(l0, l1, l2)	0.0000000000	670	733	0	24	21	
<comp5111.assignment.cut.Subject$DateTimeAlgorithms: java.util.List listDatesBetween(int,int,int,int,int,int)>	$stack12 = staticinvoke <comp5111.assignment.cut.Subject$DateTimeAlgorithms: boolean checkValidDate(int,int,int)>(l3, l4, l5)	0.0000000000	670	733	0	1	21	
<comp5111.assignment.cut.Subject$DateTimeAlgorithms: java.util.List listDatesBetween(int,int,int,int,int,int)>	$stack15 = l1 - 1	0.0000000000	670	737	0	0	21	
<comp5111.assignment.cut.Subject$DateTimeAlgorithms: java.util.List listDatesBetween(int,int,int,int,int,int)>	$stack16 = l4 - 1	0.0000000000	670	739	0	0	21	
<comp5111.assignment.cut.Subject$DateTimeAlgorithms: java.util.List listDatesBetween(int,int,int,int,int,int)>	$stack17 = virtualinvoke l7.<java.util.Calendar: boolean after(java.lang.Object)>(l8)	0.0000000000	670	741	0	0	21	
<comp5111.assignment.cut.Subject$DateTimeAlgorithms: java.util.List listDatesBetween(int,int,int,int,int,int)>	$stack18 = new java.text.SimpleDateFormat	0.0000000000	670	743	0	0	21	
<comp5111.assignment.cut.Subject$DateTimeAlgorithms: java.util.List listDatesBetween(int,int,int,int,int,int)>	$stack19 = virtualinvoke l7.<java.util.Calendar: boolean after(java.lang.Object)>(l8)	0.0000000000	670	744	0	0	21	
<comp5111.assignment.cut.Subject$DateTimeAlgorithms: java.util.List listDatesBetween(int,int,int,int,int,int)>	$stack20 = virtualinvoke l7.<java.util.Calendar: java.util.Date getTime()>()	0.0000000000	670	745	0	0	21	
<comp5111.assignment.cut.Subject$DateTimeAlgorithms: java.util.List listDatesBetween(int,int,int,int,int,int)>	$stack21 = virtualinvoke l9.<java.text.SimpleDateFormat: java.lang.String format(java.util.Date)>($stack20)	0.0000000000	670	745	0	0	21	
<comp5111.assignment.cut.Subject$DateTimeAlgorithms: java.util.List listDatesBetween(int,int,int,int,int,int)>	goto [?= staticinvoke <comp5111.assignment.CoverageRuntime: void hit(java.lang.String)>("<comp5111.assignment.cut.Subject$DateTimeAlgorithms: java.util.List listDatesBetween(int,int,int,int,int,int)> ::: 28")]	0.0000000000	670	746	0	0	21	
<comp5111.assignment.cut.Subject$DateTimeAlgorithms: java.util.List listDatesBetween(int,int,int,int,int,int)>	if $stack11 == 0 goto return l6	0.0000000000	670	733	0	24	21	
<comp5111.assignment.cut.Subject$DateTimeAlgorithms: java.util.List listDatesBetween(int,int,int,int,int,int)>	if $stack12 != 0 goto l7 = staticinvoke <java.util.Calendar: java.util.Calendar getInstance()>()	0.0000000000	670	733	0	1	21	
<comp5111.assignment.cut.Subject$DateTimeAlgorithms: java.util.List listDatesBetween(int,int,int,int,int,int)>	if $stack17 == 0 goto $stack18 = new java.text.SimpleDateFormat	0.0000000000	670	741	0	0	21	
<comp5111.assignment.cut.Subject$DateTimeAlgorithms: java.util.List listDatesBetween(int,int,int,int,int,int)>	if $stack19 != 0 goto return l6	0.0000000000	670	744	0	0	21	
<comp5111.assignment.cut.Subject$DateTimeAlgorithms: java.util.List listDatesBetween(int,int,int,int,int,int)>	interfaceinvoke l6.<java.util.List: boolean add(java.lang.Object)>($stack21)	0.0000000000	670	745	0	0	21	
<comp5111.assignment.cut.Subject$DateTimeAlgorithms: java.util.List listDatesBetween(int,int,int,int,int,int)>	l6 = $stack10	0.0000000000	670	732	0	24	21	
<comp5111.assignment.cut.Subject$DateTimeAlgorithms: java.util.List listDatesBetween(int,int,int,int,int,int)>	l7 = staticinvoke <java.util.Calendar: java.util.Calendar getInstance()>()	0.0000000000	670	735	0	0	21	
<comp5111.assignment.cut.Subject$DateTimeAlgorithms: java.util.List listDatesBetween(int,int,int,int,int,int)>	l8 = staticinvoke <java.util.Calendar: java.util.Calendar getInstance()>()	0.0000000000	670	736	0	0	21	
<comp5111.assignment.cut.Subject$DateTimeAlgorithms: java.util.List listDatesBetween(int,int,int,int,int,int)>	l9 = $stack18	0.0000000000	670	743	0	0	21	
<comp5111.assignment.cut.Subject$DateTimeAlgorithms: java.util.List listDatesBetween(int,int,int,int,int,int)>	return l6	0.0000000000	670	734	0	24	21	
<comp5111.assignment.cut.Subject$DateTimeAlgorithms: java.util.List listDatesBetween(int,int,int,int,int,int)>	return l6	0.0000000000	670	742	0	0	21	
<comp5111.assignment.cut.Subject$DateTimeAlgorithms: java.util.List listDatesBetween(int,int,int,int,int,int)>	return l6	0.0000000000	670	748	0	0	21	
<comp5111.assignment.cut.Subject$DateTimeAlgorithms: java.util.List listDatesBetween(int,int,int,int,int,int)>	specialinvoke $stack10.<java.util.ArrayList: void <init>()>()	0.0000000000	670	732	0	24	21	
<comp5111.assignment.cut.Subject$DateTimeAlgorithms: java.util.List listDatesBetween(int,int,int,int,int,int)>	specialinvoke $stack18.<java.text.SimpleDateFormat: void <init>(java.lang.String)>("yyyy-MM-dd")	0.0000000000	670	743	0	0	21	
<comp5111.assignment.cut.Subject$DateTimeAlgorithms: java.util.List listDatesBetween(int,int,int,int,int,int)>	virtualinvoke l7.<java.util.Calendar: void add(int,int)>(5, 1)	0.0000000000	670	746	0	0	21	
<comp5111.assignment.cut.Subject$DateTimeAlgorithms: java.util.List listDatesBetween(int,int,int,int,int,int)>	virtualinvoke l7.<java.util.Calendar: void set(int,int)>(14, 0)	0.0000000000	670	738	0	0	21	
<comp5111.assignment.cut.Subject$DateTimeAlgorithms: java.util.List listDatesBetween(int,int,int,int,int,int)>	virtualinvoke l7.<java.util.Calendar: void set(int,int,int,int,int,int)>(l0, $stack15, l2, 0, 0, 0)	0.0000000000	670	737	0	0	21	
<comp5111.assignment.cut.Subject$DateTimeAlgorithms: java.util.List listDatesBetween(int,int,int,int,int,int)>	virtualinvoke l8.<java.util.Calendar: void set(int,int)>(14, 0)	0.0000000000	670	740	0	0	21	
<comp5111.assignment.cut.Subject$DateTimeAlgorithms: java.util.List listDatesBetween(int,int,int,int,int,int)>	virtualinvoke l8.<java.util.Calendar: void set(int,int,int,int,int,int)>(l3, $stack16, l5, 0, 0, 0)	0.0000000000	670	739	0	0	21	
<comp5111.assignment.cut.Subject$DateTimeAlgorithms: void <init>()>	return	0.0000000000	670	429	0	1	21	
<comp5111.assignment.cut.Subject$DateTimeAlgorithms: void <init>()>	specialinvoke l0.<java.lang.Object: void <init>()>()	0.0000000000	670	429	0	1	21	
<comp5111.assignment.cut.Subject$GameConfiguration: boolean isBoardFull()>	$stack10 = $stack9[l1]	0.0000000000	670	1281	0	0	21	
<comp5111.assignment.cut.Subject$GameConfiguration: boolean isBoardFull()>	$stack11 = $stack10[l2]	0.0000000000	670	1281	0	0	21	
<comp5111.assignment.cut.Subject$GameConfiguration: boolean isBoardFull()>	$stack14 = l0.<comp5111.assignment.cut.Subject$GameConfiguration: comp5111.assignment.cut.Subject$GamePlace centralPlace>	0.0000000000	670	1281	0	0	21	
<comp5111.assignment.cut.Subject$GameConfiguration: boolean isBoardFull()>	$stack15 = virtualinvoke $stack14.<comp5111.assignment.cut.Subject$GamePlace: int y()>()	0.0000000000	670	1281	0	0	21	
<comp5111.assignment.cut.Subject$GameConfiguration: boolean isBoardFull()>	$stack3 = l0.<comp5111.assignment.cut.Subject$GameConfiguration: int size>	0.0000000000	670	1279	0	0	21	
<comp5111.assignment.cut.Subject$GameConfiguration: boolean isBoardFull()>	$stack4 = l0.<comp5111.assignment.cut.Subject$GameConfiguration: int size>	0.0000000000	670	1280	0	0	21	
<comp5111.assignment.cut.Subject$GameConfiguration: boolean isBoardFull()>	$stack7 = l0.<comp5111.assignment.cut.Subject$GameConfiguration: comp5111.assignment.cut.Subject$GamePlace centralPlace>	0.0000000000	670	1281	0	0	21	
<comp5111.assignment.cut.Subject$GameConfiguration: boolean isBoardFull()>	$stack8 = virtualinvoke $stack7.<comp5111.assignment.cut.Subject$GamePlace: int x()>()	0.0000000000	670	1281	0	0	21	
<comp5111.assignment.cut.Subject$GameConfiguration: boolean isBoardFull()>	$stack9 = l0.<comp5111.assignment.cut.Subject$GameConfiguration: comp5111.assignment.cut.Subject$GamePlayer[][] initialBoard>	0.0000000000	670	1281	0	0	21	
<comp5111.assignment.cut.Subject$GameConfiguration: boolean isBoardFull()>	goto [?= staticinvoke <comp5111.assignment.CoverageRuntime: void hit(java.lang.String)>("<comp5111.assignment.cut.Subject$GameConfiguration: boolean isBoardFull()> ::: 2")]	0.0000000000	670	1279	0	0	21	
<comp5111.assignment.cut.Subject$GameConfiguration: boolean isBoardFull()>	goto [?= staticinvoke <comp5111.assignment.CoverageRuntime: void hit(java.lang.String)>("<comp5111.assignment.cut.Subject$GameConfiguration: boolean isBoardFull()> ::: 5")]	0.0000000000	670	1280	0	0	21	
<comp5111.assignment.cut.Subject$GameConfiguration: boolean isBoardFull()>	if $stack11 != null goto l2 = l2 + 1	0.0000000000	670	1281	0	0	21	
<comp5111.assignment.cut.Subject$GameConfiguration: boolean isBoardFull()>	if l1 != $stack8 goto $stack9 = l0.<comp5111.assignment.cut.Subject$GameConfiguration: comp5111.assignment.cut.Subject$GamePlayer[][] initialBoard>	0.0000000000	670	1281	0	0	21	
<comp5111.assignment.cut.Subject$GameConfiguration: boolean isBoardFull()>	if l1 >= $stack3 goto return 1	0.0000000000	670	1279	0	0	21	
<comp5111.assignment.cut.Subject$GameConfiguration: boolean isBoardFull()>	if l2 == $stack15 goto l2 = l2 + 1	0.0000000000	670	1281	0	0	21	
<comp5111.assignment.cut.Subject$GameConfiguration: boolean isBoardFull()>	if l2 >= $stack4 goto l1 = l1 + 1	0.0000000000	670	1280	0	0	21	
<comp5111.assignment.cut.Subject$GameConfiguration: boolean isBoardFull()>	l1 = 0	0.0000000000	670	1279	0	0	21	
<comp5111.assignment.cut.Subject$GameConfiguration: boolean isBoardFull()>	l1 = l1 + 1	0.0000000000	670	1279	0	0	21	
<comp5111.assignment.cut.Subject$GameConfiguration: boolean isBoardFull()>	l2 = 0	0.0000000000	670	1280	0	0	21	
<comp5111.assignment.cut.Subject$GameConfiguration: boolean isBoardFull()>	l2 = l2 + 1	0.0000000000	670	1280	0	0	21	
<comp5111.assignment.cut.Subject$GameConfiguration: boolean isBoardFull()>	return 0	0.0000000000	670	1282	0	0	21	
<comp5111.assignment.cut.Subject$GameConfiguration: boolean isBoardFull()>	return 1	0.0000000000	670	1286	0	0	21	
<comp5111.assignment.cut.Subject$GameConfiguration: boolean isBoardSymmetric()>	$stack10 = $stack9[l1]	0.0000000000	670	1243	0	0	21	
<comp5111.assignment.cut.Subject$GameConfiguration: boolean isBoardSymmetric()>	$stack11 = l0.<comp5111.assignment.cut.Subject$GameConfiguration: comp5111.assignment.cut.Subject$GamePlayer[][] initialBoard>	0.0000000000	670	1244	0	0	21	
<comp5111.assignment.cut.Subject$GameConfiguration: boolean isBoardSymmetric()>	$stack12 = $stack11[l2]	0.0000000000	670	1244	0	0	21	
<comp5111.assignment.cut.Subject$GameConfiguration: boolean isBoardSymmetric()>	$stack15 = virtualinvoke l3.<comp5111.assignment.cut.Subject$GamePlayer: boolean equals(java.lang.Object)>(l4)	0.0000000000	670	1247	0	0	21	
<comp5111.assignment.cut.Subject$GameConfiguration: boolean isBoardSymmetric()>	$stack5 = l0.<comp5111.assignment.cut.Subject$GameConfiguration: int size>	0.0000000000	670	1241	0	0	21	
<comp5111.assignment.cut.Subject$GameConfiguration: boolean isBoardSymmetric()>	$stack6 = l0.<comp5111.assignment.cut.Subject$GameConfiguration: int size>	0.0000000000	670	1242	0	0	21	
<comp5111.assignment.cut.Subject$GameConfiguration: boolean isBoardSymmetric()>	$stack9 = l0.<comp5111.assignment.cut.Subject$GameConfiguration: comp5111.assignment.cut.Subject$GamePlayer[][] initialBoard>	0.0000000000	670	1243	0	0	21	
<comp5111.assignment.cut.Subject$GameConfiguration: boolean isBoardSymmetric()>	goto [?= staticinvoke <comp5111.assignment.CoverageRuntime: void hit(java.lang.String)>("<comp5111.assignment.cut.Subject$GameConfiguration: boolean isBoardSymmetric()> ::: 2")]	0.0000000000	670	1241	0	0	21	
<comp5111.assignment.cut.Subject$GameConfiguration: boolean isBoardSymmetric()>	goto [?= staticinvoke <comp5111.assignment.CoverageRuntime: void hit(java.lang.String)>("<comp5111.assignment.cut.Subject$GameConfiguration: boolean isBoardSymmetric()> ::: 5")]	0.0000000000	670	1242	0	0	21	
<comp5111.assignment.cut.Subject$GameConfiguration: boolean isBoardSymmetric()>	if $stack15 != 0 goto l2 = l2 + 1	0.0000000000	670	1247	0	0	21	
<comp5111.assignment.cut.Subject$GameConfiguration: boolean isBoardSymmetric()>	if l1 >= $stack5 goto return 1	0.0000000000	670	1241	0	0	21	
<comp5111.assignment.cut.Subject$GameConfiguration: boolean isBoardSymmetric()>	if l2 >= $stack6 goto l1 = l1 + 1	0.0000000000	670	1242	0	0	21	
<comp5111.assignment.cut.Subject$GameConfiguration: boolean isBoardSymmetric()>	if l3 != null goto (branch)	0.0000000000	670	1245	0	0	21	
<comp5111.assignment.cut.Subject$GameConfiguration: boolean isBoardSymmetric()>	if l3 == null goto l2 = l2 + 1	0.0000000000	670	1247	0	0	21	
<comp5111.assignment.cut.Subject$GameConfiguration: boolean isBoardSymmetric()>	if l4 == null goto (branch)	0.0000000000	670	1245	0	0	21	
<comp5111.assignment.cut.Subject$GameConfiguration: boolean isBoardSymmetric()>	l1 = 0	0.0000000000	670	1241	0	0	21	
<comp5111.assignment.cut.Subject$GameConfiguration: boolean isBoardSymmetric()>	l1 = l1 + 1	0.0000000000	670	1241	0	0	21	
<comp5111.assignment.cut.Subject$GameConfiguration: boolean isBoardSymmetric()>	l2 = 0	0.0000000000	670	1242	0	0	21	
<comp5111.assignment.cut.Subject$GameConfiguration: boolean isBoardSymmetric()>	l2 = l2 + 1	0.0000000000	670	1242	0	0	21	
<comp5111.assignment.cut.Subject$GameConfiguration: boolean isBoardSymmetric()>	l3 = $stack10[l2]	0.0000000000	670	1243	0	0	21	
<comp5111.assignment.cut.Subject$GameConfiguration: boolean isBoardSymmetric()>	l4 = $stack12[l1]	0.0000000000	670	1244	0	0	21	
<comp5111.assignment.cut.Subject$GameConfiguration: boolean isBoardSymmetric()>	return 0	0.0000000000	670	1246	0	0	21	
<comp5111.assignment.cut.Subject$GameConfiguration: boolean isBoardSymmetric()>	return 0	0.0000000000	670	1248	0	0	21	
<comp5111.assignment.cut.Subject$GameConfiguration: boolean isBoardSymmetric()>	return 1	0.0000000000	670	1251	0	0	21	
<comp5111.assignment.cut.Subject$GameConfiguration: boolean isOccupied(comp5111.assignment.cut.Subject$GamePlace)>	$stack10 = virtualinvoke l1.<comp5111.assignment.cut.Subject$GamePlace: int x()>()	0.0000000000	670	1209	0	0	21	
<comp5111.assignment.cut.Subject$GameConfiguration: boolean isOccupied(comp5111.assignment.cut.Subject$GamePlace)>	$stack11 = $stack9[$stack10]	0.0000000000	670	1209	0	0	21	
<comp5111.assignment.cut.Subject$GameConfiguration: boolean isOccupied(comp5111.assignment.cut.Subject$GamePlace)>	$stack12 = virtualinvoke l1.<comp5111.assignment.cut.Subject$GamePlace: int y()>()	0.0000000000	670	1209	0	0	21	
<comp5111.assignment.cut.Subject$GameConfiguration: boolean isOccupied(comp5111.assignment.cut.Subject$GamePlace)>	$stack13 = $stack11[$stack12]	0.0000000000	670	1209	0	0	21	
<comp5111.assignment.cut.Subject$GameConfiguration: boolean isOccupied(comp5111.assignment.cut.Subject$GamePlace)>	$stack14 = 0	0.0000000000	670	1209	0	0	21	
<comp5111.assignment.cut.Subject$GameConfiguration: boolean isOccupied(comp5111.assignment.cut.Subject$GamePlace)>	$stack14 = 1	0.0000000000	670	1209	0	0	21	
<comp5111.assignment.cut.Subject$GameConfiguration: boolean isOccupied(comp5111.assignment.cut.Subject$GamePlace)>	$stack2 = virtualinvoke l1.<comp5111.assignment.cut.Subject$GamePlace: int x()>()	0.0000000000	670	1206	0	0	21	
<comp5111.assignment.cut.Subject$GameConfiguration: boolean isOccupied(comp5111.assignment.cut.Subject$GamePlace)>	$stack3 = virtualinvoke l1.<comp5111.assignment.cut.Subject$GamePlace: int x()>()	0.0000000000	670	1206	0	0	21	
<comp5111.assignment.cut.Subject$GameConfiguration: boolean isOccupied(comp5111.assignment.cut.Subject$GamePlace)>	$stack4 = l0.<comp5111.assignment.cut.Subject$GameConfiguration: int size>	0.0000000000	670	1206	0	0	21	
<comp5111.assignment.cut.Subject$GameConfiguration: boolean isOccupied(comp5111.assignment.cut.Subject$GamePlace)>	$stack6 = virtualinvoke l1.<comp5111.assignment.cut.Subject$GamePlace: int y()>()	0.0000000000	670	1206	0	0	21	
<comp5111.assignment.cut.Subject$GameConfiguration: boolean isOccupied(comp5111.assignment.cut.Subject$GamePlace)>	$stack7 = virtualinvoke l1.<comp5111.assignment.cut.Subject$GamePlace: int y()>()	0.0000000000	670	1206	0	0	21	
<comp5111.assignment.cut.Subject$GameConfiguration: boolean isOccupied(comp5111.assignment.cut.Subject$GamePlace)>	$stack8 = l0.<comp5111.assignment.cut.Subject$GameConfiguration: int size>	0.0000000000	670	1206	0	0	21	
<comp5111.assignment.cut.Subject$GameConfiguration: boolean isOccupied(comp5111.assignment.cut.Subject$GamePlace)>	$stack9 = l0.<comp5111.assignment.cut.Subject$GameConfiguration: comp5111.assignment.cut.Subject$GamePlayer[][] initialBoard>	0.0000000000	670	1209	0	0	21	
<comp5111.assignment.cut.Subject$GameConfiguration: boolean isOccupied(comp5111.assignment.cut.Subject$GamePlace)>	goto [?= return $stack14]	0.0000000000	670	1209	0	0	21	
<comp5111.assignment.cut.Subject$GameConfiguration: boolean isOccupied(comp5111.assignment.cut.Subject$GamePlace)>	if $stack13 == null goto $stack14 = 0	0.0000000000	670	1209	0	0	21	
<comp5111.assignment.cut.Subject$GameConfiguration: boolean isOccupied(comp5111.assignment.cut.Subject$GamePlace)>	if $stack2 < 0 goto return 1	0.0000000000	670	1206	0	0	21	
<comp5111.assignment.cut.Subject$GameConfiguration: boolean isOccupied(comp5111.assignment.cut.Subject$GamePlace)>	if $stack3 >= $stack4 goto return 1	0.0000000000	670	1206	0	0	21	
<comp5111.assignment.cut.Subject$GameConfiguration: boolean isOccupied(comp5111.assignment.cut.Subject$GamePlace)>	if $stack6 < 0 goto return 1	0.0000000000	670	1206	0	0	21	
<comp5111.assignment.cut.Subject$GameConfiguration: boolean isOccupied(comp5111.assignment.cut.Subject$GamePlace)>	if $stack7 < $stack8 goto $stack9 = l0.<comp5111.assignment.cut.Subject$GameConfiguration: comp5111.assignment.cut.Subject$GamePlayer[][] initialBoard>	0.0000000000	670	1206	0	0	21	
<comp5111.assignment.cut.Subject$GameConfiguration: boolean isOccupied(comp5111.assignment.cut.Subject$GamePlace)>	return $stack14	0.0000000000	670	1209	0	0	21	
<comp5111.assignment.cut.Subject$GameConfiguration: boolean isOccupied(comp5111.assignment.cut.Subject$GamePlace)>	return 1	0.0000000000	670	1207	0	0	21	
<comp5111.assignment.cut.Subject$GameConfiguration: comp5111.assignment.cut.Subject$GameConfiguration clone()>	$stack10 = virtualinvoke $stack9.<java.lang.Object: java.lang.Object clone()>()	0.0000000000	670	1108	0	0	21	
<comp5111.assignment.cut.Subject$GameConfiguration: comp5111.assignment.cut.Subject$GameConfiguration clone()>	$stack11 = (comp5111.assignment.cut.Subject$GamePlayer[][]) $stack10	0.0000000000	670	1108	0	0	21	
<comp5111.assignment.cut.Subject$GameConfiguration: comp5111.assignment.cut.Subject$GameConfiguration clone()>	$stack12 = l0.<comp5111.assignment.cut.Subject$GameConfiguration: int size>	0.0000000000	670	1109	0	0	21	
<comp5111.assignment.cut.Subject$GameConfiguration: comp5111.assignment.cut.Subject$GameConfiguration clone()>	$stack13 = l0.<comp5111.assignment.cut.Subject$GameConfiguration: comp5111.assignment.cut.Subject$GamePlace centralPlace>	0.0000000000	670	1113	0	0	21	
<comp5111.assignment.cut.Subject$GameConfiguration: comp5111.assignment.cut.Subject$GameConfiguration clone()>	$stack14 = virtualinvoke $stack13.<comp5111.assignment.cut.Subject$GamePlace: comp5111.assignment.cut.Subject$GamePlace clone()>()	0.0000000000	670	1113	0	0	21	
<comp5111.assignment.cut.Subject$GameConfiguration: comp5111.assignment.cut.Subject$GameConfiguration clone()>	$stack15 = l0.<comp5111.assignment.cut.Subject$GameConfiguration: comp5111.assignment.cut.Subject$GamePlayer[][] initialBoard>	0.0000000000	670	1110	0	0	21	
<comp5111.assignment.cut.Subject$GameConfiguration: comp5111.assignment.cut.Subject$GameConfiguration clone()>	$stack16 = $stack15[l2]	0.0000000000	670	1110	0	0	21	
<comp5111.assignment.cut.Subject$GameConfiguration: comp5111.assignment.cut.Subject$GameConfiguration clone()>	$stack17 = l1.<comp5111.assignment.cut.Subject$GameConfiguration: comp5111.assignment.cut.Subject$GamePlayer[][] initialBoard>	0.0000000000	670	1110	0	0	21	
<comp5111.assignment.cut.Subject$GameConfiguration: comp5111.assignment.cut.Subject$GameConfiguration clone()>	$stack17[l2] = $stack19	0.0000000000	670	1110	0	0	21	
<comp5111.assignment.cut.Subject$GameConfiguration: comp5111.assignment.cut.Subject$GameConfiguration clone()>	$stack18 = virtualinvoke $stack16.<java.lang.Object: java.lang.Object clone()>()	0.0000000000	670	1110	0	0	21	
<comp5111.assignment.cut.Subject$GameConfiguration: comp5111.assignment.cut.Subject$GameConfiguration clone()>	$stack19 = (comp5111.assignment.cut.Subject$GamePlayer[]) $stack18	0.0000000000	670	1110	0	0	21	
<comp5111.assignment.cut.Subject$GameConfiguration: comp5111.assignment.cut.Subject$GameConfiguration clone()>	$stack20 = l0.<comp5111.assignment.cut.Subject$GameConfiguration: comp5111.assignment.cut.Subject$GamePlayer[][] initialBoard>	0.0000000000	670	1111	0	0	21	
<comp5111.assignment.cut.Subject$GameConfiguration: comp5111.assignment.cut.Subject$GameConfiguration clone()>	$stack21 = l1.<comp5111.assignment.cut.Subject$GameConfiguration: comp5111.assignment.cut.Subject$GamePlayer[][] initialBoard>	0.0000000000	670	1111	0	0	21	
<comp5111.assignment.cut.Subject$GameConfiguration: comp5111.assignment.cut.Subject$GameConfiguration clone()>	$stack22 = l0.<comp5111.assignment.cut.Subject$GameConfiguration: int size>	0.0000000000	670	1111	0	0	21	
<comp5111.assignment.cut.Subject$GameConfiguration: comp5111.assignment.cut.Subject$GameConfiguration clone()>	$stack23 = $stack21[l2]	0.0000000000	670	1111	0	0	21	
<comp5111.assignment.cut.Subject$GameConfiguration: comp5111.assignment.cut.Subject$GameConfiguration clone()>	$stack24 = $stack20[l2]	0.0000000000	670	1111	0	0	21	
<comp5111.assignment.cut.Subject$GameConfiguration: comp5111.assignment.cut.Subject$GameConfiguration clone()>	$stack27 = l0.<comp5111.assignment.cut.Subject$GameConfiguration: comp5111.assignment.cut.Subject$GamePlayer[] players>	0.0000000000	670	1106	0	0	21	
<comp5111.assignment.cut.Subject$GameConfiguration: comp5111.assignment.cut.Subject$GameConfiguration clone()>	$stack28 = $stack27[l2]	0.0000000000	670	1106	0	0	21	
<comp5111.assignment.cut.Subject$GameConfiguration: comp5111.assignment.cut.Subject$GameConfiguration clone()>	$stack29 = l1.<comp5111.assignment.cut.Subject$GameConfiguration: comp5111.assignment.cut.Subject$GamePlayer[] players>	0.0000000000	670	1106	0	0	21	
<comp5111.assignment.cut.Subject$GameConfiguration: comp5111.assignment.cut.Subject$GameConfiguration clone()>	$stack29[l2] = $stack30	0.0000000000	670	1106	0	0	21	
<comp5111.assignment.cut.Subject$GameConfiguration: comp5111.assignment.cut.Subject$GameConfiguration clone()>	$stack3 = specialinvoke l0.<java.lang.Object: java.lang.Object clone()>()	0.0000000000	670	1103	0	0	21	
<comp5111.assignment.cut.Subject$GameConfiguration: comp5111.assignment.cut.Subject$GameConfiguration clone()>	$stack30 = virtualinvoke $stack28.<comp5111.assignment.cut.Subject$GamePlayer: comp5111.assignment.cut.Subject$GamePlayer clone()>()	0.0000000000	670	1106	0	0	21	
<comp5111.assignment.cut.Subject$GameConfiguration: comp5111.assignment.cut.Subject$GameConfiguration clone()>	$stack4 = l0.<comp5111.assignment.cut.Subject$GameConfiguration: comp5111.assignment.cut.Subject$GamePlayer[] players>	0.0000000000	670	1104	0	0	21	
<comp5111.assignment.cut.Subject$GameConfiguration: comp5111.assignment.cut.Subject$GameConfiguration clone()>	$stack5 = virtualinvoke $stack4.<java.lang.Object: java.lang.Object clone()>()	0.0000000000	670	1104	0	0	21	
<comp5111.assignment.cut.Subject$GameConfiguration: comp5111.assignment.cut.Subject$GameConfiguration clone()>	$stack6 = (comp5111.assignment.cut.Subject$GamePlayer[]) $stack5	0.0000000000	670	1104	0	0	21	
<comp5111.assignment.cut.Subject$GameConfiguration: comp5111.assignment.cut.Subject$GameConfiguration clone()>	$stack7 = l0.<comp5111.assignment.cut.Subject$GameConfiguration: comp5111.assignment.cut.Subject$GamePlayer[] players>	0.0000000000	670	1105	0	0	21	
<comp5111.assignment.cut.Subject$GameConfiguration: comp5111.assignment.cut.Subject$GameConfiguration clone()>	$stack8 = lengthof $stack7	0.0000000000	670	1105	0	0	21	
<comp5111.assignment.cut.Subject$GameConfiguration: comp5111.assignment.cut.Subject$GameConfiguration clone()>	$stack9 = l0.<comp5111.assignment.cut.Subject$GameConfiguration: comp5111.assignment.cut.Subject$GamePlayer[][] initialBoard>	0.0000000000	670	1108	0	0	21	
<comp5111.assignment.cut.Subject$GameConfiguration: comp5111.assignment.cut.Subject$GameConfiguration clone()>	goto [?= staticinvoke <comp5111.assignment.CoverageRuntime: void hit(java.lang.String)>("<comp5111.assignment.cut.Subject$GameConfiguration: comp5111.assignment.cut.Subject$GameConfiguration clone()> ::: 23")]	0.0000000000	670	1109	0	0	21	
<comp5111.assignment.cut.Subject$GameConfiguration: comp5111.assignment.cut.Subject$GameConfiguration clone()>	goto [?= staticinvoke <comp5111.assignment.CoverageRuntime: void hit(java.lang.String)>("<comp5111.assignment.cut.Subject$GameConfiguration: comp5111.assignment.cut.Subject$GameConfiguration clone()> ::: 8")]	0.0000000000	670	1105	0	0	21	
<comp5111.assignment.cut.Subject$GameConfiguration: comp5111.assignment.cut.Subject$GameConfiguration clone()>	if l2 >= $stack12 goto $stack13 = l0.<comp5111.assignment.cut.Subject$GameConfiguration: comp5111.assignment.cut.Subject$GamePlace centralPlace>	0.0000000000	670	1109	0	0	21	
<comp5111.assignment.cut.Subject$GameConfiguration: comp5111.assignment.cut.Subject$GameConfiguration clone()>	if l2 >= $stack8 goto $stack9 = l0.<comp5111.assignment.cut.Subject$GameConfiguration: comp5111.assignment.cut.Subject$GamePlayer[][] initialBoard>	0.0000000000	670	1105	0	0	21	
<comp5111.assignment.cut.Subject$GameConfiguration: comp5111.assignment.cut.Subject$GameConfiguration clone()>	l1 = (comp5111.assignment.cut.Subject$GameConfiguration) $stack3	0.0000000000	670	1103	0	0	21	
<comp5111.assignment.cut.Subject$GameConfiguration: comp5111.assignment.cut.Subject$GameConfiguration clone()>	l1.<comp5111.assignment.cut.Subject$GameConfiguration: comp5111.assignment.cut.Subject$GamePlace centralPlace> = $stack14	0.0000000000	670	1113	0	0	21	
<comp5111.assignment.cut.Subject$GameConfiguration: comp5111.assignment.cut.Subject$GameConfiguration clone()>	l1.<comp5111.assignment.cut.Subject$GameConfiguration: comp5111.assignment.cut.Subject$GamePlayer[] players> = $stack6	0.0000000000	670	1104	0	0	21	
<comp5111.assignment.cut.Subject$GameConfiguration: comp5111.assignment.cut.Subject$GameConfiguration clone()>	l1.<comp5111.assignment.cut.Subject$GameConfiguration: comp5111.assignment.cut.Subject$GamePlayer[][] initialBoard> = $stack11	0.0000000000	670	1108	0	0	21	
<comp5111.assignment.cut.Subject$GameConfiguration: comp5111.assignment.cut.Subject$GameConfiguration clone()>	l2 = 0	0.0000000000	670	1105	0	0	21	
<comp5111.assignment.cut.Subject$GameConfiguration: comp5111.assignment.cut.Subject$GameConfiguration clone()>	l2 = 0	0.0000000000	670	1109	0	0	21	
<comp5111.assignment.cut.Subject$GameConfiguration: comp5111.assignment.cut.Subject$GameConfiguration clone()>	l2 = l2 + 1	0.0000000000	670	1105	0	0	21	
<comp5111.assignment.cut.Subject$GameConfiguration: comp5111.assignment.cut.Subject$GameConfiguration clone()>	l2 = l2 + 1	0.0000000000	670	1109	0	0	21	
<comp5111.assignment.cut.Subject$GameConfiguration: comp5111.assignment.cut.Subject$GameConfiguration clone()>	return l1	0.0000000000	670	1114	0	0	21	
<comp5111.assignment.cut.Subject$GameConfiguration: comp5111.assignment.cut.Subject$GameConfiguration clone()>	staticinvoke <java.lang.System: void arraycopy(java.lang.Object,int,java.lang.Object,int,int)>($stack24, 0, $stack23, 0, $stack22)	0.0000000000	670	1111	0	0	21	
<comp5111.assignment.cut.Subject$GameConfiguration: comp5111.assignment.cut.Subject$GamePlayer getPlayerAt(comp5111.assignment.cut.Subject$GamePlace)>	$stack10 = l0.<comp5111.assignment.cut.Subject$GameConfiguration: comp5111.assignment.cut.Subject$GamePlayer[][] initialBoard>	0.0000000000	670	1158	0	0	21	
<comp5111.assignment.cut.Subject$GameConfiguration: comp5111.assignment.cut.Subject$GamePlayer getPlayerAt(comp5111.assignment.cut.Subject$GamePlace)>	$stack11 = virtualinvoke l1.<comp5111.assignment.cut.Subject$GamePlace: int x()>()	0.0000000000	670	1158	0	0	21	
<comp5111.assignment.cut.Subject$GameConfiguration: comp5111.assignment.cut.Subject$GamePlayer getPlayerAt(comp5111.assignment.cut.Subject$GamePlace)>	$stack12 = $stack10[$stack11]	0.0000000000	670	1158	0	0	21	
<comp5111.assignment.cut.Subject$GameConfiguration: comp5111.assignment.cut.Subject$GamePlayer getPlayerAt(comp5111.assignment.cut.Subject$GamePlace)>	$stack13 = virtualinvoke l1.<comp5111.assignment.cut.Subject$GamePlace: int y()>()	0.0000000000	670	1158	0	0	21	
<comp5111.assignment.cut.Subject$GameConfiguration: comp5111.assignment.cut.Subject$GamePlayer getPlayerAt(comp5111.assignment.cut.Subject$GamePlace)>	$stack14 = $stack12[$stack13]	0.0000000000	670	1158	0	0	21	
<comp5111.assignment.cut.Subject$GameConfiguration: comp5111.assignment.cut.Subject$GamePlayer getPlayerAt(comp5111.assignment.cut.Subject$GamePlace)>	$stack2 = virtualinvoke l1.<comp5111.assignment.cut.Subject$GamePlace: int x()>()	0.0000000000	670	1155	0	0	21	
<comp5111.assignment.cut.Subject$GameConfiguration: comp5111.assignment.cut.Subject$GamePlayer getPlayerAt(comp5111.assignment.cut.Subject$GamePlace)>	$stack3 = new java.lang.IllegalArgumentException	0.0000000000	670	1156	0	0	21	
<comp5111.assignment.cut.Subject$GameConfiguration: comp5111.assignment.cut.Subject$GamePlayer getPlayerAt(comp5111.assignment.cut.Subject$GamePlace)>	$stack4 = virtualinvoke l1.<comp5111.assignment.cut.Subject$GamePlace: int x()>()	0.0000000000	670	1155	0	0	21	
<comp5111.assignment.cut.Subject$GameConfiguration: comp5111.assignment.cut.Subject$GamePlayer getPlayerAt(comp5111.assignment.cut.Subject$GamePlace)>	$stack5 = l0.<comp5111.assignment.cut.Subject$GameConfiguration: int size>	0.0000000000	670	1155	0	0	21	
<comp5111.assignment.cut.Subject$GameConfiguration: comp5111.assignment.cut.Subject$GamePlayer getPlayerAt(comp5111.assignment.cut.Subject$GamePlace)>	$stack7 = virtualinvoke l1.<comp5111.assignment.cut.Subject$GamePlace: int y()>()	0.0000000000	670	1155	0	0	21	
<comp5111.assignment.cut.Subject$GameConfiguration: comp5111.assignment.cut.Subject$GamePlayer getPlayerAt(comp5111.assignment.cut.Subject$GamePlace)>	$stack8 = virtualinvoke l1.<comp5111.assignment.cut.Subject$GamePlace: int y()>()	0.0000000000	670	1155	0	0	21	
<comp5111.assignment.cut.Subject$GameConfiguration: comp5111.assignment.cut.Subject$GamePlayer getPlayerAt(comp5111.assignment.cut.Subject$GamePlace)>	$stack9 = l0.<comp5111.assignment.cut.Subject$GameConfiguration: int size>	0.0000000000	670	1155	0	0	21	
<comp5111.assignment.cut.Subject$GameConfiguration: comp5111.assignment.cut.Subject$GamePlayer getPlayerAt(comp5111.assignment.cut.Subject$GamePlace)>	if $stack2 < 0 goto $stack3 = new java.lang.IllegalArgumentException	0.0000000000	670	1155	0	0	21	
<comp5111.assignment.cut.Subject$GameConfiguration: comp5111.assignment.cut.Subject$GamePlayer getPlayerAt(comp5111.assignment.cut.Subject$GamePlace)>	if $stack4 >= $stack5 goto $stack3 = new java.lang.IllegalArgumentException	0.0000000000	670	1155	0	0	21	
<comp5111.assignment.cut.Subject$GameConfiguration: comp5111.assignment.cut.Subject$GamePlayer getPlayerAt(comp5111.assignment.cut.Subject$GamePlace)>	if $stack7 < 0 goto $stack3 = new java.lang.IllegalArgumentException	0.0000000000	670	1155	0	0	21	
<comp5111.assignment.cut.Subject$GameConfiguration: comp5111.assignment.cut.Subject$GamePlayer getPlayerAt(comp5111.assignment.cut.Subject$GamePlace)>	if $stack8 < $stack9 goto $stack10 = l0.<comp5111.assignment.cut.Subject$GameConfiguration: comp5111.assignment.cut.Subject$GamePlayer[][] initialBoard>	0.0000000000	670	1155	0	0	21	
<comp5111.assignment.cut.Subject$GameConfiguration: comp5111.assignment.cut.Subject$GamePlayer getPlayerAt(comp5111.assignment.cut.Subject$GamePlace)>	return $stack14	0.0000000000	670	1158	0	0	21	
<comp5111.assignment.cut.Subject$GameConfiguration: comp5111.assignment.cut.Subject$GamePlayer getPlayerAt(comp5111.assignment.cut.Subject$GamePlace)>	specialinvoke $stack3.<java.lang.IllegalArgumentException: void <init>(java.lang.String)>("Place is out of bounds")	0.0000000000	670	1156	0	0	21	
<comp5111.assignment.cut.Subject$GameConfiguration: comp5111.assignment.cut.Subject$GamePlayer getPlayerAt(comp5111.assignment.cut.Subject$GamePlace)>	throw $stack3	0.0000000000	670	1156	0	0	21	
<comp5111.assignment.cut.Subject$GameConfiguration: comp5111.assignment.cut.Subject$GamePlayer[] getPlayers()>	$stack1 = l0.<comp5111.assignment.cut.Subject$GameConfiguration: comp5111.assignment.cut.Subject$GamePlayer[] players>	0.0000000000	670	1132	0	0	21	
<comp5111.assignment.cut.Subject$GameConfiguration: comp5111.assignment.cut.Subject$GamePlayer[] getPlayers()>	$stack2 = virtualinvoke $stack1.<java.lang.Object: java.lang.Object clone()>()	0.0000000000	670	1132	0	0	21	
<comp5111.assignment.cut.Subject$GameConfiguration: comp5111.assignment.cut.Subject$GamePlayer[] getPlayers()>	$stack3 = (comp5111.assignment.cut.Subject$GamePlayer[]) $stack2	0.0000000000	670	1132	0	0	21	
<comp5111.assignment.cut.Subject$GameConfiguration: comp5111.assignment.cut.Subject$GamePlayer[] getPlayers()>	return $stack3	0.0000000000	670	1132	0	0	21	
<comp5111.assignment.cut.Subject$GameConfiguration: comp5111.assignment.cut.Subject$GamePlayer[][] getInitialBoard()>	$stack3 = l0.<comp5111.assignment.cut.Subject$GameConfiguration: int size>	0.0000000000	670	1141	0	0	21	
<comp5111.assignment.cut.Subject$GameConfiguration: comp5111.assignment.cut.Subject$GamePlayer[][] getInitialBoard()>	$stack4 = l0.<comp5111.assignment.cut.Subject$GameConfiguration: int size>	0.0000000000	670	1141	0	0	21	
<comp5111.assignment.cut.Subject$GameConfiguration: comp5111.assignment.cut.Subject$GamePlayer[][] getInitialBoard()>	$stack5 = l0.<comp5111.assignment.cut.Subject$GameConfiguration: int size>	0.0000000000	670	1142	0	0	21	
<comp5111.assignment.cut.Subject$GameConfiguration: comp5111.assignment.cut.Subject$GamePlayer[][] getInitialBoard()>	$stack6 = l0.<comp5111.assignment.cut.Subject$GameConfiguration: comp5111.assignment.cut.Subject$GamePlayer[][] initialBoard>	0.0000000000	670	1143	0	0	21	
<comp5111.assignment.cut.Subject$GameConfiguration: comp5111.assignment.cut.Subject$GamePlayer[][] getInitialBoard()>	$stack7 = l0.<comp5111.assignment.cut.Subject$GameConfiguration: int size>	0.0000000000	670	1143	0	0	21	
<comp5111.assignment.cut.Subject$GameConfiguration: comp5111.assignment.cut.Subject$GamePlayer[][] getInitialBoard()>	$stack8 = l1[l2]	0.0000000000	670	1143	0	0	21	
<comp5111.assignment.cut.Subject$GameConfiguration: comp5111.assignment.cut.Subject$GamePlayer[][] getInitialBoard()>	$stack9 = $stack6[l2]	0.0000000000	670	1143	0	0	21	
<comp5111.assignment.cut.Subject$GameConfiguration: comp5111.assignment.cut.Subject$GamePlayer[][] getInitialBoard()>	goto [?= staticinvoke <comp5111.assignment.CoverageRuntime: void hit(java.lang.String)>("<comp5111.assignment.cut.Subject$GameConfiguration: comp5111.assignment.cut.Subject$GamePlayer[][] getInitialBoard()> ::: 5")]	0.0000000000	670	1142	0	0	21	
<comp5111.assignment.cut.Subject$GameConfiguration: comp5111.assignment.cut.Subject$GamePlayer[][] getInitialBoard()>	if l2 >= $stack5 goto return l1	0.0000000000	670	1142	0	0	21	
<comp5111.assignment.cut.Subject$GameConfiguration: comp5111.assignment.cut.Subject$GamePlayer[][] getInitialBoard()>	l1 = newmultiarray (comp5111.assignment.cut.Subject$GamePlayer)[$stack4][$stack3]	0.0000000000	670	1141	0	0	21	
<comp5111.assignment.cut.Subject$GameConfiguration: comp5111.assignment.cut.Subject$GamePlayer[][] getInitialBoard()>	l2 = 0	0.0000000000	670	1142	0	0	21	
<comp5111.assignment.cut.Subject$GameConfiguration: comp5111.assignment.cut.Subject$GamePlayer[][] getInitialBoard()>	l2 = l2 + 1	0.0000000000	670	1142	0	0	21	
<comp5111.assignment.cut.Subject$GameConfiguration: comp5111.assignment.cut.Subject$GamePlayer[][] getInitialBoard()>	return l1	0.0000000000	670	1145	0	0	21	
<comp5111.assignment.cut.Subject$GameConfiguration: comp5111.assignment.cut.Subject$GamePlayer[][] getInitialBoard()>	staticinvoke <java.lang.System: void arraycopy(java.lang.Object,int,java.lang.Object,int,int)>($stack9, 0, $stack8, 0, $stack7)	0.0000000000	670	1143	0	0	21	
<comp5111.assignment.cut.Subject$GameConfiguration: int getSize()>	$stack1 = l0.<comp5111.assignment.cut.Subject$GameConfiguration: int size>	0.0000000000	670	1123	0	0	21	
<comp5111.assignment.cut.Subject$GameConfiguration: int getSize()>	return $stack1	0.0000000000	670	1123	0	0	21	
<comp5111.assignment.cut.Subject$GameConfiguration: int[] countPiecesPerPlayer()>	$stack10 = $stack9[l2]	0.0000000000	670	1222	0	0	21	
<comp5111.assignment.cut.Subject$GameConfiguration: int[] countPiecesPerPlayer()>	$stack13 = l0.<comp5111.assignment.cut.Subject$GameConfiguration: comp5111.assignment.cut.Subject$GamePlayer[] players>	0.0000000000	670	1224	0	0	21	
<comp5111.assignment.cut.Subject$GameConfiguration: int[] countPiecesPerPlayer()>	$stack14 = $stack13[0]	0.0000000000	670	1224	0	0	21	
<comp5111.assignment.cut.Subject$GameConfiguration: int[] countPiecesPerPlayer()>	$stack15 = virtualinvoke l4.<comp5111.assignment.cut.Subject$GamePlayer: boolean equals(java.lang.Object)>($stack14)	0.0000000000	670	1224	0	0	21	
<comp5111.assignment.cut.Subject$GameConfiguration: int[] countPiecesPerPlayer()>	$stack16 = l0.<comp5111.assignment.cut.Subject$GameConfiguration: comp5111.assignment.cut.Subject$GamePlayer[] players>	0.0000000000	670	1226	0	0	21	
<comp5111.assignment.cut.Subject$GameConfiguration: int[] countPiecesPerPlayer()>	$stack17 = $stack16[1]	0.0000000000	670	1226	0	0	21	
<comp5111.assignment.cut.Subject$GameConfiguration: int[] countPiecesPerPlayer()>	$stack18 = virtualinvoke l4.<comp5111.assignment.cut.Subject$GamePlayer: boolean equals(java.lang.Object)>($stack17)	0.0000000000	670	1226	0	0	21	
<comp5111.assignment.cut.Subject$GameConfiguration: int[] countPiecesPerPlayer()>	$stack19 = l1[1]	0.0000000000	670	1227	0	0	21	
<comp5111.assignment.cut.Subject$GameConfiguration: int[] countPiecesPerPlayer()>	$stack20 = $stack19 + 1	0.0000000000	670	1227	0	0	21	
<comp5111.assignment.cut.Subject$GameConfiguration: int[] countPiecesPerPlayer()>	$stack21 = l1[0]	0.0000000000	670	1225	0	0	21	
<comp5111.assignment.cut.Subject$GameConfiguration: int[] countPiecesPerPlayer()>	$stack22 = $stack21 + 1	0.0000000000	670	1225	0	0	21	
<comp5111.assignment.cut.Subject$GameConfiguration: int[] countPiecesPerPlayer()>	$stack5 = l0.<comp5111.assignment.cut.Subject$GameConfiguration: int size>	0.0000000000	670	1220	0	0	21	
<comp5111.assignment.cut.Subject$GameConfiguration: int[] countPiecesPerPlayer()>	$stack6 = l0.<comp5111.assignment.cut.Subject$GameConfiguration: int size>	0.0000000000	670	1221	0	0	21	
<comp5111.assignment.cut.Subject$GameConfiguration: int[] countPiecesPerPlayer()>	$stack9 = l0.<comp5111.assignment.cut.Subject$GameConfiguration: comp5111.assignment.cut.Subject$GamePlayer[][] initialBoard>	0.0000000000	670	1222	0	0	21	
<comp5111.assignment.cut.Subject$GameConfiguration: int[] countPiecesPerPlayer()>	goto [?= l3 = l3 + 1]	0.0000000000	670	1225	0	0	21	
<comp5111.assignment.cut.Subject$GameConfiguration: int[] countPiecesPerPlayer()>	goto [?= staticinvoke <comp5111.assignment.CoverageRuntime: void hit(java.lang.String)>("<comp5111.assignment.cut.Subject$GameConfiguration: int[] countPiecesPerPlayer()> ::: 3")]	0.0000000000	670	1220	0	0	21	
<comp5111.assignment.cut.Subject$GameConfiguration: int[] countPiecesPerPlayer()>	goto [?= staticinvoke <comp5111.assignment.CoverageRuntime: void hit(java.lang.String)>("<comp5111.assignment.cut.Subject$GameConfiguration: int[] countPiecesPerPlayer()> ::: 6")]	0.0000000000	670	1221	0	0	21	
<comp5111.assignment.cut.Subject$GameConfiguration: int[] countPiecesPerPlayer()>	if $stack15 == 0 goto $stack16 = l0.<comp5111.assignment.cut.Subject$GameConfiguration: comp5111.assignment.cut.Subject$GamePlayer[] players>	0.0000000000	670	1224	0	0	21	
<comp5111.assignment.cut.Subject$GameConfiguration: int[] countPiecesPerPlayer()>	if $stack18 == 0 goto l3 = l3 + 1	0.0000000000	670	1226	0	0	21	
<comp5111.assignment.cut.Subject$GameConfiguration: int[] countPiecesPerPlayer()>	if l2 >= $stack5 goto return l1	0.0000000000	670	1220	0	0	21	
<comp5111.assignment.cut.Subject$GameConfiguration: int[] countPiecesPerPlayer()>	if l3 >= $stack6 goto l2 = l2 + 1	0.0000000000	670	1221	0	0	21	
<comp5111.assignment.cut.Subject$GameConfiguration: int[] countPiecesPerPlayer()>	if l4 == null goto l3 = l3 + 1	0.0000000000	670	1223	0	0	21	
<comp5111.assignment.cut.Subject$GameConfiguration: int[] countPiecesPerPlayer()>	l1 = newarray (int)[2]	0.0000000000	670	1219	0	0	21	
<comp5111.assignment.cut.Subject$GameConfiguration: int[] countPiecesPerPlayer()>	l1[0] = $stack22	0.0000000000	670	1225	0	0	21	
<comp5111.assignment.cut.Subject$GameConfiguration: int[] countPiecesPerPlayer()>	l1[1] = $stack20	0.0000000000	670	1227	0	0	21	
<comp5111.assignment.cut.Subject$GameConfiguration: int[] countPiecesPerPlayer()>	l2 = 0	0.0000000000	670	1220	0	0	21	
<comp5111.assignment.cut.Subject$GameConfiguration: int[] countPiecesPerPlayer()>	l2 = l2 + 1	0.0000000000	670	1220	0	0	21	
<comp5111.assignment.cut.Subject$GameConfiguration: int[] countPiecesPerPlayer()>	l3 = 0	0.0000000000	670	1221	0	0	21	
<comp5111.assignment.cut.Subject$GameConfiguration: int[] countPiecesPerPlayer()>	l3 = l3 + 1	0.0000000000	670	1221	0	0	21	
<comp5111.assignment.cut.Subject$GameConfiguration: int[] countPiecesPerPlayer()>	l4 = $stack10[l3]	0.0000000000	670	1222	0	0	21	
<comp5111.assignment.cut.Subject$GameConfiguration: int[] countPiecesPerPlayer()>	return l1	0.0000000000	670	1232	0	0	21	
<comp5111.assignment.cut.Subject$GameConfiguration: java.lang.Object clone()>	$stack1 = virtualinvoke l0.<comp5111.assignment.cut.Subject$GameConfiguration: comp5111.assignment.cut.Subject$GameConfiguration clone()>()	0.0000000000	670	1004	0	0	21	
<comp5111.assignment.cut.Subject$GameConfiguration: java.lang.Object clone()>	return $stack1	0.0000000000	670	1004	0	0	21	
<comp5111.assignment.cut.Subject$GameConfiguration: java.lang.String toString()>	$stack10 = l0.<comp5111.assignment.cut.Subject$GameConfiguration: int size>	0.0000000000	670	1170	0	0	21	
<comp5111.assignment.cut.Subject$GameConfiguration: java.lang.String toString()>	$stack11 = virtualinvoke l1.<java.lang.StringBuilder: java.lang.String toString()>()	0.0000000000	670	1179	0	0	21	
<comp5111.assignment.cut.Subject$GameConfiguration: java.lang.String toString()>	$stack12 = l0.<comp5111.assignment.cut.Subject$GameConfiguration: int size>	0.0000000000	670	1171	0	0	21	
<comp5111.assignment.cut.Subject$GameConfiguration: java.lang.String toString()>	$stack16 = l0.<comp5111.assignment.cut.Subject$GameConfiguration: comp5111.assignment.cut.Subject$GamePlayer[][] initialBoard>	0.0000000000	670	1172	0	0	21	
<comp5111.assignment.cut.Subject$GameConfiguration: java.lang.String toString()>	$stack17 = $stack16[l3]	0.0000000000	670	1172	0	0	21	
<comp5111.assignment.cut.Subject$GameConfiguration: java.lang.String toString()>	$stack19 = l0.<comp5111.assignment.cut.Subject$GameConfiguration: int size>	0.0000000000	670	1174	0	0	21	
<comp5111.assignment.cut.Subject$GameConfiguration: java.lang.String toString()>	$stack20 = $stack19 - 1	0.0000000000	670	1174	0	0	21	
<comp5111.assignment.cut.Subject$GameConfiguration: java.lang.String toString()>	$stack24 = "."	0.0000000000	670	1173	0	0	21	
<comp5111.assignment.cut.Subject$GameConfiguration: java.lang.String toString()>	$stack24 = "P"	0.0000000000	670	1173	0	0	21	
<comp5111.assignment.cut.Subject$GameConfiguration: java.lang.String toString()>	$stack5 = new java.lang.StringBuilder	0.0000000000	670	1168	0	0	21	
<comp5111.assignment.cut.Subject$GameConfiguration: java.lang.String toString()>	$stack6 = virtualinvoke l1.<java.lang.StringBuilder: java.lang.StringBuilder append(java.lang.String)>("GameConfiguration (size=")	0.0000000000	670	1169	0	0	21	
<comp5111.assignment.cut.Subject$GameConfiguration: java.lang.String toString()>	$stack7 = l0.<comp5111.assignment.cut.Subject$GameConfiguration: int size>	0.0000000000	670	1169	0	0	21	
<comp5111.assignment.cut.Subject$GameConfiguration: java.lang.String toString()>	$stack8 = virtualinvoke $stack6.<java.lang.StringBuilder: java.lang.StringBuilder append(int)>($stack7)	0.0000000000	670	1169	0	0	21	
<comp5111.assignment.cut.Subject$GameConfiguration: java.lang.String toString()>	goto [?= staticinvoke <comp5111.assignment.CoverageRuntime: void hit(java.lang.String)>("<comp5111.assignment.cut.Subject$GameConfiguration: java.lang.String toString()> ::: 12")]	0.0000000000	670	1171	0	0	21	
<comp5111.assignment.cut.Subject$GameConfiguration: java.lang.String toString()>	goto [?= staticinvoke <comp5111.assignment.CoverageRuntime: void hit(java.lang.String)>("<comp5111.assignment.cut.Subject$GameConfiguration: java.lang.String toString()> ::: 9")]	0.0000000000	670	1170	0	0	21	
<comp5111.assignment.cut.Subject$GameConfiguration: java.lang.String toString()>	goto [?= virtualinvoke l1.<java.lang.StringBuilder: java.lang.StringBuilder append(java.lang.String)>($stack24)]	0.0000000000	670	1173	0	0	21	
<comp5111.assignment.cut.Subject$GameConfiguration: java.lang.String toString()>	if l2 >= $stack10 goto $stack11 = virtualinvoke l1.<java.lang.StringBuilder: java.lang.String toString()>()	0.0000000000	670	1170	0	0	21	
<comp5111.assignment.cut.Subject$GameConfiguration: java.lang.String toString()>	if l3 >= $stack12 goto virtualinvoke l1.<java.lang.StringBuilder: java.lang.StringBuilder append(java.lang.String)>("\n")	0.0000000000	670	1171	0	0	21	
<comp5111.assignment.cut.Subject$GameConfiguration: java.lang.String toString()>	if l3 >= $stack20 goto l3 = l3 + 1	0.0000000000	670	1174	0	0	21	
<comp5111.assignment.cut.Subject$GameConfiguration: java.lang.String toString()>	if l4 != null goto $stack24 = "P"	0.0000000000	670	1173	0	0	21	
<comp5111.assignment.cut.Subject$GameConfiguration: java.lang.String toString()>	l1 = $stack5	0.0000000000	670	1168	0	0	21	
<comp5111.assignment.cut.Subject$GameConfiguration: java.lang.String toString()>	l2 = 0	0.0000000000	670	1170	0	0	21	
<comp5111.assignment.cut.Subject$GameConfiguration: java.lang.String toString()>	l2 = l2 + 1	0.0000000000	670	1170	0	0	21	
<comp5111.assignment.cut.Subject$GameConfiguration: java.lang.String toString()>	l3 = 0	0.0000000000	670	1171	0	0	21	
<comp5111.assignment.cut.Subject$GameConfiguration: java.lang.String toString()>	l3 = l3 + 1	0.0000000000	670	1171	0	0	21	
<comp5111.assignment.cut.Subject$GameConfiguration: java.lang.String toString()>	l4 = $stack17[l2]	0.0000000000	670	1172	0	0	21	
<comp5111.assignment.cut.Subject$GameConfiguration: java.lang.String toString()>	return $stack11	0.0000000000	670	1179	0	0	21	
<comp5111.assignment.cut.Subject$GameConfiguration: java.lang.String toString()>	specialinvoke $stack5.<java.lang.StringBuilder: void <init>()>()	0.0000000000	670	1168	0	0	21	
<comp5111.assignment.cut.Subject$GameConfiguration: java.lang.String toString()>	virtualinvoke $stack8.<java.lang.StringBuilder: java.lang.StringBuilder append(java.lang.String)>(")\n")	0.0000000000	670	1169	0	0	21	
<comp5111.assignment.cut.Subject$GameConfiguration: java.lang.String toString()>	virtualinvoke l1.<java.lang.StringBuilder: java.lang.StringBuilder append(java.lang.String)>(" ")	0.0000000000	670	1175	0	0	21	
<comp5111.assignment.cut.Subject$GameConfiguration: java.lang.String toString()>	virtualinvoke l1.<java.lang.StringBuilder: java.lang.StringBuilder append(java.lang.String)>("\n")	0.0000000000	670	1177	0	0	21	
<comp5111.assignment.cut.Subject$GameConfiguration: java.lang.String toString()>	virtualinvoke l1.<java.lang.StringBuilder: java.lang.StringBuilder append(java.lang.String)>($stack24)	0.0000000000	670	1173	0	0	21	
<comp5111.assignment.cut.Subject$GameConfiguration: java.util.List getEmptyPlaces()>	$stack10 = $stack9[l2]	0.0000000000	670	1191	0	0	21	
<comp5111.assignment.cut.Subject$GameConfiguration: java.util.List getEmptyPlaces()>	$stack11 = $stack10[l3]	0.0000000000	670	1191	0	0	21	
<comp5111.assignment.cut.Subject$GameConfiguration: java.util.List getEmptyPlaces()>	$stack14 = l0.<comp5111.assignment.cut.Subject$GameConfiguration: comp5111.assignment.cut.Subject$GamePlace centralPlace>	0.0000000000	670	1191	0	0	21	
<comp5111.assignment.cut.Subject$GameConfiguration: java.util.List getEmptyPlaces()>	$stack15 = virtualinvoke $stack14.<comp5111.assignment.cut.Subject$GamePlace: int x()>()	0.0000000000	670	1191	0	0	21	
<comp5111.assignment.cut.Subject$GameConfiguration: java.util.List getEmptyPlaces()>	$stack16 = new comp5111.assignment.cut.Subject$GamePlace	0.0000000000	670	1192	0	0	21	
<comp5111.assignment.cut.Subject$GameConfiguration: java.util.List getEmptyPlaces()>	$stack17 = l0.<comp5111.assignment.cut.Subject$GameConfiguration: comp5111.assignment.cut.Subject this$0>	0.0000000000	670	1192	0	0	21	
<comp5111.assignment.cut.Subject$GameConfiguration: java.util.List getEmptyPlaces()>	$stack19 = l0.<comp5111.assignment.cut.Subject$GameConfiguration: comp5111.assignment.cut.Subject$GamePlace centralPlace>	0.0000000000	670	1191	0	0	21	
<comp5111.assignment.cut.Subject$GameConfiguration: java.util.List getEmptyPlaces()>	$stack20 = virtualinvoke $stack19.<comp5111.assignment.cut.Subject$GamePlace: int y()>()	0.0000000000	670	1191	0	0	21	
<comp5111.assignment.cut.Subject$GameConfiguration: java.util.List getEmptyPlaces()>	$stack4 = new java.util.ArrayList	0.0000000000	670	1188	0	0	21	
<comp5111.assignment.cut.Subject$GameConfiguration: java.util.List getEmptyPlaces()>	$stack5 = l0.<comp5111.assignment.cut.Subject$GameConfiguration: int size>	0.0000000000	670	1189	0	0	21	
<comp5111.assignment.cut.Subject$GameConfiguration: java.util.List getEmptyPlaces()>	$stack6 = l0.<comp5111.assignment.cut.Subject$GameConfiguration: int size>	0.0000000000	670	1190	0	0	21	
<comp5111.assignment.cut.Subject$GameConfiguration: java.util.List getEmptyPlaces()>	$stack9 = l0.<comp5111.assignment.cut.Subject$GameConfiguration: comp5111.assignment.cut.Subject$GamePlayer[][] initialBoard>	0.0000000000	670	1191	0	0	21	
<comp5111.assignment.cut.Subject$GameConfiguration: java.util.List getEmptyPlaces()>	goto [?= staticinvoke <comp5111.assignment.CoverageRuntime: void hit(java.lang.String)>("<comp5111.assignment.cut.Subject$GameConfiguration: java.util.List getEmptyPlaces()> ::: 5")]	0.0000000000	670	1189	0	0	21	
<comp5111.assignment.cut.Subject$GameConfiguration: java.util.List getEmptyPlaces()>	goto [?= staticinvoke <comp5111.assignment.CoverageRuntime: void hit(java.lang.String)>("<comp5111.assignment.cut.Subject$GameConfiguration: java.util.List getEmptyPlaces()> ::: 8")]	0.0000000000	670	1190	0	0	21	
<comp5111.assignment.cut.Subject$GameConfiguration: java.util.List getEmptyPlaces()>	if $stack11 != null goto l3 = l3 + 1	0.0000000000	670	1191	0	0	21	
<comp5111.assignment.cut.Subject$GameConfiguration: java.util.List getEmptyPlaces()>	if l2 != $stack15 goto $stack16 = new comp5111.assignment.cut.Subject$GamePlace	0.0000000000	670	1191	0	0	21	
<comp5111.assignment.cut.Subject$GameConfiguration: java.util.List getEmptyPlaces()>	if l2 >= $stack5 goto return l1	0.0000000000	670	1189	0	0	21	
<comp5111.assignment.cut.Subject$GameConfiguration: java.util.List getEmptyPlaces()>	if l3 == $stack20 goto l3 = l3 + 1	0.0000000000	670	1191	0	0	21	
<comp5111.assignment.cut.Subject$GameConfiguration: java.util.List getEmptyPlaces()>	if l3 >= $stack6 goto l2 = l2 + 1	0.0000000000	670	1190	0	0	21	
<comp5111.assignment.cut.Subject$GameConfiguration: java.util.List getEmptyPlaces()>	interfaceinvoke l1.<java.util.List: boolean add(java.lang.Object)>($stack16)	0.0000000000	670	1192	0	0	21	
<comp5111.assignment.cut.Subject$GameConfiguration: java.util.List getEmptyPlaces()>	l1 = $stack4	0.0000000000	670	1188	0	0	21	
<comp5111.assignment.cut.Subject$GameConfiguration: java.util.List getEmptyPlaces()>	l2 = 0	0.0000000000	670	1189	0	0	21	
<comp5111.assignment.cut.Subject$GameConfiguration: java.util.List getEmptyPlaces()>	l2 = l2 + 1	0.0000000000	670	1189	0	0	21	
<comp5111.assignment.cut.Subject$GameConfiguration: java.util.List getEmptyPlaces()>	l3 = 0	0.0000000000	670	1190	0	0	21	
<comp5111.assignment.cut.Subject$GameConfiguration: java.util.List getEmptyPlaces()>	l3 = l3 + 1	0.0000000000	670	1190	0	0	21	
<comp5111.assignment.cut.Subject$GameConfiguration: java.util.List getEmptyPlaces()>	return l1	0.0000000000	670	1196	0	0	21	
<comp5111.assignment.cut.Subject$GameConfiguration: java.util.List getEmptyPlaces()>	specialinvoke $stack16.<comp5111.assignment.cut.Subject$GamePlace: void <init>(comp5111.assignment.cut.Subject,int,int)>($stack17, l2, l3)	0.0000000000	670	1192	0	0	21	
<comp5111.assignment.cut.Subject$GameConfiguration: java.util.List getEmptyPlaces()>	specialinvoke $stack4.<java.util.ArrayList: void <init>()>()	0.0000000000	670	1188	0	0	21	
<comp5111.assignment.cut.Subject$GameConfiguration: java.util.List getPlacesOfPlayer(comp5111.assignment.cut.Subject$GamePlayer)>	$stack10 = l0.<comp5111.assignment.cut.Subject$GameConfiguration: comp5111.assignment.cut.Subject$GamePlayer[][] initialBoard>	0.0000000000	670	1264	0	0	21	
<comp5111.assignment.cut.Subject$GameConfiguration: java.util.List getPlacesOfPlayer(comp5111.assignment.cut.Subject$GamePlayer)>	$stack11 = $stack10[l3]	0.0000000000	670	1264	0	0	21	
<comp5111.assignment.cut.Subject$GameConfiguration: java.util.List getPlacesOfPlayer(comp5111.assignment.cut.Subject$GamePlayer)>	$stack12 = $stack11[l4]	0.0000000000	670	1264	0	0	21	
<comp5111.assignment.cut.Subject$GameConfiguration: java.util.List getPlacesOfPlayer(comp5111.assignment.cut.Subject$GamePlayer)>	$stack15 = l0.<comp5111.assignment.cut.Subject$GameConfiguration: comp5111.assignment.cut.Subject$GamePlayer[][] initialBoard>	0.0000000000	670	1264	0	0	21	
<comp5111.assignment.cut.Subject$GameConfiguration: java.util.List getPlacesOfPlayer(comp5111.assignment.cut.Subject$GamePlayer)>	$stack16 = $stack15[l3]	0.0000000000	670	1264	0	0	21	
<comp5111.assignment.cut.Subject$GameConfiguration: java.util.List getPlacesOfPlayer(comp5111.assignment.cut.Subject$GamePlayer)>	$stack17 = $stack16[l4]	0.0000000000	670	1264	0	0	21	
<comp5111.assignment.cut.Subject$GameConfiguration: java.util.List getPlacesOfPlayer(comp5111.assignment.cut.Subject$GamePlayer)>	$stack18 = virtualinvoke $stack17.<comp5111.assignment.cut.Subject$GamePlayer: boolean equals(java.lang.Object)>(l1)	0.0000000000	670	1264	0	0	21	
<comp5111.assignment.cut.Subject$GameConfiguration: java.util.List getPlacesOfPlayer(comp5111.assignment.cut.Subject$GamePlayer)>	$stack19 = new comp5111.assignment.cut.Subject$GamePlace	0.0000000000	670	1265	0	0	21	
<comp5111.assignment.cut.Subject$GameConfiguration: java.util.List getPlacesOfPlayer(comp5111.assignment.cut.Subject$GamePlayer)>	$stack20 = l0.<comp5111.assignment.cut.Subject$GameConfiguration: comp5111.assignment.cut.Subject this$0>	0.0000000000	670	1265	0	0	21	
<comp5111.assignment.cut.Subject$GameConfiguration: java.util.List getPlacesOfPlayer(comp5111.assignment.cut.Subject$GamePlayer)>	$stack5 = new java.util.ArrayList	0.0000000000	670	1261	0	0	21	
<comp5111.assignment.cut.Subject$GameConfiguration: java.util.List getPlacesOfPlayer(comp5111.assignment.cut.Subject$GamePlayer)>	$stack6 = l0.<comp5111.assignment.cut.Subject$GameConfiguration: int size>	0.0000000000	670	1262	0	0	21	
<comp5111.assignment.cut.Subject$GameConfiguration: java.util.List getPlacesOfPlayer(comp5111.assignment.cut.Subject$GamePlayer)>	$stack7 = l0.<comp5111.assignment.cut.Subject$GameConfiguration: int size>	0.0000000000	670	1263	0	0	21	
<comp5111.assignment.cut.Subject$GameConfiguration: java.util.List getPlacesOfPlayer(comp5111.assignment.cut.Subject$GamePlayer)>	goto [?= staticinvoke <comp5111.assignment.CoverageRuntime: void hit(java.lang.String)>("<comp5111.assignment.cut.Subject$GameConfiguration: java.util.List getPlacesOfPlayer(comp5111.assignment.cut.Subject$GamePlayer)> ::: 6")]	0.0000000000	670	1262	0	0	21	
<comp5111.assignment.cut.Subject$GameConfiguration: java.util.List getPlacesOfPlayer(comp5111.assignment.cut.Subject$GamePlayer)>	goto [?= staticinvoke <comp5111.assignment.CoverageRuntime: void hit(java.lang.String)>("<comp5111.assignment.cut.Subject$GameConfiguration: java.util.List getPlacesOfPlayer(comp5111.assignment.cut.Subject$GamePlayer)> ::: 9")]	0.0000000000	670	1263	0	0	21	
<comp5111.assignment.cut.Subject$GameConfiguration: java.util.List getPlacesOfPlayer(comp5111.assignment.cut.Subject$GamePlayer)>	if $stack12 == null goto l4 = l4 + 1	0.0000000000	670	1264	0	0	21	
<comp5111.assignment.cut.Subject$GameConfiguration: java.util.List getPlacesOfPlayer(comp5111.assignment.cut.Subject$GamePlayer)>	if $stack18 == 0 goto l4 = l4 + 1	0.0000000000	670	1264	0	0	21	
<comp5111.assignment.cut.Subject$GameConfiguration: java.util.List getPlacesOfPlayer(comp5111.assignment.cut.Subject$GamePlayer)>	if l3 >= $stack6 goto return l2	0.0000000000	670	1262	0	0	21	
<comp5111.assignment.cut.Subject$GameConfiguration: java.util.List getPlacesOfPlayer(comp5111.assignment.cut.Subject$GamePlayer)>	if l4 >= $stack7 goto l3 = l3 + 1	0.0000000000	670	1263	0	0	21	
<comp5111.assignment.cut.Subject$GameConfiguration: java.util.List getPlacesOfPlayer(comp5111.assignment.cut.Subject$GamePlayer)>	interfaceinvoke l2.<java.util.List: boolean add(java.lang.Object)>($stack19)	0.0000000000	670	1265	0	0	21	
<comp5111.assignment.cut.Subject$GameConfiguration: java.util.List getPlacesOfPlayer(comp5111.assignment.cut.Subject$GamePlayer)>	l2 = $stack5	0.0000000000	670	1261	0	0	21	
<comp5111.assignment.cut.Subject$GameConfiguration: java.util.List getPlacesOfPlayer(comp5111.assignment.cut.Subject$GamePlayer)>	l3 = 0	0.0000000000	670	1262	0	0	21	
<comp5111.assignment.cut.Subject$GameConfiguration: java.util.List getPlacesOfPlayer(comp5111.assignment.cut.Subject$GamePlayer)>	l3 = l3 + 1	0.0000000000	670	1262	0	0	21	
<comp5111.assignment.cut.Subject$GameConfiguration: java.util.List getPlacesOfPlayer(comp5111.assignment.cut.Subject$GamePlayer)>	l4 = 0	0.0000000000	670	1263	0	0	21	
<comp5111.assignment.cut.Subject$GameConfiguration: java.util.List getPlacesOfPlayer(comp5111.assignment.cut.Subject$GamePlayer)>	l4 = l4 + 1	0.0000000000	670	1263	0	0	21	
<comp5111.assignment.cut.Subject$GameConfiguration: java.util.List getPlacesOfPlayer(comp5111.assignment.cut.Subject$GamePlayer)>	return l2	0.0000000000	670	1269	0	0	21	
<comp5111.assignment.cut.Subject$GameConfiguration: java.util.List getPlacesOfPlayer(comp5111.assignment.cut.Subject$GamePlayer)>	specialinvoke $stack19.<comp5111.assignment.cut.Subject$GamePlace: void <init>(comp5111.assignment.cut.Subject,int,int)>($stack20, l3, l4)	0.0000000000	670	1265	0	0	21	
<comp5111.assignment.cut.Subject$GameConfiguration: java.util.List getPlacesOfPlayer(comp5111.assignment.cut.Subject$GamePlayer)>	specialinvoke $stack5.<java.util.ArrayList: void <init>()>()	0.0000000000	670	1261	0	0	21	
<comp5111.assignment.cut.Subject$GameConfiguration: void <init>(comp5111.assignment.cut.Subject,int)>	$stack3 = newarray (comp5111.assignment.cut.Subject$GamePlayer)[2]	0.0000000000	670	1037	0	6	21	
<comp5111.assignment.cut.Subject$GameConfiguration: void <init>(comp5111.assignment.cut.Subject,int)>	$stack3[0] = $stack4	0.0000000000	670	1037	0	6	21	
<comp5111.assignment.cut.Subject$GameConfiguration: void <init>(comp5111.assignment.cut.Subject,int)>	$stack3[1] = $stack6	0.0000000000	670	1037	0	6	21	
<comp5111.assignment.cut.Subject$GameConfiguration: void <init>(comp5111.assignment.cut.Subject,int)>	$stack4 = new comp5111.assignment.cut.Subject$GamePlayer	0.0000000000	670	1037	0	6	21	
<comp5111.assignment.cut.Subject$GameConfiguration: void <init>(comp5111.assignment.cut.Subject,int)>	$stack6 = new comp5111.assignment.cut.Subject$GamePlayer	0.0000000000	670	1037	0	6	21	
<comp5111.assignment.cut.Subject$GameConfiguration: void <init>(comp5111.assignment.cut.Subject,int)>	return	0.0000000000	670	1038	0	0	21	
<comp5111.assignment.cut.Subject$GameConfiguration: void <init>(comp5111.assignment.cut.Subject,int)>	specialinvoke $stack4.<comp5111.assignment.cut.Subject$GamePlayer: void <init>(comp5111.assignment.cut.Subject,java.lang.String)>(l1, "Player A")	0.0000000000	670	1037	0	6	21	
<comp5111.assignment.cut.Subject$GameConfiguration: void <init>(comp5111.assignment.cut.Subject,int)>	specialinvoke $stack6.<comp5111.assignment.cut.Subject$GamePlayer: void <init>(comp5111.assignment.cut.Subject,java.lang.String)>(l1, "Player B")	0.0000000000	670	1037	0	6	21	
<comp5111.assignment.cut.Subject$GameConfiguration: void <init>(comp5111.assignment.cut.Subject,int)>	specialinvoke l0.<comp5111.assignment.cut.Subject$GameConfiguration: void <init>(comp5111.assignment.cut.Subject,int,comp5111.assignment.cut.Subject$GamePlayer[])>(l1, l2, $stack3)	0.0000000000	670	1037	0	6	21	
<comp5111.assignment.cut.Subject$GameConfiguration: void <init>(comp5111.assignment.cut.Subject,int,comp5111.assignment.cut.Subject$GamePlayer[])>	$stack10 = l2 / 2	0.0000000000	670	1074	0	0	21	
<comp5111.assignment.cut.Subject$GameConfiguration: void <init>(comp5111.assignment.cut.Subject,int,comp5111.assignment.cut.Subject$GamePlayer[])>	$stack11 = l2 / 2	0.0000000000	670	1074	0	0	21	
<comp5111.assignment.cut.Subject$GameConfiguration: void <init>(comp5111.assignment.cut.Subject,int,comp5111.assignment.cut.Subject$GamePlayer[])>	$stack12 = newarray (comp5111.assignment.cut.Subject$GamePlayer)[l2]	0.0000000000	670	1068	0	0	21	
<comp5111.assignment.cut.Subject$GameConfiguration: void <init>(comp5111.assignment.cut.Subject,int,comp5111.assignment.cut.Subject$GamePlayer[])>	$stack13 = l0.<comp5111.assignment.cut.Subject$GameConfiguration: comp5111.assignment.cut.Subject$GamePlayer[][] initialBoard>	0.0000000000	670	1068	0	0	21	
<comp5111.assignment.cut.Subject$GameConfiguration: void <init>(comp5111.assignment.cut.Subject,int,comp5111.assignment.cut.Subject$GamePlayer[])>	$stack13[l4] = $stack12	0.0000000000	670	1068	0	0	21	
<comp5111.assignment.cut.Subject$GameConfiguration: void <init>(comp5111.assignment.cut.Subject,int,comp5111.assignment.cut.Subject$GamePlayer[])>	$stack16 = l0.<comp5111.assignment.cut.Subject$GameConfiguration: comp5111.assignment.cut.Subject$GamePlayer[][] initialBoard>	0.0000000000	670	1070	0	0	21	
<comp5111.assignment.cut.Subject$GameConfiguration: void <init>(comp5111.assignment.cut.Subject,int,comp5111.assignment.cut.Subject$GamePlayer[])>	$stack17 = $stack16[l4]	0.0000000000	670	1070	0	0	21	
<comp5111.assignment.cut.Subject$GameConfiguration: void <init>(comp5111.assignment.cut.Subject,int,comp5111.assignment.cut.Subject$GamePlayer[])>	$stack17[l5] = null	0.0000000000	670	1070	0	0	21	
<comp5111.assignment.cut.Subject$GameConfiguration: void <init>(comp5111.assignment.cut.Subject,int,comp5111.assignment.cut.Subject$GamePlayer[])>	$stack20 = new java.lang.IllegalArgumentException	0.0000000000	670	1062	0	0	21	
<comp5111.assignment.cut.Subject$GameConfiguration: void <init>(comp5111.assignment.cut.Subject,int,comp5111.assignment.cut.Subject$GamePlayer[])>	$stack21 = new java.lang.IllegalArgumentException	0.0000000000	670	1056	0	1	21	
<comp5111.assignment.cut.Subject$GameConfiguration: void <init>(comp5111.assignment.cut.Subject,int,comp5111.assignment.cut.Subject$GamePlayer[])>	$stack22 = new java.lang.IllegalArgumentException	0.0000000000	670	1053	0	4	21	
<comp5111.assignment.cut.Subject$GameConfiguration: void <init>(comp5111.assignment.cut.Subject,int,comp5111.assignment.cut.Subject$GamePlayer[])>	$stack23 = new java.lang.IllegalArgumentException	0.0000000000	670	1050	0	6	21	
<comp5111.assignment.cut.Subject$GameConfiguration: void <init>(comp5111.assignment.cut.Subject,int,comp5111.assignment.cut.Subject$GamePlayer[])>	$stack6 = l2 % 2	0.0000000000	670	1052	0	5	21	
<comp5111.assignment.cut.Subject$GameConfiguration: void <init>(comp5111.assignment.cut.Subject,int,comp5111.assignment.cut.Subject$GamePlayer[])>	$stack7 = lengthof l3	0.0000000000	670	1061	0	0	21	
<comp5111.assignment.cut.Subject$GameConfiguration: void <init>(comp5111.assignment.cut.Subject,int,comp5111.assignment.cut.Subject$GamePlayer[])>	$stack8 = newarray (comp5111.assignment.cut.Subject$GamePlayer[])[l2]	0.0000000000	670	1066	0	0	21	
<comp5111.assignment.cut.Subject$GameConfiguration: void <init>(comp5111.assignment.cut.Subject,int,comp5111.assignment.cut.Subject$GamePlayer[])>	$stack9 = new comp5111.assignment.cut.Subject$GamePlace	0.0000000000	670	1074	0	0	21	
<comp5111.assignment.cut.Subject$GameConfiguration: void <init>(comp5111.assignment.cut.Subject,int,comp5111.assignment.cut.Subject$GamePlayer[])>	goto [?= staticinvoke <comp5111.assignment.CoverageRuntime: void hit(java.lang.String)>("<comp5111.assignment.cut.Subject$GameConfiguration: void <init>(comp5111.assignment.cut.Subject,int,comp5111.assignment.cut.Subject$GamePlayer[])> ::: 29")]	0.0000000000	670	1067	0	0	21	
<comp5111.assignment.cut.Subject$GameConfiguration: void <init>(comp5111.assignment.cut.Subject,int,comp5111.assignment.cut.Subject$GamePlayer[])>	goto [?= staticinvoke <comp5111.assignment.CoverageRuntime: void hit(java.lang.String)>("<comp5111.assignment.cut.Subject$GameConfiguration: void <init>(comp5111.assignment.cut.Subject,int,comp5111.assignment.cut.Subject$GamePlayer[])> ::: 34")]	0.0000000000	670	1069	0	0	21	
<comp5111.assignment.cut.Subject$GameConfiguration: void <init>(comp5111.assignment.cut.Subject,int,comp5111.assignment.cut.Subject$GamePlayer[])>	if $stack6 == 1 goto (branch)	0.0000000000	670	1052	0	5	21	
<comp5111.assignment.cut.Subject$GameConfiguration: void <init>(comp5111.assignment.cut.Subject,int,comp5111.assignment.cut.Subject$GamePlayer[])>	if $stack7 == 2 goto $stack8 = newarray (comp5111.assignment.cut.Subject$GamePlayer[])[l2]	0.0000000000	670	1061	0	0	21	
<comp5111.assignment.cut.Subject$GameConfiguration: void <init>(comp5111.assignment.cut.Subject,int,comp5111.assignment.cut.Subject$GamePlayer[])>	if l2 <= 25 goto l0.<comp5111.assignment.cut.Subject$GameConfiguration: int size> = l2	0.0000000000	670	1055	0	1	21	
<comp5111.assignment.cut.Subject$GameConfiguration: void <init>(comp5111.assignment.cut.Subject,int,comp5111.assignment.cut.Subject$GamePlayer[])>	if l2 >= 3 goto $stack6 = l2 % 2	0.0000000000	670	1049	0	11	21	
<comp5111.assignment.cut.Subject$GameConfiguration: void <init>(comp5111.assignment.cut.Subject,int,comp5111.assignment.cut.Subject$GamePlayer[])>	if l4 >= l2 goto $stack9 = new comp5111.assignment.cut.Subject$GamePlace	0.0000000000	670	1067	0	0	21	
<comp5111.assignment.cut.Subject$GameConfiguration: void <init>(comp5111.assignment.cut.Subject,int,comp5111.assignment.cut.Subject$GamePlayer[])>	if l5 >= l2 goto l4 = l4 + 1	0.0000000000	670	1069	0	0	21	
<comp5111.assignment.cut.Subject$GameConfiguration: void <init>(comp5111.assignment.cut.Subject,int,comp5111.assignment.cut.Subject$GamePlayer[])>	l0.<comp5111.assignment.cut.Subject$GameConfiguration: comp5111.assignment.cut.Subject this$0> = l1	0.0000000000	670	1047	0	11	21	
<comp5111.assignment.cut.Subject$GameConfiguration: void <init>(comp5111.assignment.cut.Subject,int,comp5111.assignment.cut.Subject$GamePlayer[])>	l0.<comp5111.assignment.cut.Subject$GameConfiguration: comp5111.assignment.cut.Subject$GamePlace centralPlace> = $stack9	0.0000000000	670	1074	0	0	21	
<comp5111.assignment.cut.Subject$GameConfiguration: void <init>(comp5111.assignment.cut.Subject,int,comp5111.assignment.cut.Subject$GamePlayer[])>	l0.<comp5111.assignment.cut.Subject$GameConfiguration: comp5111.assignment.cut.Subject$GamePlayer[] players> = l3	0.0000000000	670	1060	0	0	21	
<comp5111.assignment.cut.Subject$GameConfiguration: void <init>(comp5111.assignment.cut.Subject,int,comp5111.assignment.cut.Subject$GamePlayer[])>	l0.<comp5111.assignment.cut.Subject$GameConfiguration: comp5111.assignment.cut.Subject$GamePlayer[][] initialBoard> = $stack8	0.0000000000	670	1066	0	0	21	
<comp5111.assignment.cut.Subject$GameConfiguration: void <init>(comp5111.assignment.cut.Subject,int,comp5111.assignment.cut.Subject$GamePlayer[])>	l0.<comp5111.assignment.cut.Subject$GameConfiguration: int size> = l2	0.0000000000	670	1058	0	0	21	
<comp5111.assignment.cut.Subject$GameConfiguration: void <init>(comp5111.assignment.cut.Subject,int,comp5111.assignment.cut.Subject$GamePlayer[])>	l4 = 0	0.0000000000	670	1067	0	0	21	
<comp5111.assignment.cut.Subject$GameConfiguration: void <init>(comp5111.assignment.cut.Subject,int,comp5111.assignment.cut.Subject$GamePlayer[])>	l4 = l4 + 1	0.0000000000	670	1067	0	0	21	
<comp5111.assignment.cut.Subject$GameConfiguration: void <init>(comp5111.assignment.cut.Subject,int,comp5111.assignment.cut.Subject$GamePlayer[])>	l5 = 0	0.0000000000	670	1069	0	0	21	
<comp5111.assignment.cut.Subject$GameConfiguration: void <init>(comp5111.assignment.cut.Subject,int,comp5111.assignment.cut.Subject$GamePlayer[])>	l5 = l5 + 1	0.0000000000	670	1069	0	0	21	
<comp5111.assignment.cut.Subject$GameConfiguration: void <init>(comp5111.assignment.cut.Subject,int,comp5111.assignment.cut.Subject$GamePlayer[])>	return	0.0000000000	670	1075	0	0	21	
<comp5111.assignment.cut.Subject$GameConfiguration: void <init>(comp5111.assignment.cut.Subject,int,comp5111.assignment.cut.Subject$GamePlayer[])>	specialinvoke $stack20.<java.lang.IllegalArgumentException: void <init>(java.lang.String)>("there must be exactly two players")	0.0000000000	670	1062	0	0	21	
<comp5111.assignment.cut.Subject$GameConfiguration: void <init>(comp5111.assignment.cut.Subject,int,comp5111.assignment.cut.Subject$GamePlayer[])>	specialinvoke $stack21.<java.lang.IllegalArgumentException: void <init>(java.lang.String)>("size of gameboard is at most 25")	0.0000000000	670	1056	0	1	21	
<comp5111.assignment.cut.Subject$GameConfiguration: void <init>(comp5111.assignment.cut.Subject,int,comp5111.assignment.cut.Subject$GamePlayer[])>	specialinvoke $stack22.<java.lang.IllegalArgumentException: void <init>(java.lang.String)>("size of gameboard must be an odd number")	0.0000000000	670	1053	0	4	21	
<comp5111.assignment.cut.Subject$GameConfiguration: void <init>(comp5111.assignment.cut.Subject,int,comp5111.assignment.cut.Subject$GamePlayer[])>	specialinvoke $stack23.<java.lang.IllegalArgumentException: void <init>(java.lang.String)>("size of gameboard must be at least 3")	0.0000000000	670	1050	0	6	21	
<comp5111.assignment.cut.Subject$GameConfiguration: void <init>(comp5111.assignment.cut.Subject,int,comp5111.assignment.cut.Subject$GamePlayer[])>	specialinvoke $stack9.<comp5111.assignment.cut.Subject$GamePlace: void <init>(comp5111.assignment.cut.Subject,int,int)>(l1, $stack11, $stack10)	0.0000000000	670	1074	0	0	21	
<comp5111.assignment.cut.Subject$GameConfiguration: void <init>(comp5111.assignment.cut.Subject,int,comp5111.assignment.cut.Subject$GamePlayer[])>	specialinvoke l0.<java.lang.Object: void <init>()>()	0.0000000000	670	1047	0	11	21	
<comp5111.assignment.cut.Subject$GameConfiguration: void <init>(comp5111.assignment.cut.Subject,int,comp5111.assignment.cut.Subject$GamePlayer[])>	throw $stack20	0.0000000000	670	1062	0	0	21	
<comp5111.assignment.cut.Subject$GameConfiguration: void <init>(comp5111.assignment.cut.Subject,int,comp5111.assignment.cut.Subject$GamePlayer[])>	throw $stack21	0.0000000000	670	1056	0	1	21	
<comp5111.assignment.cut.Subject$GameConfiguration: void <init>(comp5111.assignment.cut.Subject,int,comp5111.assignment.cut.Subject$GamePlayer[])>	throw $stack22	0.0000000000	670	1053	0	4	21	
<comp5111.assignment.cut.Subject$GameConfiguration: void <init>(comp5111.assignment.cut.Subject,int,comp5111.assignment.cut.Subject$GamePlayer[])>	throw $stack23	0.0000000000	670	1050	0	6	21	
<comp5111.assignment.cut.Subject$GameConfiguration: void addInitialPiece(comp5111.assignment.cut.Subject$GamePlayer,comp5111.assignment.cut.Subject$GamePlace)>	$stack10 = dynamicinvoke "makeConcatWithConstants" <java.lang.String (java.lang.String)>($stack9) <java.lang.invoke.StringConcatFactory: java.lang.invoke.CallSite makeConcatWithConstants(java.lang.invoke.MethodHandles$Lookup,java.lang.String,java.lang.invoke.MethodType,java.lang.String,java.lang.Object[])>("the place\u0001 must be inside the gameboard")	0.0000000000	670	1091	0	0	21	
<comp5111.assignment.cut.Subject$GameConfiguration: void addInitialPiece(comp5111.assignment.cut.Subject$GamePlayer,comp5111.assignment.cut.Subject$GamePlace)>	$stack11 = virtualinvoke l2.<comp5111.assignment.cut.Subject$GamePlace: int y()>()	0.0000000000	670	1089	0	0	21	
<comp5111.assignment.cut.Subject$GameConfiguration: void addInitialPiece(comp5111.assignment.cut.Subject$GamePlayer,comp5111.assignment.cut.Subject$GamePlace)>	$stack12 = l0.<comp5111.assignment.cut.Subject$GameConfiguration: int size>	0.0000000000	670	1089	0	0	21	
<comp5111.assignment.cut.Subject$GameConfiguration: void addInitialPiece(comp5111.assignment.cut.Subject$GamePlayer,comp5111.assignment.cut.Subject$GamePlace)>	$stack14 = virtualinvoke l2.<comp5111.assignment.cut.Subject$GamePlace: int x()>()	0.0000000000	670	1089	0	0	21	
<comp5111.assignment.cut.Subject$GameConfiguration: void addInitialPiece(comp5111.assignment.cut.Subject$GamePlayer,comp5111.assignment.cut.Subject$GamePlace)>	$stack15 = virtualinvoke l2.<comp5111.assignment.cut.Subject$GamePlace: int y()>()	0.0000000000	670	1089	0	0	21	
<comp5111.assignment.cut.Subject$GameConfiguration: void addInitialPiece(comp5111.assignment.cut.Subject$GamePlayer,comp5111.assignment.cut.Subject$GamePlace)>	$stack16 = l0.<comp5111.assignment.cut.Subject$GameConfiguration: comp5111.assignment.cut.Subject$GamePlace centralPlace>	0.0000000000	670	1093	0	0	21	
<comp5111.assignment.cut.Subject$GameConfiguration: void addInitialPiece(comp5111.assignment.cut.Subject$GamePlayer,comp5111.assignment.cut.Subject$GamePlace)>	$stack17 = virtualinvoke l2.<comp5111.assignment.cut.Subject$GamePlace: boolean equals(java.lang.Object)>($stack16)	0.0000000000	670	1093	0	0	21	
<comp5111.assignment.cut.Subject$GameConfiguration: void addInitialPiece(comp5111.assignment.cut.Subject$GamePlayer,comp5111.assignment.cut.Subject$GamePlace)>	$stack18 = l0.<comp5111.assignment.cut.Subject$GameConfiguration: comp5111.assignment.cut.Subject$GamePlayer[][] initialBoard>	0.0000000000	670	1098	0	0	21	
<comp5111.assignment.cut.Subject$GameConfiguration: void addInitialPiece(comp5111.assignment.cut.Subject$GamePlayer,comp5111.assignment.cut.Subject$GamePlace)>	$stack19 = virtualinvoke l2.<comp5111.assignment.cut.Subject$GamePlace: int x()>()	0.0000000000	670	1098	0	0	21	
<comp5111.assignment.cut.Subject$GameConfiguration: void addInitialPiece(comp5111.assignment.cut.Subject$GamePlayer,comp5111.assignment.cut.Subject$GamePlace)>	$stack20 = $stack18[$stack19]	0.0000000000	670	1098	0	0	21	
<comp5111.assignment.cut.Subject$GameConfiguration: void addInitialPiece(comp5111.assignment.cut.Subject$GamePlayer,comp5111.assignment.cut.Subject$GamePlace)>	$stack20[$stack21] = l1	0.0000000000	670	1098	0	0	21	
<comp5111.assignment.cut.Subject$GameConfiguration: void addInitialPiece(comp5111.assignment.cut.Subject$GamePlayer,comp5111.assignment.cut.Subject$GamePlace)>	$stack21 = virtualinvoke l2.<comp5111.assignment.cut.Subject$GamePlace: int y()>()	0.0000000000	670	1098	0	0	21	
<comp5111.assignment.cut.Subject$GameConfiguration: void addInitialPiece(comp5111.assignment.cut.Subject$GamePlayer,comp5111.assignment.cut.Subject$GamePlace)>	$stack22 = new java.lang.IllegalArgumentException	0.0000000000	670	1094	0	0	21	
<comp5111.assignment.cut.Subject$GameConfiguration: void addInitialPiece(comp5111.assignment.cut.Subject$GamePlayer,comp5111.assignment.cut.Subject$GamePlace)>	$stack23 = l0.<comp5111.assignment.cut.Subject$GameConfiguration: comp5111.assignment.cut.Subject$GamePlayer[] players>	0.0000000000	670	1086	0	0	21	
<comp5111.assignment.cut.Subject$GameConfiguration: void addInitialPiece(comp5111.assignment.cut.Subject$GamePlayer,comp5111.assignment.cut.Subject$GamePlace)>	$stack24 = $stack23[1]	0.0000000000	670	1086	0	0	21	
<comp5111.assignment.cut.Subject$GameConfiguration: void addInitialPiece(comp5111.assignment.cut.Subject$GamePlayer,comp5111.assignment.cut.Subject$GamePlace)>	$stack25 = virtualinvoke l1.<comp5111.assignment.cut.Subject$GamePlayer: boolean equals(java.lang.Object)>($stack24)	0.0000000000	670	1086	0	0	21	
<comp5111.assignment.cut.Subject$GameConfiguration: void addInitialPiece(comp5111.assignment.cut.Subject$GamePlayer,comp5111.assignment.cut.Subject$GamePlace)>	$stack28 = new java.lang.IllegalArgumentException	0.0000000000	670	1087	0	0	21	
<comp5111.assignment.cut.Subject$GameConfiguration: void addInitialPiece(comp5111.assignment.cut.Subject$GamePlayer,comp5111.assignment.cut.Subject$GamePlace)>	$stack3 = l0.<comp5111.assignment.cut.Subject$GameConfiguration: comp5111.assignment.cut.Subject$GamePlayer[] players>	0.0000000000	670	1086	0	0	21	
<comp5111.assignment.cut.Subject$GameConfiguration: void addInitialPiece(comp5111.assignment.cut.Subject$GamePlayer,comp5111.assignment.cut.Subject$GamePlace)>	$stack4 = $stack3[0]	0.0000000000	670	1086	0	0	21	
<comp5111.assignment.cut.Subject$GameConfiguration: void addInitialPiece(comp5111.assignment.cut.Subject$GamePlayer,comp5111.assignment.cut.Subject$GamePlace)>	$stack5 = virtualinvoke l1.<comp5111.assignment.cut.Subject$GamePlayer: boolean equals(java.lang.Object)>($stack4)	0.0000000000	670	1086	0	0	21	
<comp5111.assignment.cut.Subject$GameConfiguration: void addInitialPiece(comp5111.assignment.cut.Subject$GamePlayer,comp5111.assignment.cut.Subject$GamePlace)>	$stack6 = virtualinvoke l2.<comp5111.assignment.cut.Subject$GamePlace: int x()>()	0.0000000000	670	1089	0	0	21	
<comp5111.assignment.cut.Subject$GameConfiguration: void addInitialPiece(comp5111.assignment.cut.Subject$GamePlayer,comp5111.assignment.cut.Subject$GamePlace)>	$stack7 = l0.<comp5111.assignment.cut.Subject$GameConfiguration: int size>	0.0000000000	670	1089	0	0	21	
<comp5111.assignment.cut.Subject$GameConfiguration: void addInitialPiece(comp5111.assignment.cut.Subject$GamePlayer,comp5111.assignment.cut.Subject$GamePlace)>	$stack8 = new java.lang.IllegalArgumentException	0.0000000000	670	1091	0	0	21	
<comp5111.assignment.cut.Subject$GameConfiguration: void addInitialPiece(comp5111.assignment.cut.Subject$GamePlayer,comp5111.assignment.cut.Subject$GamePlace)>	$stack9 = virtualinvoke l2.<comp5111.assignment.cut.Subject$GamePlace: java.lang.String toString()>()	0.0000000000	670	1091	0	0	21	
<comp5111.assignment.cut.Subject$GameConfiguration: void addInitialPiece(comp5111.assignment.cut.Subject$GamePlayer,comp5111.assignment.cut.Subject$GamePlace)>	if $stack11 >= $stack12 goto $stack8 = new java.lang.IllegalArgumentException	0.0000000000	670	1089	0	0	21	
<comp5111.assignment.cut.Subject$GameConfiguration: void addInitialPiece(comp5111.assignment.cut.Subject$GamePlayer,comp5111.assignment.cut.Subject$GamePlace)>	if $stack14 < 0 goto $stack8 = new java.lang.IllegalArgumentException	0.0000000000	670	1089	0	0	21	
<comp5111.assignment.cut.Subject$GameConfiguration: void addInitialPiece(comp5111.assignment.cut.Subject$GamePlayer,comp5111.assignment.cut.Subject$GamePlace)>	if $stack15 >= 0 goto $stack16 = l0.<comp5111.assignment.cut.Subject$GameConfiguration: comp5111.assignment.cut.Subject$GamePlace centralPlace>	0.0000000000	670	1089	0	0	21	
<comp5111.assignment.cut.Subject$GameConfiguration: void addInitialPiece(comp5111.assignment.cut.Subject$GamePlayer,comp5111.assignment.cut.Subject$GamePlace)>	if $stack17 == 0 goto $stack18 = l0.<comp5111.assignment.cut.Subject$GameConfiguration: comp5111.assignment.cut.Subject$GamePlayer[][] initialBoard>	0.0000000000	670	1093	0	0	21	
<comp5111.assignment.cut.Subject$GameConfiguration: void addInitialPiece(comp5111.assignment.cut.Subject$GamePlayer,comp5111.assignment.cut.Subject$GamePlace)>	if $stack25 != 0 goto $stack6 = virtualinvoke l2.<comp5111.assignment.cut.Subject$GamePlace: int x()>()	0.0000000000	670	1086	0	0	21	
<comp5111.assignment.cut.Subject$GameConfiguration: void addInitialPiece(comp5111.assignment.cut.Subject$GamePlayer,comp5111.assignment.cut.Subject$GamePlace)>	if $stack5 != 0 goto $stack6 = virtualinvoke l2.<comp5111.assignment.cut.Subject$GamePlace: int x()>()	0.0000000000	670	1086	0	0	21	
<comp5111.assignment.cut.Subject$GameConfiguration: void addInitialPiece(comp5111.assignment.cut.Subject$GamePlayer,comp5111.assignment.cut.Subject$GamePlace)>	if $stack6 >= $stack7 goto $stack8 = new java.lang.IllegalArgumentException	0.0000000000	670	1089	0	0	21	
<comp5111.assignment.cut.Subject$GameConfiguration: void addInitialPiece(comp5111.assignment.cut.Subject$GamePlayer,comp5111.assignment.cut.Subject$GamePlace)>	return	0.0000000000	670	1099	0	0	21	
<comp5111.assignment.cut.Subject$GameConfiguration: void addInitialPiece(comp5111.assignment.cut.Subject$GamePlayer,comp5111.assignment.cut.Subject$GamePlace)>	specialinvoke $stack22.<java.lang.IllegalArgumentException: void <init>(java.lang.String)>("piece cannot be put at central place initially")	0.0000000000	670	1094	0	0	21	
<comp5111.assignment.cut.Subject$GameConfiguration: void addInitialPiece(comp5111.assignment.cut.Subject$GamePlayer,comp5111.assignment.cut.Subject$GamePlace)>	specialinvoke $stack28.<java.lang.IllegalArgumentException: void <init>(java.lang.String)>("the player of the piece is unknown")	0.0000000000	670	1087	0	0	21	
<comp5111.assignment.cut.Subject$GameConfiguration: void addInitialPiece(comp5111.assignment.cut.Subject$GamePlayer,comp5111.assignment.cut.Subject$GamePlace)>	specialinvoke $stack8.<java.lang.IllegalArgumentException: void <init>(java.lang.String)>($stack10)	0.0000000000	670	1091	0	0	21	
<comp5111.assignment.cut.Subject$GameConfiguration: void addInitialPiece(comp5111.assignment.cut.Subject$GamePlayer,comp5111.assignment.cut.Subject$GamePlace)>	throw $stack22	0.0000000000	670	1094	0	0	21	
<comp5111.assignment.cut.Subject$GameConfiguration: void addInitialPiece(comp5111.assignment.cut.Subject$GamePlayer,comp5111.assignment.cut.Subject$GamePlace)>	throw $stack28	0.0000000000	670	1087	0	0	21	
<comp5111.assignment.cut.Subject$GameConfiguration: void addInitialPiece(comp5111.assignment.cut.Subject$GamePlayer,comp5111.assignment.cut.Subject$GamePlace)>	throw $stack8	0.0000000000	670	1091	0	0	21	
<comp5111.assignment.cut.Subject$GameConfiguration: void clearInitialBoard()>	$stack3 = l0.<comp5111.assignment.cut.Subject$GameConfiguration: int size>	0.0000000000	670	1294	0	0	21	
<comp5111.assignment.cut.Subject$GameConfiguration: void clearInitialBoard()>	$stack4 = l0.<comp5111.assignment.cut.Subject$GameConfiguration: int size>	0.0000000000	670	1295	0	0	21	
<comp5111.assignment.cut.Subject$GameConfiguration: void clearInitialBoard()>	$stack7 = l0.<comp5111.assignment.cut.Subject$GameConfiguration: comp5111.assignment.cut.Subject$GamePlayer[][] initialBoard>	0.0000000000	670	1296	0	0	21	
<comp5111.assignment.cut.Subject$GameConfiguration: void clearInitialBoard()>	$stack8 = $stack7[l1]	0.0000000000	670	1296	0	0	21	
<comp5111.assignment.cut.Subject$GameConfiguration: void clearInitialBoard()>	$stack8[l2] = null	0.0000000000	670	1296	0	0	21	
<comp5111.assignment.cut.Subject$GameConfiguration: void clearInitialBoard()>	goto [?= staticinvoke <comp5111.assignment.CoverageRuntime: void hit(java.lang.String)>("<comp5111.assignment.cut.Subject$GameConfiguration: void clearInitialBoard()> ::: 2")]	0.0000000000	670	1294	0	0	21	
<comp5111.assignment.cut.Subject$GameConfiguration: void clearInitialBoard()>	goto [?= staticinvoke <comp5111.assignment.CoverageRuntime: void hit(java.lang.String)>("<comp5111.assignment.cut.Subject$GameConfiguration: void clearInitialBoard()> ::: 5")]	0.0000000000	670	1295	0	0	21	
<comp5111.assignment.cut.Subject$GameConfiguration: void clearInitialBoard()>	if l1 >= $stack3 goto return	0.0000000000	670	1294	0	0	21	
<comp5111.assignment.cut.Subject$GameConfiguration: void clearInitialBoard()>	if l2 >= $stack4 goto l1 = l1 + 1	0.0000000000	670	1295	0	0	21	
<comp5111.assignment.cut.Subject$GameConfiguration: void clearInitialBoard()>	l1 = 0	0.0000000000	670	1294	0	0	21	
<comp5111.assignment.cut.Subject$GameConfiguration: void clearInitialBoard()>	l1 = l1 + 1	0.0000000000	670	1294	0	0	21	
<comp5111.assignment.cut.Subject$GameConfiguration: void clearInitialBoard()>	l2 = 0	0.0000000000	670	1295	0	0	21	
<comp5111.assignment.cut.Subject$GameConfiguration: void clearInitialBoard()>	l2 = l2 + 1	0.0000000000	670	1295	0	0	21	
<comp5111.assignment.cut.Subject$GameConfiguration: void clearInitialBoard()>	return	0.0000000000	670	1299	0	0	21	
<comp5111.assignment.cut.Subject$GamePlace: boolean equals(java.lang.Object)>	$stack3 = virtualinvoke l0.<java.lang.Object: java.lang.Class getClass()>()	0.0000000000	670	958	0	13	21	
<comp5111.assignment.cut.Subject$GamePlace: boolean equals(java.lang.Object)>	$stack4 = virtualinvoke l1.<java.lang.Object: java.lang.Class getClass()>()	0.0000000000	670	958	0	13	21	
<comp5111.assignment.cut.Subject$GamePlace: boolean equals(java.lang.Object)>	$stack5 = l2.<comp5111.assignment.cut.Subject$GamePlace: int x>	0.0000000000	670	961	0	1	21	
<comp5111.assignment.cut.Subject$GamePlace: boolean equals(java.lang.Object)>	$stack6 = l0.<comp5111.assignment.cut.Subject$GamePlace: int x>	0.0000000000	670	961	0	1	21	
<comp5111.assignment.cut.Subject$GamePlace: boolean equals(java.lang.Object)>	$stack7 = l2.<comp5111.assignment.cut.Subject$GamePlace: int y>	0.0000000000	670	961	0	0	21	
<comp5111.assignment.cut.Subject$GamePlace: boolean equals(java.lang.Object)>	$stack8 = l0.<comp5111.assignment.cut.Subject$GamePlace: int y>	0.0000000000	670	961	0	0	21	
<comp5111.assignment.cut.Subject$GamePlace: boolean equals(java.lang.Object)>	$stack9 = 0	0.0000000000	670	961	0	1	21	
<comp5111.assignment.cut.Subject$GamePlace: boolean equals(java.lang.Object)>	$stack9 = 1	0.0000000000	670	961	0	0	21	
<comp5111.assignment.cut.Subject$GamePlace: boolean equals(java.lang.Object)>	goto [?= return $stack9]	0.0000000000	670	961	0	0	21	
<comp5111.assignment.cut.Subject$GamePlace: boolean equals(java.lang.Object)>	if $stack3 == $stack4 goto l2 = (comp5111.assignment.cut.Subject$GamePlace) l1	0.0000000000	670	958	0	13	21	
<comp5111.assignment.cut.Subject$GamePlace: boolean equals(java.lang.Object)>	if $stack6 != $stack5 goto $stack9 = 0	0.0000000000	670	961	0	1	21	
<comp5111.assignment.cut.Subject$GamePlace: boolean equals(java.lang.Object)>	if $stack8 != $stack7 goto $stack9 = 0	0.0000000000	670	961	0	0	21	
<comp5111.assignment.cut.Subject$GamePlace: boolean equals(java.lang.Object)>	if l0 != l1 goto (branch)	0.0000000000	670	956	0	13	21	
<comp5111.assignment.cut.Subject$GamePlace: boolean equals(java.lang.Object)>	if l1 == null goto return 0	0.0000000000	670	958	0	13	21	
<comp5111.assignment.cut.Subject$GamePlace: boolean equals(java.lang.Object)>	l2 = (comp5111.assignment.cut.Subject$GamePlace) l1	0.0000000000	670	960	0	1	21	
<comp5111.assignment.cut.Subject$GamePlace: boolean equals(java.lang.Object)>	return $stack9	0.0000000000	670	961	0	1	21	
<comp5111.assignment.cut.Subject$GamePlace: boolean equals(java.lang.Object)>	return 0	0.0000000000	670	959	0	12	21	
<comp5111.assignment.cut.Subject$GamePlace: boolean equals(java.lang.Object)>	return 1	0.0000000000	670	957	0	0	21	
<comp5111.assignment.cut.Subject$GamePlace: boolean isAdjacent(comp5111.assignment.cut.Subject$GamePlace)>	$stack10 = $stack9 - $stack8	0.0000000000	670	979	0	14	21	
<comp5111.assignment.cut.Subject$GamePlace: boolean isAdjacent(comp5111.assignment.cut.Subject$GamePlace)>	$stack12 = l2 + l3	0.0000000000	670	980	0	14	21	
<comp5111.assignment.cut.Subject$GamePlace: boolean isAdjacent(comp5111.assignment.cut.Subject$GamePlace)>	$stack13 = 0	0.0000000000	670	980	0	14	21	
<comp5111.assignment.cut.Subject$GamePlace: boolean isAdjacent(comp5111.assignment.cut.Subject$GamePlace)>	$stack13 = 1	0.0000000000	670	980	0	0	21	
<comp5111.assignment.cut.Subject$GamePlace: boolean isAdjacent(comp5111.assignment.cut.Subject$GamePlace)>	$stack4 = l1.<comp5111.assignment.cut.Subject$GamePlace: int x>	0.0000000000	670	978	0	14	21	
<comp5111.assignment.cut.Subject$GamePlace: boolean isAdjacent(comp5111.assignment.cut.Subject$GamePlace)>	$stack5 = l0.<comp5111.assignment.cut.Subject$GamePlace: int x>	0.0000000000	670	978	0	14	21	
<comp5111.assignment.cut.Subject$GamePlace: boolean isAdjacent(comp5111.assignment.cut.Subject$GamePlace)>	$stack6 = $stack5 - $stack4	0.0000000000	670	978	0	14	21	
<comp5111.assignment.cut.Subject$GamePlace: boolean isAdjacent(comp5111.assignment.cut.Subject$GamePlace)>	$stack8 = l1.<comp5111.assignment.cut.Subject$GamePlace: int y>	0.0000000000	670	979	0	14	21	
<comp5111.assignment.cut.Subject$GamePlace: boolean isAdjacent(comp5111.assignment.cut.Subject$GamePlace)>	$stack9 = l0.<comp5111.assignment.cut.Subject$GamePlace: int y>	0.0000000000	670	979	0	14	21	
<comp5111.assignment.cut.Subject$GamePlace: boolean isAdjacent(comp5111.assignment.cut.Subject$GamePlace)>	goto [?= return $stack13]	0.0000000000	670	980	0	0	21	
<comp5111.assignment.cut.Subject$GamePlace: boolean isAdjacent(comp5111.assignment.cut.Subject$GamePlace)>	if $stack12 != 1 goto $stack13 = 0	0.0000000000	670	980	0	14	21	
<comp5111.assignment.cut.Subject$GamePlace: boolean isAdjacent(comp5111.assignment.cut.Subject$GamePlace)>	if l1 != null goto $stack5 = l0.<comp5111.assignment.cut.Subject$GamePlace: int x>	0.0000000000	670	976	0	34	21	
<comp5111.assignment.cut.Subject$GamePlace: boolean isAdjacent(comp5111.assignment.cut.Subject$GamePlace)>	l2 = staticinvoke <java.lang.Math: int abs(int)>($stack6)	0.0000000000	670	978	0	14	21	
<comp5111.assignment.cut.Subject$GamePlace: boolean isAdjacent(comp5111.assignment.cut.Subject$GamePlace)>	l3 = staticinvoke <java.lang.Math: int abs(int)>($stack10)	0.0000000000	670	979	0	14	21	
<comp5111.assignment.cut.Subject$GamePlace: boolean isAdjacent(comp5111.assignment.cut.Subject$GamePlace)>	return $stack13	0.0000000000	670	980	0	14	21	
<comp5111.assignment.cut.Subject$GamePlace: boolean isAdjacent(comp5111.assignment.cut.Subject$GamePlace)>	return 0	0.0000000000	670	977	0	34	21	
<comp5111.assignment.cut.Subject$GamePlace: comp5111.assignment.cut.Subject$GamePlace clone()>	$stack2 = new comp5111.assignment.cut.Subject$GamePlace	0.0000000000	670	943	0	27	21	
<comp5111.assignment.cut.Subject$GamePlace: comp5111.assignment.cut.Subject$GamePlace clone()>	$stack3 = l0.<comp5111.assignment.cut.Subject$GamePlace: comp5111.assignment.cut.Subject this$0>	0.0000000000	670	943	0	27	21	
<comp5111.assignment.cut.Subject$GamePlace: comp5111.assignment.cut.Subject$GamePlace clone()>	$stack4 = l0.<comp5111.assignment.cut.Subject$GamePlace: int y>	0.0000000000	670	944	0	27	21	
<comp5111.assignment.cut.Subject$GamePlace: comp5111.assignment.cut.Subject$GamePlace clone()>	$stack5 = l0.<comp5111.assignment.cut.Subject$GamePlace: int x>	0.0000000000	670	945	0	27	21	
<comp5111.assignment.cut.Subject$GamePlace: comp5111.assignment.cut.Subject$GamePlace clone()>	l1 = $stack2	0.0000000000	670	943	0	27	21	
<comp5111.assignment.cut.Subject$GamePlace: comp5111.assignment.cut.Subject$GamePlace clone()>	l1.<comp5111.assignment.cut.Subject$GamePlace: int x> = $stack5	0.0000000000	670	945	0	27	21	
<comp5111.assignment.cut.Subject$GamePlace: comp5111.assignment.cut.Subject$GamePlace clone()>	l1.<comp5111.assignment.cut.Subject$GamePlace: int y> = $stack4	0.0000000000	670	944	0	27	21	
<comp5111.assignment.cut.Subject$GamePlace: comp5111.assignment.cut.Subject$GamePlace clone()>	return l1	0.0000000000	670	946	0	27	21	
<comp5111.assignment.cut.Subject$GamePlace: comp5111.assignment.cut.Subject$GamePlace clone()>	specialinvoke $stack2.<comp5111.assignment.cut.Subject$GamePlace: void <init>(comp5111.assignment.cut.Subject,int,int)>($stack3, -1, -1)	0.0000000000	670	943	0	27	21	
<comp5111.assignment.cut.Subject$GamePlace: int hashCode()>	$stack1 = l0.<comp5111.assignment.cut.Subject$GamePlace: int x>	0.0000000000	670	966	0	0	21	
<comp5111.assignment.cut.Subject$GamePlace: int hashCode()>	$stack2 = l0.<comp5111.assignment.cut.Subject$GamePlace: int y>	0.0000000000	670	966	0	0	21	
<comp5111.assignment.cut.Subject$GamePlace: int hashCode()>	$stack3 = 31 * $stack1	0.0000000000	670	966	0	0	21	
<comp5111.assignment.cut.Subject$GamePlace: int hashCode()>	$stack4 = $stack3 + $stack2	0.0000000000	670	966	0	0	21	
<comp5111.assignment.cut.Subject$GamePlace: int hashCode()>	return $stack4	0.0000000000	670	966	0	0	21	
<comp5111.assignment.cut.Subject$GamePlace: int manhattanDistance(comp5111.assignment.cut.Subject$GamePlace)>	$stack10 = $stack5 + $stack9	0.0000000000	670	992	0	4	21	
<comp5111.assignment.cut.Subject$GamePlace: int manhattanDistance(comp5111.assignment.cut.Subject$GamePlace)>	$stack2 = l1.<comp5111.assignment.cut.Subject$GamePlace: int x>	0.0000000000	670	992	0	4	21	
<comp5111.assignment.cut.Subject$GamePlace: int manhattanDistance(comp5111.assignment.cut.Subject$GamePlace)>	$stack3 = l0.<comp5111.assignment.cut.Subject$GamePlace: int x>	0.0000000000	670	992	0	4	21	
<comp5111.assignment.cut.Subject$GamePlace: int manhattanDistance(comp5111.assignment.cut.Subject$GamePlace)>	$stack4 = $stack3 - $stack2	0.0000000000	670	992	0	4	21	
<comp5111.assignment.cut.Subject$GamePlace: int manhattanDistance(comp5111.assignment.cut.Subject$GamePlace)>	$stack5 = staticinvoke <java.lang.Math: int abs(int)>($stack4)	0.0000000000	670	992	0	4	21	
<comp5111.assignment.cut.Subject$GamePlace: int manhattanDistance(comp5111.assignment.cut.Subject$GamePlace)>	$stack6 = l1.<comp5111.assignment.cut.Subject$GamePlace: int y>	0.0000000000	670	992	0	4	21	
<comp5111.assignment.cut.Subject$GamePlace: int manhattanDistance(comp5111.assignment.cut.Subject$GamePlace)>	$stack7 = l0.<comp5111.assignment.cut.Subject$GamePlace: int y>	0.0000000000	670	992	0	4	21	
<comp5111.assignment.cut.Subject$GamePlace: int manhattanDistance(comp5111.assignment.cut.Subject$GamePlace)>	$stack8 = $stack7 - $stack6	0.0000000000	670	992	0	4	21	
<comp5111.assignment.cut.Subject$GamePlace: int manhattanDistance(comp5111.assignment.cut.Subject$GamePlace)>	$stack9 = staticinvoke <java.lang.Math: int abs(int)>($stack8)	0.0000000000	670	992	0	4	21	
<comp5111.assignment.cut.Subject$GamePlace: int manhattanDistance(comp5111.assignment.cut.Subject$GamePlace)>	if l1 != null goto $stack3 = l0.<comp5111.assignment.cut.Subject$GamePlace: int x>	0.0000000000	670	990	0	4	21	
<comp5111.assignment.cut.Subject$GamePlace: int manhattanDistance(comp5111.assignment.cut.Subject$GamePlace)>	return $stack10	0.0000000000	670	992	0	4	21	
<comp5111.assignment.cut.Subject$GamePlace: int manhattanDistance(comp5111.assignment.cut.Subject$GamePlace)>	return -1	0.0000000000	670	991	0	0	21	
<comp5111.assignment.cut.Subject$GamePlace: int x()>	$stack1 = l0.<comp5111.assignment.cut.Subject$GamePlace: int x>	0.0000000000	670	938	0	7	21	
<comp5111.assignment.cut.Subject$GamePlace: int x()>	return $stack1	0.0000000000	670	938	0	7	21	
<comp5111.assignment.cut.Subject$GamePlace: int y()>	$stack1 = l0.<comp5111.assignment.cut.Subject$GamePlace: int y>	0.0000000000	670	920	0	6	21	
<comp5111.assignment.cut.Subject$GamePlace: int y()>	return $stack1	0.0000000000	670	920	0	6	21	
<comp5111.assignment.cut.Subject$GamePlace: java.lang.Object clone()>	$stack1 = virtualinvoke l0.<comp5111.assignment.cut.Subject$GamePlace: comp5111.assignment.cut.Subject$GamePlace clone()>()	0.0000000000	670	891	0	0	21	
<comp5111.assignment.cut.Subject$GamePlace: java.lang.Object clone()>	return $stack1	0.0000000000	670	891	0	0	21	
<comp5111.assignment.cut.Subject$GamePlace: java.lang.String toString()>	$stack1 = l0.<comp5111.assignment.cut.Subject$GamePlace: int y>	0.0000000000	670	951	0	23	21	
<comp5111.assignment.cut.Subject$GamePlace: java.lang.String toString()>	$stack2 = l0.<comp5111.assignment.cut.Subject$GamePlace: int x>	0.0000000000	670	951	0	23	21	
<comp5111.assignment.cut.Subject$GamePlace: java.lang.String toString()>	$stack3 = dynamicinvoke "makeConcatWithConstants" <java.lang.String (int,int)>($stack2, $stack1) <java.lang.invoke.StringConcatFactory: java.lang.invoke.CallSite makeConcatWithConstants(java.lang.invoke.MethodHandles$Lookup,java.lang.String,java.lang.invoke.MethodType,java.lang.String,java.lang.Object[])>("(\u0001, \u0001)")	0.0000000000	670	951	0	23	21	
<comp5111.assignment.cut.Subject$GamePlace: java.lang.String toString()>	return $stack3	0.0000000000	670	951	0	23	21	
<comp5111.assignment.cut.Subject$GamePlace: void <init>(comp5111.assignment.cut.Subject,int,int)>	l0.<comp5111.assignment.cut.Subject$GamePlace: comp5111.assignment.cut.Subject this$0> = l1	0.0000000000	670	900	0	51	21	
<comp5111.assignment.cut.Subject$GamePlace: void <init>(comp5111.assignment.cut.Subject,int,int)>	l0.<comp5111.assignment.cut.Subject$GamePlace: int x> = l2	0.0000000000	670	902	0	51	21	
<comp5111.assignment.cut.Subject$GamePlace: void <init>(comp5111.assignment.cut.Subject,int,int)>	l0.<comp5111.assignment.cut.Subject$GamePlace: int y> = l3	0.0000000000	670	901	0	51	21	
<comp5111.assignment.cut.Subject$GamePlace: void <init>(comp5111.assignment.cut.Subject,int,int)>	return	0.0000000000	670	903	0	51	21	
<comp5111.assignment.cut.Subject$GamePlace: void <init>(comp5111.assignment.cut.Subject,int,int)>	specialinvoke l0.<java.lang.Object: void <init>()>()	0.0000000000	670	900	0	51	21	
<comp5111.assignment.cut.Subject$GamePlace: void x(int)>	l0.<comp5111.assignment.cut.Subject$GamePlace: int x> = l1	0.0000000000	670	929	0	12	21	
<comp5111.assignment.cut.Subject$GamePlace: void x(int)>	return	0.0000000000	670	930	0	12	21	
<comp5111.assignment.cut.Subject$GamePlace: void y(int)>	l0.<comp5111.assignment.cut.Subject$GamePlace: int y> = l1	0.0000000000	670	911	0	18	21	
<comp5111.assignment.cut.Subject$GamePlace: void y(int)>	return	0.0000000000	670	912	0	18	21	
<comp5111.assignment.cut.Subject$GamePlayer: boolean equals(java.lang.Object)>	$stack3 = virtualinvoke l0.<java.lang.Object: java.lang.Class getClass()>()	0.0000000000	670	871	0	1	21	
<comp5111.assignment.cut.Subject$GamePlayer: boolean equals(java.lang.Object)>	$stack4 = virtualinvoke l1.<java.lang.Object: java.lang.Class getClass()>()	0.0000000000	670	871	0	1	21	
<comp5111.assignment.cut.Subject$GamePlayer: boolean equals(java.lang.Object)>	$stack5 = l2.<comp5111.assignment.cut.Subject$GamePlayer: java.lang.String name>	0.0000000000	670	874	0	0	21	
<comp5111.assignment.cut.Subject$GamePlayer: boolean equals(java.lang.Object)>	$stack6 = l0.<comp5111.assignment.cut.Subject$GamePlayer: java.lang.String name>	0.0000000000	670	874	0	0	21	
<comp5111.assignment.cut.Subject$GamePlayer: boolean equals(java.lang.Object)>	$stack7 = virtualinvoke $stack6.<java.lang.String: boolean equals(java.lang.Object)>($stack5)	0.0000000000	670	874	0	0	21	
<comp5111.assignment.cut.Subject$GamePlayer: boolean equals(java.lang.Object)>	if $stack3 == $stack4 goto l2 = (comp5111.assignment.cut.Subject$GamePlayer) l1	0.0000000000	670	871	0	1	21	
<comp5111.assignment.cut.Subject$GamePlayer: boolean equals(java.lang.Object)>	if l0 != l1 goto (branch)	0.0000000000	670	869	0	1	21	
<comp5111.assignment.cut.Subject$GamePlayer: boolean equals(java.lang.Object)>	if l1 == null goto return 0	0.0000000000	670	871	0	1	21	
<comp5111.assignment.cut.Subject$GamePlayer: boolean equals(java.lang.Object)>	l2 = (comp5111.assignment.cut.Subject$GamePlayer) l1	0.0000000000	670	873	0	0	21	
<comp5111.assignment.cut.Subject$GamePlayer: boolean equals(java.lang.Object)>	return $stack7	0.0000000000	670	874	0	0	21	
<comp5111.assignment.cut.Subject$GamePlayer: boolean equals(java.lang.Object)>	return 0	0.0000000000	670	872	0	1	21	
<comp5111.assignment.cut.Subject$GamePlayer: boolean equals(java.lang.Object)>	return 1	0.0000000000	670	870	0	0	21	
<comp5111.assignment.cut.Subject$GamePlayer: comp5111.assignment.cut.Subject$GamePlayer clone()>	$stack2 = new comp5111.assignment.cut.Subject$GamePlayer	0.0000000000	670	879	0	6	21	
<comp5111.assignment.cut.Subject$GamePlayer: comp5111.assignment.cut.Subject$GamePlayer clone()>	$stack3 = l0.<comp5111.assignment.cut.Subject$GamePlayer: java.lang.String name>	0.0000000000	670	879	0	6	21	
<comp5111.assignment.cut.Subject$GamePlayer: comp5111.assignment.cut.Subject$GamePlayer clone()>	$stack4 = l0.<comp5111.assignment.cut.Subject$GamePlayer: comp5111.assignment.cut.Subject this$0>	0.0000000000	670	879	0	6	21	
<comp5111.assignment.cut.Subject$GamePlayer: comp5111.assignment.cut.Subject$GamePlayer clone()>	$stack5 = l0.<comp5111.assignment.cut.Subject$GamePlayer: int score>	0.0000000000	670	880	0	6	21	
<comp5111.assignment.cut.Subject$GamePlayer: comp5111.assignment.cut.Subject$GamePlayer clone()>	l1 = $stack2	0.0000000000	670	879	0	6	21	
<comp5111.assignment.cut.Subject$GamePlayer: comp5111.assignment.cut.Subject$GamePlayer clone()>	l1.<comp5111.assignment.cut.Subject$GamePlayer: int score> = $stack5	0.0000000000	670	880	0	6	21	
<comp5111.assignment.cut.Subject$GamePlayer: comp5111.assignment.cut.Subject$GamePlayer clone()>	return l1	0.0000000000	670	881	0	6	21	
<comp5111.assignment.cut.Subject$GamePlayer: comp5111.assignment.cut.Subject$GamePlayer clone()>	specialinvoke $stack2.<comp5111.assignment.cut.Subject$GamePlayer: void <init>(comp5111.assignment.cut.Subject,java.lang.String)>($stack4, $stack3)	0.0000000000	670	879	0	6	21	
<comp5111.assignment.cut.Subject$GamePlayer: int getScore()>	$stack1 = l0.<comp5111.assignment.cut.Subject$GamePlayer: int score>	0.0000000000	670	829	0	9	21	
<comp5111.assignment.cut.Subject$GamePlayer: int getScore()>	return $stack1	0.0000000000	670	829	0	9	21	
<comp5111.assignment.cut.Subject$GamePlayer: java.lang.Object clone()>	$stack1 = virtualinvoke l0.<comp5111.assignment.cut.Subject$GamePlayer: comp5111.assignment.cut.Subject$GamePlayer clone()>()	0.0000000000	670	799	0	0	21	
<comp5111.assignment.cut.Subject$GamePlayer: java.lang.Object clone()>	return $stack1	0.0000000000	670	799	0	0	21	
<comp5111.assignment.cut.Subject$GamePlayer: java.lang.String getName()>	$stack1 = l0.<comp5111.assignment.cut.Subject$GamePlayer: java.lang.String name>	0.0000000000	670	817	0	7	21	
<comp5111.assignment.cut.Subject$GamePlayer: java.lang.String getName()>	return $stack1	0.0000000000	670	817	0	7	21	
<comp5111.assignment.cut.Subject$GamePlayer: java.lang.String toString()>	$stack1 = l0.<comp5111.assignment.cut.Subject$GamePlayer: int score>	0.0000000000	670	864	0	3	21	
<comp5111.assignment.cut.Subject$GamePlayer: java.lang.String toString()>	$stack2 = l0.<comp5111.assignment.cut.Subject$GamePlayer: java.lang.String name>	0.0000000000	670	864	0	3	21	
<comp5111.assignment.cut.Subject$GamePlayer: java.lang.String toString()>	$stack3 = dynamicinvoke "makeConcatWithConstants" <java.lang.String (java.lang.String,int)>($stack2, $stack1) <java.lang.invoke.StringConcatFactory: java.lang.invoke.CallSite makeConcatWithConstants(java.lang.invoke.MethodHandles$Lookup,java.lang.String,java.lang.invoke.MethodType,java.lang.String,java.lang.Object[])>("GamePlayer{name=\'\u0001\', score=\u0001}")	0.0000000000	670	864	0	3	21	
<comp5111.assignment.cut.Subject$GamePlayer: java.lang.String toString()>	return $stack3	0.0000000000	670	864	0	3	21	
<comp5111.assignment.cut.Subject$GamePlayer: void <init>(comp5111.assignment.cut.Subject)>	l0.<comp5111.assignment.cut.Subject$GamePlayer: comp5111.assignment.cut.Subject this$0> = l1	0.0000000000	670	808	0	30	21	
<comp5111.assignment.cut.Subject$GamePlayer: void <init>(comp5111.assignment.cut.Subject)>	l0.<comp5111.assignment.cut.Subject$GamePlayer: java.lang.String name> = "Anonymous Player"	0.0000000000	670	809	0	30	21	
<comp5111.assignment.cut.Subject$GamePlayer: void <init>(comp5111.assignment.cut.Subject)>	return	0.0000000000	670	810	0	30	21	
<comp5111.assignment.cut.Subject$GamePlayer: void <init>(comp5111.assignment.cut.Subject)>	specialinvoke l0.<java.lang.Object: void <init>()>()	0.0000000000	670	808	0	30	21	
<comp5111.assignment.cut.Subject$GamePlayer: void <init>(comp5111.assignment.cut.Subject,java.lang.String)>	l0.<comp5111.assignment.cut.Subject$GamePlayer: comp5111.assignment.cut.Subject this$0> = l1	0.0000000000	670	812	0	35	21	
<comp5111.assignment.cut.Subject$GamePlayer: void <init>(comp5111.assignment.cut.Subject,java.lang.String)>	l0.<comp5111.assignment.cut.Subject$GamePlayer: java.lang.String name> = l2	0.0000000000	670	813	0	35	21	
<comp5111.assignment.cut.Subject$GamePlayer: void <init>(comp5111.assignment.cut.Subject,java.lang.String)>	return	0.0000000000	670	814	0	35	21	
<comp5111.assignment.cut.Subject$GamePlayer: void <init>(comp5111.assignment.cut.Subject,java.lang.String)>	specialinvoke l0.<java.lang.Object: void <init>()>()	0.0000000000	670	812	0	35	21	
<comp5111.assignment.cut.Subject$GamePlayer: void addScore(int)>	$stack2 = l0.<comp5111.assignment.cut.Subject$GamePlayer: int score>	0.0000000000	670	847	0	9	21	
<comp5111.assignment.cut.Subject$GamePlayer: void addScore(int)>	$stack3 = $stack2 + l1	0.0000000000	670	847	0	9	21	
<comp5111.assignment.cut.Subject$GamePlayer: void addScore(int)>	l0.<comp5111.assignment.cut.Subject$GamePlayer: int score> = $stack3	0.0000000000	670	847	0	9	21	
<comp5111.assignment.cut.Subject$GamePlayer: void addScore(int)>	return	0.0000000000	670	848	0	9	21	
<comp5111.assignment.cut.Subject$GamePlayer: void resetScore()>	l0.<comp5111.assignment.cut.Subject$GamePlayer: int score> = 0	0.0000000000	670	854	0	8	21	
<comp5111.assignment.cut.Subject$GamePlayer: void resetScore()>	return	0.0000000000	670	855	0	8	21	
<comp5111.assignment.cut.Subject$GamePlayer: void setScore(int)>	l0.<comp5111.assignment.cut.Subject$GamePlayer: int score> = l1	0.0000000000	670	838	0	11	21	
<comp5111.assignment.cut.Subject$GamePlayer: void setScore(int)>	return	0.0000000000	670	839	0	11	21	
<comp5111.assignment.cut.Subject$StringAlgorithms: boolean isDigits(java.lang.String)>	$stack2 = virtualinvoke l0.<java.lang.String: int length()>()	0.0000000000	670	222	0	0	21	
<comp5111.assignment.cut.Subject$StringAlgorithms: boolean isDigits(java.lang.String)>	$stack3 = virtualinvoke l0.<java.lang.String: int length()>()	0.0000000000	670	224	0	0	21	
<comp5111.assignment.cut.Subject$StringAlgorithms: boolean isDigits(java.lang.String)>	$stack4 = virtualinvoke l0.<java.lang.String: char charAt(int)>(l1)	0.0000000000	670	225	0	0	21	
<comp5111.assignment.cut.Subject$StringAlgorithms: boolean isDigits(java.lang.String)>	$stack5 = staticinvoke <java.lang.Character: boolean isDigit(char)>($stack4)	0.0000000000	670	225	0	0	21	
<comp5111.assignment.cut.Subject$StringAlgorithms: boolean isDigits(java.lang.String)>	goto [?= staticinvoke <comp5111.assignment.CoverageRuntime: void hit(java.lang.String)>("<comp5111.assignment.cut.Subject$StringAlgorithms: boolean isDigits(java.lang.String)> ::: 6")]	0.0000000000	670	224	0	0	21	
<comp5111.assignment.cut.Subject$StringAlgorithms: boolean isDigits(java.lang.String)>	if $stack2 != 0 goto l1 = 0	0.0000000000	670	222	0	0	21	
<comp5111.assignment.cut.Subject$StringAlgorithms: boolean isDigits(java.lang.String)>	if $stack5 != 0 goto l1 = l1 + 1	0.0000000000	670	225	0	0	21	
<comp5111.assignment.cut.Subject$StringAlgorithms: boolean isDigits(java.lang.String)>	if l0 == null goto return 0	0.0000000000	670	222	0	0	21	
<comp5111.assignment.cut.Subject$StringAlgorithms: boolean isDigits(java.lang.String)>	if l1 >= $stack3 goto return 1	0.0000000000	670	224	0	0	21	
<comp5111.assignment.cut.Subject$StringAlgorithms: boolean isDigits(java.lang.String)>	l1 = 0	0.0000000000	670	224	0	0	21	
<comp5111.assignment.cut.Subject$StringAlgorithms: boolean isDigits(java.lang.String)>	l1 = l1 + 1	0.0000000000	670	224	0	0	21	
<comp5111.assignment.cut.Subject$StringAlgorithms: boolean isDigits(java.lang.String)>	return 0	0.0000000000	670	223	0	0	21	
<comp5111.assignment.cut.Subject$StringAlgorithms: boolean isDigits(java.lang.String)>	return 0	0.0000000000	670	226	0	0	21	
<comp5111.assignment.cut.Subject$StringAlgorithms: boolean isDigits(java.lang.String)>	return 1	0.0000000000	670	229	0	0	21	
<comp5111.assignment.cut.Subject$StringAlgorithms: boolean startsWithIgnoreCase(java.lang.String,java.lang.String)>	$stack12 = virtualinvoke l2.<java.lang.String: boolean equals(java.lang.Object)>(l3)	0.0000000000	670	32	0	6	21	
<comp5111.assignment.cut.Subject$StringAlgorithms: boolean startsWithIgnoreCase(java.lang.String,java.lang.String)>	$stack4 = virtualinvoke l0.<java.lang.String: int length()>()	0.0000000000	670	24	0	15	21	
<comp5111.assignment.cut.Subject$StringAlgorithms: boolean startsWithIgnoreCase(java.lang.String,java.lang.String)>	$stack5 = virtualinvoke l1.<java.lang.String: int length()>()	0.0000000000	670	24	0	15	21	
<comp5111.assignment.cut.Subject$StringAlgorithms: boolean startsWithIgnoreCase(java.lang.String,java.lang.String)>	$stack6 = virtualinvoke l0.<java.lang.String: boolean startsWith(java.lang.String)>(l1)	0.0000000000	670	27	0	7	21	
<comp5111.assignment.cut.Subject$StringAlgorithms: boolean startsWithIgnoreCase(java.lang.String,java.lang.String)>	$stack8 = virtualinvoke l1.<java.lang.String: int length()>()	0.0000000000	670	30	0	6	21	
<comp5111.assignment.cut.Subject$StringAlgorithms: boolean startsWithIgnoreCase(java.lang.String,java.lang.String)>	$stack9 = virtualinvoke l0.<java.lang.String: java.lang.String substring(int,int)>(0, $stack8)	0.0000000000	670	30	0	6	21	
<comp5111.assignment.cut.Subject$StringAlgorithms: boolean startsWithIgnoreCase(java.lang.String,java.lang.String)>	if $stack4 >= $stack5 goto $stack6 = virtualinvoke l0.<java.lang.String: boolean startsWith(java.lang.String)>(l1)	0.0000000000	670	24	0	15	21	
<comp5111.assignment.cut.Subject$StringAlgorithms: boolean startsWithIgnoreCase(java.lang.String,java.lang.String)>	if $stack6 == 0 goto $stack8 = virtualinvoke l1.<java.lang.String: int length()>()	0.0000000000	670	27	0	7	21	
<comp5111.assignment.cut.Subject$StringAlgorithms: boolean startsWithIgnoreCase(java.lang.String,java.lang.String)>	if l0 == null goto return 0	0.0000000000	670	21	0	15	21	
<comp5111.assignment.cut.Subject$StringAlgorithms: boolean startsWithIgnoreCase(java.lang.String,java.lang.String)>	if l1 != null goto $stack4 = virtualinvoke l0.<java.lang.String: int length()>()	0.0000000000	670	21	0	15	21	
<comp5111.assignment.cut.Subject$StringAlgorithms: boolean startsWithIgnoreCase(java.lang.String,java.lang.String)>	l2 = virtualinvoke $stack9.<java.lang.String: java.lang.String toLowerCase()>()	0.0000000000	670	30	0	6	21	
<comp5111.assignment.cut.Subject$StringAlgorithms: boolean startsWithIgnoreCase(java.lang.String,java.lang.String)>	l3 = virtualinvoke l1.<java.lang.String: java.lang.String toLowerCase()>()	0.0000000000	670	31	0	6	21	
<comp5111.assignment.cut.Subject$StringAlgorithms: boolean startsWithIgnoreCase(java.lang.String,java.lang.String)>	return $stack12	0.0000000000	670	32	0	6	21	
<comp5111.assignment.cut.Subject$StringAlgorithms: boolean startsWithIgnoreCase(java.lang.String,java.lang.String)>	return 0	0.0000000000	670	22	0	0	21	
<comp5111.assignment.cut.Subject$StringAlgorithms: boolean startsWithIgnoreCase(java.lang.String,java.lang.String)>	return 0	0.0000000000	670	25	0	8	21	
<comp5111.assignment.cut.Subject$StringAlgorithms: boolean startsWithIgnoreCase(java.lang.String,java.lang.String)>	return 1	0.0000000000	670	28	0	1	21	
<comp5111.assignment.cut.Subject$StringAlgorithms: int decodeOctets(int,java.nio.ByteBuffer,java.lang.StringBuilder)>	$stack10 = l0 + $stack9	0.0000000000	670	67	0	0	21	
<comp5111.assignment.cut.Subject$StringAlgorithms: int decodeOctets(int,java.nio.ByteBuffer,java.lang.StringBuilder)>	$stack11 = $stack10 - 1	0.0000000000	670	67	0	0	21	
<comp5111.assignment.cut.Subject$StringAlgorithms: int decodeOctets(int,java.nio.ByteBuffer,java.lang.StringBuilder)>	$stack12 = virtualinvoke l1.<java.nio.ByteBuffer: byte get(int)>(0)	0.0000000000	670	61	0	0	21	
<comp5111.assignment.cut.Subject$StringAlgorithms: int decodeOctets(int,java.nio.ByteBuffer,java.lang.StringBuilder)>	$stack13 = $stack12 & 255	0.0000000000	670	61	0	0	21	
<comp5111.assignment.cut.Subject$StringAlgorithms: int decodeOctets(int,java.nio.ByteBuffer,java.lang.StringBuilder)>	$stack21 = virtualinvoke l1.<java.nio.ByteBuffer: byte get(int)>(0)	0.0000000000	670	62	0	0	21	
<comp5111.assignment.cut.Subject$StringAlgorithms: int decodeOctets(int,java.nio.ByteBuffer,java.lang.StringBuilder)>	$stack22 = (char) $stack21	0.0000000000	670	62	0	0	21	
<comp5111.assignment.cut.Subject$StringAlgorithms: int decodeOctets(int,java.nio.ByteBuffer,java.lang.StringBuilder)>	$stack24 = l0 + 2	0.0000000000	670	63	0	0	21	
<comp5111.assignment.cut.Subject$StringAlgorithms: int decodeOctets(int,java.nio.ByteBuffer,java.lang.StringBuilder)>	$stack4 = virtualinvoke l1.<java.nio.ByteBuffer: int limit()>()	0.0000000000	670	61	0	15	21	
<comp5111.assignment.cut.Subject$StringAlgorithms: int decodeOctets(int,java.nio.ByteBuffer,java.lang.StringBuilder)>	$stack5 = <java.nio.charset.StandardCharsets: java.nio.charset.Charset UTF_8>	0.0000000000	670	65	0	0	21	
<comp5111.assignment.cut.Subject$StringAlgorithms: int decodeOctets(int,java.nio.ByteBuffer,java.lang.StringBuilder)>	$stack8 = virtualinvoke l1.<java.nio.ByteBuffer: int limit()>()	0.0000000000	670	67	0	0	21	
<comp5111.assignment.cut.Subject$StringAlgorithms: int decodeOctets(int,java.nio.ByteBuffer,java.lang.StringBuilder)>	$stack9 = $stack8 * 3	0.0000000000	670	67	0	0	21	
<comp5111.assignment.cut.Subject$StringAlgorithms: int decodeOctets(int,java.nio.ByteBuffer,java.lang.StringBuilder)>	if $stack13 >= 128 goto $stack5 = <java.nio.charset.StandardCharsets: java.nio.charset.Charset UTF_8>	0.0000000000	670	61	0	0	21	
<comp5111.assignment.cut.Subject$StringAlgorithms: int decodeOctets(int,java.nio.ByteBuffer,java.lang.StringBuilder)>	if $stack4 != 1 goto $stack5 = <java.nio.charset.StandardCharsets: java.nio.charset.Charset UTF_8>	0.0000000000	670	61	0	0	21	
<comp5111.assignment.cut.Subject$StringAlgorithms: int decodeOctets(int,java.nio.ByteBuffer,java.lang.StringBuilder)>	l3 = virtualinvoke $stack5.<java.nio.charset.Charset: java.nio.CharBuffer decode(java.nio.ByteBuffer)>(l1)	0.0000000000	670	65	0	0	21	
<comp5111.assignment.cut.Subject$StringAlgorithms: int decodeOctets(int,java.nio.ByteBuffer,java.lang.StringBuilder)>	return $stack11	0.0000000000	670	67	0	0	21	
<comp5111.assignment.cut.Subject$StringAlgorithms: int decodeOctets(int,java.nio.ByteBuffer,java.lang.StringBuilder)>	return $stack24	0.0000000000	670	63	0	0	21	
<comp5111.assignment.cut.Subject$StringAlgorithms: int decodeOctets(int,java.nio.ByteBuffer,java.lang.StringBuilder)>	virtualinvoke l2.<java.lang.StringBuilder: java.lang.StringBuilder append(char)>($stack22)	0.0000000000	670	62	0	0	21	
<comp5111.assignment.cut.Subject$StringAlgorithms: int decodeOctets(int,java.nio.ByteBuffer,java.lang.StringBuilder)>	virtualinvoke l2.<java.lang.StringBuilder: java.lang.StringBuilder append(java.lang.CharSequence)>(l3)	0.0000000000	670	66	0	0	21	
<comp5111.assignment.cut.Subject$StringAlgorithms: int extractIntInStr(java.lang.String)>	return 0	0.0000000000	670	338	0	0	21	
<comp5111.assignment.cut.Subject$StringAlgorithms: int extractIntInStr(java.lang.String)>	return l1	0.0000000000	670	349	0	1	21	
<comp5111.assignment.cut.Subject$StringAlgorithms: int[] getVersionNo(java.lang.String)>	goto [?= $stack9 = staticinvoke <comp5111.assignment.cut.Subject$StringAlgorithms: int extractIntInStr(java.lang.String)>(l5)]	0.0000000000	670	376	0	0	21	
<comp5111.assignment.cut.Subject$StringAlgorithms: int[] getVersionNo(java.lang.String)>	if l3 >= l4 goto return null	0.0000000000	670	375	0	0	21	
<comp5111.assignment.cut.Subject$StringAlgorithms: int[] getVersionNo(java.lang.String)>	l5 = virtualinvoke l0.<java.lang.String: java.lang.String substring(int,int)>(l3, l4)	0.0000000000	670	376	0	0	21	
<comp5111.assignment.cut.Subject$StringAlgorithms: int[] getVersionNo(java.lang.String)>	return null	0.0000000000	670	363	0	0	21	
<comp5111.assignment.cut.Subject$StringAlgorithms: int[] getVersionNo(java.lang.String)>	return null	0.0000000000	670	370	0	0	21	
<comp5111.assignment.cut.Subject$StringAlgorithms: int[] getVersionNo(java.lang.String)>	return null	0.0000000000	670	377	0	0	21	
<comp5111.assignment.cut.Subject$StringAlgorithms: java.lang.Boolean strToBoolean(java.lang.String)>	$stack10 = virtualinvoke l0.<java.lang.String: int length()>()	0.0000000000	670	98	0	6	21	
<comp5111.assignment.cut.Subject$StringAlgorithms: java.lang.Boolean strToBoolean(java.lang.String)>	$stack16 = <java.lang.Boolean: java.lang.Boolean FALSE>	0.0000000000	670	140	0	0	21	
<comp5111.assignment.cut.Subject$StringAlgorithms: java.lang.Boolean strToBoolean(java.lang.String)>	$stack30 = <java.lang.Boolean: java.lang.Boolean TRUE>	0.0000000000	670	131	0	0	21	
<comp5111.assignment.cut.Subject$StringAlgorithms: java.lang.Boolean strToBoolean(java.lang.String)>	$stack40 = <java.lang.Boolean: java.lang.Boolean FALSE>	0.0000000000	670	120	0	0	21	
<comp5111.assignment.cut.Subject$StringAlgorithms: java.lang.Boolean strToBoolean(java.lang.String)>	$stack41 = <java.lang.Boolean: java.lang.Boolean TRUE>	0.0000000000	670	123	0	0	21	
<comp5111.assignment.cut.Subject$StringAlgorithms: java.lang.Boolean strToBoolean(java.lang.String)>	$stack54 = <java.lang.Boolean: java.lang.Boolean FALSE>	0.0000000000	670	110	0	0	21	
<comp5111.assignment.cut.Subject$StringAlgorithms: java.lang.Boolean strToBoolean(java.lang.String)>	$stack55 = <java.lang.Boolean: java.lang.Boolean TRUE>	0.0000000000	670	113	0	0	21	
<comp5111.assignment.cut.Subject$StringAlgorithms: java.lang.Boolean strToBoolean(java.lang.String)>	$stack6 = virtualinvoke l0.<java.lang.String: int length()>()	0.0000000000	670	98	0	14	21	
<comp5111.assignment.cut.Subject$StringAlgorithms: java.lang.Boolean strToBoolean(java.lang.String)>	$stack63 = <java.lang.Boolean: java.lang.Boolean TRUE>	0.0000000000	670	101	0	0	21	
<comp5111.assignment.cut.Subject$StringAlgorithms: java.lang.Boolean strToBoolean(java.lang.String)>	$stack64 = <java.lang.Boolean: java.lang.Boolean FALSE>	0.0000000000	670	104	0	0	21	
<comp5111.assignment.cut.Subject$StringAlgorithms: java.lang.Boolean strToBoolean(java.lang.String)>	$stack7 = virtualinvoke l0.<java.lang.String: int length()>()	0.0000000000	670	98	0	13	21	
<comp5111.assignment.cut.Subject$StringAlgorithms: java.lang.Boolean strToBoolean(java.lang.String)>	$stack8 = virtualinvoke l0.<java.lang.String: int length()>()	0.0000000000	670	98	0	13	21	
<comp5111.assignment.cut.Subject$StringAlgorithms: java.lang.Boolean strToBoolean(java.lang.String)>	$stack9 = virtualinvoke l0.<java.lang.String: int length()>()	0.0000000000	670	98	0	7	21	
<comp5111.assignment.cut.Subject$StringAlgorithms: java.lang.Boolean strToBoolean(java.lang.String)>	goto [?= return null]	0.0000000000	670	106	0	1	21	
<comp5111.assignment.cut.Subject$StringAlgorithms: java.lang.Boolean strToBoolean(java.lang.String)>	goto [?= return null]	0.0000000000	670	115	0	0	21	
<comp5111.assignment.cut.Subject$StringAlgorithms: java.lang.Boolean strToBoolean(java.lang.String)>	goto [?= return null]	0.0000000000	670	125	0	6	21	
<comp5111.assignment.cut.Subject$StringAlgorithms: java.lang.Boolean strToBoolean(java.lang.String)>	goto [?= return null]	0.0000000000	670	133	0	1	21	
<comp5111.assignment.cut.Subject$StringAlgorithms: java.lang.Boolean strToBoolean(java.lang.String)>	if $stack10 != 5 goto return null	0.0000000000	670	98	0	6	21	
<comp5111.assignment.cut.Subject$StringAlgorithms: java.lang.Boolean strToBoolean(java.lang.String)>	if $stack6 != 1 goto $stack7 = virtualinvoke l0.<java.lang.String: int length()>()	0.0000000000	670	98	0	14	21	
<comp5111.assignment.cut.Subject$StringAlgorithms: java.lang.Boolean strToBoolean(java.lang.String)>	if $stack7 != 2 goto $stack8 = virtualinvoke l0.<java.lang.String: int length()>()	0.0000000000	670	98	0	13	21	
<comp5111.assignment.cut.Subject$StringAlgorithms: java.lang.Boolean strToBoolean(java.lang.String)>	if $stack8 != 3 goto $stack9 = virtualinvoke l0.<java.lang.String: int length()>()	0.0000000000	670	98	0	13	21	
<comp5111.assignment.cut.Subject$StringAlgorithms: java.lang.Boolean strToBoolean(java.lang.String)>	if $stack9 != 4 goto $stack10 = virtualinvoke l0.<java.lang.String: int length()>()	0.0000000000	670	98	0	7	21	
<comp5111.assignment.cut.Subject$StringAlgorithms: java.lang.Boolean strToBoolean(java.lang.String)>	if l0 != null goto $stack6 = virtualinvoke l0.<java.lang.String: int length()>()	0.0000000000	670	95	0	14	21	
<comp5111.assignment.cut.Subject$StringAlgorithms: java.lang.Boolean strToBoolean(java.lang.String)>	if l1 != 70 goto (branch)	0.0000000000	670	103	0	1	21	
<comp5111.assignment.cut.Subject$StringAlgorithms: java.lang.Boolean strToBoolean(java.lang.String)>	if l1 != 70 goto return null	0.0000000000	670	139	0	0	21	
<comp5111.assignment.cut.Subject$StringAlgorithms: java.lang.Boolean strToBoolean(java.lang.String)>	if l1 != 78 goto (branch)	0.0000000000	670	109	0	0	21	
<comp5111.assignment.cut.Subject$StringAlgorithms: java.lang.Boolean strToBoolean(java.lang.String)>	if l1 != 79 goto (branch)	0.0000000000	670	112	0	0	21	
<comp5111.assignment.cut.Subject$StringAlgorithms: java.lang.Boolean strToBoolean(java.lang.String)>	if l1 != 79 goto (branch)	0.0000000000	670	119	0	6	21	
<comp5111.assignment.cut.Subject$StringAlgorithms: java.lang.Boolean strToBoolean(java.lang.String)>	if l1 != 84 goto (branch)	0.0000000000	670	100	0	1	21	
<comp5111.assignment.cut.Subject$StringAlgorithms: java.lang.Boolean strToBoolean(java.lang.String)>	if l1 != 84 goto (branch)	0.0000000000	670	130	0	1	21	
<comp5111.assignment.cut.Subject$StringAlgorithms: java.lang.Boolean strToBoolean(java.lang.String)>	if l1 != 89 goto (branch)	0.0000000000	670	122	0	6	21	
<comp5111.assignment.cut.Subject$StringAlgorithms: java.lang.Boolean strToBoolean(java.lang.String)>	if l1 == 102 goto $stack64 = <java.lang.Boolean: java.lang.Boolean FALSE>	0.0000000000	670	103	0	1	21	
<comp5111.assignment.cut.Subject$StringAlgorithms: java.lang.Boolean strToBoolean(java.lang.String)>	if l1 == 102 goto (branch)	0.0000000000	670	139	0	0	21	
<comp5111.assignment.cut.Subject$StringAlgorithms: java.lang.Boolean strToBoolean(java.lang.String)>	if l1 == 110 goto $stack64 = <java.lang.Boolean: java.lang.Boolean FALSE>	0.0000000000	670	103	0	1	21	
<comp5111.assignment.cut.Subject$StringAlgorithms: java.lang.Boolean strToBoolean(java.lang.String)>	if l1 == 110 goto (branch)	0.0000000000	670	109	0	0	21	
<comp5111.assignment.cut.Subject$StringAlgorithms: java.lang.Boolean strToBoolean(java.lang.String)>	if l1 == 111 goto (branch)	0.0000000000	670	112	0	0	21	
<comp5111.assignment.cut.Subject$StringAlgorithms: java.lang.Boolean strToBoolean(java.lang.String)>	if l1 == 111 goto (branch)	0.0000000000	670	119	0	6	21	
<comp5111.assignment.cut.Subject$StringAlgorithms: java.lang.Boolean strToBoolean(java.lang.String)>	if l1 == 116 goto $stack63 = <java.lang.Boolean: java.lang.Boolean TRUE>	0.0000000000	670	100	0	1	21	
<comp5111.assignment.cut.Subject$StringAlgorithms: java.lang.Boolean strToBoolean(java.lang.String)>	if l1 == 116 goto (branch)	0.0000000000	670	130	0	1	21	
<comp5111.assignment.cut.Subject$StringAlgorithms: java.lang.Boolean strToBoolean(java.lang.String)>	if l1 == 121 goto $stack63 = <java.lang.Boolean: java.lang.Boolean TRUE>	0.0000000000	670	100	0	1	21	
<comp5111.assignment.cut.Subject$StringAlgorithms: java.lang.Boolean strToBoolean(java.lang.String)>	if l1 == 121 goto (branch)	0.0000000000	670	122	0	6	21	
<comp5111.assignment.cut.Subject$StringAlgorithms: java.lang.Boolean strToBoolean(java.lang.String)>	if l1 == 78 goto $stack64 = <java.lang.Boolean: java.lang.Boolean FALSE>	0.0000000000	670	103	0	1	21	
<comp5111.assignment.cut.Subject$StringAlgorithms: java.lang.Boolean strToBoolean(java.lang.String)>	if l1 == 89 goto $stack63 = <java.lang.Boolean: java.lang.Boolean TRUE>	0.0000000000	670	100	0	1	21	
<comp5111.assignment.cut.Subject$StringAlgorithms: java.lang.Boolean strToBoolean(java.lang.String)>	if l2 != 65 goto return null	0.0000000000	670	139	0	0	21	
<comp5111.assignment.cut.Subject$StringAlgorithms: java.lang.Boolean strToBoolean(java.lang.String)>	if l2 != 69 goto (branch)	0.0000000000	670	122	0	0	21	
<comp5111.assignment.cut.Subject$StringAlgorithms: java.lang.Boolean strToBoolean(java.lang.String)>	if l2 != 70 goto (branch)	0.0000000000	670	119	0	0	21	
<comp5111.assignment.cut.Subject$StringAlgorithms: java.lang.Boolean strToBoolean(java.lang.String)>	if l2 != 78 goto (branch)	0.0000000000	670	112	0	0	21	
<comp5111.assignment.cut.Subject$StringAlgorithms: java.lang.Boolean strToBoolean(java.lang.String)>	if l2 != 79 goto (branch)	0.0000000000	670	109	0	0	21	
<comp5111.assignment.cut.Subject$StringAlgorithms: java.lang.Boolean strToBoolean(java.lang.String)>	if l2 != 82 goto (branch)	0.0000000000	670	130	0	0	21	
<comp5111.assignment.cut.Subject$StringAlgorithms: java.lang.Boolean strToBoolean(java.lang.String)>	if l2 == 101 goto (branch)	0.0000000000	670	122	0	0	21	
<comp5111.assignment.cut.Subject$StringAlgorithms: java.lang.Boolean strToBoolean(java.lang.String)>	if l2 == 102 goto (branch)	0.0000000000	670	119	0	0	21	
<comp5111.assignment.cut.Subject$StringAlgorithms: java.lang.Boolean strToBoolean(java.lang.String)>	if l2 == 110 goto $stack55 = <java.lang.Boolean: java.lang.Boolean TRUE>	0.0000000000	670	112	0	0	21	
<comp5111.assignment.cut.Subject$StringAlgorithms: java.lang.Boolean strToBoolean(java.lang.String)>	if l2 == 111 goto $stack54 = <java.lang.Boolean: java.lang.Boolean FALSE>	0.0000000000	670	109	0	0	21	
<comp5111.assignment.cut.Subject$StringAlgorithms: java.lang.Boolean strToBoolean(java.lang.String)>	if l2 == 114 goto (branch)	0.0000000000	670	130	0	0	21	
<comp5111.assignment.cut.Subject$StringAlgorithms: java.lang.Boolean strToBoolean(java.lang.String)>	if l2 == 97 goto (branch)	0.0000000000	670	139	0	0	21	
<comp5111.assignment.cut.Subject$StringAlgorithms: java.lang.Boolean strToBoolean(java.lang.String)>	if l3 != 70 goto (branch)	0.0000000000	670	119	0	0	21	
<comp5111.assignment.cut.Subject$StringAlgorithms: java.lang.Boolean strToBoolean(java.lang.String)>	if l3 != 76 goto return null	0.0000000000	670	139	0	0	21	
<comp5111.assignment.cut.Subject$StringAlgorithms: java.lang.Boolean strToBoolean(java.lang.String)>	if l3 != 83 goto (branch)	0.0000000000	670	122	0	0	21	
<comp5111.assignment.cut.Subject$StringAlgorithms: java.lang.Boolean strToBoolean(java.lang.String)>	if l3 != 85 goto (branch)	0.0000000000	670	130	0	0	21	
<comp5111.assignment.cut.Subject$StringAlgorithms: java.lang.Boolean strToBoolean(java.lang.String)>	if l3 == 102 goto $stack40 = <java.lang.Boolean: java.lang.Boolean FALSE>	0.0000000000	670	119	0	0	21	
<comp5111.assignment.cut.Subject$StringAlgorithms: java.lang.Boolean strToBoolean(java.lang.String)>	if l3 == 108 goto (branch)	0.0000000000	670	139	0	0	21	
<comp5111.assignment.cut.Subject$StringAlgorithms: java.lang.Boolean strToBoolean(java.lang.String)>	if l3 == 115 goto $stack41 = <java.lang.Boolean: java.lang.Boolean TRUE>	0.0000000000	670	122	0	0	21	
<comp5111.assignment.cut.Subject$StringAlgorithms: java.lang.Boolean strToBoolean(java.lang.String)>	if l3 == 117 goto (branch)	0.0000000000	670	130	0	0	21	
<comp5111.assignment.cut.Subject$StringAlgorithms: java.lang.Boolean strToBoolean(java.lang.String)>	if l4 != 69 goto (branch)	0.0000000000	670	130	0	0	21	
<comp5111.assignment.cut.Subject$StringAlgorithms: java.lang.Boolean strToBoolean(java.lang.String)>	if l4 != 83 goto return null	0.0000000000	670	139	0	0	21	
<comp5111.assignment.cut.Subject$StringAlgorithms: java.lang.Boolean strToBoolean(java.lang.String)>	if l4 == 101 goto $stack30 = <java.lang.Boolean: java.lang.Boolean TRUE>	0.0000000000	670	130	0	0	21	
<comp5111.assignment.cut.Subject$StringAlgorithms: java.lang.Boolean strToBoolean(java.lang.String)>	if l4 == 115 goto (branch)	0.0000000000	670	139	0	0	21	
<comp5111.assignment.cut.Subject$StringAlgorithms: java.lang.Boolean strToBoolean(java.lang.String)>	if l5 != 69 goto return null	0.0000000000	670	139	0	0	21	
<comp5111.assignment.cut.Subject$StringAlgorithms: java.lang.Boolean strToBoolean(java.lang.String)>	if l5 == 101 goto $stack16 = <java.lang.Boolean: java.lang.Boolean FALSE>	0.0000000000	670	139	0	0	21	
<comp5111.assignment.cut.Subject$StringAlgorithms: java.lang.Boolean strToBoolean(java.lang.String)>	l1 = virtualinvoke l0.<java.lang.String: char charAt(int)>(0)	0.0000000000	670	99	0	1	21	
<comp5111.assignment.cut.Subject$StringAlgorithms: java.lang.Boolean strToBoolean(java.lang.String)>	l1 = virtualinvoke l0.<java.lang.String: char charAt(int)>(0)	0.0000000000	670	107	0	0	21	
<comp5111.assignment.cut.Subject$StringAlgorithms: java.lang.Boolean strToBoolean(java.lang.String)>	l1 = virtualinvoke l0.<java.lang.String: char charAt(int)>(0)	0.0000000000	670	116	0	6	21	
<comp5111.assignment.cut.Subject$StringAlgorithms: java.lang.Boolean strToBoolean(java.lang.String)>	l1 = virtualinvoke l0.<java.lang.String: char charAt(int)>(0)	0.0000000000	670	126	0	1	21	
<comp5111.assignment.cut.Subject$StringAlgorithms: java.lang.Boolean strToBoolean(java.lang.String)>	l1 = virtualinvoke l0.<java.lang.String: char charAt(int)>(0)	0.0000000000	670	134	0	0	21	
<comp5111.assignment.cut.Subject$StringAlgorithms: java.lang.Boolean strToBoolean(java.lang.String)>	l2 = virtualinvoke l0.<java.lang.String: char charAt(int)>(1)	0.0000000000	670	108	0	0	21	
<comp5111.assignment.cut.Subject$StringAlgorithms: java.lang.Boolean strToBoolean(java.lang.String)>	l2 = virtualinvoke l0.<java.lang.String: char charAt(int)>(1)	0.0000000000	670	117	0	6	21	
<comp5111.assignment.cut.Subject$StringAlgorithms: java.lang.Boolean strToBoolean(java.lang.String)>	l2 = virtualinvoke l0.<java.lang.String: char charAt(int)>(1)	0.0000000000	670	127	0	1	21	
<comp5111.assignment.cut.Subject$StringAlgorithms: java.lang.Boolean strToBoolean(java.lang.String)>	l2 = virtualinvoke l0.<java.lang.String: char charAt(int)>(1)	0.0000000000	670	135	0	0	21	
<comp5111.assignment.cut.Subject$StringAlgorithms: java.lang.Boolean strToBoolean(java.lang.String)>	l3 = virtualinvoke l0.<java.lang.String: char charAt(int)>(2)	0.0000000000	670	118	0	6	21	
<comp5111.assignment.cut.Subject$StringAlgorithms: java.lang.Boolean strToBoolean(java.lang.String)>	l3 = virtualinvoke l0.<java.lang.String: char charAt(int)>(2)	0.0000000000	670	128	0	1	21	
<comp5111.assignment.cut.Subject$StringAlgorithms: java.lang.Boolean strToBoolean(java.lang.String)>	l3 = virtualinvoke l0.<java.lang.String: char charAt(int)>(2)	0.0000000000	670	136	0	0	21	
<comp5111.assignment.cut.Subject$StringAlgorithms: java.lang.Boolean strToBoolean(java.lang.String)>	l4 = virtualinvoke l0.<java.lang.String: char charAt(int)>(3)	0.0000000000	670	129	0	1	21	
<comp5111.assignment.cut.Subject$StringAlgorithms: java.lang.Boolean strToBoolean(java.lang.String)>	l4 = virtualinvoke l0.<java.lang.String: char charAt(int)>(3)	0.0000000000	670	137	0	0	21	
<comp5111.assignment.cut.Subject$StringAlgorithms: java.lang.Boolean strToBoolean(java.lang.String)>	l5 = virtualinvoke l0.<java.lang.String: char charAt(int)>(4)	0.0000000000	670	138	0	0	21	
<comp5111.assignment.cut.Subject$StringAlgorithms: java.lang.Boolean strToBoolean(java.lang.String)>	return $stack16	0.0000000000	670	140	0	0	21	
<comp5111.assignment.cut.Subject$StringAlgorithms: java.lang.Boolean strToBoolean(java.lang.String)>	return $stack30	0.0000000000	670	131	0	0	21	
<comp5111.assignment.cut.Subject$StringAlgorithms: java.lang.Boolean strToBoolean(java.lang.String)>	return $stack40	0.0000000000	670	120	0	0	21	
<comp5111.assignment.cut.Subject$StringAlgorithms: java.lang.Boolean strToBoolean(java.lang.String)>	return $stack41	0.0000000000	670	123	0	0	21	
<comp5111.assignment.cut.Subject$StringAlgorithms: java.lang.Boolean strToBoolean(java.lang.String)>	return $stack54	0.0000000000	670	110	0	0	21	
<comp5111.assignment.cut.Subject$StringAlgorithms: java.lang.Boolean strToBoolean(java.lang.String)>	return $stack55	0.0000000000	670	113	0	0	21	
<comp5111.assignment.cut.Subject$StringAlgorithms: java.lang.Boolean strToBoolean(java.lang.String)>	return $stack63	0.0000000000	670	101	0	0	21	
<comp5111.assignment.cut.Subject$StringAlgorithms: java.lang.Boolean strToBoolean(java.lang.String)>	return $stack64	0.0000000000	670	104	0	0	21	
<comp5111.assignment.cut.Subject$StringAlgorithms: java.lang.Boolean strToBoolean(java.lang.String)>	return null	0.0000000000	670	96	0	0	21	
<comp5111.assignment.cut.Subject$StringAlgorithms: java.lang.Boolean strToBoolean(java.lang.String)>	return null	0.0000000000	670	143	0	14	21	
<comp5111.assignment.cut.Subject$StringAlgorithms: java.lang.Boolean strToBoolean(java.lang.String,java.lang.String,java.lang.String,java.lang.String)>	$stack12 = <java.lang.Boolean: java.lang.Boolean FALSE>	0.0000000000	670	163	0	0	21	
<comp5111.assignment.cut.Subject$StringAlgorithms: java.lang.Boolean strToBoolean(java.lang.String,java.lang.String,java.lang.String,java.lang.String)>	$stack13 = <java.lang.Boolean: java.lang.Boolean TRUE>	0.0000000000	670	162	0	0	21	
<comp5111.assignment.cut.Subject$StringAlgorithms: java.lang.Boolean strToBoolean(java.lang.String,java.lang.String,java.lang.String,java.lang.String)>	$stack4 = virtualinvoke l0.<java.lang.String: boolean equals(java.lang.Object)>(l1)	0.0000000000	670	165	0	21	21	
<comp5111.assignment.cut.Subject$StringAlgorithms: java.lang.Boolean strToBoolean(java.lang.String,java.lang.String,java.lang.String,java.lang.String)>	$stack5 = virtualinvoke l0.<java.lang.String: boolean equals(java.lang.Object)>(l2)	0.0000000000	670	166	0	17	21	
<comp5111.assignment.cut.Subject$StringAlgorithms: java.lang.Boolean strToBoolean(java.lang.String,java.lang.String,java.lang.String,java.lang.String)>	$stack6 = virtualinvoke l0.<java.lang.String: boolean equals(java.lang.Object)>(l3)	0.0000000000	670	167	0	16	21	
<comp5111.assignment.cut.Subject$StringAlgorithms: java.lang.Boolean strToBoolean(java.lang.String,java.lang.String,java.lang.String,java.lang.String)>	$stack7 = new java.lang.IllegalArgumentException	0.0000000000	670	168	0	16	21	
<comp5111.assignment.cut.Subject$StringAlgorithms: java.lang.Boolean strToBoolean(java.lang.String,java.lang.String,java.lang.String,java.lang.String)>	$stack8 = <java.lang.Boolean: java.lang.Boolean FALSE>	0.0000000000	670	166	0	1	21	
<comp5111.assignment.cut.Subject$StringAlgorithms: java.lang.Boolean strToBoolean(java.lang.String,java.lang.String,java.lang.String,java.lang.String)>	$stack9 = <java.lang.Boolean: java.lang.Boolean TRUE>	0.0000000000	670	165	0	4	21	
<comp5111.assignment.cut.Subject$StringAlgorithms: java.lang.Boolean strToBoolean(java.lang.String,java.lang.String,java.lang.String,java.lang.String)>	if $stack4 == 0 goto $stack5 = virtualinvoke l0.<java.lang.String: boolean equals(java.lang.Object)>(l2)	0.0000000000	670	165	0	21	21	
<comp5111.assignment.cut.Subject$StringAlgorithms: java.lang.Boolean strToBoolean(java.lang.String,java.lang.String,java.lang.String,java.lang.String)>	if $stack5 == 0 goto $stack6 = virtualinvoke l0.<java.lang.String: boolean equals(java.lang.Object)>(l3)	0.0000000000	670	166	0	17	21	
<comp5111.assignment.cut.Subject$StringAlgorithms: java.lang.Boolean strToBoolean(java.lang.String,java.lang.String,java.lang.String,java.lang.String)>	if $stack6 == 0 goto $stack7 = new java.lang.IllegalArgumentException	0.0000000000	670	167	0	16	21	
<comp5111.assignment.cut.Subject$StringAlgorithms: java.lang.Boolean strToBoolean(java.lang.String,java.lang.String,java.lang.String,java.lang.String)>	if l0 != null goto $stack4 = virtualinvoke l0.<java.lang.String: boolean equals(java.lang.Object)>(l1)	0.0000000000	670	160	0	21	21	
<comp5111.assignment.cut.Subject$StringAlgorithms: java.lang.Boolean strToBoolean(java.lang.String,java.lang.String,java.lang.String,java.lang.String)>	if l1 != null goto (branch)	0.0000000000	670	162	0	0	21	
<comp5111.assignment.cut.Subject$StringAlgorithms: java.lang.Boolean strToBoolean(java.lang.String,java.lang.String,java.lang.String,java.lang.String)>	if l2 != null goto $stack4 = virtualinvoke l0.<java.lang.String: boolean equals(java.lang.Object)>(l1)	0.0000000000	670	163	0	0	21	
<comp5111.assignment.cut.Subject$StringAlgorithms: java.lang.Boolean strToBoolean(java.lang.String,java.lang.String,java.lang.String,java.lang.String)>	if l3 != null goto (branch)	0.0000000000	670	161	0	0	21	
<comp5111.assignment.cut.Subject$StringAlgorithms: java.lang.Boolean strToBoolean(java.lang.String,java.lang.String,java.lang.String,java.lang.String)>	return $stack12	0.0000000000	670	163	0	0	21	
<comp5111.assignment.cut.Subject$StringAlgorithms: java.lang.Boolean strToBoolean(java.lang.String,java.lang.String,java.lang.String,java.lang.String)>	return $stack13	0.0000000000	670	162	0	0	21	
<comp5111.assignment.cut.Subject$StringAlgorithms: java.lang.Boolean strToBoolean(java.lang.String,java.lang.String,java.lang.String,java.lang.String)>	return $stack8	0.0000000000	670	166	0	1	21	
<comp5111.assignment.cut.Subject$StringAlgorithms: java.lang.Boolean strToBoolean(java.lang.String,java.lang.String,java.lang.String,java.lang.String)>	return $stack9	0.0000000000	670	165	0	4	21	
<comp5111.assignment.cut.Subject$StringAlgorithms: java.lang.Boolean strToBoolean(java.lang.String,java.lang.String,java.lang.String,java.lang.String)>	return null	0.0000000000	670	161	0	0	21	
<comp5111.assignment.cut.Subject$StringAlgorithms: java.lang.Boolean strToBoolean(java.lang.String,java.lang.String,java.lang.String,java.lang.String)>	return null	0.0000000000	670	167	0	0	21	
<comp5111.assignment.cut.Subject$StringAlgorithms: java.lang.Boolean strToBoolean(java.lang.String,java.lang.String,java.lang.String,java.lang.String)>	specialinvoke $stack7.<java.lang.IllegalArgumentException: void <init>()>()	0.0000000000	670	168	0	16	21	
<comp5111.assignment.cut.Subject$StringAlgorithms: java.lang.Boolean strToBoolean(java.lang.String,java.lang.String,java.lang.String,java.lang.String)>	throw $stack7	0.0000000000	670	168	0	16	21	
<comp5111.assignment.cut.Subject$StringAlgorithms: java.lang.Number parseNumber(java.lang.String)>	$stack10 = virtualinvoke l0.<java.lang.String: int length()>()	0.0000000000	670	253	0	9	21	
<comp5111.assignment.cut.Subject$StringAlgorithms: java.lang.Number parseNumber(java.lang.String)>	$stack100 = l4 + 1	0.0000000000	670	273	0	0	21	
<comp5111.assignment.cut.Subject$StringAlgorithms: java.lang.Number parseNumber(java.lang.String)>	$stack103 = l4 + 1	0.0000000000	670	272	0	0	21	
<comp5111.assignment.cut.Subject$StringAlgorithms: java.lang.Number parseNumber(java.lang.String)>	$stack105 = new java.lang.NumberFormatException	0.0000000000	670	270	0	0	21	
<comp5111.assignment.cut.Subject$StringAlgorithms: java.lang.Number parseNumber(java.lang.String)>	$stack107 = virtualinvoke l0.<java.lang.String: char charAt(int)>(0)	0.0000000000	670	253	0	0	21	
<comp5111.assignment.cut.Subject$StringAlgorithms: java.lang.Number parseNumber(java.lang.String)>	$stack108 = staticinvoke <java.lang.Character: boolean isDigit(char)>($stack107)	0.0000000000	670	253	0	0	21	
<comp5111.assignment.cut.Subject$StringAlgorithms: java.lang.Number parseNumber(java.lang.String)>	$stack11 = virtualinvoke l0.<java.lang.String: boolean startsWith(java.lang.String)>("--")	0.0000000000	670	256	0	9	21	
<comp5111.assignment.cut.Subject$StringAlgorithms: java.lang.Number parseNumber(java.lang.String)>	$stack12 = virtualinvoke l0.<java.lang.String: boolean startsWith(java.lang.String)>("0x")	0.0000000000	670	259	0	9	21	
<comp5111.assignment.cut.Subject$StringAlgorithms: java.lang.Number parseNumber(java.lang.String)>	$stack13 = staticinvoke <java.lang.Integer: java.lang.Integer decode(java.lang.String)>(l0)	0.0000000000	670	260	0	0	21	
<comp5111.assignment.cut.Subject$StringAlgorithms: java.lang.Number parseNumber(java.lang.String)>	$stack14 = virtualinvoke l0.<java.lang.String: boolean startsWith(java.lang.String)>("-0x")	0.0000000000	670	259	0	9	21	
<comp5111.assignment.cut.Subject$StringAlgorithms: java.lang.Number parseNumber(java.lang.String)>	$stack15 = virtualinvoke l0.<java.lang.String: int length()>()	0.0000000000	670	262	0	9	21	
<comp5111.assignment.cut.Subject$StringAlgorithms: java.lang.Number parseNumber(java.lang.String)>	$stack16 = $stack15 - 1	0.0000000000	670	262	0	9	21	
<comp5111.assignment.cut.Subject$StringAlgorithms: java.lang.Number parseNumber(java.lang.String)>	$stack19 = virtualinvoke l0.<java.lang.String: int indexOf(int)>(101)	0.0000000000	670	266	0	9	21	
<comp5111.assignment.cut.Subject$StringAlgorithms: java.lang.Number parseNumber(java.lang.String)>	$stack20 = virtualinvoke l0.<java.lang.String: int indexOf(int)>(69)	0.0000000000	670	266	0	9	21	
<comp5111.assignment.cut.Subject$StringAlgorithms: java.lang.Number parseNumber(java.lang.String)>	$stack21 = $stack19 + $stack20	0.0000000000	670	266	0	9	21	
<comp5111.assignment.cut.Subject$StringAlgorithms: java.lang.Number parseNumber(java.lang.String)>	$stack22 = staticinvoke <java.lang.Character: boolean isDigit(char)>(l1)	0.0000000000	670	275	0	9	21	
<comp5111.assignment.cut.Subject$StringAlgorithms: java.lang.Number parseNumber(java.lang.String)>	$stack23 = new java.math.BigDecimal	0.0000000000	670	316	0	0	21	
<comp5111.assignment.cut.Subject$StringAlgorithms: java.lang.Number parseNumber(java.lang.String)>	$stack24 = virtualinvoke l6#39.<java.math.BigDecimal: float floatValue()>()	0.0000000000	670	317	0	0	21	
<comp5111.assignment.cut.Subject$StringAlgorithms: java.lang.Number parseNumber(java.lang.String)>	$stack25 = (double) $stack24	0.0000000000	670	317	0	0	21	
<comp5111.assignment.cut.Subject$StringAlgorithms: java.lang.Number parseNumber(java.lang.String)>	$stack26 = staticinvoke <java.math.BigDecimal: java.math.BigDecimal valueOf(double)>($stack25)	0.0000000000	670	317	0	0	21	
<comp5111.assignment.cut.Subject$StringAlgorithms: java.lang.Number parseNumber(java.lang.String)>	$stack27 = virtualinvoke l6#39.<java.math.BigDecimal: double doubleValue()>()	0.0000000000	670	319	0	0	21	
<comp5111.assignment.cut.Subject$StringAlgorithms: java.lang.Number parseNumber(java.lang.String)>	$stack28 = staticinvoke <java.math.BigDecimal: java.math.BigDecimal valueOf(double)>($stack27)	0.0000000000	670	319	0	0	21	
<comp5111.assignment.cut.Subject$StringAlgorithms: java.lang.Number parseNumber(java.lang.String)>	$stack29 = virtualinvoke l6#39.<java.math.BigDecimal: double doubleValue()>()	0.0000000000	670	320	0	0	21	
<comp5111.assignment.cut.Subject$StringAlgorithms: java.lang.Number parseNumber(java.lang.String)>	$stack30 = staticinvoke <java.lang.Double: java.lang.Double valueOf(double)>($stack29)	0.0000000000	670	320	0	0	21	
<comp5111.assignment.cut.Subject$StringAlgorithms: java.lang.Number parseNumber(java.lang.String)>	$stack31 = virtualinvoke l6#39.<java.math.BigDecimal: float floatValue()>()	0.0000000000	670	318	0	0	21	
<comp5111.assignment.cut.Subject$StringAlgorithms: java.lang.Number parseNumber(java.lang.String)>	$stack32 = staticinvoke <java.lang.Float: java.lang.Float valueOf(float)>($stack31)	0.0000000000	670	318	0	0	21	
<comp5111.assignment.cut.Subject$StringAlgorithms: java.lang.Number parseNumber(java.lang.String)>	$stack36 = new java.math.BigInteger	0.0000000000	670	308	0	4	21	
<comp5111.assignment.cut.Subject$StringAlgorithms: java.lang.Number parseNumber(java.lang.String)>	$stack37 = virtualinvoke l6#38.<java.math.BigInteger: int intValue()>()	0.0000000000	670	309	0	1	21	
<comp5111.assignment.cut.Subject$StringAlgorithms: java.lang.Number parseNumber(java.lang.String)>	$stack38 = (long) $stack37	0.0000000000	670	309	0	1	21	
<comp5111.assignment.cut.Subject$StringAlgorithms: java.lang.Number parseNumber(java.lang.String)>	$stack39 = staticinvoke <java.math.BigInteger: java.math.BigInteger valueOf(long)>($stack38)	0.0000000000	670	309	0	1	21	
<comp5111.assignment.cut.Subject$StringAlgorithms: java.lang.Number parseNumber(java.lang.String)>	$stack40 = virtualinvoke l6#38.<java.math.BigInteger: long longValue()>()	0.0000000000	670	311	0	1	21	
<comp5111.assignment.cut.Subject$StringAlgorithms: java.lang.Number parseNumber(java.lang.String)>	$stack41 = staticinvoke <java.math.BigInteger: java.math.BigInteger valueOf(long)>($stack40)	0.0000000000	670	311	0	1	21	
<comp5111.assignment.cut.Subject$StringAlgorithms: java.lang.Number parseNumber(java.lang.String)>	$stack42 = virtualinvoke l6#38.<java.math.BigInteger: long longValue()>()	0.0000000000	670	312	0	0	21	
<comp5111.assignment.cut.Subject$StringAlgorithms: java.lang.Number parseNumber(java.lang.String)>	$stack43 = staticinvoke <java.lang.Long: java.lang.Long valueOf(long)>($stack42)	0.0000000000	670	312	0	0	21	
<comp5111.assignment.cut.Subject$StringAlgorithms: java.lang.Number parseNumber(java.lang.String)>	$stack44 = virtualinvoke l6#38.<java.math.BigInteger: int intValue()>()	0.0000000000	670	310	0	0	21	
<comp5111.assignment.cut.Subject$StringAlgorithms: java.lang.Number parseNumber(java.lang.String)>	$stack45 = staticinvoke <java.lang.Integer: java.lang.Integer valueOf(int)>($stack44)	0.0000000000	670	310	0	0	21	
<comp5111.assignment.cut.Subject$StringAlgorithms: java.lang.Number parseNumber(java.lang.String)>	$stack46 = virtualinvoke l0.<java.lang.String: int length()>()	0.0000000000	670	302	0	0	21	
<comp5111.assignment.cut.Subject$StringAlgorithms: java.lang.Number parseNumber(java.lang.String)>	$stack47 = $stack46 - 1	0.0000000000	670	302	0	0	21	
<comp5111.assignment.cut.Subject$StringAlgorithms: java.lang.Number parseNumber(java.lang.String)>	$stack50 = l5 + 1	0.0000000000	670	303	0	0	21	
<comp5111.assignment.cut.Subject$StringAlgorithms: java.lang.Number parseNumber(java.lang.String)>	$stack53 = virtualinvoke l0.<java.lang.String: int length()>()	0.0000000000	670	279	0	5	21	
<comp5111.assignment.cut.Subject$StringAlgorithms: java.lang.Number parseNumber(java.lang.String)>	$stack54 = $stack53 - 1	0.0000000000	670	279	0	5	21	
<comp5111.assignment.cut.Subject$StringAlgorithms: java.lang.Number parseNumber(java.lang.String)>	$stack56 = new java.lang.NumberFormatException	0.0000000000	670	290	0	0	21	
<comp5111.assignment.cut.Subject$StringAlgorithms: java.lang.Number parseNumber(java.lang.String)>	$stack58 = virtualinvoke l6.<java.lang.String: char charAt(int)>(0)	0.0000000000	670	282	0	0	21	
<comp5111.assignment.cut.Subject$StringAlgorithms: java.lang.Number parseNumber(java.lang.String)>	$stack59 = staticinvoke <comp5111.assignment.cut.Subject$StringAlgorithms: boolean isDigits(java.lang.String)>(l6)	0.0000000000	670	282	0	0	21	
<comp5111.assignment.cut.Subject$StringAlgorithms: java.lang.Number parseNumber(java.lang.String)>	$stack60 = new java.math.BigInteger	0.0000000000	670	283	0	0	21	
<comp5111.assignment.cut.Subject$StringAlgorithms: java.lang.Number parseNumber(java.lang.String)>	$stack61 = virtualinvoke l7.<java.math.BigInteger: int intValue()>()	0.0000000000	670	284	0	0	21	
<comp5111.assignment.cut.Subject$StringAlgorithms: java.lang.Number parseNumber(java.lang.String)>	$stack62 = (long) $stack61	0.0000000000	670	284	0	0	21	
<comp5111.assignment.cut.Subject$StringAlgorithms: java.lang.Number parseNumber(java.lang.String)>	$stack63 = staticinvoke <java.math.BigInteger: java.math.BigInteger valueOf(long)>($stack62)	0.0000000000	670	284	0	0	21	
<comp5111.assignment.cut.Subject$StringAlgorithms: java.lang.Number parseNumber(java.lang.String)>	$stack64 = virtualinvoke l7.<java.math.BigInteger: long longValue()>()	0.0000000000	670	286	0	0	21	
<comp5111.assignment.cut.Subject$StringAlgorithms: java.lang.Number parseNumber(java.lang.String)>	$stack65 = staticinvoke <java.math.BigInteger: java.math.BigInteger valueOf(long)>($stack64)	0.0000000000	670	286	0	0	21	
<comp5111.assignment.cut.Subject$StringAlgorithms: java.lang.Number parseNumber(java.lang.String)>	$stack66 = virtualinvoke l7.<java.math.BigInteger: long longValue()>()	0.0000000000	670	287	0	0	21	
<comp5111.assignment.cut.Subject$StringAlgorithms: java.lang.Number parseNumber(java.lang.String)>	$stack67 = staticinvoke <java.lang.Long: java.lang.Long valueOf(long)>($stack66)	0.0000000000	670	287	0	0	21	
<comp5111.assignment.cut.Subject$StringAlgorithms: java.lang.Number parseNumber(java.lang.String)>	$stack68 = virtualinvoke l7.<java.math.BigInteger: int intValue()>()	0.0000000000	670	285	0	0	21	
<comp5111.assignment.cut.Subject$StringAlgorithms: java.lang.Number parseNumber(java.lang.String)>	$stack69 = staticinvoke <java.lang.Integer: java.lang.Integer valueOf(int)>($stack68)	0.0000000000	670	285	0	0	21	
<comp5111.assignment.cut.Subject$StringAlgorithms: java.lang.Number parseNumber(java.lang.String)>	$stack70 = virtualinvoke l6.<java.lang.String: java.lang.String substring(int)>(1)	0.0000000000	670	282	0	0	21	
<comp5111.assignment.cut.Subject$StringAlgorithms: java.lang.Number parseNumber(java.lang.String)>	$stack71 = staticinvoke <comp5111.assignment.cut.Subject$StringAlgorithms: boolean isDigits(java.lang.String)>($stack70)	0.0000000000	670	282	0	0	21	
<comp5111.assignment.cut.Subject$StringAlgorithms: java.lang.Number parseNumber(java.lang.String)>	$stack76 = staticinvoke <java.lang.Float: java.lang.Float valueOf(java.lang.String)>(l6)	0.0000000000	670	292	0	0	21	
<comp5111.assignment.cut.Subject$StringAlgorithms: java.lang.Number parseNumber(java.lang.String)>	$stack77 = new java.math.BigDecimal	0.0000000000	670	294	0	0	21	
<comp5111.assignment.cut.Subject$StringAlgorithms: java.lang.Number parseNumber(java.lang.String)>	$stack78 = virtualinvoke l7#34.<java.math.BigDecimal: double doubleValue()>()	0.0000000000	670	295	0	0	21	
<comp5111.assignment.cut.Subject$StringAlgorithms: java.lang.Number parseNumber(java.lang.String)>	$stack79 = staticinvoke <java.math.BigDecimal: java.math.BigDecimal valueOf(double)>($stack78)	0.0000000000	670	295	0	0	21	
<comp5111.assignment.cut.Subject$StringAlgorithms: java.lang.Number parseNumber(java.lang.String)>	$stack8 = virtualinvoke l0.<java.lang.String: int length()>()	0.0000000000	670	253	0	10	21	
<comp5111.assignment.cut.Subject$StringAlgorithms: java.lang.Number parseNumber(java.lang.String)>	$stack80 = virtualinvoke l7#34.<java.math.BigDecimal: double doubleValue()>()	0.0000000000	670	296	0	0	21	
<comp5111.assignment.cut.Subject$StringAlgorithms: java.lang.Number parseNumber(java.lang.String)>	$stack81 = staticinvoke <java.lang.Double: java.lang.Double valueOf(double)>($stack80)	0.0000000000	670	296	0	0	21	
<comp5111.assignment.cut.Subject$StringAlgorithms: java.lang.Number parseNumber(java.lang.String)>	$stack82 = new java.lang.NumberFormatException	0.0000000000	670	299	0	5	21	
<comp5111.assignment.cut.Subject$StringAlgorithms: java.lang.Number parseNumber(java.lang.String)>	$stack88 = virtualinvoke l0.<java.lang.String: int length()>()	0.0000000000	670	276	0	0	21	
<comp5111.assignment.cut.Subject$StringAlgorithms: java.lang.Number parseNumber(java.lang.String)>	$stack89 = $stack88 - 1	0.0000000000	670	276	0	0	21	
<comp5111.assignment.cut.Subject$StringAlgorithms: java.lang.Number parseNumber(java.lang.String)>	$stack96 = l5 + 1	0.0000000000	670	277	0	0	21	
<comp5111.assignment.cut.Subject$StringAlgorithms: java.lang.Number parseNumber(java.lang.String)>	$stack97 = virtualinvoke l0.<java.lang.String: int length()>()	0.0000000000	670	277	0	0	21	
<comp5111.assignment.cut.Subject$StringAlgorithms: java.lang.Number parseNumber(java.lang.String)>	$stack98 = $stack97 - 1	0.0000000000	670	277	0	0	21	
<comp5111.assignment.cut.Subject$StringAlgorithms: java.lang.Number parseNumber(java.lang.String)>	goto [?= $stack22 = staticinvoke <java.lang.Character: boolean isDigit(char)>(l1)]	0.0000000000	670	272	0	0	21	
<comp5111.assignment.cut.Subject$StringAlgorithms: java.lang.Number parseNumber(java.lang.String)>	goto [?= $stack22 = staticinvoke <java.lang.Character: boolean isDigit(char)>(l1)]	0.0000000000	670	273	0	0	21	
<comp5111.assignment.cut.Subject$StringAlgorithms: java.lang.Number parseNumber(java.lang.String)>	goto [?= $stack53 = virtualinvoke l0.<java.lang.String: int length()>()]	0.0000000000	670	277	0	0	21	
<comp5111.assignment.cut.Subject$StringAlgorithms: java.lang.Number parseNumber(java.lang.String)>	goto [?= (branch)]	0.0000000000	670	303	0	0	21	
<comp5111.assignment.cut.Subject$StringAlgorithms: java.lang.Number parseNumber(java.lang.String)>	if $stack10 != 1 goto $stack11 = virtualinvoke l0.<java.lang.String: boolean startsWith(java.lang.String)>("--")	0.0000000000	670	253	0	9	21	
<comp5111.assignment.cut.Subject$StringAlgorithms: java.lang.Number parseNumber(java.lang.String)>	if $stack108 != 0 goto $stack11 = virtualinvoke l0.<java.lang.String: boolean startsWith(java.lang.String)>("--")	0.0000000000	670	253	0	0	21	
<comp5111.assignment.cut.Subject$StringAlgorithms: java.lang.Number parseNumber(java.lang.String)>	if $stack11 == 0 goto $stack12 = virtualinvoke l0.<java.lang.String: boolean startsWith(java.lang.String)>("0x")	0.0000000000	670	256	0	9	21	
<comp5111.assignment.cut.Subject$StringAlgorithms: java.lang.Number parseNumber(java.lang.String)>	if $stack12 != 0 goto $stack13 = staticinvoke <java.lang.Integer: java.lang.Integer decode(java.lang.String)>(l0)	0.0000000000	670	259	0	9	21	
<comp5111.assignment.cut.Subject$StringAlgorithms: java.lang.Number parseNumber(java.lang.String)>	if $stack14 == 0 goto $stack15 = virtualinvoke l0.<java.lang.String: int length()>()	0.0000000000	670	259	0	9	21	
<comp5111.assignment.cut.Subject$StringAlgorithms: java.lang.Number parseNumber(java.lang.String)>	if $stack22 != 0 goto (branch)	0.0000000000	670	275	0	9	21	
<comp5111.assignment.cut.Subject$StringAlgorithms: java.lang.Number parseNumber(java.lang.String)>	if $stack58 != 45 goto $stack59 = staticinvoke <comp5111.assignment.cut.Subject$StringAlgorithms: boolean isDigits(java.lang.String)>(l6)	0.0000000000	670	282	0	0	21	
<comp5111.assignment.cut.Subject$StringAlgorithms: java.lang.Number parseNumber(java.lang.String)>	if $stack59 == 0 goto $stack56 = new java.lang.NumberFormatException	0.0000000000	670	282	0	0	21	
<comp5111.assignment.cut.Subject$StringAlgorithms: java.lang.Number parseNumber(java.lang.String)>	if $stack71 != 0 goto $stack60 = new java.math.BigInteger	0.0000000000	670	282	0	0	21	
<comp5111.assignment.cut.Subject$StringAlgorithms: java.lang.Number parseNumber(java.lang.String)>	if $stack8 == 0 goto return null	0.0000000000	670	253	0	10	21	
<comp5111.assignment.cut.Subject$StringAlgorithms: java.lang.Number parseNumber(java.lang.String)>	if l0 == null goto return null	0.0000000000	670	253	0	10	21	
<comp5111.assignment.cut.Subject$StringAlgorithms: java.lang.Number parseNumber(java.lang.String)>	if l1 != 68 goto $stack82 = new java.lang.NumberFormatException	0.0000000000	670	293	0	5	21	
<comp5111.assignment.cut.Subject$StringAlgorithms: java.lang.Number parseNumber(java.lang.String)>	if l1 != 70 goto (branch)	0.0000000000	670	291	0	5	21	
<comp5111.assignment.cut.Subject$StringAlgorithms: java.lang.Number parseNumber(java.lang.String)>	if l1 != 76 goto (branch)	0.0000000000	670	281	0	5	21	
<comp5111.assignment.cut.Subject$StringAlgorithms: java.lang.Number parseNumber(java.lang.String)>	if l1 == 100 goto $stack77 = new java.math.BigDecimal	0.0000000000	670	293	0	5	21	
<comp5111.assignment.cut.Subject$StringAlgorithms: java.lang.Number parseNumber(java.lang.String)>	if l1 == 102 goto $stack76 = staticinvoke <java.lang.Float: java.lang.Float valueOf(java.lang.String)>(l6)	0.0000000000	670	291	0	5	21	
<comp5111.assignment.cut.Subject$StringAlgorithms: java.lang.Number parseNumber(java.lang.String)>	if l1 == 108 goto (branch)	0.0000000000	670	281	0	5	21	
<comp5111.assignment.cut.Subject$StringAlgorithms: java.lang.Number parseNumber(java.lang.String)>	if l2 != null goto $stack23 = new java.math.BigDecimal	0.0000000000	670	306	0	4	21	
<comp5111.assignment.cut.Subject$StringAlgorithms: java.lang.Number parseNumber(java.lang.String)>	if l2 != null goto $stack56 = new java.lang.NumberFormatException	0.0000000000	670	282	0	0	21	
<comp5111.assignment.cut.Subject$StringAlgorithms: java.lang.Number parseNumber(java.lang.String)>	if l3 != null goto $stack23 = new java.math.BigDecimal	0.0000000000	670	306	0	4	21	
<comp5111.assignment.cut.Subject$StringAlgorithms: java.lang.Number parseNumber(java.lang.String)>	if l3 != null goto $stack56 = new java.lang.NumberFormatException	0.0000000000	670	282	0	0	21	
<comp5111.assignment.cut.Subject$StringAlgorithms: java.lang.Number parseNumber(java.lang.String)>	if l4 <= -1 goto l2 = null	0.0000000000	670	267	0	9	21	
<comp5111.assignment.cut.Subject$StringAlgorithms: java.lang.Number parseNumber(java.lang.String)>	if l5 <= -1 goto $stack100 = l4 + 1	0.0000000000	670	268	0	0	21	
<comp5111.assignment.cut.Subject$StringAlgorithms: java.lang.Number parseNumber(java.lang.String)>	if l5 <= -1 goto l3 = null	0.0000000000	670	276	0	5	21	
<comp5111.assignment.cut.Subject$StringAlgorithms: java.lang.Number parseNumber(java.lang.String)>	if l5 <= -1 goto l3 = null	0.0000000000	670	302	0	4	21	
<comp5111.assignment.cut.Subject$StringAlgorithms: java.lang.Number parseNumber(java.lang.String)>	if l5 >= $stack47 goto l3 = null	0.0000000000	670	302	0	0	21	
<comp5111.assignment.cut.Subject$StringAlgorithms: java.lang.Number parseNumber(java.lang.String)>	if l5 >= $stack89 goto l3 = null	0.0000000000	670	276	0	0	21	
<comp5111.assignment.cut.Subject$StringAlgorithms: java.lang.Number parseNumber(java.lang.String)>	if l5 >= l4 goto $stack103 = l4 + 1	0.0000000000	670	269	0	0	21	
<comp5111.assignment.cut.Subject$StringAlgorithms: java.lang.Number parseNumber(java.lang.String)>	if l6#38 != $stack39 goto $stack40 = virtualinvoke l6#38.<java.math.BigInteger: long longValue()>()	0.0000000000	670	309	0	1	21	
<comp5111.assignment.cut.Subject$StringAlgorithms: java.lang.Number parseNumber(java.lang.String)>	if l6#38 != $stack41 goto return l6#38	0.0000000000	670	311	0	1	21	
<comp5111.assignment.cut.Subject$StringAlgorithms: java.lang.Number parseNumber(java.lang.String)>	if l6#39 != $stack26 goto $stack27 = virtualinvoke l6#39.<java.math.BigDecimal: double doubleValue()>()	0.0000000000	670	317	0	0	21	
<comp5111.assignment.cut.Subject$StringAlgorithms: java.lang.Number parseNumber(java.lang.String)>	if l6#39 != $stack28 goto return l6#39	0.0000000000	670	319	0	0	21	
<comp5111.assignment.cut.Subject$StringAlgorithms: java.lang.Number parseNumber(java.lang.String)>	if l7 != $stack63 goto $stack64 = virtualinvoke l7.<java.math.BigInteger: long longValue()>()	0.0000000000	670	284	0	0	21	
<comp5111.assignment.cut.Subject$StringAlgorithms: java.lang.Number parseNumber(java.lang.String)>	if l7 != $stack65 goto return l7	0.0000000000	670	286	0	0	21	
<comp5111.assignment.cut.Subject$StringAlgorithms: java.lang.Number parseNumber(java.lang.String)>	if l7#34 != $stack79 goto return l7#34	0.0000000000	670	295	0	0	21	
<comp5111.assignment.cut.Subject$StringAlgorithms: java.lang.Number parseNumber(java.lang.String)>	l1 = virtualinvoke l0.<java.lang.String: char charAt(int)>($stack16)	0.0000000000	670	262	0	9	21	
<comp5111.assignment.cut.Subject$StringAlgorithms: java.lang.Number parseNumber(java.lang.String)>	l2 = null	0.0000000000	670	274	0	9	21	
<comp5111.assignment.cut.Subject$StringAlgorithms: java.lang.Number parseNumber(java.lang.String)>	l2 = virtualinvoke l0.<java.lang.String: java.lang.String substring(int)>($stack100)	0.0000000000	670	273	0	0	21	
<comp5111.assignment.cut.Subject$StringAlgorithms: java.lang.Number parseNumber(java.lang.String)>	l2 = virtualinvoke l0.<java.lang.String: java.lang.String substring(int,int)>($stack103, l5)	0.0000000000	670	272	0	0	21	
<comp5111.assignment.cut.Subject$StringAlgorithms: java.lang.Number parseNumber(java.lang.String)>	l3 = null	0.0000000000	670	278	0	5	21	
<comp5111.assignment.cut.Subject$StringAlgorithms: java.lang.Number parseNumber(java.lang.String)>	l3 = null	0.0000000000	670	305	0	4	21	
<comp5111.assignment.cut.Subject$StringAlgorithms: java.lang.Number parseNumber(java.lang.String)>	l3 = virtualinvoke l0.<java.lang.String: java.lang.String substring(int)>($stack50)	0.0000000000	670	303	0	0	21	
<comp5111.assignment.cut.Subject$StringAlgorithms: java.lang.Number parseNumber(java.lang.String)>	l3 = virtualinvoke l0.<java.lang.String: java.lang.String substring(int,int)>($stack96, $stack98)	0.0000000000	670	277	0	0	21	
<comp5111.assignment.cut.Subject$StringAlgorithms: java.lang.Number parseNumber(java.lang.String)>	l4 = virtualinvoke l0.<java.lang.String: int indexOf(int)>(46)	0.0000000000	670	265	0	9	21	
<comp5111.assignment.cut.Subject$StringAlgorithms: java.lang.Number parseNumber(java.lang.String)>	l5 = $stack21 + 1	0.0000000000	670	266	0	9	21	
<comp5111.assignment.cut.Subject$StringAlgorithms: java.lang.Number parseNumber(java.lang.String)>	l6 = virtualinvoke l0.<java.lang.String: java.lang.String substring(int,int)>(0, $stack54)	0.0000000000	670	279	0	5	21	
<comp5111.assignment.cut.Subject$StringAlgorithms: java.lang.Number parseNumber(java.lang.String)>	l6#38 = $stack36	0.0000000000	670	308	0	1	21	
<comp5111.assignment.cut.Subject$StringAlgorithms: java.lang.Number parseNumber(java.lang.String)>	l6#39 = $stack23	0.0000000000	670	316	0	0	21	
<comp5111.assignment.cut.Subject$StringAlgorithms: java.lang.Number parseNumber(java.lang.String)>	l7 = $stack60	0.0000000000	670	283	0	0	21	
<comp5111.assignment.cut.Subject$StringAlgorithms: java.lang.Number parseNumber(java.lang.String)>	l7#34 = $stack77	0.0000000000	670	294	0	0	21	
<comp5111.assignment.cut.Subject$StringAlgorithms: java.lang.Number parseNumber(java.lang.String)>	return $stack13	0.0000000000	670	260	0	0	21	
<comp5111.assignment.cut.Subject$StringAlgorithms: java.lang.Number parseNumber(java.lang.String)>	return $stack30	0.0000000000	670	320	0	0	21	
<comp5111.assignment.cut.Subject$StringAlgorithms: java.lang.Number parseNumber(java.lang.String)>	return $stack32	0.0000000000	670	318	0	0	21	
<comp5111.assignment.cut.Subject$StringAlgorithms: java.lang.Number parseNumber(java.lang.String)>	return $stack43	0.0000000000	670	312	0	0	21	
<comp5111.assignment.cut.Subject$StringAlgorithms: java.lang.Number parseNumber(java.lang.String)>	return $stack45	0.0000000000	670	310	0	0	21	
<comp5111.assignment.cut.Subject$StringAlgorithms: java.lang.Number parseNumber(java.lang.String)>	return $stack67	0.0000000000	670	287	0	0	21	
<comp5111.assignment.cut.Subject$StringAlgorithms: java.lang.Number parseNumber(java.lang.String)>	return $stack69	0.0000000000	670	285	0	0	21	
<comp5111.assignment.cut.Subject$StringAlgorithms: java.lang.Number parseNumber(java.lang.String)>	return $stack76	0.0000000000	670	292	0	0	21	
<comp5111.assignment.cut.Subject$StringAlgorithms: java.lang.Number parseNumber(java.lang.String)>	return $stack81	0.0000000000	670	296	0	0	21	
<comp5111.assignment.cut.Subject$StringAlgorithms: java.lang.Number parseNumber(java.lang.String)>	return l6#38	0.0000000000	670	313	0	1	21	
<comp5111.assignment.cut.Subject$StringAlgorithms: java.lang.Number parseNumber(java.lang.String)>	return l6#39	0.0000000000	670	321	0	0	21	
<comp5111.assignment.cut.Subject$StringAlgorithms: java.lang.Number parseNumber(java.lang.String)>	return l7	0.0000000000	670	288	0	0	21	
<comp5111.assignment.cut.Subject$StringAlgorithms: java.lang.Number parseNumber(java.lang.String)>	return l7#34	0.0000000000	670	297	0	0	21	
<comp5111.assignment.cut.Subject$StringAlgorithms: java.lang.Number parseNumber(java.lang.String)>	return null	0.0000000000	670	254	0	1	21	
<comp5111.assignment.cut.Subject$StringAlgorithms: java.lang.Number parseNumber(java.lang.String)>	return null	0.0000000000	670	257	0	0	21	
<comp5111.assignment.cut.Subject$StringAlgorithms: java.lang.Number parseNumber(java.lang.String)>	specialinvoke $stack105.<java.lang.NumberFormatException: void <init>(java.lang.String)>(l0)	0.0000000000	670	270	0	0	21	
<comp5111.assignment.cut.Subject$StringAlgorithms: java.lang.Number parseNumber(java.lang.String)>	specialinvoke $stack23.<java.math.BigDecimal: void <init>(java.lang.String)>(l0)	0.0000000000	670	316	0	0	21	
<comp5111.assignment.cut.Subject$StringAlgorithms: java.lang.Number parseNumber(java.lang.String)>	specialinvoke $stack36.<java.math.BigInteger: void <init>(java.lang.String)>(l0)	0.0000000000	670	308	0	4	21	
<comp5111.assignment.cut.Subject$StringAlgorithms: java.lang.Number parseNumber(java.lang.String)>	specialinvoke $stack56.<java.lang.NumberFormatException: void <init>(java.lang.String)>(l0)	0.0000000000	670	290	0	0	21	
<comp5111.assignment.cut.Subject$StringAlgorithms: java.lang.Number parseNumber(java.lang.String)>	specialinvoke $stack60.<java.math.BigInteger: void <init>(java.lang.String)>(l6)	0.0000000000	670	283	0	0	21	
<comp5111.assignment.cut.Subject$StringAlgorithms: java.lang.Number parseNumber(java.lang.String)>	specialinvoke $stack77.<java.math.BigDecimal: void <init>(java.lang.String)>(l6)	0.0000000000	670	294	0	0	21	
<comp5111.assignment.cut.Subject$StringAlgorithms: java.lang.Number parseNumber(java.lang.String)>	specialinvoke $stack82.<java.lang.NumberFormatException: void <init>(java.lang.String)>(l0)	0.0000000000	670	299	0	5	21	
<comp5111.assignment.cut.Subject$StringAlgorithms: java.lang.Number parseNumber(java.lang.String)>	throw $stack105	0.0000000000	670	270	0	0	21	
<comp5111.assignment.cut.Subject$StringAlgorithms: java.lang.Number parseNumber(java.lang.String)>	throw $stack56	0.0000000000	670	290	0	0	21	
<comp5111.assignment.cut.Subject$StringAlgorithms: java.lang.Number parseNumber(java.lang.String)>	throw $stack82	0.0000000000	670	299	0	5	21	
<comp5111.assignment.cut.Subject$StringAlgorithms: java.lang.String padLeft(java.lang.String,short,char)>	$stack6 = virtualinvoke l0.<java.lang.String: int length()>()	0.0000000000	670	397	0	15	21	
<comp5111.assignment.cut.Subject$StringAlgorithms: java.lang.String padLeft(java.lang.String,short,char)>	$stack7 = new java.lang.StringBuilder	0.0000000000	670	400	0	6	21	
<comp5111.assignment.cut.Subject$StringAlgorithms: java.lang.String padLeft(java.lang.String,short,char)>	$stack9 = virtualinvoke l4.<java.lang.StringBuilder: java.lang.String toString()>()	0.0000000000	670	404	0	6	21	
<comp5111.assignment.cut.Subject$StringAlgorithms: java.lang.String padLeft(java.lang.String,short,char)>	goto [?= staticinvoke <comp5111.assignment.CoverageRuntime: void hit(java.lang.String)>("<comp5111.assignment.cut.Subject$StringAlgorithms: java.lang.String padLeft(java.lang.String,short,char)> ::: 13")]	0.0000000000	670	401	0	6	21	
<comp5111.assignment.cut.Subject$StringAlgorithms: java.lang.String padLeft(java.lang.String,short,char)>	if l0 != null goto $stack6 = virtualinvoke l0.<java.lang.String: int length()>()	0.0000000000	670	395	0	15	21	
<comp5111.assignment.cut.Subject$StringAlgorithms: java.lang.String padLeft(java.lang.String,short,char)>	if l3 > 0 goto $stack7 = new java.lang.StringBuilder	0.0000000000	670	398	0	15	21	
<comp5111.assignment.cut.Subject$StringAlgorithms: java.lang.String padLeft(java.lang.String,short,char)>	if l5 >= l3 goto virtualinvoke l4.<java.lang.StringBuilder: java.lang.StringBuilder append(java.lang.String)>(l0)	0.0000000000	670	401	0	6	21	
<comp5111.assignment.cut.Subject$StringAlgorithms: java.lang.String padLeft(java.lang.String,short,char)>	l0 = ""	0.0000000000	670	396	0	0	21	
<comp5111.assignment.cut.Subject$StringAlgorithms: java.lang.String padLeft(java.lang.String,short,char)>	l3 = l1 - $stack6	0.0000000000	670	397	0	15	21	
<comp5111.assignment.cut.Subject$StringAlgorithms: java.lang.String padLeft(java.lang.String,short,char)>	l4 = $stack7	0.0000000000	670	400	0	6	21	
<comp5111.assignment.cut.Subject$StringAlgorithms: java.lang.String padLeft(java.lang.String,short,char)>	l5 = 0	0.0000000000	670	401	0	6	21	
<comp5111.assignment.cut.Subject$StringAlgorithms: java.lang.String padLeft(java.lang.String,short,char)>	l5 = l5 + 1	0.0000000000	670	401	0	6	21	
<comp5111.assignment.cut.Subject$StringAlgorithms: java.lang.String padLeft(java.lang.String,short,char)>	return $stack9	0.0000000000	670	404	0	6	21	
<comp5111.assignment.cut.Subject$StringAlgorithms: java.lang.String padLeft(java.lang.String,short,char)>	return l0	0.0000000000	670	399	0	9	21	
<comp5111.assignment.cut.Subject$StringAlgorithms: java.lang.String padLeft(java.lang.String,short,char)>	specialinvoke $stack7.<java.lang.StringBuilder: void <init>()>()	0.0000000000	670	400	0	6	21	
<comp5111.assignment.cut.Subject$StringAlgorithms: java.lang.String padLeft(java.lang.String,short,char)>	virtualinvoke l4.<java.lang.StringBuilder: java.lang.StringBuilder append(char)>(l2)	0.0000000000	670	402	0	6	21	
<comp5111.assignment.cut.Subject$StringAlgorithms: java.lang.String padLeft(java.lang.String,short,char)>	virtualinvoke l4.<java.lang.StringBuilder: java.lang.StringBuilder append(java.lang.String)>(l0)	0.0000000000	670	403	0	6	21	
<comp5111.assignment.cut.Subject$StringAlgorithms: java.lang.String padRight(java.lang.String,short,char)>	$stack6 = virtualinvoke l0.<java.lang.String: int length()>()	0.0000000000	670	419	0	20	21	
<comp5111.assignment.cut.Subject$StringAlgorithms: java.lang.String padRight(java.lang.String,short,char)>	$stack7 = new java.lang.StringBuilder	0.0000000000	670	422	0	9	21	
<comp5111.assignment.cut.Subject$StringAlgorithms: java.lang.String padRight(java.lang.String,short,char)>	$stack8 = virtualinvoke l4.<java.lang.StringBuilder: java.lang.String toString()>()	0.0000000000	670	425	0	9	21	
<comp5111.assignment.cut.Subject$StringAlgorithms: java.lang.String padRight(java.lang.String,short,char)>	goto [?= staticinvoke <comp5111.assignment.CoverageRuntime: void hit(java.lang.String)>("<comp5111.assignment.cut.Subject$StringAlgorithms: java.lang.String padRight(java.lang.String,short,char)> ::: 13")]	0.0000000000	670	423	0	9	21	
<comp5111.assignment.cut.Subject$StringAlgorithms: java.lang.String padRight(java.lang.String,short,char)>	if l0 != null goto $stack6 = virtualinvoke l0.<java.lang.String: int length()>()	0.0000000000	670	417	0	20	21	
<comp5111.assignment.cut.Subject$StringAlgorithms: java.lang.String padRight(java.lang.String,short,char)>	if l3 > 0 goto $stack7 = new java.lang.StringBuilder	0.0000000000	670	420	0	20	21	
<comp5111.assignment.cut.Subject$StringAlgorithms: java.lang.String padRight(java.lang.String,short,char)>	if l5 >= l3 goto $stack8 = virtualinvoke l4.<java.lang.StringBuilder: java.lang.String toString()>()	0.0000000000	670	423	0	9	21	
<comp5111.assignment.cut.Subject$StringAlgorithms: java.lang.String padRight(java.lang.String,short,char)>	l0 = ""	0.0000000000	670	418	0	0	21	
<comp5111.assignment.cut.Subject$StringAlgorithms: java.lang.String padRight(java.lang.String,short,char)>	l3 = l1 - $stack6	0.0000000000	670	419	0	20	21	
<comp5111.assignment.cut.Subject$StringAlgorithms: java.lang.String padRight(java.lang.String,short,char)>	l4 = $stack7	0.0000000000	670	422	0	9	21	
<comp5111.assignment.cut.Subject$StringAlgorithms: java.lang.String padRight(java.lang.String,short,char)>	l5 = 0	0.0000000000	670	423	0	9	21	
<comp5111.assignment.cut.Subject$StringAlgorithms: java.lang.String padRight(java.lang.String,short,char)>	l5 = l5 + 1	0.0000000000	670	423	0	9	21	
<comp5111.assignment.cut.Subject$StringAlgorithms: java.lang.String padRight(java.lang.String,short,char)>	return $stack8	0.0000000000	670	425	0	9	21	
<comp5111.assignment.cut.Subject$StringAlgorithms: java.lang.String padRight(java.lang.String,short,char)>	return l0	0.0000000000	670	421	0	11	21	
<comp5111.assignment.cut.Subject$StringAlgorithms: java.lang.String padRight(java.lang.String,short,char)>	specialinvoke $stack7.<java.lang.StringBuilder: void <init>(java.lang.String)>(l0)	0.0000000000	670	422	0	9	21	
<comp5111.assignment.cut.Subject$StringAlgorithms: java.lang.String padRight(java.lang.String,short,char)>	virtualinvoke l4.<java.lang.StringBuilder: java.lang.StringBuilder append(char)>(l2)	0.0000000000	670	424	0	9	21	
<comp5111.assignment.cut.Subject$StringAlgorithms: java.lang.String[] trimArrayElements(java.lang.String[])>	$stack10 = null	0.0000000000	670	49	0	0	21	
<comp5111.assignment.cut.Subject$StringAlgorithms: java.lang.String[] trimArrayElements(java.lang.String[])>	$stack10 = virtualinvoke l3.<java.lang.String: java.lang.String trim()>()	0.0000000000	670	49	0	7	21	
<comp5111.assignment.cut.Subject$StringAlgorithms: java.lang.String[] trimArrayElements(java.lang.String[])>	$stack11 = l2	0.0000000000	670	49	0	7	21	
<comp5111.assignment.cut.Subject$StringAlgorithms: java.lang.String[] trimArrayElements(java.lang.String[])>	$stack4 = newarray (java.lang.String)[0]	0.0000000000	670	44	0	2	21	
<comp5111.assignment.cut.Subject$StringAlgorithms: java.lang.String[] trimArrayElements(java.lang.String[])>	$stack5 = lengthof l0	0.0000000000	670	43	0	9	21	
<comp5111.assignment.cut.Subject$StringAlgorithms: java.lang.String[] trimArrayElements(java.lang.String[])>	$stack6 = lengthof l0	0.0000000000	670	46	0	7	21	
<comp5111.assignment.cut.Subject$StringAlgorithms: java.lang.String[] trimArrayElements(java.lang.String[])>	$stack7 = lengthof l0	0.0000000000	670	47	0	7	21	
<comp5111.assignment.cut.Subject$StringAlgorithms: java.lang.String[] trimArrayElements(java.lang.String[])>	goto [?= l1[$stack11] = $stack10]	0.0000000000	670	49	0	7	21	
<comp5111.assignment.cut.Subject$StringAlgorithms: java.lang.String[] trimArrayElements(java.lang.String[])>	goto [?= staticinvoke <comp5111.assignment.CoverageRuntime: void hit(java.lang.String)>("<comp5111.assignment.cut.Subject$StringAlgorithms: java.lang.String[] trimArrayElements(java.lang.String[])> ::: 9")]	0.0000000000	670	47	0	7	21	
<comp5111.assignment.cut.Subject$StringAlgorithms: java.lang.String[] trimArrayElements(java.lang.String[])>	if $stack5 != 0 goto $stack6 = lengthof l0	0.0000000000	670	43	0	9	21	
<comp5111.assignment.cut.Subject$StringAlgorithms: java.lang.String[] trimArrayElements(java.lang.String[])>	if l0 == null goto $stack4 = newarray (java.lang.String)[0]	0.0000000000	670	43	0	9	21	
<comp5111.assignment.cut.Subject$StringAlgorithms: java.lang.String[] trimArrayElements(java.lang.String[])>	if l2 >= $stack7 goto return l1	0.0000000000	670	47	0	7	21	
<comp5111.assignment.cut.Subject$StringAlgorithms: java.lang.String[] trimArrayElements(java.lang.String[])>	if l3 == null goto $stack10 = null	0.0000000000	670	49	0	7	21	
<comp5111.assignment.cut.Subject$StringAlgorithms: java.lang.String[] trimArrayElements(java.lang.String[])>	l1 = newarray (java.lang.String)[$stack6]	0.0000000000	670	46	0	7	21	
<comp5111.assignment.cut.Subject$StringAlgorithms: java.lang.String[] trimArrayElements(java.lang.String[])>	l1[$stack11] = $stack10	0.0000000000	670	49	0	7	21	
<comp5111.assignment.cut.Subject$StringAlgorithms: java.lang.String[] trimArrayElements(java.lang.String[])>	l2 = 0	0.0000000000	670	47	0	7	21	
<comp5111.assignment.cut.Subject$StringAlgorithms: java.lang.String[] trimArrayElements(java.lang.String[])>	l2 = l2 + 1	0.0000000000	670	47	0	7	21	
<comp5111.assignment.cut.Subject$StringAlgorithms: java.lang.String[] trimArrayElements(java.lang.String[])>	l3 = l0[l2]	0.0000000000	670	48	0	7	21	
<comp5111.assignment.cut.Subject$StringAlgorithms: java.lang.String[] trimArrayElements(java.lang.String[])>	return $stack4	0.0000000000	670	44	0	2	21	
<comp5111.assignment.cut.Subject$StringAlgorithms: java.lang.String[] trimArrayElements(java.lang.String[])>	return l1	0.0000000000	670	51	0	7	21	
<comp5111.assignment.cut.Subject$StringAlgorithms: void <init>()>	return	0.0000000000	670	9	0	1	21	
<comp5111.assignment.cut.Subject$StringAlgorithms: void <init>()>	specialinvoke l0.<java.lang.Object: void <init>()>()	0.0000000000	670	9	0	1	21	
<comp5111.assignment.cut.Subject$StringAlgorithms: void enlarge(int,byte[],int)>	$stack6 = lengthof l1	0.0000000000	670	80	0	14	21	
<comp5111.assignment.cut.Subject$StringAlgorithms: void enlarge(int,byte[],int)>	$stack7 = l3	0.0000000000	670	82	0	9	21	
<comp5111.assignment.cut.Subject$StringAlgorithms: void enlarge(int,byte[],int)>	$stack7 = l4	0.0000000000	670	82	0	10	21	
<comp5111.assignment.cut.Subject$StringAlgorithms: void enlarge(int,byte[],int)>	goto [?= l5 = newarray (byte)[$stack7]]	0.0000000000	670	82	0	9	21	
<comp5111.assignment.cut.Subject$StringAlgorithms: void enlarge(int,byte[],int)>	if l3 <= l4 goto $stack7 = l4	0.0000000000	670	82	0	13	21	
<comp5111.assignment.cut.Subject$StringAlgorithms: void enlarge(int,byte[],int)>	l1#3 = l5	0.0000000000	670	83	0	12	21	
<comp5111.assignment.cut.Subject$StringAlgorithms: void enlarge(int,byte[],int)>	l3 = 2 * $stack6	0.0000000000	670	80	0	13	21	
<comp5111.assignment.cut.Subject$StringAlgorithms: void enlarge(int,byte[],int)>	l4 = l2 + l0	0.0000000000	670	81	0	13	21	
<comp5111.assignment.cut.Subject$StringAlgorithms: void enlarge(int,byte[],int)>	l5 = newarray (byte)[$stack7]	0.0000000000	670	82	0	13	21	
<comp5111.assignment.cut.Subject$StringAlgorithms: void enlarge(int,byte[],int)>	return	0.0000000000	670	84	0	12	21	
<comp5111.assignment.cut.Subject$StringAlgorithms: void enlarge(int,byte[],int)>	staticinvoke <java.lang.System: void arraycopy(java.lang.Object,int,java.lang.Object,int,int)>(l1, 0, l5, 0, l2)	0.0000000000	670	83	0	13	21	
<comp5111.assignment.cut.Subject: void <init>()>	return	0.0000000000	670	8	0	84	21	
<comp5111.assignment.cut.Subject: void <init>()>	specialinvoke l0.<java.lang.Object: void <init>()>()	0.0000000000	670	8	0	84	21	
