method signature	Jimple statement	suspicious score	ranking	source line	ef	ep	nf	failing tests
<comp5111.assignment.cut.Subject$StringAlgorithms: int extractIntInStr(java.lang.String)>	$stack7 = l3 - 48	0.6101702158	3	346	11	2	14	test040;test127;test139;test160;test189;test194;test286;test320;test449;test456;test_ext_fault_L344
<comp5111.assignment.cut.Subject$StringAlgorithms: int extractIntInStr(java.lang.String)>	$stack8 = l1 * 10	0.6101702158	3	346	11	2	14	test040;test127;test139;test160;test189;test194;test286;test320;test449;test456;test_ext_fault_L344
<comp5111.assignment.cut.Subject$StringAlgorithms: int extractIntInStr(java.lang.String)>	goto [?= staticinvoke <comp5111.assignment.CoverageRuntime: void hit(java.lang.String)>("<comp5111.assignment.cut.Subject$StringAlgorithms: int extractIntInStr(java.lang.String)> ::: 7")]	0.6101702158	3	341	11	2	14	test040;test127;test139;test160;test189;test194;test286;test320;test449;test456;test_ext_fault_L344
<comp5111.assignment.cut.Subject$StringAlgorithms: int extractIntInStr(java.lang.String)>	l1 = $stack8 + $stack7	0.6101702158	3	346	11	2	14	test040;test127;test139;test160;test189;test194;test286;test320;test449;test456;test_ext_fault_L344
<comp5111.assignment.cut.Subject$StringAlgorithms: int extractIntInStr(java.lang.String)>	l2 = l2 + 1	0.6101702158	3	341	11	2	14	test040;test127;test139;test160;test189;test194;test286;test320;test449;test456;test_ext_fault_L344
<comp5111.assignment.cut.Subject$StringAlgorithms: boolean isOneOf(char,char[])>	goto [?= return l2]	0.6000000000	7	184	9	0	16	test167;test187;test312;test333;test337;test355;test423;test480;test_ext_fault_L205
<comp5111.assignment.cut.Subject$StringAlgorithms: boolean isOneOf(char,char[])>	l2 = 1	0.6000000000	7	183	9	0	16	test167;test187;test312;test333;test337;test355;test423;test480;test_ext_fault_L205
<comp5111.assignment.cut.Subject$StringAlgorithms: java.lang.String parseToken(java.lang.String,char[])>	goto [?= $stack7 = virtualinvoke l0.<java.lang.String: java.lang.String substring(int,int)>(0, l4)]	0.6000000000	7	206	9	0	16	test167;test187;test312;test333;test337;test355;test423;test480;test_ext_fault_L205
<comp5111.assignment.cut.Subject$StringAlgorithms: java.lang.String parseToken(java.lang.String,char[])>	l4 = l4 + 1	0.6000000000	7	205	9	0	16	test167;test187;test312;test333;test337;test355;test423;test480;test_ext_fault_L205
<comp5111.assignment.cut.Subject$StringAlgorithms: int extractIntInStr(java.lang.String)>	return l1	0.5820855001	10	344	12	5	13	test040;test127;test139;test160;test189;test194;test286;test320;test328;test449;test456;test_ext_fault_L344
<comp5111.assignment.cut.Subject$StringAlgorithms: int extractIntInStr(java.lang.String)>	$stack4 = virtualinvoke l0.<java.lang.String: int length()>()	0.5505977613	15	337	12	7	13	test040;test127;test139;test160;test189;test194;test286;test320;test328;test449;test456;test_ext_fault_L344
<comp5111.assignment.cut.Subject$StringAlgorithms: int extractIntInStr(java.lang.String)>	$stack5 = virtualinvoke l0.<java.lang.String: int length()>()	0.5505977613	15	341	12	7	13	test040;test127;test139;test160;test189;test194;test286;test320;test328;test449;test456;test_ext_fault_L344
<comp5111.assignment.cut.Subject$StringAlgorithms: int extractIntInStr(java.lang.String)>	if $stack4 >= 1 goto l1 = 0	0.5505977613	15	337	12	7	13	test040;test127;test139;test160;test189;test194;test286;test320;test328;test449;test456;test_ext_fault_L344
<comp5111.assignment.cut.Subject$StringAlgorithms: int extractIntInStr(java.lang.String)>	if l0 == null goto return 0	0.5505977613	15	337	12	7	13	test040;test127;test139;test160;test189;test194;test286;test320;test328;test449;test456;test_ext_fault_L344
<comp5111.assignment.cut.Subject$StringAlgorithms: int extractIntInStr(java.lang.String)>	if l2 >= $stack5 goto return l1	0.5505977613	15	341	12	7	13	test040;test127;test139;test160;test189;test194;test286;test320;test328;test449;test456;test_ext_fault_L344
<comp5111.assignment.cut.Subject$StringAlgorithms: int extractIntInStr(java.lang.String)>	if l3 < 48 goto return l1	0.5505977613	15	343	12	7	13	test040;test127;test139;test160;test189;test194;test286;test320;test328;test449;test456;test_ext_fault_L344
<comp5111.assignment.cut.Subject$StringAlgorithms: int extractIntInStr(java.lang.String)>	l1 = 0	0.5505977613	15	340	12	7	13	test040;test127;test139;test160;test189;test194;test286;test320;test328;test449;test456;test_ext_fault_L344
<comp5111.assignment.cut.Subject$StringAlgorithms: int extractIntInStr(java.lang.String)>	l2 = 0	0.5505977613	15	341	12	7	13	test040;test127;test139;test160;test189;test194;test286;test320;test328;test449;test456;test_ext_fault_L344
<comp5111.assignment.cut.Subject$StringAlgorithms: int extractIntInStr(java.lang.String)>	l3 = virtualinvoke l0.<java.lang.String: char charAt(int)>(l2)	0.5505977613	15	342	12	7	13	test040;test127;test139;test160;test189;test194;test286;test320;test328;test449;test456;test_ext_fault_L344
<comp5111.assignment.cut.Subject$StringAlgorithms: boolean isOneOf(char,char[])>	goto [?= staticinvoke <comp5111.assignment.CoverageRuntime: void hit(java.lang.String)>("<comp5111.assignment.cut.Subject$StringAlgorithms: boolean isOneOf(char,char[])> ::: 6")]	0.5196152423	30	181	9	3	16	test167;test187;test312;test333;test337;test355;test423;test480;test_ext_fault_L205
<comp5111.assignment.cut.Subject$StringAlgorithms: boolean isOneOf(char,char[])>	if l0 != l6 goto l5 = l5 + 1	0.5196152423	30	182	9	3	16	test167;test187;test312;test333;test337;test355;test423;test480;test_ext_fault_L205
<comp5111.assignment.cut.Subject$StringAlgorithms: boolean isOneOf(char,char[])>	if l5 >= l4 goto return l2	0.5196152423	30	181	9	3	16	test167;test187;test312;test333;test337;test355;test423;test480;test_ext_fault_L205
<comp5111.assignment.cut.Subject$StringAlgorithms: boolean isOneOf(char,char[])>	l2 = 0	0.5196152423	30	180	9	3	16	test167;test187;test312;test333;test337;test355;test423;test480;test_ext_fault_L205
<comp5111.assignment.cut.Subject$StringAlgorithms: boolean isOneOf(char,char[])>	l3 = l1	0.5196152423	30	181	9	3	16	test167;test187;test312;test333;test337;test355;test423;test480;test_ext_fault_L205
<comp5111.assignment.cut.Subject$StringAlgorithms: boolean isOneOf(char,char[])>	l4 = lengthof l3	0.5196152423	30	181	9	3	16	test167;test187;test312;test333;test337;test355;test423;test480;test_ext_fault_L205
<comp5111.assignment.cut.Subject$StringAlgorithms: boolean isOneOf(char,char[])>	l5 = 0	0.5196152423	30	181	9	3	16	test167;test187;test312;test333;test337;test355;test423;test480;test_ext_fault_L205
<comp5111.assignment.cut.Subject$StringAlgorithms: boolean isOneOf(char,char[])>	l5 = l5 + 1	0.5196152423	30	181	9	3	16	test167;test187;test312;test333;test337;test355;test423;test480;test_ext_fault_L205
<comp5111.assignment.cut.Subject$StringAlgorithms: boolean isOneOf(char,char[])>	l6 = l3[l5]	0.5196152423	30	181	9	3	16	test167;test187;test312;test333;test337;test355;test423;test480;test_ext_fault_L205
<comp5111.assignment.cut.Subject$StringAlgorithms: boolean isOneOf(char,char[])>	return l2	0.5196152423	30	187	9	3	16	test167;test187;test312;test333;test337;test355;test423;test480;test_ext_fault_L205
<comp5111.assignment.cut.Subject$StringAlgorithms: java.lang.String parseToken(java.lang.String,char[])>	$stack6 = lengthof l3	0.5196152423	30	202	9	3	16	test167;test187;test312;test333;test337;test355;test423;test480;test_ext_fault_L205
<comp5111.assignment.cut.Subject$StringAlgorithms: java.lang.String parseToken(java.lang.String,char[])>	$stack7 = virtualinvoke l0.<java.lang.String: java.lang.String substring(int,int)>(0, l4)	0.5196152423	30	210	9	3	16	test167;test187;test312;test333;test337;test355;test423;test480;test_ext_fault_L205
<comp5111.assignment.cut.Subject$StringAlgorithms: java.lang.String parseToken(java.lang.String,char[])>	$stack8 = staticinvoke <comp5111.assignment.cut.Subject$StringAlgorithms: boolean isOneOf(char,char[])>(l2, l1)	0.5196152423	30	204	9	3	16	test167;test187;test312;test333;test337;test355;test423;test480;test_ext_fault_L205
<comp5111.assignment.cut.Subject$StringAlgorithms: java.lang.String parseToken(java.lang.String,char[])>	goto [?= staticinvoke <comp5111.assignment.CoverageRuntime: void hit(java.lang.String)>("<comp5111.assignment.cut.Subject$StringAlgorithms: java.lang.String parseToken(java.lang.String,char[])> ::: 4")]	0.5196152423	30	208	9	3	16	test167;test187;test312;test333;test337;test355;test423;test480;test_ext_fault_L205
<comp5111.assignment.cut.Subject$StringAlgorithms: java.lang.String parseToken(java.lang.String,char[])>	if $stack8 == 0 goto l4 = l4 + 1	0.5196152423	30	204	9	3	16	test167;test187;test312;test333;test337;test355;test423;test480;test_ext_fault_L205
<comp5111.assignment.cut.Subject$StringAlgorithms: java.lang.String parseToken(java.lang.String,char[])>	if l4 >= $stack6 goto $stack7 = virtualinvoke l0.<java.lang.String: java.lang.String substring(int,int)>(0, l4)	0.5196152423	30	202	9	3	16	test167;test187;test312;test333;test337;test355;test423;test480;test_ext_fault_L205
<comp5111.assignment.cut.Subject$StringAlgorithms: java.lang.String parseToken(java.lang.String,char[])>	l2 = l3[l4]	0.5196152423	30	203	9	3	16	test167;test187;test312;test333;test337;test355;test423;test480;test_ext_fault_L205
<comp5111.assignment.cut.Subject$StringAlgorithms: java.lang.String parseToken(java.lang.String,char[])>	l3 = virtualinvoke l0.<java.lang.String: char[] toCharArray()>()	0.5196152423	30	200	9	3	16	test167;test187;test312;test333;test337;test355;test423;test480;test_ext_fault_L205
<comp5111.assignment.cut.Subject$StringAlgorithms: java.lang.String parseToken(java.lang.String,char[])>	l4 = 0	0.5196152423	30	201	9	3	16	test167;test187;test312;test333;test337;test355;test423;test480;test_ext_fault_L205
<comp5111.assignment.cut.Subject$StringAlgorithms: java.lang.String parseToken(java.lang.String,char[])>	l4 = l4 + 1	0.5196152423	30	208	9	3	16	test167;test187;test312;test333;test337;test355;test423;test480;test_ext_fault_L205
<comp5111.assignment.cut.Subject$StringAlgorithms: java.lang.String parseToken(java.lang.String,char[])>	return $stack7	0.5196152423	30	210	9	3	16	test167;test187;test312;test333;test337;test355;test423;test480;test_ext_fault_L205
<comp5111.assignment.cut.Subject$StringAlgorithms: int extractIntInStr(java.lang.String)>	if l3 <= 57 goto $stack8 = l1 * 10	0.5185449729	41	343	11	7	14	test040;test127;test139;test160;test189;test194;test286;test320;test449;test456;test_ext_fault_L344
<comp5111.assignment.cut.Subject$StringAlgorithms: int[] getVersionNo(java.lang.String)>	$stack6 = virtualinvoke l0.<java.lang.String: int length()>()	0.4666666667	52	362	7	2	18	test139;test160;test189;test194;test286;test328;test456
<comp5111.assignment.cut.Subject$StringAlgorithms: int[] getVersionNo(java.lang.String)>	$stack9 = staticinvoke <comp5111.assignment.cut.Subject$StringAlgorithms: int extractIntInStr(java.lang.String)>(l5)	0.4666666667	52	378	7	2	18	test139;test160;test189;test194;test286;test328;test456
<comp5111.assignment.cut.Subject$StringAlgorithms: int[] getVersionNo(java.lang.String)>	goto [?= $stack9 = staticinvoke <comp5111.assignment.cut.Subject$StringAlgorithms: int extractIntInStr(java.lang.String)>(l5)]	0.4666666667	52	374	7	2	18	test139;test160;test189;test194;test286;test328;test456
<comp5111.assignment.cut.Subject$StringAlgorithms: int[] getVersionNo(java.lang.String)>	if $stack6 >= 1 goto l1 = newarray (int)[4]	0.4666666667	52	362	7	2	18	test139;test160;test189;test194;test286;test328;test456
<comp5111.assignment.cut.Subject$StringAlgorithms: int[] getVersionNo(java.lang.String)>	if l0 == null goto return null	0.4666666667	52	362	7	2	18	test139;test160;test189;test194;test286;test328;test456
<comp5111.assignment.cut.Subject$StringAlgorithms: int[] getVersionNo(java.lang.String)>	if l2 <= 3 goto l4 = virtualinvoke l0.<java.lang.String: int indexOf(int,int)>(46, l3)	0.4666666667	52	369	7	2	18	test139;test160;test189;test194;test286;test328;test456
<comp5111.assignment.cut.Subject$StringAlgorithms: int[] getVersionNo(java.lang.String)>	if l4 != -1 goto (branch)	0.4666666667	52	373	7	2	18	test139;test160;test189;test194;test286;test328;test456
<comp5111.assignment.cut.Subject$StringAlgorithms: int[] getVersionNo(java.lang.String)>	if l4 > 0 goto staticinvoke <comp5111.assignment.CoverageRuntime: void hit(java.lang.String)>("<comp5111.assignment.cut.Subject$StringAlgorithms: int[] getVersionNo(java.lang.String)> ::: 12")	0.4666666667	52	381	7	2	18	test139;test160;test189;test194;test286;test328;test456
<comp5111.assignment.cut.Subject$StringAlgorithms: int[] getVersionNo(java.lang.String)>	l1 = newarray (int)[4]	0.4666666667	52	365	7	2	18	test139;test160;test189;test194;test286;test328;test456
<comp5111.assignment.cut.Subject$StringAlgorithms: int[] getVersionNo(java.lang.String)>	l1[0] = 0	0.4666666667	52	366	7	2	18	test139;test160;test189;test194;test286;test328;test456
<comp5111.assignment.cut.Subject$StringAlgorithms: int[] getVersionNo(java.lang.String)>	l1[1] = 0	0.4666666667	52	366	7	2	18	test139;test160;test189;test194;test286;test328;test456
<comp5111.assignment.cut.Subject$StringAlgorithms: int[] getVersionNo(java.lang.String)>	l1[2] = 0	0.4666666667	52	366	7	2	18	test139;test160;test189;test194;test286;test328;test456
<comp5111.assignment.cut.Subject$StringAlgorithms: int[] getVersionNo(java.lang.String)>	l1[3] = 0	0.4666666667	52	366	7	2	18	test139;test160;test189;test194;test286;test328;test456
<comp5111.assignment.cut.Subject$StringAlgorithms: int[] getVersionNo(java.lang.String)>	l1[l2] = $stack9	0.4666666667	52	378	7	2	18	test139;test160;test189;test194;test286;test328;test456
<comp5111.assignment.cut.Subject$StringAlgorithms: int[] getVersionNo(java.lang.String)>	l2 = 0	0.4666666667	52	367	7	2	18	test139;test160;test189;test194;test286;test328;test456
<comp5111.assignment.cut.Subject$StringAlgorithms: int[] getVersionNo(java.lang.String)>	l2 = l2 + 1	0.4666666667	52	380	7	2	18	test139;test160;test189;test194;test286;test328;test456
<comp5111.assignment.cut.Subject$StringAlgorithms: int[] getVersionNo(java.lang.String)>	l3 = 0	0.4666666667	52	367	7	2	18	test139;test160;test189;test194;test286;test328;test456
<comp5111.assignment.cut.Subject$StringAlgorithms: int[] getVersionNo(java.lang.String)>	l3 = l4 + 1	0.4666666667	52	379	7	2	18	test139;test160;test189;test194;test286;test328;test456
<comp5111.assignment.cut.Subject$StringAlgorithms: int[] getVersionNo(java.lang.String)>	l4 = virtualinvoke l0.<java.lang.String: int indexOf(int,int)>(46, l3)	0.4666666667	52	372	7	2	18	test139;test160;test189;test194;test286;test328;test456
<comp5111.assignment.cut.Subject$StringAlgorithms: int[] getVersionNo(java.lang.String)>	l5 = virtualinvoke l0.<java.lang.String: java.lang.String substring(int)>(l3)	0.4666666667	52	374	7	2	18	test139;test160;test189;test194;test286;test328;test456
<comp5111.assignment.cut.Subject$StringAlgorithms: int[] getVersionNo(java.lang.String)>	return l1	0.4666666667	52	382	7	2	18	test139;test160;test189;test194;test286;test328;test456
<comp5111.assignment.cut.Subject$DateTimeAlgorithms: int daysBetweenDateStrings(java.lang.String,java.lang.String)>	$stack26 = staticinvoke <comp5111.assignment.cut.Subject$DateTimeAlgorithms: int daysBetweenDates(int,int,int,int,int,int)>(l4, l5, l6, l7, l8, l9)	0.2828427125	63	697	2	0	23	test071;test376
<comp5111.assignment.cut.Subject$DateTimeAlgorithms: int daysBetweenDateStrings(java.lang.String,java.lang.String)>	$stack14 = l2[0]	0.2309401077	70	691	2	1	23	test071;test376
<comp5111.assignment.cut.Subject$DateTimeAlgorithms: int daysBetweenDateStrings(java.lang.String,java.lang.String)>	$stack16 = l2[1]	0.2309401077	70	692	2	1	23	test071;test376
<comp5111.assignment.cut.Subject$DateTimeAlgorithms: int daysBetweenDateStrings(java.lang.String,java.lang.String)>	$stack18 = l2[2]	0.2309401077	70	693	2	1	23	test071;test376
<comp5111.assignment.cut.Subject$DateTimeAlgorithms: int daysBetweenDateStrings(java.lang.String,java.lang.String)>	$stack20 = l3[0]	0.2309401077	70	694	2	1	23	test071;test376
<comp5111.assignment.cut.Subject$DateTimeAlgorithms: int daysBetweenDateStrings(java.lang.String,java.lang.String)>	$stack22 = l3[1]	0.2309401077	70	695	2	1	23	test071;test376
<comp5111.assignment.cut.Subject$DateTimeAlgorithms: int daysBetweenDateStrings(java.lang.String,java.lang.String)>	$stack24 = l3[2]	0.2309401077	70	696	2	1	23	test071;test376
<comp5111.assignment.cut.Subject$DateTimeAlgorithms: int daysBetweenDateStrings(java.lang.String,java.lang.String)>	l2#2 = $stack28	0.2309401077	70	699	2	1	23	test071;test376
<comp5111.assignment.cut.Subject$DateTimeAlgorithms: int daysBetweenDateStrings(java.lang.String,java.lang.String)>	l4 = staticinvoke <java.lang.Integer: int parseInt(java.lang.String)>($stack14)	0.2309401077	70	691	2	1	23	test071;test376
<comp5111.assignment.cut.Subject$DateTimeAlgorithms: int daysBetweenDateStrings(java.lang.String,java.lang.String)>	l5 = staticinvoke <java.lang.Integer: int parseInt(java.lang.String)>($stack16)	0.2309401077	70	692	2	1	23	test071;test376
<comp5111.assignment.cut.Subject$DateTimeAlgorithms: int daysBetweenDateStrings(java.lang.String,java.lang.String)>	l6 = staticinvoke <java.lang.Integer: int parseInt(java.lang.String)>($stack18)	0.2309401077	70	693	2	1	23	test071;test376
<comp5111.assignment.cut.Subject$DateTimeAlgorithms: int daysBetweenDateStrings(java.lang.String,java.lang.String)>	l7 = staticinvoke <java.lang.Integer: int parseInt(java.lang.String)>($stack20)	0.2309401077	70	694	2	1	23	test071;test376
<comp5111.assignment.cut.Subject$DateTimeAlgorithms: int daysBetweenDateStrings(java.lang.String,java.lang.String)>	l8 = staticinvoke <java.lang.Integer: int parseInt(java.lang.String)>($stack22)	0.2309401077	70	695	2	1	23	test071;test376
<comp5111.assignment.cut.Subject$DateTimeAlgorithms: int daysBetweenDateStrings(java.lang.String,java.lang.String)>	l9 = staticinvoke <java.lang.Integer: int parseInt(java.lang.String)>($stack24)	0.2309401077	70	696	2	1	23	test071;test376
<comp5111.assignment.cut.Subject$DateTimeAlgorithms: int daysBetweenDateStrings(java.lang.String,java.lang.String)>	return -2147483648	0.2309401077	70	699	2	1	23	test071;test376
<comp5111.assignment.cut.Subject$DateTimeAlgorithms: boolean checkValidDate(int,int,int)>	$stack5 = 0	0.1664100589	78	488	3	10	22	test071;test376;test_ext_fault_L488
<comp5111.assignment.cut.Subject$DateTimeAlgorithms: int daysBetweenDateStrings(java.lang.String,java.lang.String)>	$stack13 = lengthof l3	0.1632993162	79	689	2	4	23	test071;test376
<comp5111.assignment.cut.Subject$DateTimeAlgorithms: int daysBetweenDateStrings(java.lang.String,java.lang.String)>	if $stack13 == 3 goto $stack14 = l2[0]	0.1632993162	79	689	2	4	23	test071;test376
<comp5111.assignment.cut.Subject$DateTimeAlgorithms: boolean checkValidDate(int,int,int)>	if l2 >= l3 goto $stack5 = 0	0.1500000000	81	488	3	13	22	test071;test376;test_ext_fault_L488
<comp5111.assignment.cut.Subject$DateTimeAlgorithms: boolean checkValidDate(int,int,int)>	if l2 <= 0 goto $stack5 = 0	0.1341640786	83	488	3	17	22	test071;test376;test_ext_fault_L488
<comp5111.assignment.cut.Subject$DateTimeAlgorithms: boolean checkValidDate(int,int,int)>	l3 = staticinvoke <comp5111.assignment.cut.Subject$DateTimeAlgorithms: int calcDaysInMonth(int,int)>(l0, l1)	0.1341640786	83	487	3	17	22	test071;test376;test_ext_fault_L488
<comp5111.assignment.cut.Subject$DateTimeAlgorithms: boolean checkValidDate(int,int,int)>	return $stack5	0.1341640786	83	488	3	17	22	test071;test376;test_ext_fault_L488
<comp5111.assignment.cut.Subject$DateTimeAlgorithms: int calcDaysInMonth(int,int)>	return 31	0.1251086484	85	473	3	20	22	test071;test376;test_ext_fault_L488
<comp5111.assignment.cut.Subject$DateTimeAlgorithms: int calcDaysInMonth(int,int)>	if l1 != 11 goto return 31	0.1224744871	88	470	3	21	22	test071;test376;test_ext_fault_L488
<comp5111.assignment.cut.Subject$DateTimeAlgorithms: int calcDaysInMonth(int,int)>	if l1 == 6 goto return 30	0.1224744871	88	470	3	21	22	test071;test376;test_ext_fault_L488
<comp5111.assignment.cut.Subject$DateTimeAlgorithms: int calcDaysInMonth(int,int)>	if l1 == 9 goto return 30	0.1224744871	88	470	3	21	22	test071;test376;test_ext_fault_L488
<comp5111.assignment.cut.Subject$DateTimeAlgorithms: int daysBetweenDates(int,int,int,int,int,int)>	$stack17 = new java.lang.IllegalArgumentException	0.1224744871	88	445	3	21	22	test071;test376;test_ext_fault_L488
<comp5111.assignment.cut.Subject$DateTimeAlgorithms: int daysBetweenDates(int,int,int,int,int,int)>	specialinvoke $stack17.<java.lang.IllegalArgumentException: void <init>(java.lang.String)>("Invalid date")	0.1224744871	88	445	3	21	22	test071;test376;test_ext_fault_L488
<comp5111.assignment.cut.Subject$DateTimeAlgorithms: int daysBetweenDates(int,int,int,int,int,int)>	throw $stack17	0.1224744871	88	445	3	21	22	test071;test376;test_ext_fault_L488
<comp5111.assignment.cut.Subject$DateTimeAlgorithms: int daysBetweenDates(int,int,int,int,int,int)>	$stack16 = staticinvoke <comp5111.assignment.cut.Subject$DateTimeAlgorithms: boolean checkValidDate(int,int,int)>(l0, l1, l2)	0.1200000000	93	444	3	22	22	test071;test376;test_ext_fault_L488
<comp5111.assignment.cut.Subject$DateTimeAlgorithms: int daysBetweenDates(int,int,int,int,int,int)>	if $stack16 == 0 goto $stack17 = new java.lang.IllegalArgumentException	0.1200000000	93	444	3	22	22	test071;test376;test_ext_fault_L488
<comp5111.assignment.cut.Subject$DateTimeAlgorithms: int daysBetweenDates(int,int,int,int,int,int)>	l6 = staticinvoke <java.util.Calendar: java.util.Calendar getInstance()>()	0.1200000000	93	442	3	22	22	test071;test376;test_ext_fault_L488
<comp5111.assignment.cut.Subject$DateTimeAlgorithms: int daysBetweenDates(int,int,int,int,int,int)>	l7 = staticinvoke <java.util.Calendar: java.util.Calendar getInstance()>()	0.1200000000	93	443	3	22	22	test071;test376;test_ext_fault_L488
<comp5111.assignment.cut.Subject$DateTimeAlgorithms: int monAbbr2month(java.lang.String)>	if l4 != 4289895 goto (branch)	0.1154700538	100	613	1	2	24	test_ext_fault_L615
<comp5111.assignment.cut.Subject$DateTimeAlgorithms: int monAbbr2month(java.lang.String)>	if l4 != 4482403 goto return -1	0.1154700538	100	621	1	2	24	test_ext_fault_L615
<comp5111.assignment.cut.Subject$DateTimeAlgorithms: int monAbbr2month(java.lang.String)>	if l4 != 4879724 goto (branch)	0.1154700538	100	611	1	2	24	test_ext_fault_L615
<comp5111.assignment.cut.Subject$DateTimeAlgorithms: int monAbbr2month(java.lang.String)>	if l4 != 4879726 goto (branch)	0.1154700538	100	609	1	2	24	test_ext_fault_L615
<comp5111.assignment.cut.Subject$DateTimeAlgorithms: int monAbbr2month(java.lang.String)>	if l4 != 5071225 goto (branch)	0.1154700538	100	607	1	2	24	test_ext_fault_L615
<comp5111.assignment.cut.Subject$DateTimeAlgorithms: int monAbbr2month(java.lang.String)>	if l4 != 5140342 goto (branch)	0.1154700538	100	619	1	2	24	test_ext_fault_L615
<comp5111.assignment.cut.Subject$DateTimeAlgorithms: int monAbbr2month(java.lang.String)>	if l4 != 5202804 goto (branch)	0.1154700538	100	617	1	2	24	test_ext_fault_L615
<comp5111.assignment.cut.Subject$DateTimeAlgorithms: int monAbbr2month(java.lang.String)>	if l4 != 5465466 goto (branch)	0.1154700538	100	615	1	2	24	test_ext_fault_L615
<comp5111.assignment.cut.Subject$DateTimeAlgorithms: int monAbbr2month(java.lang.String)>	return -1	0.1154700538	100	624	1	2	24	test_ext_fault_L615
<comp5111.assignment.cut.Subject$DateTimeAlgorithms: int calcDaysInMonth(int,int)>	if l1 != 2 goto (branch)	0.1095445115	105	467	3	27	22	test071;test376;test_ext_fault_L488
<comp5111.assignment.cut.Subject$DateTimeAlgorithms: int calcDaysInMonth(int,int)>	if l1 == 4 goto return 30	0.1095445115	105	470	3	27	22	test071;test376;test_ext_fault_L488
<comp5111.assignment.cut.Subject$DateTimeAlgorithms: int monAbbr2month(java.lang.String)>	if l4 != 4288626 goto (branch)	0.1000000000	108	605	1	3	24	test_ext_fault_L615
<comp5111.assignment.cut.Subject$DateTimeAlgorithms: int monAbbr2month(java.lang.String)>	if l4 != 4613474 goto (branch)	0.1000000000	108	601	1	3	24	test_ext_fault_L615
<comp5111.assignment.cut.Subject$DateTimeAlgorithms: int monAbbr2month(java.lang.String)>	if l4 != 5071218 goto (branch)	0.1000000000	108	603	1	3	24	test_ext_fault_L615
<comp5111.assignment.cut.Subject$DateTimeAlgorithms: int monAbbr2month(java.lang.String)>	$stack10 = l1 << 16	0.0894427191	113	597	1	4	24	test_ext_fault_L615
<comp5111.assignment.cut.Subject$DateTimeAlgorithms: int monAbbr2month(java.lang.String)>	$stack11 = $stack10 | $stack9	0.0894427191	113	597	1	4	24	test_ext_fault_L615
<comp5111.assignment.cut.Subject$DateTimeAlgorithms: int monAbbr2month(java.lang.String)>	$stack9 = l2 << 8	0.0894427191	113	597	1	4	24	test_ext_fault_L615
<comp5111.assignment.cut.Subject$DateTimeAlgorithms: int monAbbr2month(java.lang.String)>	if l4 != 4874606 goto (branch)	0.0894427191	113	599	1	4	24	test_ext_fault_L615
<comp5111.assignment.cut.Subject$DateTimeAlgorithms: int monAbbr2month(java.lang.String)>	l1 = virtualinvoke l0.<java.lang.String: char charAt(int)>(0)	0.0894427191	113	594	1	4	24	test_ext_fault_L615
<comp5111.assignment.cut.Subject$DateTimeAlgorithms: int monAbbr2month(java.lang.String)>	l2 = virtualinvoke l0.<java.lang.String: char charAt(int)>(1)	0.0894427191	113	595	1	4	24	test_ext_fault_L615
<comp5111.assignment.cut.Subject$DateTimeAlgorithms: int monAbbr2month(java.lang.String)>	l3 = virtualinvoke l0.<java.lang.String: char charAt(int)>(2)	0.0894427191	113	596	1	4	24	test_ext_fault_L615
<comp5111.assignment.cut.Subject$DateTimeAlgorithms: int monAbbr2month(java.lang.String)>	l4 = $stack11 | l3	0.0894427191	113	597	1	4	24	test_ext_fault_L615
<comp5111.assignment.cut.Subject$DateTimeAlgorithms: int daysBetweenDateStrings(java.lang.String,java.lang.String)>	$stack12 = lengthof l2	0.0872871561	119	689	2	19	23	test071;test376
<comp5111.assignment.cut.Subject$DateTimeAlgorithms: int daysBetweenDateStrings(java.lang.String,java.lang.String)>	if $stack12 != 3 goto return -2147483648	0.0872871561	119	689	2	19	23	test071;test376
<comp5111.assignment.cut.Subject$DateTimeAlgorithms: int daysBetweenDateStrings(java.lang.String,java.lang.String)>	l2 = virtualinvoke l0.<java.lang.String: java.lang.String[] split(java.lang.String)>("-")	0.0872871561	119	687	2	19	23	test071;test376
<comp5111.assignment.cut.Subject$DateTimeAlgorithms: int daysBetweenDateStrings(java.lang.String,java.lang.String)>	l3 = virtualinvoke l1.<java.lang.String: java.lang.String[] split(java.lang.String)>("-")	0.0872871561	119	688	2	19	23	test071;test376
<comp5111.assignment.cut.Subject$DateTimeAlgorithms: boolean checkValidDate(int,int,int)>	if l1 <= 12 goto l3 = staticinvoke <comp5111.assignment.cut.Subject$DateTimeAlgorithms: int calcDaysInMonth(int,int)>(l0, l1)	0.0857142857	122	485	3	46	22	test071;test376;test_ext_fault_L488
<comp5111.assignment.cut.Subject$DateTimeAlgorithms: int calcDaysInMonth(int,int)>	if l1 <= 12 goto (branch)	0.0848528137	123	465	3	47	22	test071;test376;test_ext_fault_L488
<comp5111.assignment.cut.Subject$DateTimeAlgorithms: int calcDaysInMonth(int,int)>	if l1 < 1 goto return -1	0.0794719414	124	465	3	54	22	test071;test376;test_ext_fault_L488
<comp5111.assignment.cut.Subject$DateTimeAlgorithms: boolean checkValidDate(int,int,int)>	if l1 < 1 goto return 0	0.0750000000	125	485	3	61	22	test071;test376;test_ext_fault_L488
<comp5111.assignment.cut.Subject$DateTimeAlgorithms: int monAbbr2month(java.lang.String)>	$stack5 = virtualinvoke l0.<java.lang.String: int length()>()	0.0485071250	127	591	1	16	24	test_ext_fault_L615
<comp5111.assignment.cut.Subject$DateTimeAlgorithms: int monAbbr2month(java.lang.String)>	if $stack5 == 3 goto l1 = virtualinvoke l0.<java.lang.String: char charAt(int)>(0)	0.0485071250	127	591	1	16	24	test_ext_fault_L615
<comp5111.assignment.cut.Subject$DateTimeAlgorithms: int monAbbr2month(java.lang.String)>	if l0 == null goto return -1	0.0485071250	127	591	1	16	24	test_ext_fault_L615
<comp5111.assignment.cut.Subject$DateTimeAlgorithms: boolean checkValidDate(int,int,int)>	$stack5 = 1	0.0000000000	682	488	0	7	25	
<comp5111.assignment.cut.Subject$DateTimeAlgorithms: boolean checkValidDate(int,int,int)>	goto [?= return $stack5]	0.0000000000	682	488	0	7	25	
<comp5111.assignment.cut.Subject$DateTimeAlgorithms: boolean checkValidDate(int,int,int)>	return 0	0.0000000000	682	486	0	47	25	
<comp5111.assignment.cut.Subject$DateTimeAlgorithms: boolean judgeLeapYear(int)>	$stack1 = l0 % 4	0.0000000000	682	498	0	20	25	
<comp5111.assignment.cut.Subject$DateTimeAlgorithms: boolean judgeLeapYear(int)>	$stack2 = l0 % 100	0.0000000000	682	500	0	9	25	
<comp5111.assignment.cut.Subject$DateTimeAlgorithms: boolean judgeLeapYear(int)>	$stack3 = l0 % 400	0.0000000000	682	503	0	4	25	
<comp5111.assignment.cut.Subject$DateTimeAlgorithms: boolean judgeLeapYear(int)>	$stack4 = 0	0.0000000000	682	503	0	1	25	
<comp5111.assignment.cut.Subject$DateTimeAlgorithms: boolean judgeLeapYear(int)>	$stack4 = 1	0.0000000000	682	503	0	3	25	
<comp5111.assignment.cut.Subject$DateTimeAlgorithms: boolean judgeLeapYear(int)>	goto [?= return $stack4]	0.0000000000	682	503	0	3	25	
<comp5111.assignment.cut.Subject$DateTimeAlgorithms: boolean judgeLeapYear(int)>	if $stack1 == 0 goto $stack2 = l0 % 100	0.0000000000	682	498	0	20	25	
<comp5111.assignment.cut.Subject$DateTimeAlgorithms: boolean judgeLeapYear(int)>	if $stack2 == 0 goto $stack3 = l0 % 400	0.0000000000	682	500	0	9	25	
<comp5111.assignment.cut.Subject$DateTimeAlgorithms: boolean judgeLeapYear(int)>	if $stack3 != 0 goto $stack4 = 0	0.0000000000	682	503	0	4	25	
<comp5111.assignment.cut.Subject$DateTimeAlgorithms: boolean judgeLeapYear(int)>	return $stack4	0.0000000000	682	503	0	4	25	
<comp5111.assignment.cut.Subject$DateTimeAlgorithms: boolean judgeLeapYear(int)>	return 0	0.0000000000	682	499	0	11	25	
<comp5111.assignment.cut.Subject$DateTimeAlgorithms: boolean judgeLeapYear(int)>	return 1	0.0000000000	682	501	0	5	25	
<comp5111.assignment.cut.Subject$DateTimeAlgorithms: int calcDaysInMonth(int,int)>	$stack3 = staticinvoke <comp5111.assignment.cut.Subject$DateTimeAlgorithms: boolean judgeLeapYear(int)>(l0)	0.0000000000	682	468	0	0	25	
<comp5111.assignment.cut.Subject$DateTimeAlgorithms: int calcDaysInMonth(int,int)>	$stack4 = 28	0.0000000000	682	468	0	0	25	
<comp5111.assignment.cut.Subject$DateTimeAlgorithms: int calcDaysInMonth(int,int)>	$stack4 = 29	0.0000000000	682	468	0	0	25	
<comp5111.assignment.cut.Subject$DateTimeAlgorithms: int calcDaysInMonth(int,int)>	goto [?= return $stack4]	0.0000000000	682	468	0	0	25	
<comp5111.assignment.cut.Subject$DateTimeAlgorithms: int calcDaysInMonth(int,int)>	if $stack3 == 0 goto $stack4 = 28	0.0000000000	682	468	0	0	25	
<comp5111.assignment.cut.Subject$DateTimeAlgorithms: int calcDaysInMonth(int,int)>	return $stack4	0.0000000000	682	468	0	0	25	
<comp5111.assignment.cut.Subject$DateTimeAlgorithms: int calcDaysInMonth(int,int)>	return -1	0.0000000000	682	466	0	27	25	
<comp5111.assignment.cut.Subject$DateTimeAlgorithms: int calcDaysInMonth(int,int)>	return 30	0.0000000000	682	471	0	7	25	
<comp5111.assignment.cut.Subject$DateTimeAlgorithms: int daysBetweenDateStrings(java.lang.String,java.lang.String)>	return $stack26	0.0000000000	682	697	0	0	25	
<comp5111.assignment.cut.Subject$DateTimeAlgorithms: int daysBetweenDateStrings(java.lang.String,java.lang.String)>	return -2147483648	0.0000000000	682	690	0	18	25	
<comp5111.assignment.cut.Subject$DateTimeAlgorithms: int daysBetweenDates(int,int,int,int,int,int)>	$stack18 = staticinvoke <comp5111.assignment.cut.Subject$DateTimeAlgorithms: boolean checkValidDate(int,int,int)>(l3, l4, l5)	0.0000000000	682	444	0	3	25	
<comp5111.assignment.cut.Subject$DateTimeAlgorithms: int daysBetweenDates(int,int,int,int,int,int)>	$stack19 = l1 - 1	0.0000000000	682	447	0	1	25	
<comp5111.assignment.cut.Subject$DateTimeAlgorithms: int daysBetweenDates(int,int,int,int,int,int)>	$stack20 = l4 - 1	0.0000000000	682	449	0	1	25	
<comp5111.assignment.cut.Subject$DateTimeAlgorithms: int daysBetweenDates(int,int,int,int,int,int)>	$stack23 = l12 / 86400000L	0.0000000000	682	454	0	1	25	
<comp5111.assignment.cut.Subject$DateTimeAlgorithms: int daysBetweenDates(int,int,int,int,int,int)>	$stack24 = (int) $stack23	0.0000000000	682	454	0	1	25	
<comp5111.assignment.cut.Subject$DateTimeAlgorithms: int daysBetweenDates(int,int,int,int,int,int)>	if $stack18 != 0 goto $stack19 = l1 - 1	0.0000000000	682	444	0	3	25	
<comp5111.assignment.cut.Subject$DateTimeAlgorithms: int daysBetweenDates(int,int,int,int,int,int)>	l10 = virtualinvoke l7.<java.util.Calendar: long getTimeInMillis()>()	0.0000000000	682	452	0	1	25	
<comp5111.assignment.cut.Subject$DateTimeAlgorithms: int daysBetweenDates(int,int,int,int,int,int)>	l12 = l10 - l8	0.0000000000	682	453	0	1	25	
<comp5111.assignment.cut.Subject$DateTimeAlgorithms: int daysBetweenDates(int,int,int,int,int,int)>	l8 = virtualinvoke l6.<java.util.Calendar: long getTimeInMillis()>()	0.0000000000	682	451	0	1	25	
<comp5111.assignment.cut.Subject$DateTimeAlgorithms: int daysBetweenDates(int,int,int,int,int,int)>	return $stack24	0.0000000000	682	454	0	1	25	
<comp5111.assignment.cut.Subject$DateTimeAlgorithms: int daysBetweenDates(int,int,int,int,int,int)>	virtualinvoke l6.<java.util.Calendar: void set(int,int)>(14, 0)	0.0000000000	682	448	0	1	25	
<comp5111.assignment.cut.Subject$DateTimeAlgorithms: int daysBetweenDates(int,int,int,int,int,int)>	virtualinvoke l6.<java.util.Calendar: void set(int,int,int,int,int,int)>(l0, $stack19, l2, 0, 0, 0)	0.0000000000	682	447	0	1	25	
<comp5111.assignment.cut.Subject$DateTimeAlgorithms: int daysBetweenDates(int,int,int,int,int,int)>	virtualinvoke l7.<java.util.Calendar: void set(int,int)>(14, 0)	0.0000000000	682	450	0	1	25	
<comp5111.assignment.cut.Subject$DateTimeAlgorithms: int daysBetweenDates(int,int,int,int,int,int)>	virtualinvoke l7.<java.util.Calendar: void set(int,int,int,int,int,int)>(l3, $stack20, l5, 0, 0, 0)	0.0000000000	682	449	0	1	25	
<comp5111.assignment.cut.Subject$DateTimeAlgorithms: int daysInYear(int)>	$stack1 = staticinvoke <comp5111.assignment.cut.Subject$DateTimeAlgorithms: boolean judgeLeapYear(int)>(l0)	0.0000000000	682	674	0	11	25	
<comp5111.assignment.cut.Subject$DateTimeAlgorithms: int daysInYear(int)>	$stack2 = 365	0.0000000000	682	674	0	6	25	
<comp5111.assignment.cut.Subject$DateTimeAlgorithms: int daysInYear(int)>	$stack2 = 366	0.0000000000	682	674	0	5	25	
<comp5111.assignment.cut.Subject$DateTimeAlgorithms: int daysInYear(int)>	goto [?= return $stack2]	0.0000000000	682	674	0	5	25	
<comp5111.assignment.cut.Subject$DateTimeAlgorithms: int daysInYear(int)>	if $stack1 == 0 goto $stack2 = 365	0.0000000000	682	674	0	11	25	
<comp5111.assignment.cut.Subject$DateTimeAlgorithms: int daysInYear(int)>	return $stack2	0.0000000000	682	674	0	11	25	
<comp5111.assignment.cut.Subject$DateTimeAlgorithms: int getQuarter(int)>	if l0 < 1 goto return -1	0.0000000000	682	570	0	11	25	
<comp5111.assignment.cut.Subject$DateTimeAlgorithms: int getQuarter(int)>	if l0 <= 12 goto (branch)	0.0000000000	682	570	0	9	25	
<comp5111.assignment.cut.Subject$DateTimeAlgorithms: int getQuarter(int)>	if l0 > 3 goto (branch)	0.0000000000	682	572	0	2	25	
<comp5111.assignment.cut.Subject$DateTimeAlgorithms: int getQuarter(int)>	if l0 > 6 goto (branch)	0.0000000000	682	574	0	2	25	
<comp5111.assignment.cut.Subject$DateTimeAlgorithms: int getQuarter(int)>	if l0 > 9 goto return 4	0.0000000000	682	576	0	1	25	
<comp5111.assignment.cut.Subject$DateTimeAlgorithms: int getQuarter(int)>	return -1	0.0000000000	682	571	0	9	25	
<comp5111.assignment.cut.Subject$DateTimeAlgorithms: int getQuarter(int)>	return 1	0.0000000000	682	573	0	0	25	
<comp5111.assignment.cut.Subject$DateTimeAlgorithms: int getQuarter(int)>	return 2	0.0000000000	682	575	0	1	25	
<comp5111.assignment.cut.Subject$DateTimeAlgorithms: int getQuarter(int)>	return 3	0.0000000000	682	577	0	0	25	
<comp5111.assignment.cut.Subject$DateTimeAlgorithms: int getQuarter(int)>	return 4	0.0000000000	682	578	0	1	25	
<comp5111.assignment.cut.Subject$DateTimeAlgorithms: int monAbbr2month(java.lang.String)>	return -1	0.0000000000	682	592	0	12	25	
<comp5111.assignment.cut.Subject$DateTimeAlgorithms: int monAbbr2month(java.lang.String)>	return 1	0.0000000000	682	600	0	1	25	
<comp5111.assignment.cut.Subject$DateTimeAlgorithms: int monAbbr2month(java.lang.String)>	return 10	0.0000000000	682	618	0	0	25	
<comp5111.assignment.cut.Subject$DateTimeAlgorithms: int monAbbr2month(java.lang.String)>	return 11	0.0000000000	682	620	0	0	25	
<comp5111.assignment.cut.Subject$DateTimeAlgorithms: int monAbbr2month(java.lang.String)>	return 12	0.0000000000	682	622	0	0	25	
<comp5111.assignment.cut.Subject$DateTimeAlgorithms: int monAbbr2month(java.lang.String)>	return 2	0.0000000000	682	602	0	0	25	
<comp5111.assignment.cut.Subject$DateTimeAlgorithms: int monAbbr2month(java.lang.String)>	return 3	0.0000000000	682	604	0	0	25	
<comp5111.assignment.cut.Subject$DateTimeAlgorithms: int monAbbr2month(java.lang.String)>	return 4	0.0000000000	682	606	0	1	25	
<comp5111.assignment.cut.Subject$DateTimeAlgorithms: int monAbbr2month(java.lang.String)>	return 5	0.0000000000	682	608	0	0	25	
<comp5111.assignment.cut.Subject$DateTimeAlgorithms: int monAbbr2month(java.lang.String)>	return 6	0.0000000000	682	610	0	0	25	
<comp5111.assignment.cut.Subject$DateTimeAlgorithms: int monAbbr2month(java.lang.String)>	return 7	0.0000000000	682	612	0	0	25	
<comp5111.assignment.cut.Subject$DateTimeAlgorithms: int monAbbr2month(java.lang.String)>	return 8	0.0000000000	682	614	0	0	25	
<comp5111.assignment.cut.Subject$DateTimeAlgorithms: int monAbbr2month(java.lang.String)>	return 9	0.0000000000	682	616	0	0	25	
<comp5111.assignment.cut.Subject$DateTimeAlgorithms: int monthsBetween(int,int,int,int)>	$stack6 = l2 - l0	0.0000000000	682	790	0	1	25	
<comp5111.assignment.cut.Subject$DateTimeAlgorithms: int monthsBetween(int,int,int,int)>	$stack7 = l3 - l1	0.0000000000	682	790	0	1	25	
<comp5111.assignment.cut.Subject$DateTimeAlgorithms: int monthsBetween(int,int,int,int)>	$stack8 = $stack6 * 12	0.0000000000	682	790	0	1	25	
<comp5111.assignment.cut.Subject$DateTimeAlgorithms: int monthsBetween(int,int,int,int)>	if l1 < 1 goto return -1	0.0000000000	682	788	0	17	25	
<comp5111.assignment.cut.Subject$DateTimeAlgorithms: int monthsBetween(int,int,int,int)>	if l1 > 12 goto return -1	0.0000000000	682	788	0	14	25	
<comp5111.assignment.cut.Subject$DateTimeAlgorithms: int monthsBetween(int,int,int,int)>	if l3 < 1 goto return -1	0.0000000000	682	788	0	2	25	
<comp5111.assignment.cut.Subject$DateTimeAlgorithms: int monthsBetween(int,int,int,int)>	if l3 <= 12 goto $stack6 = l2 - l0	0.0000000000	682	788	0	1	25	
<comp5111.assignment.cut.Subject$DateTimeAlgorithms: int monthsBetween(int,int,int,int)>	l4 = $stack8 + $stack7	0.0000000000	682	790	0	1	25	
<comp5111.assignment.cut.Subject$DateTimeAlgorithms: int monthsBetween(int,int,int,int)>	return -1	0.0000000000	682	789	0	16	25	
<comp5111.assignment.cut.Subject$DateTimeAlgorithms: int monthsBetween(int,int,int,int)>	return l4	0.0000000000	682	791	0	1	25	
<comp5111.assignment.cut.Subject$DateTimeAlgorithms: java.lang.String dayStr(int)>	$stack3 = l0 % 10	0.0000000000	682	549	0	19	25	
<comp5111.assignment.cut.Subject$DateTimeAlgorithms: java.lang.String dayStr(int)>	$stack4 = l0 % 10	0.0000000000	682	551	0	16	25	
<comp5111.assignment.cut.Subject$DateTimeAlgorithms: java.lang.String dayStr(int)>	$stack5 = l0 % 10	0.0000000000	682	553	0	14	25	
<comp5111.assignment.cut.Subject$DateTimeAlgorithms: java.lang.String dayStr(int)>	goto [?= (branch)]	0.0000000000	682	548	0	0	25	
<comp5111.assignment.cut.Subject$DateTimeAlgorithms: java.lang.String dayStr(int)>	goto [?= (branch)]	0.0000000000	682	550	0	3	25	
<comp5111.assignment.cut.Subject$DateTimeAlgorithms: java.lang.String dayStr(int)>	goto [?= (branch)]	0.0000000000	682	552	0	2	25	
<comp5111.assignment.cut.Subject$DateTimeAlgorithms: java.lang.String dayStr(int)>	goto [?= (branch)]	0.0000000000	682	554	0	1	25	
<comp5111.assignment.cut.Subject$DateTimeAlgorithms: java.lang.String dayStr(int)>	if $stack3 != 1 goto $stack4 = l0 % 10	0.0000000000	682	549	0	19	25	
<comp5111.assignment.cut.Subject$DateTimeAlgorithms: java.lang.String dayStr(int)>	if $stack4 != 2 goto $stack5 = l0 % 10	0.0000000000	682	551	0	16	25	
<comp5111.assignment.cut.Subject$DateTimeAlgorithms: java.lang.String dayStr(int)>	if $stack5 != 3 goto l1 = dynamicinvoke "makeConcatWithConstants" <java.lang.String (java.lang.String)>(l1) <java.lang.invoke.StringConcatFactory: java.lang.invoke.CallSite makeConcatWithConstants(java.lang.invoke.MethodHandles$Lookup,java.lang.String,java.lang.invoke.MethodType,java.lang.String,java.lang.Object[])>("\u0001th")	0.0000000000	682	553	0	14	25	
<comp5111.assignment.cut.Subject$DateTimeAlgorithms: java.lang.String dayStr(int)>	if l0 < 11 goto $stack3 = l0 % 10	0.0000000000	682	547	0	19	25	
<comp5111.assignment.cut.Subject$DateTimeAlgorithms: java.lang.String dayStr(int)>	if l0 <= 0 goto l1 = "(invalid)"	0.0000000000	682	558	0	19	25	
<comp5111.assignment.cut.Subject$DateTimeAlgorithms: java.lang.String dayStr(int)>	if l0 <= 31 goto return l1	0.0000000000	682	558	0	16	25	
<comp5111.assignment.cut.Subject$DateTimeAlgorithms: java.lang.String dayStr(int)>	if l0 > 13 goto $stack3 = l0 % 10	0.0000000000	682	547	0	10	25	
<comp5111.assignment.cut.Subject$DateTimeAlgorithms: java.lang.String dayStr(int)>	l1 = "(invalid)"	0.0000000000	682	559	0	12	25	
<comp5111.assignment.cut.Subject$DateTimeAlgorithms: java.lang.String dayStr(int)>	l1 = dynamicinvoke "makeConcatWithConstants" <java.lang.String (int)>(l0) <java.lang.invoke.StringConcatFactory: java.lang.invoke.CallSite makeConcatWithConstants(java.lang.invoke.MethodHandles$Lookup,java.lang.String,java.lang.invoke.MethodType,java.lang.String,java.lang.Object[])>("\u0001")	0.0000000000	682	546	0	19	25	
<comp5111.assignment.cut.Subject$DateTimeAlgorithms: java.lang.String dayStr(int)>	l1 = dynamicinvoke "makeConcatWithConstants" <java.lang.String (java.lang.String)>(l1) <java.lang.invoke.StringConcatFactory: java.lang.invoke.CallSite makeConcatWithConstants(java.lang.invoke.MethodHandles$Lookup,java.lang.String,java.lang.invoke.MethodType,java.lang.String,java.lang.Object[])>("\u0001nd")	0.0000000000	682	552	0	2	25	
<comp5111.assignment.cut.Subject$DateTimeAlgorithms: java.lang.String dayStr(int)>	l1 = dynamicinvoke "makeConcatWithConstants" <java.lang.String (java.lang.String)>(l1) <java.lang.invoke.StringConcatFactory: java.lang.invoke.CallSite makeConcatWithConstants(java.lang.invoke.MethodHandles$Lookup,java.lang.String,java.lang.invoke.MethodType,java.lang.String,java.lang.Object[])>("\u0001rd")	0.0000000000	682	554	0	1	25	
<comp5111.assignment.cut.Subject$DateTimeAlgorithms: java.lang.String dayStr(int)>	l1 = dynamicinvoke "makeConcatWithConstants" <java.lang.String (java.lang.String)>(l1) <java.lang.invoke.StringConcatFactory: java.lang.invoke.CallSite makeConcatWithConstants(java.lang.invoke.MethodHandles$Lookup,java.lang.String,java.lang.invoke.MethodType,java.lang.String,java.lang.Object[])>("\u0001st")	0.0000000000	682	550	0	3	25	
<comp5111.assignment.cut.Subject$DateTimeAlgorithms: java.lang.String dayStr(int)>	l1 = dynamicinvoke "makeConcatWithConstants" <java.lang.String (java.lang.String)>(l1) <java.lang.invoke.StringConcatFactory: java.lang.invoke.CallSite makeConcatWithConstants(java.lang.invoke.MethodHandles$Lookup,java.lang.String,java.lang.invoke.MethodType,java.lang.String,java.lang.Object[])>("\u0001th")	0.0000000000	682	548	0	0	25	
<comp5111.assignment.cut.Subject$DateTimeAlgorithms: java.lang.String dayStr(int)>	l1 = dynamicinvoke "makeConcatWithConstants" <java.lang.String (java.lang.String)>(l1) <java.lang.invoke.StringConcatFactory: java.lang.invoke.CallSite makeConcatWithConstants(java.lang.invoke.MethodHandles$Lookup,java.lang.String,java.lang.invoke.MethodType,java.lang.String,java.lang.Object[])>("\u0001th")	0.0000000000	682	556	0	13	25	
<comp5111.assignment.cut.Subject$DateTimeAlgorithms: java.lang.String dayStr(int)>	return l1	0.0000000000	682	560	0	19	25	
<comp5111.assignment.cut.Subject$DateTimeAlgorithms: java.lang.String firstDayOfMonth(int,int)>	$stack2 = newarray (java.lang.Object)[2]	0.0000000000	682	761	0	4	25	
<comp5111.assignment.cut.Subject$DateTimeAlgorithms: java.lang.String firstDayOfMonth(int,int)>	$stack2[0] = $stack5	0.0000000000	682	761	0	4	25	
<comp5111.assignment.cut.Subject$DateTimeAlgorithms: java.lang.String firstDayOfMonth(int,int)>	$stack2[1] = $stack7	0.0000000000	682	761	0	4	25	
<comp5111.assignment.cut.Subject$DateTimeAlgorithms: java.lang.String firstDayOfMonth(int,int)>	$stack5 = staticinvoke <java.lang.Integer: java.lang.Integer valueOf(int)>(l0)	0.0000000000	682	761	0	4	25	
<comp5111.assignment.cut.Subject$DateTimeAlgorithms: java.lang.String firstDayOfMonth(int,int)>	$stack7 = staticinvoke <java.lang.Integer: java.lang.Integer valueOf(int)>(l1)	0.0000000000	682	761	0	4	25	
<comp5111.assignment.cut.Subject$DateTimeAlgorithms: java.lang.String firstDayOfMonth(int,int)>	$stack8 = staticinvoke <java.lang.String: java.lang.String format(java.lang.String,java.lang.Object[])>("%04d-%02d-01", $stack2)	0.0000000000	682	761	0	4	25	
<comp5111.assignment.cut.Subject$DateTimeAlgorithms: java.lang.String firstDayOfMonth(int,int)>	if l1 < 1 goto return "(invalid)"	0.0000000000	682	759	0	15	25	
<comp5111.assignment.cut.Subject$DateTimeAlgorithms: java.lang.String firstDayOfMonth(int,int)>	if l1 <= 12 goto $stack2 = newarray (java.lang.Object)[2]	0.0000000000	682	759	0	9	25	
<comp5111.assignment.cut.Subject$DateTimeAlgorithms: java.lang.String firstDayOfMonth(int,int)>	return "(invalid)"	0.0000000000	682	760	0	11	25	
<comp5111.assignment.cut.Subject$DateTimeAlgorithms: java.lang.String firstDayOfMonth(int,int)>	return $stack8	0.0000000000	682	761	0	4	25	
<comp5111.assignment.cut.Subject$DateTimeAlgorithms: java.lang.String formatFullDate(int,int,int)>	$stack5 = staticinvoke <comp5111.assignment.cut.Subject$DateTimeAlgorithms: boolean checkValidDate(int,int,int)>(l0, l1, l2)	0.0000000000	682	711	0	15	25	
<comp5111.assignment.cut.Subject$DateTimeAlgorithms: java.lang.String formatFullDate(int,int,int)>	$stack8 = dynamicinvoke "makeConcatWithConstants" <java.lang.String (java.lang.String,java.lang.String,int)>(l3, l4, l0) <java.lang.invoke.StringConcatFactory: java.lang.invoke.CallSite makeConcatWithConstants(java.lang.invoke.MethodHandles$Lookup,java.lang.String,java.lang.invoke.MethodType,java.lang.String,java.lang.Object[])>("\u0001 \u0001 \u0001")	0.0000000000	682	715	0	3	25	
<comp5111.assignment.cut.Subject$DateTimeAlgorithms: java.lang.String formatFullDate(int,int,int)>	if $stack5 != 0 goto l3 = staticinvoke <comp5111.assignment.cut.Subject$DateTimeAlgorithms: java.lang.String dayStr(int)>(l2)	0.0000000000	682	711	0	15	25	
<comp5111.assignment.cut.Subject$DateTimeAlgorithms: java.lang.String formatFullDate(int,int,int)>	l3 = staticinvoke <comp5111.assignment.cut.Subject$DateTimeAlgorithms: java.lang.String dayStr(int)>(l2)	0.0000000000	682	713	0	3	25	
<comp5111.assignment.cut.Subject$DateTimeAlgorithms: java.lang.String formatFullDate(int,int,int)>	l4 = staticinvoke <comp5111.assignment.cut.Subject$DateTimeAlgorithms: java.lang.String month2MonAbbr(int)>(l1)	0.0000000000	682	714	0	3	25	
<comp5111.assignment.cut.Subject$DateTimeAlgorithms: java.lang.String formatFullDate(int,int,int)>	return "(invalid)"	0.0000000000	682	712	0	12	25	
<comp5111.assignment.cut.Subject$DateTimeAlgorithms: java.lang.String formatFullDate(int,int,int)>	return $stack8	0.0000000000	682	715	0	3	25	
<comp5111.assignment.cut.Subject$DateTimeAlgorithms: java.lang.String lastDayOfMonth(int,int)>	$stack11 = staticinvoke <java.lang.Integer: java.lang.Integer valueOf(int)>(l2)	0.0000000000	682	775	0	6	25	
<comp5111.assignment.cut.Subject$DateTimeAlgorithms: java.lang.String lastDayOfMonth(int,int)>	$stack12 = staticinvoke <java.lang.String: java.lang.String format(java.lang.String,java.lang.Object[])>("%04d-%02d-%02d", $stack4)	0.0000000000	682	775	0	6	25	
<comp5111.assignment.cut.Subject$DateTimeAlgorithms: java.lang.String lastDayOfMonth(int,int)>	$stack4 = newarray (java.lang.Object)[3]	0.0000000000	682	775	0	6	25	
<comp5111.assignment.cut.Subject$DateTimeAlgorithms: java.lang.String lastDayOfMonth(int,int)>	$stack4[0] = $stack7	0.0000000000	682	775	0	6	25	
<comp5111.assignment.cut.Subject$DateTimeAlgorithms: java.lang.String lastDayOfMonth(int,int)>	$stack4[1] = $stack9	0.0000000000	682	775	0	6	25	
<comp5111.assignment.cut.Subject$DateTimeAlgorithms: java.lang.String lastDayOfMonth(int,int)>	$stack4[2] = $stack11	0.0000000000	682	775	0	6	25	
<comp5111.assignment.cut.Subject$DateTimeAlgorithms: java.lang.String lastDayOfMonth(int,int)>	$stack7 = staticinvoke <java.lang.Integer: java.lang.Integer valueOf(int)>(l0)	0.0000000000	682	775	0	6	25	
<comp5111.assignment.cut.Subject$DateTimeAlgorithms: java.lang.String lastDayOfMonth(int,int)>	$stack9 = staticinvoke <java.lang.Integer: java.lang.Integer valueOf(int)>(l1)	0.0000000000	682	775	0	6	25	
<comp5111.assignment.cut.Subject$DateTimeAlgorithms: java.lang.String lastDayOfMonth(int,int)>	if l2 != -1 goto $stack4 = newarray (java.lang.Object)[3]	0.0000000000	682	773	0	19	25	
<comp5111.assignment.cut.Subject$DateTimeAlgorithms: java.lang.String lastDayOfMonth(int,int)>	l2 = staticinvoke <comp5111.assignment.cut.Subject$DateTimeAlgorithms: int calcDaysInMonth(int,int)>(l0, l1)	0.0000000000	682	772	0	19	25	
<comp5111.assignment.cut.Subject$DateTimeAlgorithms: java.lang.String lastDayOfMonth(int,int)>	return "(invalid)"	0.0000000000	682	774	0	13	25	
<comp5111.assignment.cut.Subject$DateTimeAlgorithms: java.lang.String lastDayOfMonth(int,int)>	return $stack12	0.0000000000	682	775	0	6	25	
<comp5111.assignment.cut.Subject$DateTimeAlgorithms: java.lang.String month2MonAbbr(int)>	return "(invalid)"	0.0000000000	682	663	0	8	25	
<comp5111.assignment.cut.Subject$DateTimeAlgorithms: java.lang.String month2MonAbbr(int)>	return "Apr"	0.0000000000	682	645	0	2	25	
<comp5111.assignment.cut.Subject$DateTimeAlgorithms: java.lang.String month2MonAbbr(int)>	return "Aug"	0.0000000000	682	653	0	0	25	
<comp5111.assignment.cut.Subject$DateTimeAlgorithms: java.lang.String month2MonAbbr(int)>	return "Dec"	0.0000000000	682	661	0	0	25	
<comp5111.assignment.cut.Subject$DateTimeAlgorithms: java.lang.String month2MonAbbr(int)>	return "Feb"	0.0000000000	682	641	0	0	25	
<comp5111.assignment.cut.Subject$DateTimeAlgorithms: java.lang.String month2MonAbbr(int)>	return "Jan"	0.0000000000	682	639	0	2	25	
<comp5111.assignment.cut.Subject$DateTimeAlgorithms: java.lang.String month2MonAbbr(int)>	return "Jul"	0.0000000000	682	651	0	0	25	
<comp5111.assignment.cut.Subject$DateTimeAlgorithms: java.lang.String month2MonAbbr(int)>	return "Jun"	0.0000000000	682	649	0	0	25	
<comp5111.assignment.cut.Subject$DateTimeAlgorithms: java.lang.String month2MonAbbr(int)>	return "Mar"	0.0000000000	682	643	0	0	25	
<comp5111.assignment.cut.Subject$DateTimeAlgorithms: java.lang.String month2MonAbbr(int)>	return "May"	0.0000000000	682	647	0	0	25	
<comp5111.assignment.cut.Subject$DateTimeAlgorithms: java.lang.String month2MonAbbr(int)>	return "Nov"	0.0000000000	682	659	0	1	25	
<comp5111.assignment.cut.Subject$DateTimeAlgorithms: java.lang.String month2MonAbbr(int)>	return "Oct"	0.0000000000	682	657	0	2	25	
<comp5111.assignment.cut.Subject$DateTimeAlgorithms: java.lang.String month2MonAbbr(int)>	return "Sep"	0.0000000000	682	655	0	0	25	
<comp5111.assignment.cut.Subject$DateTimeAlgorithms: java.lang.String month2MonAbbr(int)>	tableswitch(l0) {     case 1: goto return "Jan";     case 2: goto return "Feb";     case 3: goto return "Mar";     case 4: goto return "Apr";     case 5: goto return "May";     case 6: goto return "Jun";     case 7: goto return "Jul";     case 8: goto return "Aug";     case 9: goto return "Sep";     case 10: goto return "Oct";     case 11: goto return "Nov";     case 12: goto return "Dec";     default: goto return "(invalid)"; }	0.0000000000	682	637	0	15	25	
<comp5111.assignment.cut.Subject$DateTimeAlgorithms: java.lang.String roundSecondToString(long)>	$stack10 = l0 cmp 60L	0.0000000000	682	528	0	11	25	
<comp5111.assignment.cut.Subject$DateTimeAlgorithms: java.lang.String roundSecondToString(long)>	$stack11 = staticinvoke <java.lang.Math: long round(double)>(l2)	0.0000000000	682	534	0	11	25	
<comp5111.assignment.cut.Subject$DateTimeAlgorithms: java.lang.String roundSecondToString(long)>	$stack12 = dynamicinvoke "makeConcatWithConstants" <java.lang.String (long,java.lang.String)>($stack11, l4) <java.lang.invoke.StringConcatFactory: java.lang.invoke.CallSite makeConcatWithConstants(java.lang.invoke.MethodHandles$Lookup,java.lang.String,java.lang.invoke.MethodType,java.lang.String,java.lang.Object[])>("\u0001 \u0001")	0.0000000000	682	534	0	11	25	
<comp5111.assignment.cut.Subject$DateTimeAlgorithms: java.lang.String roundSecondToString(long)>	$stack13 = (double) l0	0.0000000000	682	529	0	2	25	
<comp5111.assignment.cut.Subject$DateTimeAlgorithms: java.lang.String roundSecondToString(long)>	$stack16 = (double) l0	0.0000000000	682	526	0	0	25	
<comp5111.assignment.cut.Subject$DateTimeAlgorithms: java.lang.String roundSecondToString(long)>	$stack17 = $stack16 / 60.0	0.0000000000	682	526	0	0	25	
<comp5111.assignment.cut.Subject$DateTimeAlgorithms: java.lang.String roundSecondToString(long)>	$stack18 = (double) l0	0.0000000000	682	523	0	0	25	
<comp5111.assignment.cut.Subject$DateTimeAlgorithms: java.lang.String roundSecondToString(long)>	$stack19 = $stack18 / 24.0	0.0000000000	682	523	0	0	25	
<comp5111.assignment.cut.Subject$DateTimeAlgorithms: java.lang.String roundSecondToString(long)>	$stack20 = $stack19 / 60.0	0.0000000000	682	523	0	0	25	
<comp5111.assignment.cut.Subject$DateTimeAlgorithms: java.lang.String roundSecondToString(long)>	$stack21 = (double) l0	0.0000000000	682	520	0	0	25	
<comp5111.assignment.cut.Subject$DateTimeAlgorithms: java.lang.String roundSecondToString(long)>	$stack22 = $stack21 / 7.0	0.0000000000	682	520	0	0	25	
<comp5111.assignment.cut.Subject$DateTimeAlgorithms: java.lang.String roundSecondToString(long)>	$stack23 = $stack22 / 24.0	0.0000000000	682	520	0	0	25	
<comp5111.assignment.cut.Subject$DateTimeAlgorithms: java.lang.String roundSecondToString(long)>	$stack24 = $stack23 / 60.0	0.0000000000	682	520	0	0	25	
<comp5111.assignment.cut.Subject$DateTimeAlgorithms: java.lang.String roundSecondToString(long)>	$stack25 = (double) l0	0.0000000000	682	517	0	0	25	
<comp5111.assignment.cut.Subject$DateTimeAlgorithms: java.lang.String roundSecondToString(long)>	$stack26 = $stack25 / 365.0	0.0000000000	682	517	0	0	25	
<comp5111.assignment.cut.Subject$DateTimeAlgorithms: java.lang.String roundSecondToString(long)>	$stack27 = $stack26 / 24.0	0.0000000000	682	517	0	0	25	
<comp5111.assignment.cut.Subject$DateTimeAlgorithms: java.lang.String roundSecondToString(long)>	$stack28 = $stack27 / 60.0	0.0000000000	682	517	0	0	25	
<comp5111.assignment.cut.Subject$DateTimeAlgorithms: java.lang.String roundSecondToString(long)>	$stack5 = (double) l0	0.0000000000	682	516	0	11	25	
<comp5111.assignment.cut.Subject$DateTimeAlgorithms: java.lang.String roundSecondToString(long)>	$stack6 = $stack5 cmpl 3.1536E7	0.0000000000	682	516	0	11	25	
<comp5111.assignment.cut.Subject$DateTimeAlgorithms: java.lang.String roundSecondToString(long)>	$stack7 = l0 cmp 604800L	0.0000000000	682	519	0	11	25	
<comp5111.assignment.cut.Subject$DateTimeAlgorithms: java.lang.String roundSecondToString(long)>	$stack8 = l0 cmp 86400L	0.0000000000	682	522	0	11	25	
<comp5111.assignment.cut.Subject$DateTimeAlgorithms: java.lang.String roundSecondToString(long)>	$stack9 = l0 cmp 3600L	0.0000000000	682	525	0	11	25	
<comp5111.assignment.cut.Subject$DateTimeAlgorithms: java.lang.String roundSecondToString(long)>	goto [?= $stack11 = staticinvoke <java.lang.Math: long round(double)>(l2)]	0.0000000000	682	518	0	0	25	
<comp5111.assignment.cut.Subject$DateTimeAlgorithms: java.lang.String roundSecondToString(long)>	goto [?= $stack11 = staticinvoke <java.lang.Math: long round(double)>(l2)]	0.0000000000	682	521	0	0	25	
<comp5111.assignment.cut.Subject$DateTimeAlgorithms: java.lang.String roundSecondToString(long)>	goto [?= $stack11 = staticinvoke <java.lang.Math: long round(double)>(l2)]	0.0000000000	682	524	0	0	25	
<comp5111.assignment.cut.Subject$DateTimeAlgorithms: java.lang.String roundSecondToString(long)>	goto [?= $stack11 = staticinvoke <java.lang.Math: long round(double)>(l2)]	0.0000000000	682	527	0	0	25	
<comp5111.assignment.cut.Subject$DateTimeAlgorithms: java.lang.String roundSecondToString(long)>	goto [?= $stack11 = staticinvoke <java.lang.Math: long round(double)>(l2)]	0.0000000000	682	530	0	2	25	
<comp5111.assignment.cut.Subject$DateTimeAlgorithms: java.lang.String roundSecondToString(long)>	if $stack10 < 0 goto l2 = (double) l0	0.0000000000	682	528	0	11	25	
<comp5111.assignment.cut.Subject$DateTimeAlgorithms: java.lang.String roundSecondToString(long)>	if $stack6 < 0 goto $stack7 = l0 cmp 604800L	0.0000000000	682	516	0	11	25	
<comp5111.assignment.cut.Subject$DateTimeAlgorithms: java.lang.String roundSecondToString(long)>	if $stack7 < 0 goto $stack8 = l0 cmp 86400L	0.0000000000	682	519	0	11	25	
<comp5111.assignment.cut.Subject$DateTimeAlgorithms: java.lang.String roundSecondToString(long)>	if $stack8 < 0 goto $stack9 = l0 cmp 3600L	0.0000000000	682	522	0	11	25	
<comp5111.assignment.cut.Subject$DateTimeAlgorithms: java.lang.String roundSecondToString(long)>	if $stack9 < 0 goto $stack10 = l0 cmp 60L	0.0000000000	682	525	0	11	25	
<comp5111.assignment.cut.Subject$DateTimeAlgorithms: java.lang.String roundSecondToString(long)>	l2 = $stack13 / 60.0	0.0000000000	682	529	0	2	25	
<comp5111.assignment.cut.Subject$DateTimeAlgorithms: java.lang.String roundSecondToString(long)>	l2 = $stack17 / 60.0	0.0000000000	682	526	0	0	25	
<comp5111.assignment.cut.Subject$DateTimeAlgorithms: java.lang.String roundSecondToString(long)>	l2 = $stack20 / 60.0	0.0000000000	682	523	0	0	25	
<comp5111.assignment.cut.Subject$DateTimeAlgorithms: java.lang.String roundSecondToString(long)>	l2 = $stack24 / 60.0	0.0000000000	682	520	0	0	25	
<comp5111.assignment.cut.Subject$DateTimeAlgorithms: java.lang.String roundSecondToString(long)>	l2 = $stack28 / 60.0	0.0000000000	682	517	0	0	25	
<comp5111.assignment.cut.Subject$DateTimeAlgorithms: java.lang.String roundSecondToString(long)>	l2 = (double) l0	0.0000000000	682	531	0	9	25	
<comp5111.assignment.cut.Subject$DateTimeAlgorithms: java.lang.String roundSecondToString(long)>	l4 = "D"	0.0000000000	682	524	0	0	25	
<comp5111.assignment.cut.Subject$DateTimeAlgorithms: java.lang.String roundSecondToString(long)>	l4 = "H"	0.0000000000	682	527	0	0	25	
<comp5111.assignment.cut.Subject$DateTimeAlgorithms: java.lang.String roundSecondToString(long)>	l4 = "M"	0.0000000000	682	530	0	2	25	
<comp5111.assignment.cut.Subject$DateTimeAlgorithms: java.lang.String roundSecondToString(long)>	l4 = "S"	0.0000000000	682	532	0	9	25	
<comp5111.assignment.cut.Subject$DateTimeAlgorithms: java.lang.String roundSecondToString(long)>	l4 = "W"	0.0000000000	682	521	0	0	25	
<comp5111.assignment.cut.Subject$DateTimeAlgorithms: java.lang.String roundSecondToString(long)>	l4 = "Y"	0.0000000000	682	518	0	0	25	
<comp5111.assignment.cut.Subject$DateTimeAlgorithms: java.lang.String roundSecondToString(long)>	return $stack12	0.0000000000	682	534	0	11	25	
<comp5111.assignment.cut.Subject$DateTimeAlgorithms: java.util.List listDatesBetween(int,int,int,int,int,int)>	$stack10 = new java.util.ArrayList	0.0000000000	682	732	0	24	25	
<comp5111.assignment.cut.Subject$DateTimeAlgorithms: java.util.List listDatesBetween(int,int,int,int,int,int)>	$stack11 = staticinvoke <comp5111.assignment.cut.Subject$DateTimeAlgorithms: boolean checkValidDate(int,int,int)>(l0, l1, l2)	0.0000000000	682	733	0	24	25	
<comp5111.assignment.cut.Subject$DateTimeAlgorithms: java.util.List listDatesBetween(int,int,int,int,int,int)>	$stack12 = staticinvoke <comp5111.assignment.cut.Subject$DateTimeAlgorithms: boolean checkValidDate(int,int,int)>(l3, l4, l5)	0.0000000000	682	733	0	1	25	
<comp5111.assignment.cut.Subject$DateTimeAlgorithms: java.util.List listDatesBetween(int,int,int,int,int,int)>	$stack15 = l1 - 1	0.0000000000	682	737	0	0	25	
<comp5111.assignment.cut.Subject$DateTimeAlgorithms: java.util.List listDatesBetween(int,int,int,int,int,int)>	$stack16 = l4 - 1	0.0000000000	682	739	0	0	25	
<comp5111.assignment.cut.Subject$DateTimeAlgorithms: java.util.List listDatesBetween(int,int,int,int,int,int)>	$stack17 = virtualinvoke l7.<java.util.Calendar: boolean after(java.lang.Object)>(l8)	0.0000000000	682	741	0	0	25	
<comp5111.assignment.cut.Subject$DateTimeAlgorithms: java.util.List listDatesBetween(int,int,int,int,int,int)>	$stack18 = new java.text.SimpleDateFormat	0.0000000000	682	743	0	0	25	
<comp5111.assignment.cut.Subject$DateTimeAlgorithms: java.util.List listDatesBetween(int,int,int,int,int,int)>	$stack19 = virtualinvoke l7.<java.util.Calendar: boolean after(java.lang.Object)>(l8)	0.0000000000	682	744	0	0	25	
<comp5111.assignment.cut.Subject$DateTimeAlgorithms: java.util.List listDatesBetween(int,int,int,int,int,int)>	$stack20 = virtualinvoke l7.<java.util.Calendar: java.util.Date getTime()>()	0.0000000000	682	745	0	0	25	
<comp5111.assignment.cut.Subject$DateTimeAlgorithms: java.util.List listDatesBetween(int,int,int,int,int,int)>	$stack21 = virtualinvoke l9.<java.text.SimpleDateFormat: java.lang.String format(java.util.Date)>($stack20)	0.0000000000	682	745	0	0	25	
<comp5111.assignment.cut.Subject$DateTimeAlgorithms: java.util.List listDatesBetween(int,int,int,int,int,int)>	goto [?= staticinvoke <comp5111.assignment.CoverageRuntime: void hit(java.lang.String)>("<comp5111.assignment.cut.Subject$DateTimeAlgorithms: java.util.List listDatesBetween(int,int,int,int,int,int)> ::: 28")]	0.0000000000	682	746	0	0	25	
<comp5111.assignment.cut.Subject$DateTimeAlgorithms: java.util.List listDatesBetween(int,int,int,int,int,int)>	if $stack11 == 0 goto return l6	0.0000000000	682	733	0	24	25	
<comp5111.assignment.cut.Subject$DateTimeAlgorithms: java.util.List listDatesBetween(int,int,int,int,int,int)>	if $stack12 != 0 goto l7 = staticinvoke <java.util.Calendar: java.util.Calendar getInstance()>()	0.0000000000	682	733	0	1	25	
<comp5111.assignment.cut.Subject$DateTimeAlgorithms: java.util.List listDatesBetween(int,int,int,int,int,int)>	if $stack17 == 0 goto $stack18 = new java.text.SimpleDateFormat	0.0000000000	682	741	0	0	25	
<comp5111.assignment.cut.Subject$DateTimeAlgorithms: java.util.List listDatesBetween(int,int,int,int,int,int)>	if $stack19 != 0 goto return l6	0.0000000000	682	744	0	0	25	
<comp5111.assignment.cut.Subject$DateTimeAlgorithms: java.util.List listDatesBetween(int,int,int,int,int,int)>	interfaceinvoke l6.<java.util.List: boolean add(java.lang.Object)>($stack21)	0.0000000000	682	745	0	0	25	
<comp5111.assignment.cut.Subject$DateTimeAlgorithms: java.util.List listDatesBetween(int,int,int,int,int,int)>	l6 = $stack10	0.0000000000	682	732	0	24	25	
<comp5111.assignment.cut.Subject$DateTimeAlgorithms: java.util.List listDatesBetween(int,int,int,int,int,int)>	l7 = staticinvoke <java.util.Calendar: java.util.Calendar getInstance()>()	0.0000000000	682	735	0	0	25	
<comp5111.assignment.cut.Subject$DateTimeAlgorithms: java.util.List listDatesBetween(int,int,int,int,int,int)>	l8 = staticinvoke <java.util.Calendar: java.util.Calendar getInstance()>()	0.0000000000	682	736	0	0	25	
<comp5111.assignment.cut.Subject$DateTimeAlgorithms: java.util.List listDatesBetween(int,int,int,int,int,int)>	l9 = $stack18	0.0000000000	682	743	0	0	25	
<comp5111.assignment.cut.Subject$DateTimeAlgorithms: java.util.List listDatesBetween(int,int,int,int,int,int)>	return l6	0.0000000000	682	734	0	24	25	
<comp5111.assignment.cut.Subject$DateTimeAlgorithms: java.util.List listDatesBetween(int,int,int,int,int,int)>	return l6	0.0000000000	682	742	0	0	25	
<comp5111.assignment.cut.Subject$DateTimeAlgorithms: java.util.List listDatesBetween(int,int,int,int,int,int)>	return l6	0.0000000000	682	748	0	0	25	
<comp5111.assignment.cut.Subject$DateTimeAlgorithms: java.util.List listDatesBetween(int,int,int,int,int,int)>	specialinvoke $stack10.<java.util.ArrayList: void <init>()>()	0.0000000000	682	732	0	24	25	
<comp5111.assignment.cut.Subject$DateTimeAlgorithms: java.util.List listDatesBetween(int,int,int,int,int,int)>	specialinvoke $stack18.<java.text.SimpleDateFormat: void <init>(java.lang.String)>("yyyy-MM-dd")	0.0000000000	682	743	0	0	25	
<comp5111.assignment.cut.Subject$DateTimeAlgorithms: java.util.List listDatesBetween(int,int,int,int,int,int)>	virtualinvoke l7.<java.util.Calendar: void add(int,int)>(5, 1)	0.0000000000	682	746	0	0	25	
<comp5111.assignment.cut.Subject$DateTimeAlgorithms: java.util.List listDatesBetween(int,int,int,int,int,int)>	virtualinvoke l7.<java.util.Calendar: void set(int,int)>(14, 0)	0.0000000000	682	738	0	0	25	
<comp5111.assignment.cut.Subject$DateTimeAlgorithms: java.util.List listDatesBetween(int,int,int,int,int,int)>	virtualinvoke l7.<java.util.Calendar: void set(int,int,int,int,int,int)>(l0, $stack15, l2, 0, 0, 0)	0.0000000000	682	737	0	0	25	
<comp5111.assignment.cut.Subject$DateTimeAlgorithms: java.util.List listDatesBetween(int,int,int,int,int,int)>	virtualinvoke l8.<java.util.Calendar: void set(int,int)>(14, 0)	0.0000000000	682	740	0	0	25	
<comp5111.assignment.cut.Subject$DateTimeAlgorithms: java.util.List listDatesBetween(int,int,int,int,int,int)>	virtualinvoke l8.<java.util.Calendar: void set(int,int,int,int,int,int)>(l3, $stack16, l5, 0, 0, 0)	0.0000000000	682	739	0	0	25	
<comp5111.assignment.cut.Subject$DateTimeAlgorithms: void <init>()>	return	0.0000000000	682	429	0	1	25	
<comp5111.assignment.cut.Subject$DateTimeAlgorithms: void <init>()>	specialinvoke l0.<java.lang.Object: void <init>()>()	0.0000000000	682	429	0	1	25	
<comp5111.assignment.cut.Subject$GameConfiguration: boolean isBoardFull()>	$stack10 = $stack9[l1]	0.0000000000	682	1281	0	0	25	
<comp5111.assignment.cut.Subject$GameConfiguration: boolean isBoardFull()>	$stack11 = $stack10[l2]	0.0000000000	682	1281	0	0	25	
<comp5111.assignment.cut.Subject$GameConfiguration: boolean isBoardFull()>	$stack14 = l0.<comp5111.assignment.cut.Subject$GameConfiguration: comp5111.assignment.cut.Subject$GamePlace centralPlace>	0.0000000000	682	1281	0	0	25	
<comp5111.assignment.cut.Subject$GameConfiguration: boolean isBoardFull()>	$stack15 = virtualinvoke $stack14.<comp5111.assignment.cut.Subject$GamePlace: int y()>()	0.0000000000	682	1281	0	0	25	
<comp5111.assignment.cut.Subject$GameConfiguration: boolean isBoardFull()>	$stack3 = l0.<comp5111.assignment.cut.Subject$GameConfiguration: int size>	0.0000000000	682	1279	0	0	25	
<comp5111.assignment.cut.Subject$GameConfiguration: boolean isBoardFull()>	$stack4 = l0.<comp5111.assignment.cut.Subject$GameConfiguration: int size>	0.0000000000	682	1280	0	0	25	
<comp5111.assignment.cut.Subject$GameConfiguration: boolean isBoardFull()>	$stack7 = l0.<comp5111.assignment.cut.Subject$GameConfiguration: comp5111.assignment.cut.Subject$GamePlace centralPlace>	0.0000000000	682	1281	0	0	25	
<comp5111.assignment.cut.Subject$GameConfiguration: boolean isBoardFull()>	$stack8 = virtualinvoke $stack7.<comp5111.assignment.cut.Subject$GamePlace: int x()>()	0.0000000000	682	1281	0	0	25	
<comp5111.assignment.cut.Subject$GameConfiguration: boolean isBoardFull()>	$stack9 = l0.<comp5111.assignment.cut.Subject$GameConfiguration: comp5111.assignment.cut.Subject$GamePlayer[][] initialBoard>	0.0000000000	682	1281	0	0	25	
<comp5111.assignment.cut.Subject$GameConfiguration: boolean isBoardFull()>	goto [?= staticinvoke <comp5111.assignment.CoverageRuntime: void hit(java.lang.String)>("<comp5111.assignment.cut.Subject$GameConfiguration: boolean isBoardFull()> ::: 2")]	0.0000000000	682	1279	0	0	25	
<comp5111.assignment.cut.Subject$GameConfiguration: boolean isBoardFull()>	goto [?= staticinvoke <comp5111.assignment.CoverageRuntime: void hit(java.lang.String)>("<comp5111.assignment.cut.Subject$GameConfiguration: boolean isBoardFull()> ::: 5")]	0.0000000000	682	1280	0	0	25	
<comp5111.assignment.cut.Subject$GameConfiguration: boolean isBoardFull()>	if $stack11 != null goto l2 = l2 + 1	0.0000000000	682	1281	0	0	25	
<comp5111.assignment.cut.Subject$GameConfiguration: boolean isBoardFull()>	if l1 != $stack8 goto $stack9 = l0.<comp5111.assignment.cut.Subject$GameConfiguration: comp5111.assignment.cut.Subject$GamePlayer[][] initialBoard>	0.0000000000	682	1281	0	0	25	
<comp5111.assignment.cut.Subject$GameConfiguration: boolean isBoardFull()>	if l1 >= $stack3 goto return 1	0.0000000000	682	1279	0	0	25	
<comp5111.assignment.cut.Subject$GameConfiguration: boolean isBoardFull()>	if l2 == $stack15 goto l2 = l2 + 1	0.0000000000	682	1281	0	0	25	
<comp5111.assignment.cut.Subject$GameConfiguration: boolean isBoardFull()>	if l2 >= $stack4 goto l1 = l1 + 1	0.0000000000	682	1280	0	0	25	
<comp5111.assignment.cut.Subject$GameConfiguration: boolean isBoardFull()>	l1 = 0	0.0000000000	682	1279	0	0	25	
<comp5111.assignment.cut.Subject$GameConfiguration: boolean isBoardFull()>	l1 = l1 + 1	0.0000000000	682	1279	0	0	25	
<comp5111.assignment.cut.Subject$GameConfiguration: boolean isBoardFull()>	l2 = 0	0.0000000000	682	1280	0	0	25	
<comp5111.assignment.cut.Subject$GameConfiguration: boolean isBoardFull()>	l2 = l2 + 1	0.0000000000	682	1280	0	0	25	
<comp5111.assignment.cut.Subject$GameConfiguration: boolean isBoardFull()>	return 0	0.0000000000	682	1282	0	0	25	
<comp5111.assignment.cut.Subject$GameConfiguration: boolean isBoardFull()>	return 1	0.0000000000	682	1286	0	0	25	
<comp5111.assignment.cut.Subject$GameConfiguration: boolean isBoardSymmetric()>	$stack10 = $stack9[l1]	0.0000000000	682	1243	0	0	25	
<comp5111.assignment.cut.Subject$GameConfiguration: boolean isBoardSymmetric()>	$stack11 = l0.<comp5111.assignment.cut.Subject$GameConfiguration: comp5111.assignment.cut.Subject$GamePlayer[][] initialBoard>	0.0000000000	682	1244	0	0	25	
<comp5111.assignment.cut.Subject$GameConfiguration: boolean isBoardSymmetric()>	$stack12 = $stack11[l2]	0.0000000000	682	1244	0	0	25	
<comp5111.assignment.cut.Subject$GameConfiguration: boolean isBoardSymmetric()>	$stack15 = virtualinvoke l3.<comp5111.assignment.cut.Subject$GamePlayer: boolean equals(java.lang.Object)>(l4)	0.0000000000	682	1247	0	0	25	
<comp5111.assignment.cut.Subject$GameConfiguration: boolean isBoardSymmetric()>	$stack5 = l0.<comp5111.assignment.cut.Subject$GameConfiguration: int size>	0.0000000000	682	1241	0	0	25	
<comp5111.assignment.cut.Subject$GameConfiguration: boolean isBoardSymmetric()>	$stack6 = l0.<comp5111.assignment.cut.Subject$GameConfiguration: int size>	0.0000000000	682	1242	0	0	25	
<comp5111.assignment.cut.Subject$GameConfiguration: boolean isBoardSymmetric()>	$stack9 = l0.<comp5111.assignment.cut.Subject$GameConfiguration: comp5111.assignment.cut.Subject$GamePlayer[][] initialBoard>	0.0000000000	682	1243	0	0	25	
<comp5111.assignment.cut.Subject$GameConfiguration: boolean isBoardSymmetric()>	goto [?= staticinvoke <comp5111.assignment.CoverageRuntime: void hit(java.lang.String)>("<comp5111.assignment.cut.Subject$GameConfiguration: boolean isBoardSymmetric()> ::: 2")]	0.0000000000	682	1241	0	0	25	
<comp5111.assignment.cut.Subject$GameConfiguration: boolean isBoardSymmetric()>	goto [?= staticinvoke <comp5111.assignment.CoverageRuntime: void hit(java.lang.String)>("<comp5111.assignment.cut.Subject$GameConfiguration: boolean isBoardSymmetric()> ::: 5")]	0.0000000000	682	1242	0	0	25	
<comp5111.assignment.cut.Subject$GameConfiguration: boolean isBoardSymmetric()>	if $stack15 != 0 goto l2 = l2 + 1	0.0000000000	682	1247	0	0	25	
<comp5111.assignment.cut.Subject$GameConfiguration: boolean isBoardSymmetric()>	if l1 >= $stack5 goto return 1	0.0000000000	682	1241	0	0	25	
<comp5111.assignment.cut.Subject$GameConfiguration: boolean isBoardSymmetric()>	if l2 >= $stack6 goto l1 = l1 + 1	0.0000000000	682	1242	0	0	25	
<comp5111.assignment.cut.Subject$GameConfiguration: boolean isBoardSymmetric()>	if l3 != null goto (branch)	0.0000000000	682	1245	0	0	25	
<comp5111.assignment.cut.Subject$GameConfiguration: boolean isBoardSymmetric()>	if l3 == null goto l2 = l2 + 1	0.0000000000	682	1247	0	0	25	
<comp5111.assignment.cut.Subject$GameConfiguration: boolean isBoardSymmetric()>	if l4 == null goto (branch)	0.0000000000	682	1245	0	0	25	
<comp5111.assignment.cut.Subject$GameConfiguration: boolean isBoardSymmetric()>	l1 = 0	0.0000000000	682	1241	0	0	25	
<comp5111.assignment.cut.Subject$GameConfiguration: boolean isBoardSymmetric()>	l1 = l1 + 1	0.0000000000	682	1241	0	0	25	
<comp5111.assignment.cut.Subject$GameConfiguration: boolean isBoardSymmetric()>	l2 = 0	0.0000000000	682	1242	0	0	25	
<comp5111.assignment.cut.Subject$GameConfiguration: boolean isBoardSymmetric()>	l2 = l2 + 1	0.0000000000	682	1242	0	0	25	
<comp5111.assignment.cut.Subject$GameConfiguration: boolean isBoardSymmetric()>	l3 = $stack10[l2]	0.0000000000	682	1243	0	0	25	
<comp5111.assignment.cut.Subject$GameConfiguration: boolean isBoardSymmetric()>	l4 = $stack12[l1]	0.0000000000	682	1244	0	0	25	
<comp5111.assignment.cut.Subject$GameConfiguration: boolean isBoardSymmetric()>	return 0	0.0000000000	682	1246	0	0	25	
<comp5111.assignment.cut.Subject$GameConfiguration: boolean isBoardSymmetric()>	return 0	0.0000000000	682	1248	0	0	25	
<comp5111.assignment.cut.Subject$GameConfiguration: boolean isBoardSymmetric()>	return 1	0.0000000000	682	1251	0	0	25	
<comp5111.assignment.cut.Subject$GameConfiguration: boolean isOccupied(comp5111.assignment.cut.Subject$GamePlace)>	$stack10 = virtualinvoke l1.<comp5111.assignment.cut.Subject$GamePlace: int x()>()	0.0000000000	682	1209	0	0	25	
<comp5111.assignment.cut.Subject$GameConfiguration: boolean isOccupied(comp5111.assignment.cut.Subject$GamePlace)>	$stack11 = $stack9[$stack10]	0.0000000000	682	1209	0	0	25	
<comp5111.assignment.cut.Subject$GameConfiguration: boolean isOccupied(comp5111.assignment.cut.Subject$GamePlace)>	$stack12 = virtualinvoke l1.<comp5111.assignment.cut.Subject$GamePlace: int y()>()	0.0000000000	682	1209	0	0	25	
<comp5111.assignment.cut.Subject$GameConfiguration: boolean isOccupied(comp5111.assignment.cut.Subject$GamePlace)>	$stack13 = $stack11[$stack12]	0.0000000000	682	1209	0	0	25	
<comp5111.assignment.cut.Subject$GameConfiguration: boolean isOccupied(comp5111.assignment.cut.Subject$GamePlace)>	$stack14 = 0	0.0000000000	682	1209	0	0	25	
<comp5111.assignment.cut.Subject$GameConfiguration: boolean isOccupied(comp5111.assignment.cut.Subject$GamePlace)>	$stack14 = 1	0.0000000000	682	1209	0	0	25	
<comp5111.assignment.cut.Subject$GameConfiguration: boolean isOccupied(comp5111.assignment.cut.Subject$GamePlace)>	$stack2 = virtualinvoke l1.<comp5111.assignment.cut.Subject$GamePlace: int x()>()	0.0000000000	682	1206	0	0	25	
<comp5111.assignment.cut.Subject$GameConfiguration: boolean isOccupied(comp5111.assignment.cut.Subject$GamePlace)>	$stack3 = virtualinvoke l1.<comp5111.assignment.cut.Subject$GamePlace: int x()>()	0.0000000000	682	1206	0	0	25	
<comp5111.assignment.cut.Subject$GameConfiguration: boolean isOccupied(comp5111.assignment.cut.Subject$GamePlace)>	$stack4 = l0.<comp5111.assignment.cut.Subject$GameConfiguration: int size>	0.0000000000	682	1206	0	0	25	
<comp5111.assignment.cut.Subject$GameConfiguration: boolean isOccupied(comp5111.assignment.cut.Subject$GamePlace)>	$stack6 = virtualinvoke l1.<comp5111.assignment.cut.Subject$GamePlace: int y()>()	0.0000000000	682	1206	0	0	25	
<comp5111.assignment.cut.Subject$GameConfiguration: boolean isOccupied(comp5111.assignment.cut.Subject$GamePlace)>	$stack7 = virtualinvoke l1.<comp5111.assignment.cut.Subject$GamePlace: int y()>()	0.0000000000	682	1206	0	0	25	
<comp5111.assignment.cut.Subject$GameConfiguration: boolean isOccupied(comp5111.assignment.cut.Subject$GamePlace)>	$stack8 = l0.<comp5111.assignment.cut.Subject$GameConfiguration: int size>	0.0000000000	682	1206	0	0	25	
<comp5111.assignment.cut.Subject$GameConfiguration: boolean isOccupied(comp5111.assignment.cut.Subject$GamePlace)>	$stack9 = l0.<comp5111.assignment.cut.Subject$GameConfiguration: comp5111.assignment.cut.Subject$GamePlayer[][] initialBoard>	0.0000000000	682	1209	0	0	25	
<comp5111.assignment.cut.Subject$GameConfiguration: boolean isOccupied(comp5111.assignment.cut.Subject$GamePlace)>	goto [?= return $stack14]	0.0000000000	682	1209	0	0	25	
<comp5111.assignment.cut.Subject$GameConfiguration: boolean isOccupied(comp5111.assignment.cut.Subject$GamePlace)>	if $stack13 == null goto $stack14 = 0	0.0000000000	682	1209	0	0	25	
<comp5111.assignment.cut.Subject$GameConfiguration: boolean isOccupied(comp5111.assignment.cut.Subject$GamePlace)>	if $stack2 < 0 goto return 1	0.0000000000	682	1206	0	0	25	
<comp5111.assignment.cut.Subject$GameConfiguration: boolean isOccupied(comp5111.assignment.cut.Subject$GamePlace)>	if $stack3 >= $stack4 goto return 1	0.0000000000	682	1206	0	0	25	
<comp5111.assignment.cut.Subject$GameConfiguration: boolean isOccupied(comp5111.assignment.cut.Subject$GamePlace)>	if $stack6 < 0 goto return 1	0.0000000000	682	1206	0	0	25	
<comp5111.assignment.cut.Subject$GameConfiguration: boolean isOccupied(comp5111.assignment.cut.Subject$GamePlace)>	if $stack7 < $stack8 goto $stack9 = l0.<comp5111.assignment.cut.Subject$GameConfiguration: comp5111.assignment.cut.Subject$GamePlayer[][] initialBoard>	0.0000000000	682	1206	0	0	25	
<comp5111.assignment.cut.Subject$GameConfiguration: boolean isOccupied(comp5111.assignment.cut.Subject$GamePlace)>	return $stack14	0.0000000000	682	1209	0	0	25	
<comp5111.assignment.cut.Subject$GameConfiguration: boolean isOccupied(comp5111.assignment.cut.Subject$GamePlace)>	return 1	0.0000000000	682	1207	0	0	25	
<comp5111.assignment.cut.Subject$GameConfiguration: comp5111.assignment.cut.Subject$GameConfiguration clone()>	$stack10 = virtualinvoke $stack9.<java.lang.Object: java.lang.Object clone()>()	0.0000000000	682	1108	0	0	25	
<comp5111.assignment.cut.Subject$GameConfiguration: comp5111.assignment.cut.Subject$GameConfiguration clone()>	$stack11 = (comp5111.assignment.cut.Subject$GamePlayer[][]) $stack10	0.0000000000	682	1108	0	0	25	
<comp5111.assignment.cut.Subject$GameConfiguration: comp5111.assignment.cut.Subject$GameConfiguration clone()>	$stack12 = l0.<comp5111.assignment.cut.Subject$GameConfiguration: int size>	0.0000000000	682	1109	0	0	25	
<comp5111.assignment.cut.Subject$GameConfiguration: comp5111.assignment.cut.Subject$GameConfiguration clone()>	$stack13 = l0.<comp5111.assignment.cut.Subject$GameConfiguration: comp5111.assignment.cut.Subject$GamePlace centralPlace>	0.0000000000	682	1113	0	0	25	
<comp5111.assignment.cut.Subject$GameConfiguration: comp5111.assignment.cut.Subject$GameConfiguration clone()>	$stack14 = virtualinvoke $stack13.<comp5111.assignment.cut.Subject$GamePlace: comp5111.assignment.cut.Subject$GamePlace clone()>()	0.0000000000	682	1113	0	0	25	
<comp5111.assignment.cut.Subject$GameConfiguration: comp5111.assignment.cut.Subject$GameConfiguration clone()>	$stack15 = l0.<comp5111.assignment.cut.Subject$GameConfiguration: comp5111.assignment.cut.Subject$GamePlayer[][] initialBoard>	0.0000000000	682	1110	0	0	25	
<comp5111.assignment.cut.Subject$GameConfiguration: comp5111.assignment.cut.Subject$GameConfiguration clone()>	$stack16 = $stack15[l2]	0.0000000000	682	1110	0	0	25	
<comp5111.assignment.cut.Subject$GameConfiguration: comp5111.assignment.cut.Subject$GameConfiguration clone()>	$stack17 = l1.<comp5111.assignment.cut.Subject$GameConfiguration: comp5111.assignment.cut.Subject$GamePlayer[][] initialBoard>	0.0000000000	682	1110	0	0	25	
<comp5111.assignment.cut.Subject$GameConfiguration: comp5111.assignment.cut.Subject$GameConfiguration clone()>	$stack17[l2] = $stack19	0.0000000000	682	1110	0	0	25	
<comp5111.assignment.cut.Subject$GameConfiguration: comp5111.assignment.cut.Subject$GameConfiguration clone()>	$stack18 = virtualinvoke $stack16.<java.lang.Object: java.lang.Object clone()>()	0.0000000000	682	1110	0	0	25	
<comp5111.assignment.cut.Subject$GameConfiguration: comp5111.assignment.cut.Subject$GameConfiguration clone()>	$stack19 = (comp5111.assignment.cut.Subject$GamePlayer[]) $stack18	0.0000000000	682	1110	0	0	25	
<comp5111.assignment.cut.Subject$GameConfiguration: comp5111.assignment.cut.Subject$GameConfiguration clone()>	$stack20 = l0.<comp5111.assignment.cut.Subject$GameConfiguration: comp5111.assignment.cut.Subject$GamePlayer[][] initialBoard>	0.0000000000	682	1111	0	0	25	
<comp5111.assignment.cut.Subject$GameConfiguration: comp5111.assignment.cut.Subject$GameConfiguration clone()>	$stack21 = l1.<comp5111.assignment.cut.Subject$GameConfiguration: comp5111.assignment.cut.Subject$GamePlayer[][] initialBoard>	0.0000000000	682	1111	0	0	25	
<comp5111.assignment.cut.Subject$GameConfiguration: comp5111.assignment.cut.Subject$GameConfiguration clone()>	$stack22 = l0.<comp5111.assignment.cut.Subject$GameConfiguration: int size>	0.0000000000	682	1111	0	0	25	
<comp5111.assignment.cut.Subject$GameConfiguration: comp5111.assignment.cut.Subject$GameConfiguration clone()>	$stack23 = $stack21[l2]	0.0000000000	682	1111	0	0	25	
<comp5111.assignment.cut.Subject$GameConfiguration: comp5111.assignment.cut.Subject$GameConfiguration clone()>	$stack24 = $stack20[l2]	0.0000000000	682	1111	0	0	25	
<comp5111.assignment.cut.Subject$GameConfiguration: comp5111.assignment.cut.Subject$GameConfiguration clone()>	$stack27 = l0.<comp5111.assignment.cut.Subject$GameConfiguration: comp5111.assignment.cut.Subject$GamePlayer[] players>	0.0000000000	682	1106	0	0	25	
<comp5111.assignment.cut.Subject$GameConfiguration: comp5111.assignment.cut.Subject$GameConfiguration clone()>	$stack28 = $stack27[l2]	0.0000000000	682	1106	0	0	25	
<comp5111.assignment.cut.Subject$GameConfiguration: comp5111.assignment.cut.Subject$GameConfiguration clone()>	$stack29 = l1.<comp5111.assignment.cut.Subject$GameConfiguration: comp5111.assignment.cut.Subject$GamePlayer[] players>	0.0000000000	682	1106	0	0	25	
<comp5111.assignment.cut.Subject$GameConfiguration: comp5111.assignment.cut.Subject$GameConfiguration clone()>	$stack29[l2] = $stack30	0.0000000000	682	1106	0	0	25	
<comp5111.assignment.cut.Subject$GameConfiguration: comp5111.assignment.cut.Subject$GameConfiguration clone()>	$stack3 = specialinvoke l0.<java.lang.Object: java.lang.Object clone()>()	0.0000000000	682	1103	0	0	25	
<comp5111.assignment.cut.Subject$GameConfiguration: comp5111.assignment.cut.Subject$GameConfiguration clone()>	$stack30 = virtualinvoke $stack28.<comp5111.assignment.cut.Subject$GamePlayer: comp5111.assignment.cut.Subject$GamePlayer clone()>()	0.0000000000	682	1106	0	0	25	
<comp5111.assignment.cut.Subject$GameConfiguration: comp5111.assignment.cut.Subject$GameConfiguration clone()>	$stack4 = l0.<comp5111.assignment.cut.Subject$GameConfiguration: comp5111.assignment.cut.Subject$GamePlayer[] players>	0.0000000000	682	1104	0	0	25	
<comp5111.assignment.cut.Subject$GameConfiguration: comp5111.assignment.cut.Subject$GameConfiguration clone()>	$stack5 = virtualinvoke $stack4.<java.lang.Object: java.lang.Object clone()>()	0.0000000000	682	1104	0	0	25	
<comp5111.assignment.cut.Subject$GameConfiguration: comp5111.assignment.cut.Subject$GameConfiguration clone()>	$stack6 = (comp5111.assignment.cut.Subject$GamePlayer[]) $stack5	0.0000000000	682	1104	0	0	25	
<comp5111.assignment.cut.Subject$GameConfiguration: comp5111.assignment.cut.Subject$GameConfiguration clone()>	$stack7 = l0.<comp5111.assignment.cut.Subject$GameConfiguration: comp5111.assignment.cut.Subject$GamePlayer[] players>	0.0000000000	682	1105	0	0	25	
<comp5111.assignment.cut.Subject$GameConfiguration: comp5111.assignment.cut.Subject$GameConfiguration clone()>	$stack8 = lengthof $stack7	0.0000000000	682	1105	0	0	25	
<comp5111.assignment.cut.Subject$GameConfiguration: comp5111.assignment.cut.Subject$GameConfiguration clone()>	$stack9 = l0.<comp5111.assignment.cut.Subject$GameConfiguration: comp5111.assignment.cut.Subject$GamePlayer[][] initialBoard>	0.0000000000	682	1108	0	0	25	
<comp5111.assignment.cut.Subject$GameConfiguration: comp5111.assignment.cut.Subject$GameConfiguration clone()>	goto [?= staticinvoke <comp5111.assignment.CoverageRuntime: void hit(java.lang.String)>("<comp5111.assignment.cut.Subject$GameConfiguration: comp5111.assignment.cut.Subject$GameConfiguration clone()> ::: 23")]	0.0000000000	682	1109	0	0	25	
<comp5111.assignment.cut.Subject$GameConfiguration: comp5111.assignment.cut.Subject$GameConfiguration clone()>	goto [?= staticinvoke <comp5111.assignment.CoverageRuntime: void hit(java.lang.String)>("<comp5111.assignment.cut.Subject$GameConfiguration: comp5111.assignment.cut.Subject$GameConfiguration clone()> ::: 8")]	0.0000000000	682	1105	0	0	25	
<comp5111.assignment.cut.Subject$GameConfiguration: comp5111.assignment.cut.Subject$GameConfiguration clone()>	if l2 >= $stack12 goto $stack13 = l0.<comp5111.assignment.cut.Subject$GameConfiguration: comp5111.assignment.cut.Subject$GamePlace centralPlace>	0.0000000000	682	1109	0	0	25	
<comp5111.assignment.cut.Subject$GameConfiguration: comp5111.assignment.cut.Subject$GameConfiguration clone()>	if l2 >= $stack8 goto $stack9 = l0.<comp5111.assignment.cut.Subject$GameConfiguration: comp5111.assignment.cut.Subject$GamePlayer[][] initialBoard>	0.0000000000	682	1105	0	0	25	
<comp5111.assignment.cut.Subject$GameConfiguration: comp5111.assignment.cut.Subject$GameConfiguration clone()>	l1 = (comp5111.assignment.cut.Subject$GameConfiguration) $stack3	0.0000000000	682	1103	0	0	25	
<comp5111.assignment.cut.Subject$GameConfiguration: comp5111.assignment.cut.Subject$GameConfiguration clone()>	l1.<comp5111.assignment.cut.Subject$GameConfiguration: comp5111.assignment.cut.Subject$GamePlace centralPlace> = $stack14	0.0000000000	682	1113	0	0	25	
<comp5111.assignment.cut.Subject$GameConfiguration: comp5111.assignment.cut.Subject$GameConfiguration clone()>	l1.<comp5111.assignment.cut.Subject$GameConfiguration: comp5111.assignment.cut.Subject$GamePlayer[] players> = $stack6	0.0000000000	682	1104	0	0	25	
<comp5111.assignment.cut.Subject$GameConfiguration: comp5111.assignment.cut.Subject$GameConfiguration clone()>	l1.<comp5111.assignment.cut.Subject$GameConfiguration: comp5111.assignment.cut.Subject$GamePlayer[][] initialBoard> = $stack11	0.0000000000	682	1108	0	0	25	
<comp5111.assignment.cut.Subject$GameConfiguration: comp5111.assignment.cut.Subject$GameConfiguration clone()>	l2 = 0	0.0000000000	682	1105	0	0	25	
<comp5111.assignment.cut.Subject$GameConfiguration: comp5111.assignment.cut.Subject$GameConfiguration clone()>	l2 = 0	0.0000000000	682	1109	0	0	25	
<comp5111.assignment.cut.Subject$GameConfiguration: comp5111.assignment.cut.Subject$GameConfiguration clone()>	l2 = l2 + 1	0.0000000000	682	1105	0	0	25	
<comp5111.assignment.cut.Subject$GameConfiguration: comp5111.assignment.cut.Subject$GameConfiguration clone()>	l2 = l2 + 1	0.0000000000	682	1109	0	0	25	
<comp5111.assignment.cut.Subject$GameConfiguration: comp5111.assignment.cut.Subject$GameConfiguration clone()>	return l1	0.0000000000	682	1114	0	0	25	
<comp5111.assignment.cut.Subject$GameConfiguration: comp5111.assignment.cut.Subject$GameConfiguration clone()>	staticinvoke <java.lang.System: void arraycopy(java.lang.Object,int,java.lang.Object,int,int)>($stack24, 0, $stack23, 0, $stack22)	0.0000000000	682	1111	0	0	25	
<comp5111.assignment.cut.Subject$GameConfiguration: comp5111.assignment.cut.Subject$GamePlayer getPlayerAt(comp5111.assignment.cut.Subject$GamePlace)>	$stack10 = l0.<comp5111.assignment.cut.Subject$GameConfiguration: comp5111.assignment.cut.Subject$GamePlayer[][] initialBoard>	0.0000000000	682	1158	0	0	25	
<comp5111.assignment.cut.Subject$GameConfiguration: comp5111.assignment.cut.Subject$GamePlayer getPlayerAt(comp5111.assignment.cut.Subject$GamePlace)>	$stack11 = virtualinvoke l1.<comp5111.assignment.cut.Subject$GamePlace: int x()>()	0.0000000000	682	1158	0	0	25	
<comp5111.assignment.cut.Subject$GameConfiguration: comp5111.assignment.cut.Subject$GamePlayer getPlayerAt(comp5111.assignment.cut.Subject$GamePlace)>	$stack12 = $stack10[$stack11]	0.0000000000	682	1158	0	0	25	
<comp5111.assignment.cut.Subject$GameConfiguration: comp5111.assignment.cut.Subject$GamePlayer getPlayerAt(comp5111.assignment.cut.Subject$GamePlace)>	$stack13 = virtualinvoke l1.<comp5111.assignment.cut.Subject$GamePlace: int y()>()	0.0000000000	682	1158	0	0	25	
<comp5111.assignment.cut.Subject$GameConfiguration: comp5111.assignment.cut.Subject$GamePlayer getPlayerAt(comp5111.assignment.cut.Subject$GamePlace)>	$stack14 = $stack12[$stack13]	0.0000000000	682	1158	0	0	25	
<comp5111.assignment.cut.Subject$GameConfiguration: comp5111.assignment.cut.Subject$GamePlayer getPlayerAt(comp5111.assignment.cut.Subject$GamePlace)>	$stack2 = virtualinvoke l1.<comp5111.assignment.cut.Subject$GamePlace: int x()>()	0.0000000000	682	1155	0	0	25	
<comp5111.assignment.cut.Subject$GameConfiguration: comp5111.assignment.cut.Subject$GamePlayer getPlayerAt(comp5111.assignment.cut.Subject$GamePlace)>	$stack3 = new java.lang.IllegalArgumentException	0.0000000000	682	1156	0	0	25	
<comp5111.assignment.cut.Subject$GameConfiguration: comp5111.assignment.cut.Subject$GamePlayer getPlayerAt(comp5111.assignment.cut.Subject$GamePlace)>	$stack4 = virtualinvoke l1.<comp5111.assignment.cut.Subject$GamePlace: int x()>()	0.0000000000	682	1155	0	0	25	
<comp5111.assignment.cut.Subject$GameConfiguration: comp5111.assignment.cut.Subject$GamePlayer getPlayerAt(comp5111.assignment.cut.Subject$GamePlace)>	$stack5 = l0.<comp5111.assignment.cut.Subject$GameConfiguration: int size>	0.0000000000	682	1155	0	0	25	
<comp5111.assignment.cut.Subject$GameConfiguration: comp5111.assignment.cut.Subject$GamePlayer getPlayerAt(comp5111.assignment.cut.Subject$GamePlace)>	$stack7 = virtualinvoke l1.<comp5111.assignment.cut.Subject$GamePlace: int y()>()	0.0000000000	682	1155	0	0	25	
<comp5111.assignment.cut.Subject$GameConfiguration: comp5111.assignment.cut.Subject$GamePlayer getPlayerAt(comp5111.assignment.cut.Subject$GamePlace)>	$stack8 = virtualinvoke l1.<comp5111.assignment.cut.Subject$GamePlace: int y()>()	0.0000000000	682	1155	0	0	25	
<comp5111.assignment.cut.Subject$GameConfiguration: comp5111.assignment.cut.Subject$GamePlayer getPlayerAt(comp5111.assignment.cut.Subject$GamePlace)>	$stack9 = l0.<comp5111.assignment.cut.Subject$GameConfiguration: int size>	0.0000000000	682	1155	0	0	25	
<comp5111.assignment.cut.Subject$GameConfiguration: comp5111.assignment.cut.Subject$GamePlayer getPlayerAt(comp5111.assignment.cut.Subject$GamePlace)>	if $stack2 < 0 goto $stack3 = new java.lang.IllegalArgumentException	0.0000000000	682	1155	0	0	25	
<comp5111.assignment.cut.Subject$GameConfiguration: comp5111.assignment.cut.Subject$GamePlayer getPlayerAt(comp5111.assignment.cut.Subject$GamePlace)>	if $stack4 >= $stack5 goto $stack3 = new java.lang.IllegalArgumentException	0.0000000000	682	1155	0	0	25	
<comp5111.assignment.cut.Subject$GameConfiguration: comp5111.assignment.cut.Subject$GamePlayer getPlayerAt(comp5111.assignment.cut.Subject$GamePlace)>	if $stack7 < 0 goto $stack3 = new java.lang.IllegalArgumentException	0.0000000000	682	1155	0	0	25	
<comp5111.assignment.cut.Subject$GameConfiguration: comp5111.assignment.cut.Subject$GamePlayer getPlayerAt(comp5111.assignment.cut.Subject$GamePlace)>	if $stack8 < $stack9 goto $stack10 = l0.<comp5111.assignment.cut.Subject$GameConfiguration: comp5111.assignment.cut.Subject$GamePlayer[][] initialBoard>	0.0000000000	682	1155	0	0	25	
<comp5111.assignment.cut.Subject$GameConfiguration: comp5111.assignment.cut.Subject$GamePlayer getPlayerAt(comp5111.assignment.cut.Subject$GamePlace)>	return $stack14	0.0000000000	682	1158	0	0	25	
<comp5111.assignment.cut.Subject$GameConfiguration: comp5111.assignment.cut.Subject$GamePlayer getPlayerAt(comp5111.assignment.cut.Subject$GamePlace)>	specialinvoke $stack3.<java.lang.IllegalArgumentException: void <init>(java.lang.String)>("Place is out of bounds")	0.0000000000	682	1156	0	0	25	
<comp5111.assignment.cut.Subject$GameConfiguration: comp5111.assignment.cut.Subject$GamePlayer getPlayerAt(comp5111.assignment.cut.Subject$GamePlace)>	throw $stack3	0.0000000000	682	1156	0	0	25	
<comp5111.assignment.cut.Subject$GameConfiguration: comp5111.assignment.cut.Subject$GamePlayer[] getPlayers()>	$stack1 = l0.<comp5111.assignment.cut.Subject$GameConfiguration: comp5111.assignment.cut.Subject$GamePlayer[] players>	0.0000000000	682	1132	0	0	25	
<comp5111.assignment.cut.Subject$GameConfiguration: comp5111.assignment.cut.Subject$GamePlayer[] getPlayers()>	$stack2 = virtualinvoke $stack1.<java.lang.Object: java.lang.Object clone()>()	0.0000000000	682	1132	0	0	25	
<comp5111.assignment.cut.Subject$GameConfiguration: comp5111.assignment.cut.Subject$GamePlayer[] getPlayers()>	$stack3 = (comp5111.assignment.cut.Subject$GamePlayer[]) $stack2	0.0000000000	682	1132	0	0	25	
<comp5111.assignment.cut.Subject$GameConfiguration: comp5111.assignment.cut.Subject$GamePlayer[] getPlayers()>	return $stack3	0.0000000000	682	1132	0	0	25	
<comp5111.assignment.cut.Subject$GameConfiguration: comp5111.assignment.cut.Subject$GamePlayer[][] getInitialBoard()>	$stack3 = l0.<comp5111.assignment.cut.Subject$GameConfiguration: int size>	0.0000000000	682	1141	0	0	25	
<comp5111.assignment.cut.Subject$GameConfiguration: comp5111.assignment.cut.Subject$GamePlayer[][] getInitialBoard()>	$stack4 = l0.<comp5111.assignment.cut.Subject$GameConfiguration: int size>	0.0000000000	682	1141	0	0	25	
<comp5111.assignment.cut.Subject$GameConfiguration: comp5111.assignment.cut.Subject$GamePlayer[][] getInitialBoard()>	$stack5 = l0.<comp5111.assignment.cut.Subject$GameConfiguration: int size>	0.0000000000	682	1142	0	0	25	
<comp5111.assignment.cut.Subject$GameConfiguration: comp5111.assignment.cut.Subject$GamePlayer[][] getInitialBoard()>	$stack6 = l0.<comp5111.assignment.cut.Subject$GameConfiguration: comp5111.assignment.cut.Subject$GamePlayer[][] initialBoard>	0.0000000000	682	1143	0	0	25	
<comp5111.assignment.cut.Subject$GameConfiguration: comp5111.assignment.cut.Subject$GamePlayer[][] getInitialBoard()>	$stack7 = l0.<comp5111.assignment.cut.Subject$GameConfiguration: int size>	0.0000000000	682	1143	0	0	25	
<comp5111.assignment.cut.Subject$GameConfiguration: comp5111.assignment.cut.Subject$GamePlayer[][] getInitialBoard()>	$stack8 = l1[l2]	0.0000000000	682	1143	0	0	25	
<comp5111.assignment.cut.Subject$GameConfiguration: comp5111.assignment.cut.Subject$GamePlayer[][] getInitialBoard()>	$stack9 = $stack6[l2]	0.0000000000	682	1143	0	0	25	
<comp5111.assignment.cut.Subject$GameConfiguration: comp5111.assignment.cut.Subject$GamePlayer[][] getInitialBoard()>	goto [?= staticinvoke <comp5111.assignment.CoverageRuntime: void hit(java.lang.String)>("<comp5111.assignment.cut.Subject$GameConfiguration: comp5111.assignment.cut.Subject$GamePlayer[][] getInitialBoard()> ::: 5")]	0.0000000000	682	1142	0	0	25	
<comp5111.assignment.cut.Subject$GameConfiguration: comp5111.assignment.cut.Subject$GamePlayer[][] getInitialBoard()>	if l2 >= $stack5 goto return l1	0.0000000000	682	1142	0	0	25	
<comp5111.assignment.cut.Subject$GameConfiguration: comp5111.assignment.cut.Subject$GamePlayer[][] getInitialBoard()>	l1 = newmultiarray (comp5111.assignment.cut.Subject$GamePlayer)[$stack4][$stack3]	0.0000000000	682	1141	0	0	25	
<comp5111.assignment.cut.Subject$GameConfiguration: comp5111.assignment.cut.Subject$GamePlayer[][] getInitialBoard()>	l2 = 0	0.0000000000	682	1142	0	0	25	
<comp5111.assignment.cut.Subject$GameConfiguration: comp5111.assignment.cut.Subject$GamePlayer[][] getInitialBoard()>	l2 = l2 + 1	0.0000000000	682	1142	0	0	25	
<comp5111.assignment.cut.Subject$GameConfiguration: comp5111.assignment.cut.Subject$GamePlayer[][] getInitialBoard()>	return l1	0.0000000000	682	1145	0	0	25	
<comp5111.assignment.cut.Subject$GameConfiguration: comp5111.assignment.cut.Subject$GamePlayer[][] getInitialBoard()>	staticinvoke <java.lang.System: void arraycopy(java.lang.Object,int,java.lang.Object,int,int)>($stack9, 0, $stack8, 0, $stack7)	0.0000000000	682	1143	0	0	25	
<comp5111.assignment.cut.Subject$GameConfiguration: int getSize()>	$stack1 = l0.<comp5111.assignment.cut.Subject$GameConfiguration: int size>	0.0000000000	682	1123	0	0	25	
<comp5111.assignment.cut.Subject$GameConfiguration: int getSize()>	return $stack1	0.0000000000	682	1123	0	0	25	
<comp5111.assignment.cut.Subject$GameConfiguration: int[] countPiecesPerPlayer()>	$stack10 = $stack9[l2]	0.0000000000	682	1222	0	0	25	
<comp5111.assignment.cut.Subject$GameConfiguration: int[] countPiecesPerPlayer()>	$stack13 = l0.<comp5111.assignment.cut.Subject$GameConfiguration: comp5111.assignment.cut.Subject$GamePlayer[] players>	0.0000000000	682	1224	0	0	25	
<comp5111.assignment.cut.Subject$GameConfiguration: int[] countPiecesPerPlayer()>	$stack14 = $stack13[0]	0.0000000000	682	1224	0	0	25	
<comp5111.assignment.cut.Subject$GameConfiguration: int[] countPiecesPerPlayer()>	$stack15 = virtualinvoke l4.<comp5111.assignment.cut.Subject$GamePlayer: boolean equals(java.lang.Object)>($stack14)	0.0000000000	682	1224	0	0	25	
<comp5111.assignment.cut.Subject$GameConfiguration: int[] countPiecesPerPlayer()>	$stack16 = l0.<comp5111.assignment.cut.Subject$GameConfiguration: comp5111.assignment.cut.Subject$GamePlayer[] players>	0.0000000000	682	1226	0	0	25	
<comp5111.assignment.cut.Subject$GameConfiguration: int[] countPiecesPerPlayer()>	$stack17 = $stack16[1]	0.0000000000	682	1226	0	0	25	
<comp5111.assignment.cut.Subject$GameConfiguration: int[] countPiecesPerPlayer()>	$stack18 = virtualinvoke l4.<comp5111.assignment.cut.Subject$GamePlayer: boolean equals(java.lang.Object)>($stack17)	0.0000000000	682	1226	0	0	25	
<comp5111.assignment.cut.Subject$GameConfiguration: int[] countPiecesPerPlayer()>	$stack19 = l1[1]	0.0000000000	682	1227	0	0	25	
<comp5111.assignment.cut.Subject$GameConfiguration: int[] countPiecesPerPlayer()>	$stack20 = $stack19 + 1	0.0000000000	682	1227	0	0	25	
<comp5111.assignment.cut.Subject$GameConfiguration: int[] countPiecesPerPlayer()>	$stack21 = l1[0]	0.0000000000	682	1225	0	0	25	
<comp5111.assignment.cut.Subject$GameConfiguration: int[] countPiecesPerPlayer()>	$stack22 = $stack21 + 1	0.0000000000	682	1225	0	0	25	
<comp5111.assignment.cut.Subject$GameConfiguration: int[] countPiecesPerPlayer()>	$stack5 = l0.<comp5111.assignment.cut.Subject$GameConfiguration: int size>	0.0000000000	682	1220	0	0	25	
<comp5111.assignment.cut.Subject$GameConfiguration: int[] countPiecesPerPlayer()>	$stack6 = l0.<comp5111.assignment.cut.Subject$GameConfiguration: int size>	0.0000000000	682	1221	0	0	25	
<comp5111.assignment.cut.Subject$GameConfiguration: int[] countPiecesPerPlayer()>	$stack9 = l0.<comp5111.assignment.cut.Subject$GameConfiguration: comp5111.assignment.cut.Subject$GamePlayer[][] initialBoard>	0.0000000000	682	1222	0	0	25	
<comp5111.assignment.cut.Subject$GameConfiguration: int[] countPiecesPerPlayer()>	goto [?= l3 = l3 + 1]	0.0000000000	682	1225	0	0	25	
<comp5111.assignment.cut.Subject$GameConfiguration: int[] countPiecesPerPlayer()>	goto [?= staticinvoke <comp5111.assignment.CoverageRuntime: void hit(java.lang.String)>("<comp5111.assignment.cut.Subject$GameConfiguration: int[] countPiecesPerPlayer()> ::: 3")]	0.0000000000	682	1220	0	0	25	
<comp5111.assignment.cut.Subject$GameConfiguration: int[] countPiecesPerPlayer()>	goto [?= staticinvoke <comp5111.assignment.CoverageRuntime: void hit(java.lang.String)>("<comp5111.assignment.cut.Subject$GameConfiguration: int[] countPiecesPerPlayer()> ::: 6")]	0.0000000000	682	1221	0	0	25	
<comp5111.assignment.cut.Subject$GameConfiguration: int[] countPiecesPerPlayer()>	if $stack15 == 0 goto $stack16 = l0.<comp5111.assignment.cut.Subject$GameConfiguration: comp5111.assignment.cut.Subject$GamePlayer[] players>	0.0000000000	682	1224	0	0	25	
<comp5111.assignment.cut.Subject$GameConfiguration: int[] countPiecesPerPlayer()>	if $stack18 == 0 goto l3 = l3 + 1	0.0000000000	682	1226	0	0	25	
<comp5111.assignment.cut.Subject$GameConfiguration: int[] countPiecesPerPlayer()>	if l2 >= $stack5 goto return l1	0.0000000000	682	1220	0	0	25	
<comp5111.assignment.cut.Subject$GameConfiguration: int[] countPiecesPerPlayer()>	if l3 >= $stack6 goto l2 = l2 + 1	0.0000000000	682	1221	0	0	25	
<comp5111.assignment.cut.Subject$GameConfiguration: int[] countPiecesPerPlayer()>	if l4 == null goto l3 = l3 + 1	0.0000000000	682	1223	0	0	25	
<comp5111.assignment.cut.Subject$GameConfiguration: int[] countPiecesPerPlayer()>	l1 = newarray (int)[2]	0.0000000000	682	1219	0	0	25	
<comp5111.assignment.cut.Subject$GameConfiguration: int[] countPiecesPerPlayer()>	l1[0] = $stack22	0.0000000000	682	1225	0	0	25	
<comp5111.assignment.cut.Subject$GameConfiguration: int[] countPiecesPerPlayer()>	l1[1] = $stack20	0.0000000000	682	1227	0	0	25	
<comp5111.assignment.cut.Subject$GameConfiguration: int[] countPiecesPerPlayer()>	l2 = 0	0.0000000000	682	1220	0	0	25	
<comp5111.assignment.cut.Subject$GameConfiguration: int[] countPiecesPerPlayer()>	l2 = l2 + 1	0.0000000000	682	1220	0	0	25	
<comp5111.assignment.cut.Subject$GameConfiguration: int[] countPiecesPerPlayer()>	l3 = 0	0.0000000000	682	1221	0	0	25	
<comp5111.assignment.cut.Subject$GameConfiguration: int[] countPiecesPerPlayer()>	l3 = l3 + 1	0.0000000000	682	1221	0	0	25	
<comp5111.assignment.cut.Subject$GameConfiguration: int[] countPiecesPerPlayer()>	l4 = $stack10[l3]	0.0000000000	682	1222	0	0	25	
<comp5111.assignment.cut.Subject$GameConfiguration: int[] countPiecesPerPlayer()>	return l1	0.0000000000	682	1232	0	0	25	
<comp5111.assignment.cut.Subject$GameConfiguration: java.lang.Object clone()>	$stack1 = virtualinvoke l0.<comp5111.assignment.cut.Subject$GameConfiguration: comp5111.assignment.cut.Subject$GameConfiguration clone()>()	0.0000000000	682	1004	0	0	25	
<comp5111.assignment.cut.Subject$GameConfiguration: java.lang.Object clone()>	return $stack1	0.0000000000	682	1004	0	0	25	
<comp5111.assignment.cut.Subject$GameConfiguration: java.lang.String toString()>	$stack10 = l0.<comp5111.assignment.cut.Subject$GameConfiguration: int size>	0.0000000000	682	1170	0	0	25	
<comp5111.assignment.cut.Subject$GameConfiguration: java.lang.String toString()>	$stack11 = virtualinvoke l1.<java.lang.StringBuilder: java.lang.String toString()>()	0.0000000000	682	1179	0	0	25	
<comp5111.assignment.cut.Subject$GameConfiguration: java.lang.String toString()>	$stack12 = l0.<comp5111.assignment.cut.Subject$GameConfiguration: int size>	0.0000000000	682	1171	0	0	25	
<comp5111.assignment.cut.Subject$GameConfiguration: java.lang.String toString()>	$stack16 = l0.<comp5111.assignment.cut.Subject$GameConfiguration: comp5111.assignment.cut.Subject$GamePlayer[][] initialBoard>	0.0000000000	682	1172	0	0	25	
<comp5111.assignment.cut.Subject$GameConfiguration: java.lang.String toString()>	$stack17 = $stack16[l3]	0.0000000000	682	1172	0	0	25	
<comp5111.assignment.cut.Subject$GameConfiguration: java.lang.String toString()>	$stack19 = l0.<comp5111.assignment.cut.Subject$GameConfiguration: int size>	0.0000000000	682	1174	0	0	25	
<comp5111.assignment.cut.Subject$GameConfiguration: java.lang.String toString()>	$stack20 = $stack19 - 1	0.0000000000	682	1174	0	0	25	
<comp5111.assignment.cut.Subject$GameConfiguration: java.lang.String toString()>	$stack24 = "."	0.0000000000	682	1173	0	0	25	
<comp5111.assignment.cut.Subject$GameConfiguration: java.lang.String toString()>	$stack24 = "P"	0.0000000000	682	1173	0	0	25	
<comp5111.assignment.cut.Subject$GameConfiguration: java.lang.String toString()>	$stack5 = new java.lang.StringBuilder	0.0000000000	682	1168	0	0	25	
<comp5111.assignment.cut.Subject$GameConfiguration: java.lang.String toString()>	$stack6 = virtualinvoke l1.<java.lang.StringBuilder: java.lang.StringBuilder append(java.lang.String)>("GameConfiguration (size=")	0.0000000000	682	1169	0	0	25	
<comp5111.assignment.cut.Subject$GameConfiguration: java.lang.String toString()>	$stack7 = l0.<comp5111.assignment.cut.Subject$GameConfiguration: int size>	0.0000000000	682	1169	0	0	25	
<comp5111.assignment.cut.Subject$GameConfiguration: java.lang.String toString()>	$stack8 = virtualinvoke $stack6.<java.lang.StringBuilder: java.lang.StringBuilder append(int)>($stack7)	0.0000000000	682	1169	0	0	25	
<comp5111.assignment.cut.Subject$GameConfiguration: java.lang.String toString()>	goto [?= staticinvoke <comp5111.assignment.CoverageRuntime: void hit(java.lang.String)>("<comp5111.assignment.cut.Subject$GameConfiguration: java.lang.String toString()> ::: 12")]	0.0000000000	682	1171	0	0	25	
<comp5111.assignment.cut.Subject$GameConfiguration: java.lang.String toString()>	goto [?= staticinvoke <comp5111.assignment.CoverageRuntime: void hit(java.lang.String)>("<comp5111.assignment.cut.Subject$GameConfiguration: java.lang.String toString()> ::: 9")]	0.0000000000	682	1170	0	0	25	
<comp5111.assignment.cut.Subject$GameConfiguration: java.lang.String toString()>	goto [?= virtualinvoke l1.<java.lang.StringBuilder: java.lang.StringBuilder append(java.lang.String)>($stack24)]	0.0000000000	682	1173	0	0	25	
<comp5111.assignment.cut.Subject$GameConfiguration: java.lang.String toString()>	if l2 >= $stack10 goto $stack11 = virtualinvoke l1.<java.lang.StringBuilder: java.lang.String toString()>()	0.0000000000	682	1170	0	0	25	
<comp5111.assignment.cut.Subject$GameConfiguration: java.lang.String toString()>	if l3 >= $stack12 goto virtualinvoke l1.<java.lang.StringBuilder: java.lang.StringBuilder append(java.lang.String)>("\n")	0.0000000000	682	1171	0	0	25	
<comp5111.assignment.cut.Subject$GameConfiguration: java.lang.String toString()>	if l3 >= $stack20 goto l3 = l3 + 1	0.0000000000	682	1174	0	0	25	
<comp5111.assignment.cut.Subject$GameConfiguration: java.lang.String toString()>	if l4 != null goto $stack24 = "P"	0.0000000000	682	1173	0	0	25	
<comp5111.assignment.cut.Subject$GameConfiguration: java.lang.String toString()>	l1 = $stack5	0.0000000000	682	1168	0	0	25	
<comp5111.assignment.cut.Subject$GameConfiguration: java.lang.String toString()>	l2 = 0	0.0000000000	682	1170	0	0	25	
<comp5111.assignment.cut.Subject$GameConfiguration: java.lang.String toString()>	l2 = l2 + 1	0.0000000000	682	1170	0	0	25	
<comp5111.assignment.cut.Subject$GameConfiguration: java.lang.String toString()>	l3 = 0	0.0000000000	682	1171	0	0	25	
<comp5111.assignment.cut.Subject$GameConfiguration: java.lang.String toString()>	l3 = l3 + 1	0.0000000000	682	1171	0	0	25	
<comp5111.assignment.cut.Subject$GameConfiguration: java.lang.String toString()>	l4 = $stack17[l2]	0.0000000000	682	1172	0	0	25	
<comp5111.assignment.cut.Subject$GameConfiguration: java.lang.String toString()>	return $stack11	0.0000000000	682	1179	0	0	25	
<comp5111.assignment.cut.Subject$GameConfiguration: java.lang.String toString()>	specialinvoke $stack5.<java.lang.StringBuilder: void <init>()>()	0.0000000000	682	1168	0	0	25	
<comp5111.assignment.cut.Subject$GameConfiguration: java.lang.String toString()>	virtualinvoke $stack8.<java.lang.StringBuilder: java.lang.StringBuilder append(java.lang.String)>(")\n")	0.0000000000	682	1169	0	0	25	
<comp5111.assignment.cut.Subject$GameConfiguration: java.lang.String toString()>	virtualinvoke l1.<java.lang.StringBuilder: java.lang.StringBuilder append(java.lang.String)>(" ")	0.0000000000	682	1175	0	0	25	
<comp5111.assignment.cut.Subject$GameConfiguration: java.lang.String toString()>	virtualinvoke l1.<java.lang.StringBuilder: java.lang.StringBuilder append(java.lang.String)>("\n")	0.0000000000	682	1177	0	0	25	
<comp5111.assignment.cut.Subject$GameConfiguration: java.lang.String toString()>	virtualinvoke l1.<java.lang.StringBuilder: java.lang.StringBuilder append(java.lang.String)>($stack24)	0.0000000000	682	1173	0	0	25	
<comp5111.assignment.cut.Subject$GameConfiguration: java.util.List getEmptyPlaces()>	$stack10 = $stack9[l2]	0.0000000000	682	1191	0	0	25	
<comp5111.assignment.cut.Subject$GameConfiguration: java.util.List getEmptyPlaces()>	$stack11 = $stack10[l3]	0.0000000000	682	1191	0	0	25	
<comp5111.assignment.cut.Subject$GameConfiguration: java.util.List getEmptyPlaces()>	$stack14 = l0.<comp5111.assignment.cut.Subject$GameConfiguration: comp5111.assignment.cut.Subject$GamePlace centralPlace>	0.0000000000	682	1191	0	0	25	
<comp5111.assignment.cut.Subject$GameConfiguration: java.util.List getEmptyPlaces()>	$stack15 = virtualinvoke $stack14.<comp5111.assignment.cut.Subject$GamePlace: int x()>()	0.0000000000	682	1191	0	0	25	
<comp5111.assignment.cut.Subject$GameConfiguration: java.util.List getEmptyPlaces()>	$stack16 = new comp5111.assignment.cut.Subject$GamePlace	0.0000000000	682	1192	0	0	25	
<comp5111.assignment.cut.Subject$GameConfiguration: java.util.List getEmptyPlaces()>	$stack17 = l0.<comp5111.assignment.cut.Subject$GameConfiguration: comp5111.assignment.cut.Subject this$0>	0.0000000000	682	1192	0	0	25	
<comp5111.assignment.cut.Subject$GameConfiguration: java.util.List getEmptyPlaces()>	$stack19 = l0.<comp5111.assignment.cut.Subject$GameConfiguration: comp5111.assignment.cut.Subject$GamePlace centralPlace>	0.0000000000	682	1191	0	0	25	
<comp5111.assignment.cut.Subject$GameConfiguration: java.util.List getEmptyPlaces()>	$stack20 = virtualinvoke $stack19.<comp5111.assignment.cut.Subject$GamePlace: int y()>()	0.0000000000	682	1191	0	0	25	
<comp5111.assignment.cut.Subject$GameConfiguration: java.util.List getEmptyPlaces()>	$stack4 = new java.util.ArrayList	0.0000000000	682	1188	0	0	25	
<comp5111.assignment.cut.Subject$GameConfiguration: java.util.List getEmptyPlaces()>	$stack5 = l0.<comp5111.assignment.cut.Subject$GameConfiguration: int size>	0.0000000000	682	1189	0	0	25	
<comp5111.assignment.cut.Subject$GameConfiguration: java.util.List getEmptyPlaces()>	$stack6 = l0.<comp5111.assignment.cut.Subject$GameConfiguration: int size>	0.0000000000	682	1190	0	0	25	
<comp5111.assignment.cut.Subject$GameConfiguration: java.util.List getEmptyPlaces()>	$stack9 = l0.<comp5111.assignment.cut.Subject$GameConfiguration: comp5111.assignment.cut.Subject$GamePlayer[][] initialBoard>	0.0000000000	682	1191	0	0	25	
<comp5111.assignment.cut.Subject$GameConfiguration: java.util.List getEmptyPlaces()>	goto [?= staticinvoke <comp5111.assignment.CoverageRuntime: void hit(java.lang.String)>("<comp5111.assignment.cut.Subject$GameConfiguration: java.util.List getEmptyPlaces()> ::: 5")]	0.0000000000	682	1189	0	0	25	
<comp5111.assignment.cut.Subject$GameConfiguration: java.util.List getEmptyPlaces()>	goto [?= staticinvoke <comp5111.assignment.CoverageRuntime: void hit(java.lang.String)>("<comp5111.assignment.cut.Subject$GameConfiguration: java.util.List getEmptyPlaces()> ::: 8")]	0.0000000000	682	1190	0	0	25	
<comp5111.assignment.cut.Subject$GameConfiguration: java.util.List getEmptyPlaces()>	if $stack11 != null goto l3 = l3 + 1	0.0000000000	682	1191	0	0	25	
<comp5111.assignment.cut.Subject$GameConfiguration: java.util.List getEmptyPlaces()>	if l2 != $stack15 goto $stack16 = new comp5111.assignment.cut.Subject$GamePlace	0.0000000000	682	1191	0	0	25	
<comp5111.assignment.cut.Subject$GameConfiguration: java.util.List getEmptyPlaces()>	if l2 >= $stack5 goto return l1	0.0000000000	682	1189	0	0	25	
<comp5111.assignment.cut.Subject$GameConfiguration: java.util.List getEmptyPlaces()>	if l3 == $stack20 goto l3 = l3 + 1	0.0000000000	682	1191	0	0	25	
<comp5111.assignment.cut.Subject$GameConfiguration: java.util.List getEmptyPlaces()>	if l3 >= $stack6 goto l2 = l2 + 1	0.0000000000	682	1190	0	0	25	
<comp5111.assignment.cut.Subject$GameConfiguration: java.util.List getEmptyPlaces()>	interfaceinvoke l1.<java.util.List: boolean add(java.lang.Object)>($stack16)	0.0000000000	682	1192	0	0	25	
<comp5111.assignment.cut.Subject$GameConfiguration: java.util.List getEmptyPlaces()>	l1 = $stack4	0.0000000000	682	1188	0	0	25	
<comp5111.assignment.cut.Subject$GameConfiguration: java.util.List getEmptyPlaces()>	l2 = 0	0.0000000000	682	1189	0	0	25	
<comp5111.assignment.cut.Subject$GameConfiguration: java.util.List getEmptyPlaces()>	l2 = l2 + 1	0.0000000000	682	1189	0	0	25	
<comp5111.assignment.cut.Subject$GameConfiguration: java.util.List getEmptyPlaces()>	l3 = 0	0.0000000000	682	1190	0	0	25	
<comp5111.assignment.cut.Subject$GameConfiguration: java.util.List getEmptyPlaces()>	l3 = l3 + 1	0.0000000000	682	1190	0	0	25	
<comp5111.assignment.cut.Subject$GameConfiguration: java.util.List getEmptyPlaces()>	return l1	0.0000000000	682	1196	0	0	25	
<comp5111.assignment.cut.Subject$GameConfiguration: java.util.List getEmptyPlaces()>	specialinvoke $stack16.<comp5111.assignment.cut.Subject$GamePlace: void <init>(comp5111.assignment.cut.Subject,int,int)>($stack17, l2, l3)	0.0000000000	682	1192	0	0	25	
<comp5111.assignment.cut.Subject$GameConfiguration: java.util.List getEmptyPlaces()>	specialinvoke $stack4.<java.util.ArrayList: void <init>()>()	0.0000000000	682	1188	0	0	25	
<comp5111.assignment.cut.Subject$GameConfiguration: java.util.List getPlacesOfPlayer(comp5111.assignment.cut.Subject$GamePlayer)>	$stack10 = l0.<comp5111.assignment.cut.Subject$GameConfiguration: comp5111.assignment.cut.Subject$GamePlayer[][] initialBoard>	0.0000000000	682	1264	0	0	25	
<comp5111.assignment.cut.Subject$GameConfiguration: java.util.List getPlacesOfPlayer(comp5111.assignment.cut.Subject$GamePlayer)>	$stack11 = $stack10[l3]	0.0000000000	682	1264	0	0	25	
<comp5111.assignment.cut.Subject$GameConfiguration: java.util.List getPlacesOfPlayer(comp5111.assignment.cut.Subject$GamePlayer)>	$stack12 = $stack11[l4]	0.0000000000	682	1264	0	0	25	
<comp5111.assignment.cut.Subject$GameConfiguration: java.util.List getPlacesOfPlayer(comp5111.assignment.cut.Subject$GamePlayer)>	$stack15 = l0.<comp5111.assignment.cut.Subject$GameConfiguration: comp5111.assignment.cut.Subject$GamePlayer[][] initialBoard>	0.0000000000	682	1264	0	0	25	
<comp5111.assignment.cut.Subject$GameConfiguration: java.util.List getPlacesOfPlayer(comp5111.assignment.cut.Subject$GamePlayer)>	$stack16 = $stack15[l3]	0.0000000000	682	1264	0	0	25	
<comp5111.assignment.cut.Subject$GameConfiguration: java.util.List getPlacesOfPlayer(comp5111.assignment.cut.Subject$GamePlayer)>	$stack17 = $stack16[l4]	0.0000000000	682	1264	0	0	25	
<comp5111.assignment.cut.Subject$GameConfiguration: java.util.List getPlacesOfPlayer(comp5111.assignment.cut.Subject$GamePlayer)>	$stack18 = virtualinvoke $stack17.<comp5111.assignment.cut.Subject$GamePlayer: boolean equals(java.lang.Object)>(l1)	0.0000000000	682	1264	0	0	25	
<comp5111.assignment.cut.Subject$GameConfiguration: java.util.List getPlacesOfPlayer(comp5111.assignment.cut.Subject$GamePlayer)>	$stack19 = new comp5111.assignment.cut.Subject$GamePlace	0.0000000000	682	1265	0	0	25	
<comp5111.assignment.cut.Subject$GameConfiguration: java.util.List getPlacesOfPlayer(comp5111.assignment.cut.Subject$GamePlayer)>	$stack20 = l0.<comp5111.assignment.cut.Subject$GameConfiguration: comp5111.assignment.cut.Subject this$0>	0.0000000000	682	1265	0	0	25	
<comp5111.assignment.cut.Subject$GameConfiguration: java.util.List getPlacesOfPlayer(comp5111.assignment.cut.Subject$GamePlayer)>	$stack5 = new java.util.ArrayList	0.0000000000	682	1261	0	0	25	
<comp5111.assignment.cut.Subject$GameConfiguration: java.util.List getPlacesOfPlayer(comp5111.assignment.cut.Subject$GamePlayer)>	$stack6 = l0.<comp5111.assignment.cut.Subject$GameConfiguration: int size>	0.0000000000	682	1262	0	0	25	
<comp5111.assignment.cut.Subject$GameConfiguration: java.util.List getPlacesOfPlayer(comp5111.assignment.cut.Subject$GamePlayer)>	$stack7 = l0.<comp5111.assignment.cut.Subject$GameConfiguration: int size>	0.0000000000	682	1263	0	0	25	
<comp5111.assignment.cut.Subject$GameConfiguration: java.util.List getPlacesOfPlayer(comp5111.assignment.cut.Subject$GamePlayer)>	goto [?= staticinvoke <comp5111.assignment.CoverageRuntime: void hit(java.lang.String)>("<comp5111.assignment.cut.Subject$GameConfiguration: java.util.List getPlacesOfPlayer(comp5111.assignment.cut.Subject$GamePlayer)> ::: 6")]	0.0000000000	682	1262	0	0	25	
<comp5111.assignment.cut.Subject$GameConfiguration: java.util.List getPlacesOfPlayer(comp5111.assignment.cut.Subject$GamePlayer)>	goto [?= staticinvoke <comp5111.assignment.CoverageRuntime: void hit(java.lang.String)>("<comp5111.assignment.cut.Subject$GameConfiguration: java.util.List getPlacesOfPlayer(comp5111.assignment.cut.Subject$GamePlayer)> ::: 9")]	0.0000000000	682	1263	0	0	25	
<comp5111.assignment.cut.Subject$GameConfiguration: java.util.List getPlacesOfPlayer(comp5111.assignment.cut.Subject$GamePlayer)>	if $stack12 == null goto l4 = l4 + 1	0.0000000000	682	1264	0	0	25	
<comp5111.assignment.cut.Subject$GameConfiguration: java.util.List getPlacesOfPlayer(comp5111.assignment.cut.Subject$GamePlayer)>	if $stack18 == 0 goto l4 = l4 + 1	0.0000000000	682	1264	0	0	25	
<comp5111.assignment.cut.Subject$GameConfiguration: java.util.List getPlacesOfPlayer(comp5111.assignment.cut.Subject$GamePlayer)>	if l3 >= $stack6 goto return l2	0.0000000000	682	1262	0	0	25	
<comp5111.assignment.cut.Subject$GameConfiguration: java.util.List getPlacesOfPlayer(comp5111.assignment.cut.Subject$GamePlayer)>	if l4 >= $stack7 goto l3 = l3 + 1	0.0000000000	682	1263	0	0	25	
<comp5111.assignment.cut.Subject$GameConfiguration: java.util.List getPlacesOfPlayer(comp5111.assignment.cut.Subject$GamePlayer)>	interfaceinvoke l2.<java.util.List: boolean add(java.lang.Object)>($stack19)	0.0000000000	682	1265	0	0	25	
<comp5111.assignment.cut.Subject$GameConfiguration: java.util.List getPlacesOfPlayer(comp5111.assignment.cut.Subject$GamePlayer)>	l2 = $stack5	0.0000000000	682	1261	0	0	25	
<comp5111.assignment.cut.Subject$GameConfiguration: java.util.List getPlacesOfPlayer(comp5111.assignment.cut.Subject$GamePlayer)>	l3 = 0	0.0000000000	682	1262	0	0	25	
<comp5111.assignment.cut.Subject$GameConfiguration: java.util.List getPlacesOfPlayer(comp5111.assignment.cut.Subject$GamePlayer)>	l3 = l3 + 1	0.0000000000	682	1262	0	0	25	
<comp5111.assignment.cut.Subject$GameConfiguration: java.util.List getPlacesOfPlayer(comp5111.assignment.cut.Subject$GamePlayer)>	l4 = 0	0.0000000000	682	1263	0	0	25	
<comp5111.assignment.cut.Subject$GameConfiguration: java.util.List getPlacesOfPlayer(comp5111.assignment.cut.Subject$GamePlayer)>	l4 = l4 + 1	0.0000000000	682	1263	0	0	25	
<comp5111.assignment.cut.Subject$GameConfiguration: java.util.List getPlacesOfPlayer(comp5111.assignment.cut.Subject$GamePlayer)>	return l2	0.0000000000	682	1269	0	0	25	
<comp5111.assignment.cut.Subject$GameConfiguration: java.util.List getPlacesOfPlayer(comp5111.assignment.cut.Subject$GamePlayer)>	specialinvoke $stack19.<comp5111.assignment.cut.Subject$GamePlace: void <init>(comp5111.assignment.cut.Subject,int,int)>($stack20, l3, l4)	0.0000000000	682	1265	0	0	25	
<comp5111.assignment.cut.Subject$GameConfiguration: java.util.List getPlacesOfPlayer(comp5111.assignment.cut.Subject$GamePlayer)>	specialinvoke $stack5.<java.util.ArrayList: void <init>()>()	0.0000000000	682	1261	0	0	25	
<comp5111.assignment.cut.Subject$GameConfiguration: void <init>(comp5111.assignment.cut.Subject,int)>	$stack3 = newarray (comp5111.assignment.cut.Subject$GamePlayer)[2]	0.0000000000	682	1037	0	6	25	
<comp5111.assignment.cut.Subject$GameConfiguration: void <init>(comp5111.assignment.cut.Subject,int)>	$stack3[0] = $stack4	0.0000000000	682	1037	0	6	25	
<comp5111.assignment.cut.Subject$GameConfiguration: void <init>(comp5111.assignment.cut.Subject,int)>	$stack3[1] = $stack6	0.0000000000	682	1037	0	6	25	
<comp5111.assignment.cut.Subject$GameConfiguration: void <init>(comp5111.assignment.cut.Subject,int)>	$stack4 = new comp5111.assignment.cut.Subject$GamePlayer	0.0000000000	682	1037	0	6	25	
<comp5111.assignment.cut.Subject$GameConfiguration: void <init>(comp5111.assignment.cut.Subject,int)>	$stack6 = new comp5111.assignment.cut.Subject$GamePlayer	0.0000000000	682	1037	0	6	25	
<comp5111.assignment.cut.Subject$GameConfiguration: void <init>(comp5111.assignment.cut.Subject,int)>	return	0.0000000000	682	1038	0	0	25	
<comp5111.assignment.cut.Subject$GameConfiguration: void <init>(comp5111.assignment.cut.Subject,int)>	specialinvoke $stack4.<comp5111.assignment.cut.Subject$GamePlayer: void <init>(comp5111.assignment.cut.Subject,java.lang.String)>(l1, "Player A")	0.0000000000	682	1037	0	6	25	
<comp5111.assignment.cut.Subject$GameConfiguration: void <init>(comp5111.assignment.cut.Subject,int)>	specialinvoke $stack6.<comp5111.assignment.cut.Subject$GamePlayer: void <init>(comp5111.assignment.cut.Subject,java.lang.String)>(l1, "Player B")	0.0000000000	682	1037	0	6	25	
<comp5111.assignment.cut.Subject$GameConfiguration: void <init>(comp5111.assignment.cut.Subject,int)>	specialinvoke l0.<comp5111.assignment.cut.Subject$GameConfiguration: void <init>(comp5111.assignment.cut.Subject,int,comp5111.assignment.cut.Subject$GamePlayer[])>(l1, l2, $stack3)	0.0000000000	682	1037	0	6	25	
<comp5111.assignment.cut.Subject$GameConfiguration: void <init>(comp5111.assignment.cut.Subject,int,comp5111.assignment.cut.Subject$GamePlayer[])>	$stack10 = l2 / 2	0.0000000000	682	1074	0	0	25	
<comp5111.assignment.cut.Subject$GameConfiguration: void <init>(comp5111.assignment.cut.Subject,int,comp5111.assignment.cut.Subject$GamePlayer[])>	$stack11 = l2 / 2	0.0000000000	682	1074	0	0	25	
<comp5111.assignment.cut.Subject$GameConfiguration: void <init>(comp5111.assignment.cut.Subject,int,comp5111.assignment.cut.Subject$GamePlayer[])>	$stack12 = newarray (comp5111.assignment.cut.Subject$GamePlayer)[l2]	0.0000000000	682	1068	0	0	25	
<comp5111.assignment.cut.Subject$GameConfiguration: void <init>(comp5111.assignment.cut.Subject,int,comp5111.assignment.cut.Subject$GamePlayer[])>	$stack13 = l0.<comp5111.assignment.cut.Subject$GameConfiguration: comp5111.assignment.cut.Subject$GamePlayer[][] initialBoard>	0.0000000000	682	1068	0	0	25	
<comp5111.assignment.cut.Subject$GameConfiguration: void <init>(comp5111.assignment.cut.Subject,int,comp5111.assignment.cut.Subject$GamePlayer[])>	$stack13[l4] = $stack12	0.0000000000	682	1068	0	0	25	
<comp5111.assignment.cut.Subject$GameConfiguration: void <init>(comp5111.assignment.cut.Subject,int,comp5111.assignment.cut.Subject$GamePlayer[])>	$stack16 = l0.<comp5111.assignment.cut.Subject$GameConfiguration: comp5111.assignment.cut.Subject$GamePlayer[][] initialBoard>	0.0000000000	682	1070	0	0	25	
<comp5111.assignment.cut.Subject$GameConfiguration: void <init>(comp5111.assignment.cut.Subject,int,comp5111.assignment.cut.Subject$GamePlayer[])>	$stack17 = $stack16[l4]	0.0000000000	682	1070	0	0	25	
<comp5111.assignment.cut.Subject$GameConfiguration: void <init>(comp5111.assignment.cut.Subject,int,comp5111.assignment.cut.Subject$GamePlayer[])>	$stack17[l5] = null	0.0000000000	682	1070	0	0	25	
<comp5111.assignment.cut.Subject$GameConfiguration: void <init>(comp5111.assignment.cut.Subject,int,comp5111.assignment.cut.Subject$GamePlayer[])>	$stack20 = new java.lang.IllegalArgumentException	0.0000000000	682	1062	0	0	25	
<comp5111.assignment.cut.Subject$GameConfiguration: void <init>(comp5111.assignment.cut.Subject,int,comp5111.assignment.cut.Subject$GamePlayer[])>	$stack21 = new java.lang.IllegalArgumentException	0.0000000000	682	1056	0	1	25	
<comp5111.assignment.cut.Subject$GameConfiguration: void <init>(comp5111.assignment.cut.Subject,int,comp5111.assignment.cut.Subject$GamePlayer[])>	$stack22 = new java.lang.IllegalArgumentException	0.0000000000	682	1053	0	4	25	
<comp5111.assignment.cut.Subject$GameConfiguration: void <init>(comp5111.assignment.cut.Subject,int,comp5111.assignment.cut.Subject$GamePlayer[])>	$stack23 = new java.lang.IllegalArgumentException	0.0000000000	682	1050	0	6	25	
<comp5111.assignment.cut.Subject$GameConfiguration: void <init>(comp5111.assignment.cut.Subject,int,comp5111.assignment.cut.Subject$GamePlayer[])>	$stack6 = l2 % 2	0.0000000000	682	1052	0	5	25	
<comp5111.assignment.cut.Subject$GameConfiguration: void <init>(comp5111.assignment.cut.Subject,int,comp5111.assignment.cut.Subject$GamePlayer[])>	$stack7 = lengthof l3	0.0000000000	682	1061	0	0	25	
<comp5111.assignment.cut.Subject$GameConfiguration: void <init>(comp5111.assignment.cut.Subject,int,comp5111.assignment.cut.Subject$GamePlayer[])>	$stack8 = newarray (comp5111.assignment.cut.Subject$GamePlayer[])[l2]	0.0000000000	682	1066	0	0	25	
<comp5111.assignment.cut.Subject$GameConfiguration: void <init>(comp5111.assignment.cut.Subject,int,comp5111.assignment.cut.Subject$GamePlayer[])>	$stack9 = new comp5111.assignment.cut.Subject$GamePlace	0.0000000000	682	1074	0	0	25	
<comp5111.assignment.cut.Subject$GameConfiguration: void <init>(comp5111.assignment.cut.Subject,int,comp5111.assignment.cut.Subject$GamePlayer[])>	goto [?= staticinvoke <comp5111.assignment.CoverageRuntime: void hit(java.lang.String)>("<comp5111.assignment.cut.Subject$GameConfiguration: void <init>(comp5111.assignment.cut.Subject,int,comp5111.assignment.cut.Subject$GamePlayer[])> ::: 29")]	0.0000000000	682	1067	0	0	25	
<comp5111.assignment.cut.Subject$GameConfiguration: void <init>(comp5111.assignment.cut.Subject,int,comp5111.assignment.cut.Subject$GamePlayer[])>	goto [?= staticinvoke <comp5111.assignment.CoverageRuntime: void hit(java.lang.String)>("<comp5111.assignment.cut.Subject$GameConfiguration: void <init>(comp5111.assignment.cut.Subject,int,comp5111.assignment.cut.Subject$GamePlayer[])> ::: 34")]	0.0000000000	682	1069	0	0	25	
<comp5111.assignment.cut.Subject$GameConfiguration: void <init>(comp5111.assignment.cut.Subject,int,comp5111.assignment.cut.Subject$GamePlayer[])>	if $stack6 == 1 goto (branch)	0.0000000000	682	1052	0	5	25	
<comp5111.assignment.cut.Subject$GameConfiguration: void <init>(comp5111.assignment.cut.Subject,int,comp5111.assignment.cut.Subject$GamePlayer[])>	if $stack7 == 2 goto $stack8 = newarray (comp5111.assignment.cut.Subject$GamePlayer[])[l2]	0.0000000000	682	1061	0	0	25	
<comp5111.assignment.cut.Subject$GameConfiguration: void <init>(comp5111.assignment.cut.Subject,int,comp5111.assignment.cut.Subject$GamePlayer[])>	if l2 <= 25 goto l0.<comp5111.assignment.cut.Subject$GameConfiguration: int size> = l2	0.0000000000	682	1055	0	1	25	
<comp5111.assignment.cut.Subject$GameConfiguration: void <init>(comp5111.assignment.cut.Subject,int,comp5111.assignment.cut.Subject$GamePlayer[])>	if l2 >= 3 goto $stack6 = l2 % 2	0.0000000000	682	1049	0	11	25	
<comp5111.assignment.cut.Subject$GameConfiguration: void <init>(comp5111.assignment.cut.Subject,int,comp5111.assignment.cut.Subject$GamePlayer[])>	if l4 >= l2 goto $stack9 = new comp5111.assignment.cut.Subject$GamePlace	0.0000000000	682	1067	0	0	25	
<comp5111.assignment.cut.Subject$GameConfiguration: void <init>(comp5111.assignment.cut.Subject,int,comp5111.assignment.cut.Subject$GamePlayer[])>	if l5 >= l2 goto l4 = l4 + 1	0.0000000000	682	1069	0	0	25	
<comp5111.assignment.cut.Subject$GameConfiguration: void <init>(comp5111.assignment.cut.Subject,int,comp5111.assignment.cut.Subject$GamePlayer[])>	l0.<comp5111.assignment.cut.Subject$GameConfiguration: comp5111.assignment.cut.Subject this$0> = l1	0.0000000000	682	1047	0	11	25	
<comp5111.assignment.cut.Subject$GameConfiguration: void <init>(comp5111.assignment.cut.Subject,int,comp5111.assignment.cut.Subject$GamePlayer[])>	l0.<comp5111.assignment.cut.Subject$GameConfiguration: comp5111.assignment.cut.Subject$GamePlace centralPlace> = $stack9	0.0000000000	682	1074	0	0	25	
<comp5111.assignment.cut.Subject$GameConfiguration: void <init>(comp5111.assignment.cut.Subject,int,comp5111.assignment.cut.Subject$GamePlayer[])>	l0.<comp5111.assignment.cut.Subject$GameConfiguration: comp5111.assignment.cut.Subject$GamePlayer[] players> = l3	0.0000000000	682	1060	0	0	25	
<comp5111.assignment.cut.Subject$GameConfiguration: void <init>(comp5111.assignment.cut.Subject,int,comp5111.assignment.cut.Subject$GamePlayer[])>	l0.<comp5111.assignment.cut.Subject$GameConfiguration: comp5111.assignment.cut.Subject$GamePlayer[][] initialBoard> = $stack8	0.0000000000	682	1066	0	0	25	
<comp5111.assignment.cut.Subject$GameConfiguration: void <init>(comp5111.assignment.cut.Subject,int,comp5111.assignment.cut.Subject$GamePlayer[])>	l0.<comp5111.assignment.cut.Subject$GameConfiguration: int size> = l2	0.0000000000	682	1058	0	0	25	
<comp5111.assignment.cut.Subject$GameConfiguration: void <init>(comp5111.assignment.cut.Subject,int,comp5111.assignment.cut.Subject$GamePlayer[])>	l4 = 0	0.0000000000	682	1067	0	0	25	
<comp5111.assignment.cut.Subject$GameConfiguration: void <init>(comp5111.assignment.cut.Subject,int,comp5111.assignment.cut.Subject$GamePlayer[])>	l4 = l4 + 1	0.0000000000	682	1067	0	0	25	
<comp5111.assignment.cut.Subject$GameConfiguration: void <init>(comp5111.assignment.cut.Subject,int,comp5111.assignment.cut.Subject$GamePlayer[])>	l5 = 0	0.0000000000	682	1069	0	0	25	
<comp5111.assignment.cut.Subject$GameConfiguration: void <init>(comp5111.assignment.cut.Subject,int,comp5111.assignment.cut.Subject$GamePlayer[])>	l5 = l5 + 1	0.0000000000	682	1069	0	0	25	
<comp5111.assignment.cut.Subject$GameConfiguration: void <init>(comp5111.assignment.cut.Subject,int,comp5111.assignment.cut.Subject$GamePlayer[])>	return	0.0000000000	682	1075	0	0	25	
<comp5111.assignment.cut.Subject$GameConfiguration: void <init>(comp5111.assignment.cut.Subject,int,comp5111.assignment.cut.Subject$GamePlayer[])>	specialinvoke $stack20.<java.lang.IllegalArgumentException: void <init>(java.lang.String)>("there must be exactly two players")	0.0000000000	682	1062	0	0	25	
<comp5111.assignment.cut.Subject$GameConfiguration: void <init>(comp5111.assignment.cut.Subject,int,comp5111.assignment.cut.Subject$GamePlayer[])>	specialinvoke $stack21.<java.lang.IllegalArgumentException: void <init>(java.lang.String)>("size of gameboard is at most 25")	0.0000000000	682	1056	0	1	25	
<comp5111.assignment.cut.Subject$GameConfiguration: void <init>(comp5111.assignment.cut.Subject,int,comp5111.assignment.cut.Subject$GamePlayer[])>	specialinvoke $stack22.<java.lang.IllegalArgumentException: void <init>(java.lang.String)>("size of gameboard must be an odd number")	0.0000000000	682	1053	0	4	25	
<comp5111.assignment.cut.Subject$GameConfiguration: void <init>(comp5111.assignment.cut.Subject,int,comp5111.assignment.cut.Subject$GamePlayer[])>	specialinvoke $stack23.<java.lang.IllegalArgumentException: void <init>(java.lang.String)>("size of gameboard must be at least 3")	0.0000000000	682	1050	0	6	25	
<comp5111.assignment.cut.Subject$GameConfiguration: void <init>(comp5111.assignment.cut.Subject,int,comp5111.assignment.cut.Subject$GamePlayer[])>	specialinvoke $stack9.<comp5111.assignment.cut.Subject$GamePlace: void <init>(comp5111.assignment.cut.Subject,int,int)>(l1, $stack11, $stack10)	0.0000000000	682	1074	0	0	25	
<comp5111.assignment.cut.Subject$GameConfiguration: void <init>(comp5111.assignment.cut.Subject,int,comp5111.assignment.cut.Subject$GamePlayer[])>	specialinvoke l0.<java.lang.Object: void <init>()>()	0.0000000000	682	1047	0	11	25	
<comp5111.assignment.cut.Subject$GameConfiguration: void <init>(comp5111.assignment.cut.Subject,int,comp5111.assignment.cut.Subject$GamePlayer[])>	throw $stack20	0.0000000000	682	1062	0	0	25	
<comp5111.assignment.cut.Subject$GameConfiguration: void <init>(comp5111.assignment.cut.Subject,int,comp5111.assignment.cut.Subject$GamePlayer[])>	throw $stack21	0.0000000000	682	1056	0	1	25	
<comp5111.assignment.cut.Subject$GameConfiguration: void <init>(comp5111.assignment.cut.Subject,int,comp5111.assignment.cut.Subject$GamePlayer[])>	throw $stack22	0.0000000000	682	1053	0	4	25	
<comp5111.assignment.cut.Subject$GameConfiguration: void <init>(comp5111.assignment.cut.Subject,int,comp5111.assignment.cut.Subject$GamePlayer[])>	throw $stack23	0.0000000000	682	1050	0	6	25	
<comp5111.assignment.cut.Subject$GameConfiguration: void addInitialPiece(comp5111.assignment.cut.Subject$GamePlayer,comp5111.assignment.cut.Subject$GamePlace)>	$stack10 = dynamicinvoke "makeConcatWithConstants" <java.lang.String (java.lang.String)>($stack9) <java.lang.invoke.StringConcatFactory: java.lang.invoke.CallSite makeConcatWithConstants(java.lang.invoke.MethodHandles$Lookup,java.lang.String,java.lang.invoke.MethodType,java.lang.String,java.lang.Object[])>("the place\u0001 must be inside the gameboard")	0.0000000000	682	1091	0	0	25	
<comp5111.assignment.cut.Subject$GameConfiguration: void addInitialPiece(comp5111.assignment.cut.Subject$GamePlayer,comp5111.assignment.cut.Subject$GamePlace)>	$stack11 = virtualinvoke l2.<comp5111.assignment.cut.Subject$GamePlace: int y()>()	0.0000000000	682	1089	0	0	25	
<comp5111.assignment.cut.Subject$GameConfiguration: void addInitialPiece(comp5111.assignment.cut.Subject$GamePlayer,comp5111.assignment.cut.Subject$GamePlace)>	$stack12 = l0.<comp5111.assignment.cut.Subject$GameConfiguration: int size>	0.0000000000	682	1089	0	0	25	
<comp5111.assignment.cut.Subject$GameConfiguration: void addInitialPiece(comp5111.assignment.cut.Subject$GamePlayer,comp5111.assignment.cut.Subject$GamePlace)>	$stack14 = virtualinvoke l2.<comp5111.assignment.cut.Subject$GamePlace: int x()>()	0.0000000000	682	1089	0	0	25	
<comp5111.assignment.cut.Subject$GameConfiguration: void addInitialPiece(comp5111.assignment.cut.Subject$GamePlayer,comp5111.assignment.cut.Subject$GamePlace)>	$stack15 = virtualinvoke l2.<comp5111.assignment.cut.Subject$GamePlace: int y()>()	0.0000000000	682	1089	0	0	25	
<comp5111.assignment.cut.Subject$GameConfiguration: void addInitialPiece(comp5111.assignment.cut.Subject$GamePlayer,comp5111.assignment.cut.Subject$GamePlace)>	$stack16 = l0.<comp5111.assignment.cut.Subject$GameConfiguration: comp5111.assignment.cut.Subject$GamePlace centralPlace>	0.0000000000	682	1093	0	0	25	
<comp5111.assignment.cut.Subject$GameConfiguration: void addInitialPiece(comp5111.assignment.cut.Subject$GamePlayer,comp5111.assignment.cut.Subject$GamePlace)>	$stack17 = virtualinvoke l2.<comp5111.assignment.cut.Subject$GamePlace: boolean equals(java.lang.Object)>($stack16)	0.0000000000	682	1093	0	0	25	
<comp5111.assignment.cut.Subject$GameConfiguration: void addInitialPiece(comp5111.assignment.cut.Subject$GamePlayer,comp5111.assignment.cut.Subject$GamePlace)>	$stack18 = l0.<comp5111.assignment.cut.Subject$GameConfiguration: comp5111.assignment.cut.Subject$GamePlayer[][] initialBoard>	0.0000000000	682	1098	0	0	25	
<comp5111.assignment.cut.Subject$GameConfiguration: void addInitialPiece(comp5111.assignment.cut.Subject$GamePlayer,comp5111.assignment.cut.Subject$GamePlace)>	$stack19 = virtualinvoke l2.<comp5111.assignment.cut.Subject$GamePlace: int x()>()	0.0000000000	682	1098	0	0	25	
<comp5111.assignment.cut.Subject$GameConfiguration: void addInitialPiece(comp5111.assignment.cut.Subject$GamePlayer,comp5111.assignment.cut.Subject$GamePlace)>	$stack20 = $stack18[$stack19]	0.0000000000	682	1098	0	0	25	
<comp5111.assignment.cut.Subject$GameConfiguration: void addInitialPiece(comp5111.assignment.cut.Subject$GamePlayer,comp5111.assignment.cut.Subject$GamePlace)>	$stack20[$stack21] = l1	0.0000000000	682	1098	0	0	25	
<comp5111.assignment.cut.Subject$GameConfiguration: void addInitialPiece(comp5111.assignment.cut.Subject$GamePlayer,comp5111.assignment.cut.Subject$GamePlace)>	$stack21 = virtualinvoke l2.<comp5111.assignment.cut.Subject$GamePlace: int y()>()	0.0000000000	682	1098	0	0	25	
<comp5111.assignment.cut.Subject$GameConfiguration: void addInitialPiece(comp5111.assignment.cut.Subject$GamePlayer,comp5111.assignment.cut.Subject$GamePlace)>	$stack22 = new java.lang.IllegalArgumentException	0.0000000000	682	1094	0	0	25	
<comp5111.assignment.cut.Subject$GameConfiguration: void addInitialPiece(comp5111.assignment.cut.Subject$GamePlayer,comp5111.assignment.cut.Subject$GamePlace)>	$stack23 = l0.<comp5111.assignment.cut.Subject$GameConfiguration: comp5111.assignment.cut.Subject$GamePlayer[] players>	0.0000000000	682	1086	0	0	25	
<comp5111.assignment.cut.Subject$GameConfiguration: void addInitialPiece(comp5111.assignment.cut.Subject$GamePlayer,comp5111.assignment.cut.Subject$GamePlace)>	$stack24 = $stack23[1]	0.0000000000	682	1086	0	0	25	
<comp5111.assignment.cut.Subject$GameConfiguration: void addInitialPiece(comp5111.assignment.cut.Subject$GamePlayer,comp5111.assignment.cut.Subject$GamePlace)>	$stack25 = virtualinvoke l1.<comp5111.assignment.cut.Subject$GamePlayer: boolean equals(java.lang.Object)>($stack24)	0.0000000000	682	1086	0	0	25	
<comp5111.assignment.cut.Subject$GameConfiguration: void addInitialPiece(comp5111.assignment.cut.Subject$GamePlayer,comp5111.assignment.cut.Subject$GamePlace)>	$stack28 = new java.lang.IllegalArgumentException	0.0000000000	682	1087	0	0	25	
<comp5111.assignment.cut.Subject$GameConfiguration: void addInitialPiece(comp5111.assignment.cut.Subject$GamePlayer,comp5111.assignment.cut.Subject$GamePlace)>	$stack3 = l0.<comp5111.assignment.cut.Subject$GameConfiguration: comp5111.assignment.cut.Subject$GamePlayer[] players>	0.0000000000	682	1086	0	0	25	
<comp5111.assignment.cut.Subject$GameConfiguration: void addInitialPiece(comp5111.assignment.cut.Subject$GamePlayer,comp5111.assignment.cut.Subject$GamePlace)>	$stack4 = $stack3[0]	0.0000000000	682	1086	0	0	25	
<comp5111.assignment.cut.Subject$GameConfiguration: void addInitialPiece(comp5111.assignment.cut.Subject$GamePlayer,comp5111.assignment.cut.Subject$GamePlace)>	$stack5 = virtualinvoke l1.<comp5111.assignment.cut.Subject$GamePlayer: boolean equals(java.lang.Object)>($stack4)	0.0000000000	682	1086	0	0	25	
<comp5111.assignment.cut.Subject$GameConfiguration: void addInitialPiece(comp5111.assignment.cut.Subject$GamePlayer,comp5111.assignment.cut.Subject$GamePlace)>	$stack6 = virtualinvoke l2.<comp5111.assignment.cut.Subject$GamePlace: int x()>()	0.0000000000	682	1089	0	0	25	
<comp5111.assignment.cut.Subject$GameConfiguration: void addInitialPiece(comp5111.assignment.cut.Subject$GamePlayer,comp5111.assignment.cut.Subject$GamePlace)>	$stack7 = l0.<comp5111.assignment.cut.Subject$GameConfiguration: int size>	0.0000000000	682	1089	0	0	25	
<comp5111.assignment.cut.Subject$GameConfiguration: void addInitialPiece(comp5111.assignment.cut.Subject$GamePlayer,comp5111.assignment.cut.Subject$GamePlace)>	$stack8 = new java.lang.IllegalArgumentException	0.0000000000	682	1091	0	0	25	
<comp5111.assignment.cut.Subject$GameConfiguration: void addInitialPiece(comp5111.assignment.cut.Subject$GamePlayer,comp5111.assignment.cut.Subject$GamePlace)>	$stack9 = virtualinvoke l2.<comp5111.assignment.cut.Subject$GamePlace: java.lang.String toString()>()	0.0000000000	682	1091	0	0	25	
<comp5111.assignment.cut.Subject$GameConfiguration: void addInitialPiece(comp5111.assignment.cut.Subject$GamePlayer,comp5111.assignment.cut.Subject$GamePlace)>	if $stack11 >= $stack12 goto $stack8 = new java.lang.IllegalArgumentException	0.0000000000	682	1089	0	0	25	
<comp5111.assignment.cut.Subject$GameConfiguration: void addInitialPiece(comp5111.assignment.cut.Subject$GamePlayer,comp5111.assignment.cut.Subject$GamePlace)>	if $stack14 < 0 goto $stack8 = new java.lang.IllegalArgumentException	0.0000000000	682	1089	0	0	25	
<comp5111.assignment.cut.Subject$GameConfiguration: void addInitialPiece(comp5111.assignment.cut.Subject$GamePlayer,comp5111.assignment.cut.Subject$GamePlace)>	if $stack15 >= 0 goto $stack16 = l0.<comp5111.assignment.cut.Subject$GameConfiguration: comp5111.assignment.cut.Subject$GamePlace centralPlace>	0.0000000000	682	1089	0	0	25	
<comp5111.assignment.cut.Subject$GameConfiguration: void addInitialPiece(comp5111.assignment.cut.Subject$GamePlayer,comp5111.assignment.cut.Subject$GamePlace)>	if $stack17 == 0 goto $stack18 = l0.<comp5111.assignment.cut.Subject$GameConfiguration: comp5111.assignment.cut.Subject$GamePlayer[][] initialBoard>	0.0000000000	682	1093	0	0	25	
<comp5111.assignment.cut.Subject$GameConfiguration: void addInitialPiece(comp5111.assignment.cut.Subject$GamePlayer,comp5111.assignment.cut.Subject$GamePlace)>	if $stack25 != 0 goto $stack6 = virtualinvoke l2.<comp5111.assignment.cut.Subject$GamePlace: int x()>()	0.0000000000	682	1086	0	0	25	
<comp5111.assignment.cut.Subject$GameConfiguration: void addInitialPiece(comp5111.assignment.cut.Subject$GamePlayer,comp5111.assignment.cut.Subject$GamePlace)>	if $stack5 != 0 goto $stack6 = virtualinvoke l2.<comp5111.assignment.cut.Subject$GamePlace: int x()>()	0.0000000000	682	1086	0	0	25	
<comp5111.assignment.cut.Subject$GameConfiguration: void addInitialPiece(comp5111.assignment.cut.Subject$GamePlayer,comp5111.assignment.cut.Subject$GamePlace)>	if $stack6 >= $stack7 goto $stack8 = new java.lang.IllegalArgumentException	0.0000000000	682	1089	0	0	25	
<comp5111.assignment.cut.Subject$GameConfiguration: void addInitialPiece(comp5111.assignment.cut.Subject$GamePlayer,comp5111.assignment.cut.Subject$GamePlace)>	return	0.0000000000	682	1099	0	0	25	
<comp5111.assignment.cut.Subject$GameConfiguration: void addInitialPiece(comp5111.assignment.cut.Subject$GamePlayer,comp5111.assignment.cut.Subject$GamePlace)>	specialinvoke $stack22.<java.lang.IllegalArgumentException: void <init>(java.lang.String)>("piece cannot be put at central place initially")	0.0000000000	682	1094	0	0	25	
<comp5111.assignment.cut.Subject$GameConfiguration: void addInitialPiece(comp5111.assignment.cut.Subject$GamePlayer,comp5111.assignment.cut.Subject$GamePlace)>	specialinvoke $stack28.<java.lang.IllegalArgumentException: void <init>(java.lang.String)>("the player of the piece is unknown")	0.0000000000	682	1087	0	0	25	
<comp5111.assignment.cut.Subject$GameConfiguration: void addInitialPiece(comp5111.assignment.cut.Subject$GamePlayer,comp5111.assignment.cut.Subject$GamePlace)>	specialinvoke $stack8.<java.lang.IllegalArgumentException: void <init>(java.lang.String)>($stack10)	0.0000000000	682	1091	0	0	25	
<comp5111.assignment.cut.Subject$GameConfiguration: void addInitialPiece(comp5111.assignment.cut.Subject$GamePlayer,comp5111.assignment.cut.Subject$GamePlace)>	throw $stack22	0.0000000000	682	1094	0	0	25	
<comp5111.assignment.cut.Subject$GameConfiguration: void addInitialPiece(comp5111.assignment.cut.Subject$GamePlayer,comp5111.assignment.cut.Subject$GamePlace)>	throw $stack28	0.0000000000	682	1087	0	0	25	
<comp5111.assignment.cut.Subject$GameConfiguration: void addInitialPiece(comp5111.assignment.cut.Subject$GamePlayer,comp5111.assignment.cut.Subject$GamePlace)>	throw $stack8	0.0000000000	682	1091	0	0	25	
<comp5111.assignment.cut.Subject$GameConfiguration: void clearInitialBoard()>	$stack3 = l0.<comp5111.assignment.cut.Subject$GameConfiguration: int size>	0.0000000000	682	1294	0	0	25	
<comp5111.assignment.cut.Subject$GameConfiguration: void clearInitialBoard()>	$stack4 = l0.<comp5111.assignment.cut.Subject$GameConfiguration: int size>	0.0000000000	682	1295	0	0	25	
<comp5111.assignment.cut.Subject$GameConfiguration: void clearInitialBoard()>	$stack7 = l0.<comp5111.assignment.cut.Subject$GameConfiguration: comp5111.assignment.cut.Subject$GamePlayer[][] initialBoard>	0.0000000000	682	1296	0	0	25	
<comp5111.assignment.cut.Subject$GameConfiguration: void clearInitialBoard()>	$stack8 = $stack7[l1]	0.0000000000	682	1296	0	0	25	
<comp5111.assignment.cut.Subject$GameConfiguration: void clearInitialBoard()>	$stack8[l2] = null	0.0000000000	682	1296	0	0	25	
<comp5111.assignment.cut.Subject$GameConfiguration: void clearInitialBoard()>	goto [?= staticinvoke <comp5111.assignment.CoverageRuntime: void hit(java.lang.String)>("<comp5111.assignment.cut.Subject$GameConfiguration: void clearInitialBoard()> ::: 2")]	0.0000000000	682	1294	0	0	25	
<comp5111.assignment.cut.Subject$GameConfiguration: void clearInitialBoard()>	goto [?= staticinvoke <comp5111.assignment.CoverageRuntime: void hit(java.lang.String)>("<comp5111.assignment.cut.Subject$GameConfiguration: void clearInitialBoard()> ::: 5")]	0.0000000000	682	1295	0	0	25	
<comp5111.assignment.cut.Subject$GameConfiguration: void clearInitialBoard()>	if l1 >= $stack3 goto return	0.0000000000	682	1294	0	0	25	
<comp5111.assignment.cut.Subject$GameConfiguration: void clearInitialBoard()>	if l2 >= $stack4 goto l1 = l1 + 1	0.0000000000	682	1295	0	0	25	
<comp5111.assignment.cut.Subject$GameConfiguration: void clearInitialBoard()>	l1 = 0	0.0000000000	682	1294	0	0	25	
<comp5111.assignment.cut.Subject$GameConfiguration: void clearInitialBoard()>	l1 = l1 + 1	0.0000000000	682	1294	0	0	25	
<comp5111.assignment.cut.Subject$GameConfiguration: void clearInitialBoard()>	l2 = 0	0.0000000000	682	1295	0	0	25	
<comp5111.assignment.cut.Subject$GameConfiguration: void clearInitialBoard()>	l2 = l2 + 1	0.0000000000	682	1295	0	0	25	
<comp5111.assignment.cut.Subject$GameConfiguration: void clearInitialBoard()>	return	0.0000000000	682	1299	0	0	25	
<comp5111.assignment.cut.Subject$GamePlace: boolean equals(java.lang.Object)>	$stack3 = virtualinvoke l0.<java.lang.Object: java.lang.Class getClass()>()	0.0000000000	682	958	0	13	25	
<comp5111.assignment.cut.Subject$GamePlace: boolean equals(java.lang.Object)>	$stack4 = virtualinvoke l1.<java.lang.Object: java.lang.Class getClass()>()	0.0000000000	682	958	0	13	25	
<comp5111.assignment.cut.Subject$GamePlace: boolean equals(java.lang.Object)>	$stack5 = l2.<comp5111.assignment.cut.Subject$GamePlace: int x>	0.0000000000	682	961	0	1	25	
<comp5111.assignment.cut.Subject$GamePlace: boolean equals(java.lang.Object)>	$stack6 = l0.<comp5111.assignment.cut.Subject$GamePlace: int x>	0.0000000000	682	961	0	1	25	
<comp5111.assignment.cut.Subject$GamePlace: boolean equals(java.lang.Object)>	$stack7 = l2.<comp5111.assignment.cut.Subject$GamePlace: int y>	0.0000000000	682	961	0	0	25	
<comp5111.assignment.cut.Subject$GamePlace: boolean equals(java.lang.Object)>	$stack8 = l0.<comp5111.assignment.cut.Subject$GamePlace: int y>	0.0000000000	682	961	0	0	25	
<comp5111.assignment.cut.Subject$GamePlace: boolean equals(java.lang.Object)>	$stack9 = 0	0.0000000000	682	961	0	1	25	
<comp5111.assignment.cut.Subject$GamePlace: boolean equals(java.lang.Object)>	$stack9 = 1	0.0000000000	682	961	0	0	25	
<comp5111.assignment.cut.Subject$GamePlace: boolean equals(java.lang.Object)>	goto [?= return $stack9]	0.0000000000	682	961	0	0	25	
<comp5111.assignment.cut.Subject$GamePlace: boolean equals(java.lang.Object)>	if $stack3 == $stack4 goto l2 = (comp5111.assignment.cut.Subject$GamePlace) l1	0.0000000000	682	958	0	13	25	
<comp5111.assignment.cut.Subject$GamePlace: boolean equals(java.lang.Object)>	if $stack6 != $stack5 goto $stack9 = 0	0.0000000000	682	961	0	1	25	
<comp5111.assignment.cut.Subject$GamePlace: boolean equals(java.lang.Object)>	if $stack8 != $stack7 goto $stack9 = 0	0.0000000000	682	961	0	0	25	
<comp5111.assignment.cut.Subject$GamePlace: boolean equals(java.lang.Object)>	if l0 != l1 goto (branch)	0.0000000000	682	956	0	13	25	
<comp5111.assignment.cut.Subject$GamePlace: boolean equals(java.lang.Object)>	if l1 == null goto return 0	0.0000000000	682	958	0	13	25	
<comp5111.assignment.cut.Subject$GamePlace: boolean equals(java.lang.Object)>	l2 = (comp5111.assignment.cut.Subject$GamePlace) l1	0.0000000000	682	960	0	1	25	
<comp5111.assignment.cut.Subject$GamePlace: boolean equals(java.lang.Object)>	return $stack9	0.0000000000	682	961	0	1	25	
<comp5111.assignment.cut.Subject$GamePlace: boolean equals(java.lang.Object)>	return 0	0.0000000000	682	959	0	12	25	
<comp5111.assignment.cut.Subject$GamePlace: boolean equals(java.lang.Object)>	return 1	0.0000000000	682	957	0	0	25	
<comp5111.assignment.cut.Subject$GamePlace: boolean isAdjacent(comp5111.assignment.cut.Subject$GamePlace)>	$stack10 = $stack9 - $stack8	0.0000000000	682	979	0	14	25	
<comp5111.assignment.cut.Subject$GamePlace: boolean isAdjacent(comp5111.assignment.cut.Subject$GamePlace)>	$stack12 = l2 + l3	0.0000000000	682	980	0	14	25	
<comp5111.assignment.cut.Subject$GamePlace: boolean isAdjacent(comp5111.assignment.cut.Subject$GamePlace)>	$stack13 = 0	0.0000000000	682	980	0	14	25	
<comp5111.assignment.cut.Subject$GamePlace: boolean isAdjacent(comp5111.assignment.cut.Subject$GamePlace)>	$stack13 = 1	0.0000000000	682	980	0	0	25	
<comp5111.assignment.cut.Subject$GamePlace: boolean isAdjacent(comp5111.assignment.cut.Subject$GamePlace)>	$stack4 = l1.<comp5111.assignment.cut.Subject$GamePlace: int x>	0.0000000000	682	978	0	14	25	
<comp5111.assignment.cut.Subject$GamePlace: boolean isAdjacent(comp5111.assignment.cut.Subject$GamePlace)>	$stack5 = l0.<comp5111.assignment.cut.Subject$GamePlace: int x>	0.0000000000	682	978	0	14	25	
<comp5111.assignment.cut.Subject$GamePlace: boolean isAdjacent(comp5111.assignment.cut.Subject$GamePlace)>	$stack6 = $stack5 - $stack4	0.0000000000	682	978	0	14	25	
<comp5111.assignment.cut.Subject$GamePlace: boolean isAdjacent(comp5111.assignment.cut.Subject$GamePlace)>	$stack8 = l1.<comp5111.assignment.cut.Subject$GamePlace: int y>	0.0000000000	682	979	0	14	25	
<comp5111.assignment.cut.Subject$GamePlace: boolean isAdjacent(comp5111.assignment.cut.Subject$GamePlace)>	$stack9 = l0.<comp5111.assignment.cut.Subject$GamePlace: int y>	0.0000000000	682	979	0	14	25	
<comp5111.assignment.cut.Subject$GamePlace: boolean isAdjacent(comp5111.assignment.cut.Subject$GamePlace)>	goto [?= return $stack13]	0.0000000000	682	980	0	0	25	
<comp5111.assignment.cut.Subject$GamePlace: boolean isAdjacent(comp5111.assignment.cut.Subject$GamePlace)>	if $stack12 != 1 goto $stack13 = 0	0.0000000000	682	980	0	14	25	
<comp5111.assignment.cut.Subject$GamePlace: boolean isAdjacent(comp5111.assignment.cut.Subject$GamePlace)>	if l1 != null goto $stack5 = l0.<comp5111.assignment.cut.Subject$GamePlace: int x>	0.0000000000	682	976	0	34	25	
<comp5111.assignment.cut.Subject$GamePlace: boolean isAdjacent(comp5111.assignment.cut.Subject$GamePlace)>	l2 = staticinvoke <java.lang.Math: int abs(int)>($stack6)	0.0000000000	682	978	0	14	25	
<comp5111.assignment.cut.Subject$GamePlace: boolean isAdjacent(comp5111.assignment.cut.Subject$GamePlace)>	l3 = staticinvoke <java.lang.Math: int abs(int)>($stack10)	0.0000000000	682	979	0	14	25	
<comp5111.assignment.cut.Subject$GamePlace: boolean isAdjacent(comp5111.assignment.cut.Subject$GamePlace)>	return $stack13	0.0000000000	682	980	0	14	25	
<comp5111.assignment.cut.Subject$GamePlace: boolean isAdjacent(comp5111.assignment.cut.Subject$GamePlace)>	return 0	0.0000000000	682	977	0	34	25	
<comp5111.assignment.cut.Subject$GamePlace: comp5111.assignment.cut.Subject$GamePlace clone()>	$stack2 = new comp5111.assignment.cut.Subject$GamePlace	0.0000000000	682	943	0	27	25	
<comp5111.assignment.cut.Subject$GamePlace: comp5111.assignment.cut.Subject$GamePlace clone()>	$stack3 = l0.<comp5111.assignment.cut.Subject$GamePlace: comp5111.assignment.cut.Subject this$0>	0.0000000000	682	943	0	27	25	
<comp5111.assignment.cut.Subject$GamePlace: comp5111.assignment.cut.Subject$GamePlace clone()>	$stack4 = l0.<comp5111.assignment.cut.Subject$GamePlace: int y>	0.0000000000	682	944	0	27	25	
<comp5111.assignment.cut.Subject$GamePlace: comp5111.assignment.cut.Subject$GamePlace clone()>	$stack5 = l0.<comp5111.assignment.cut.Subject$GamePlace: int x>	0.0000000000	682	945	0	27	25	
<comp5111.assignment.cut.Subject$GamePlace: comp5111.assignment.cut.Subject$GamePlace clone()>	l1 = $stack2	0.0000000000	682	943	0	27	25	
<comp5111.assignment.cut.Subject$GamePlace: comp5111.assignment.cut.Subject$GamePlace clone()>	l1.<comp5111.assignment.cut.Subject$GamePlace: int x> = $stack5	0.0000000000	682	945	0	27	25	
<comp5111.assignment.cut.Subject$GamePlace: comp5111.assignment.cut.Subject$GamePlace clone()>	l1.<comp5111.assignment.cut.Subject$GamePlace: int y> = $stack4	0.0000000000	682	944	0	27	25	
<comp5111.assignment.cut.Subject$GamePlace: comp5111.assignment.cut.Subject$GamePlace clone()>	return l1	0.0000000000	682	946	0	27	25	
<comp5111.assignment.cut.Subject$GamePlace: comp5111.assignment.cut.Subject$GamePlace clone()>	specialinvoke $stack2.<comp5111.assignment.cut.Subject$GamePlace: void <init>(comp5111.assignment.cut.Subject,int,int)>($stack3, -1, -1)	0.0000000000	682	943	0	27	25	
<comp5111.assignment.cut.Subject$GamePlace: int hashCode()>	$stack1 = l0.<comp5111.assignment.cut.Subject$GamePlace: int x>	0.0000000000	682	966	0	0	25	
<comp5111.assignment.cut.Subject$GamePlace: int hashCode()>	$stack2 = l0.<comp5111.assignment.cut.Subject$GamePlace: int y>	0.0000000000	682	966	0	0	25	
<comp5111.assignment.cut.Subject$GamePlace: int hashCode()>	$stack3 = 31 * $stack1	0.0000000000	682	966	0	0	25	
<comp5111.assignment.cut.Subject$GamePlace: int hashCode()>	$stack4 = $stack3 + $stack2	0.0000000000	682	966	0	0	25	
<comp5111.assignment.cut.Subject$GamePlace: int hashCode()>	return $stack4	0.0000000000	682	966	0	0	25	
<comp5111.assignment.cut.Subject$GamePlace: int manhattanDistance(comp5111.assignment.cut.Subject$GamePlace)>	$stack10 = $stack5 + $stack9	0.0000000000	682	992	0	4	25	
<comp5111.assignment.cut.Subject$GamePlace: int manhattanDistance(comp5111.assignment.cut.Subject$GamePlace)>	$stack2 = l1.<comp5111.assignment.cut.Subject$GamePlace: int x>	0.0000000000	682	992	0	4	25	
<comp5111.assignment.cut.Subject$GamePlace: int manhattanDistance(comp5111.assignment.cut.Subject$GamePlace)>	$stack3 = l0.<comp5111.assignment.cut.Subject$GamePlace: int x>	0.0000000000	682	992	0	4	25	
<comp5111.assignment.cut.Subject$GamePlace: int manhattanDistance(comp5111.assignment.cut.Subject$GamePlace)>	$stack4 = $stack3 - $stack2	0.0000000000	682	992	0	4	25	
<comp5111.assignment.cut.Subject$GamePlace: int manhattanDistance(comp5111.assignment.cut.Subject$GamePlace)>	$stack5 = staticinvoke <java.lang.Math: int abs(int)>($stack4)	0.0000000000	682	992	0	4	25	
<comp5111.assignment.cut.Subject$GamePlace: int manhattanDistance(comp5111.assignment.cut.Subject$GamePlace)>	$stack6 = l1.<comp5111.assignment.cut.Subject$GamePlace: int y>	0.0000000000	682	992	0	4	25	
<comp5111.assignment.cut.Subject$GamePlace: int manhattanDistance(comp5111.assignment.cut.Subject$GamePlace)>	$stack7 = l0.<comp5111.assignment.cut.Subject$GamePlace: int y>	0.0000000000	682	992	0	4	25	
<comp5111.assignment.cut.Subject$GamePlace: int manhattanDistance(comp5111.assignment.cut.Subject$GamePlace)>	$stack8 = $stack7 - $stack6	0.0000000000	682	992	0	4	25	
<comp5111.assignment.cut.Subject$GamePlace: int manhattanDistance(comp5111.assignment.cut.Subject$GamePlace)>	$stack9 = staticinvoke <java.lang.Math: int abs(int)>($stack8)	0.0000000000	682	992	0	4	25	
<comp5111.assignment.cut.Subject$GamePlace: int manhattanDistance(comp5111.assignment.cut.Subject$GamePlace)>	if l1 != null goto $stack3 = l0.<comp5111.assignment.cut.Subject$GamePlace: int x>	0.0000000000	682	990	0	4	25	
<comp5111.assignment.cut.Subject$GamePlace: int manhattanDistance(comp5111.assignment.cut.Subject$GamePlace)>	return $stack10	0.0000000000	682	992	0	4	25	
<comp5111.assignment.cut.Subject$GamePlace: int manhattanDistance(comp5111.assignment.cut.Subject$GamePlace)>	return -1	0.0000000000	682	991	0	0	25	
<comp5111.assignment.cut.Subject$GamePlace: int x()>	$stack1 = l0.<comp5111.assignment.cut.Subject$GamePlace: int x>	0.0000000000	682	938	0	7	25	
<comp5111.assignment.cut.Subject$GamePlace: int x()>	return $stack1	0.0000000000	682	938	0	7	25	
<comp5111.assignment.cut.Subject$GamePlace: int y()>	$stack1 = l0.<comp5111.assignment.cut.Subject$GamePlace: int y>	0.0000000000	682	920	0	6	25	
<comp5111.assignment.cut.Subject$GamePlace: int y()>	return $stack1	0.0000000000	682	920	0	6	25	
<comp5111.assignment.cut.Subject$GamePlace: java.lang.Object clone()>	$stack1 = virtualinvoke l0.<comp5111.assignment.cut.Subject$GamePlace: comp5111.assignment.cut.Subject$GamePlace clone()>()	0.0000000000	682	891	0	0	25	
<comp5111.assignment.cut.Subject$GamePlace: java.lang.Object clone()>	return $stack1	0.0000000000	682	891	0	0	25	
<comp5111.assignment.cut.Subject$GamePlace: java.lang.String toString()>	$stack1 = l0.<comp5111.assignment.cut.Subject$GamePlace: int y>	0.0000000000	682	951	0	23	25	
<comp5111.assignment.cut.Subject$GamePlace: java.lang.String toString()>	$stack2 = l0.<comp5111.assignment.cut.Subject$GamePlace: int x>	0.0000000000	682	951	0	23	25	
<comp5111.assignment.cut.Subject$GamePlace: java.lang.String toString()>	$stack3 = dynamicinvoke "makeConcatWithConstants" <java.lang.String (int,int)>($stack2, $stack1) <java.lang.invoke.StringConcatFactory: java.lang.invoke.CallSite makeConcatWithConstants(java.lang.invoke.MethodHandles$Lookup,java.lang.String,java.lang.invoke.MethodType,java.lang.String,java.lang.Object[])>("(\u0001, \u0001)")	0.0000000000	682	951	0	23	25	
<comp5111.assignment.cut.Subject$GamePlace: java.lang.String toString()>	return $stack3	0.0000000000	682	951	0	23	25	
<comp5111.assignment.cut.Subject$GamePlace: void <init>(comp5111.assignment.cut.Subject,int,int)>	l0.<comp5111.assignment.cut.Subject$GamePlace: comp5111.assignment.cut.Subject this$0> = l1	0.0000000000	682	900	0	51	25	
<comp5111.assignment.cut.Subject$GamePlace: void <init>(comp5111.assignment.cut.Subject,int,int)>	l0.<comp5111.assignment.cut.Subject$GamePlace: int x> = l2	0.0000000000	682	902	0	51	25	
<comp5111.assignment.cut.Subject$GamePlace: void <init>(comp5111.assignment.cut.Subject,int,int)>	l0.<comp5111.assignment.cut.Subject$GamePlace: int y> = l3	0.0000000000	682	901	0	51	25	
<comp5111.assignment.cut.Subject$GamePlace: void <init>(comp5111.assignment.cut.Subject,int,int)>	return	0.0000000000	682	903	0	51	25	
<comp5111.assignment.cut.Subject$GamePlace: void <init>(comp5111.assignment.cut.Subject,int,int)>	specialinvoke l0.<java.lang.Object: void <init>()>()	0.0000000000	682	900	0	51	25	
<comp5111.assignment.cut.Subject$GamePlace: void x(int)>	l0.<comp5111.assignment.cut.Subject$GamePlace: int x> = l1	0.0000000000	682	929	0	12	25	
<comp5111.assignment.cut.Subject$GamePlace: void x(int)>	return	0.0000000000	682	930	0	12	25	
<comp5111.assignment.cut.Subject$GamePlace: void y(int)>	l0.<comp5111.assignment.cut.Subject$GamePlace: int y> = l1	0.0000000000	682	911	0	18	25	
<comp5111.assignment.cut.Subject$GamePlace: void y(int)>	return	0.0000000000	682	912	0	18	25	
<comp5111.assignment.cut.Subject$GamePlayer: boolean equals(java.lang.Object)>	$stack3 = virtualinvoke l0.<java.lang.Object: java.lang.Class getClass()>()	0.0000000000	682	871	0	1	25	
<comp5111.assignment.cut.Subject$GamePlayer: boolean equals(java.lang.Object)>	$stack4 = virtualinvoke l1.<java.lang.Object: java.lang.Class getClass()>()	0.0000000000	682	871	0	1	25	
<comp5111.assignment.cut.Subject$GamePlayer: boolean equals(java.lang.Object)>	$stack5 = l2.<comp5111.assignment.cut.Subject$GamePlayer: java.lang.String name>	0.0000000000	682	874	0	0	25	
<comp5111.assignment.cut.Subject$GamePlayer: boolean equals(java.lang.Object)>	$stack6 = l0.<comp5111.assignment.cut.Subject$GamePlayer: java.lang.String name>	0.0000000000	682	874	0	0	25	
<comp5111.assignment.cut.Subject$GamePlayer: boolean equals(java.lang.Object)>	$stack7 = virtualinvoke $stack6.<java.lang.String: boolean equals(java.lang.Object)>($stack5)	0.0000000000	682	874	0	0	25	
<comp5111.assignment.cut.Subject$GamePlayer: boolean equals(java.lang.Object)>	if $stack3 == $stack4 goto l2 = (comp5111.assignment.cut.Subject$GamePlayer) l1	0.0000000000	682	871	0	1	25	
<comp5111.assignment.cut.Subject$GamePlayer: boolean equals(java.lang.Object)>	if l0 != l1 goto (branch)	0.0000000000	682	869	0	1	25	
<comp5111.assignment.cut.Subject$GamePlayer: boolean equals(java.lang.Object)>	if l1 == null goto return 0	0.0000000000	682	871	0	1	25	
<comp5111.assignment.cut.Subject$GamePlayer: boolean equals(java.lang.Object)>	l2 = (comp5111.assignment.cut.Subject$GamePlayer) l1	0.0000000000	682	873	0	0	25	
<comp5111.assignment.cut.Subject$GamePlayer: boolean equals(java.lang.Object)>	return $stack7	0.0000000000	682	874	0	0	25	
<comp5111.assignment.cut.Subject$GamePlayer: boolean equals(java.lang.Object)>	return 0	0.0000000000	682	872	0	1	25	
<comp5111.assignment.cut.Subject$GamePlayer: boolean equals(java.lang.Object)>	return 1	0.0000000000	682	870	0	0	25	
<comp5111.assignment.cut.Subject$GamePlayer: comp5111.assignment.cut.Subject$GamePlayer clone()>	$stack2 = new comp5111.assignment.cut.Subject$GamePlayer	0.0000000000	682	879	0	6	25	
<comp5111.assignment.cut.Subject$GamePlayer: comp5111.assignment.cut.Subject$GamePlayer clone()>	$stack3 = l0.<comp5111.assignment.cut.Subject$GamePlayer: java.lang.String name>	0.0000000000	682	879	0	6	25	
<comp5111.assignment.cut.Subject$GamePlayer: comp5111.assignment.cut.Subject$GamePlayer clone()>	$stack4 = l0.<comp5111.assignment.cut.Subject$GamePlayer: comp5111.assignment.cut.Subject this$0>	0.0000000000	682	879	0	6	25	
<comp5111.assignment.cut.Subject$GamePlayer: comp5111.assignment.cut.Subject$GamePlayer clone()>	$stack5 = l0.<comp5111.assignment.cut.Subject$GamePlayer: int score>	0.0000000000	682	880	0	6	25	
<comp5111.assignment.cut.Subject$GamePlayer: comp5111.assignment.cut.Subject$GamePlayer clone()>	l1 = $stack2	0.0000000000	682	879	0	6	25	
<comp5111.assignment.cut.Subject$GamePlayer: comp5111.assignment.cut.Subject$GamePlayer clone()>	l1.<comp5111.assignment.cut.Subject$GamePlayer: int score> = $stack5	0.0000000000	682	880	0	6	25	
<comp5111.assignment.cut.Subject$GamePlayer: comp5111.assignment.cut.Subject$GamePlayer clone()>	return l1	0.0000000000	682	881	0	6	25	
<comp5111.assignment.cut.Subject$GamePlayer: comp5111.assignment.cut.Subject$GamePlayer clone()>	specialinvoke $stack2.<comp5111.assignment.cut.Subject$GamePlayer: void <init>(comp5111.assignment.cut.Subject,java.lang.String)>($stack4, $stack3)	0.0000000000	682	879	0	6	25	
<comp5111.assignment.cut.Subject$GamePlayer: int getScore()>	$stack1 = l0.<comp5111.assignment.cut.Subject$GamePlayer: int score>	0.0000000000	682	829	0	9	25	
<comp5111.assignment.cut.Subject$GamePlayer: int getScore()>	return $stack1	0.0000000000	682	829	0	9	25	
<comp5111.assignment.cut.Subject$GamePlayer: java.lang.Object clone()>	$stack1 = virtualinvoke l0.<comp5111.assignment.cut.Subject$GamePlayer: comp5111.assignment.cut.Subject$GamePlayer clone()>()	0.0000000000	682	799	0	0	25	
<comp5111.assignment.cut.Subject$GamePlayer: java.lang.Object clone()>	return $stack1	0.0000000000	682	799	0	0	25	
<comp5111.assignment.cut.Subject$GamePlayer: java.lang.String getName()>	$stack1 = l0.<comp5111.assignment.cut.Subject$GamePlayer: java.lang.String name>	0.0000000000	682	817	0	7	25	
<comp5111.assignment.cut.Subject$GamePlayer: java.lang.String getName()>	return $stack1	0.0000000000	682	817	0	7	25	
<comp5111.assignment.cut.Subject$GamePlayer: java.lang.String toString()>	$stack1 = l0.<comp5111.assignment.cut.Subject$GamePlayer: int score>	0.0000000000	682	864	0	3	25	
<comp5111.assignment.cut.Subject$GamePlayer: java.lang.String toString()>	$stack2 = l0.<comp5111.assignment.cut.Subject$GamePlayer: java.lang.String name>	0.0000000000	682	864	0	3	25	
<comp5111.assignment.cut.Subject$GamePlayer: java.lang.String toString()>	$stack3 = dynamicinvoke "makeConcatWithConstants" <java.lang.String (java.lang.String,int)>($stack2, $stack1) <java.lang.invoke.StringConcatFactory: java.lang.invoke.CallSite makeConcatWithConstants(java.lang.invoke.MethodHandles$Lookup,java.lang.String,java.lang.invoke.MethodType,java.lang.String,java.lang.Object[])>("GamePlayer{name=\'\u0001\', score=\u0001}")	0.0000000000	682	864	0	3	25	
<comp5111.assignment.cut.Subject$GamePlayer: java.lang.String toString()>	return $stack3	0.0000000000	682	864	0	3	25	
<comp5111.assignment.cut.Subject$GamePlayer: void <init>(comp5111.assignment.cut.Subject)>	l0.<comp5111.assignment.cut.Subject$GamePlayer: comp5111.assignment.cut.Subject this$0> = l1	0.0000000000	682	808	0	30	25	
<comp5111.assignment.cut.Subject$GamePlayer: void <init>(comp5111.assignment.cut.Subject)>	l0.<comp5111.assignment.cut.Subject$GamePlayer: java.lang.String name> = "Anonymous Player"	0.0000000000	682	809	0	30	25	
<comp5111.assignment.cut.Subject$GamePlayer: void <init>(comp5111.assignment.cut.Subject)>	return	0.0000000000	682	810	0	30	25	
<comp5111.assignment.cut.Subject$GamePlayer: void <init>(comp5111.assignment.cut.Subject)>	specialinvoke l0.<java.lang.Object: void <init>()>()	0.0000000000	682	808	0	30	25	
<comp5111.assignment.cut.Subject$GamePlayer: void <init>(comp5111.assignment.cut.Subject,java.lang.String)>	l0.<comp5111.assignment.cut.Subject$GamePlayer: comp5111.assignment.cut.Subject this$0> = l1	0.0000000000	682	812	0	35	25	
<comp5111.assignment.cut.Subject$GamePlayer: void <init>(comp5111.assignment.cut.Subject,java.lang.String)>	l0.<comp5111.assignment.cut.Subject$GamePlayer: java.lang.String name> = l2	0.0000000000	682	813	0	35	25	
<comp5111.assignment.cut.Subject$GamePlayer: void <init>(comp5111.assignment.cut.Subject,java.lang.String)>	return	0.0000000000	682	814	0	35	25	
<comp5111.assignment.cut.Subject$GamePlayer: void <init>(comp5111.assignment.cut.Subject,java.lang.String)>	specialinvoke l0.<java.lang.Object: void <init>()>()	0.0000000000	682	812	0	35	25	
<comp5111.assignment.cut.Subject$GamePlayer: void addScore(int)>	$stack2 = l0.<comp5111.assignment.cut.Subject$GamePlayer: int score>	0.0000000000	682	847	0	9	25	
<comp5111.assignment.cut.Subject$GamePlayer: void addScore(int)>	$stack3 = $stack2 + l1	0.0000000000	682	847	0	9	25	
<comp5111.assignment.cut.Subject$GamePlayer: void addScore(int)>	l0.<comp5111.assignment.cut.Subject$GamePlayer: int score> = $stack3	0.0000000000	682	847	0	9	25	
<comp5111.assignment.cut.Subject$GamePlayer: void addScore(int)>	return	0.0000000000	682	848	0	9	25	
<comp5111.assignment.cut.Subject$GamePlayer: void resetScore()>	l0.<comp5111.assignment.cut.Subject$GamePlayer: int score> = 0	0.0000000000	682	854	0	8	25	
<comp5111.assignment.cut.Subject$GamePlayer: void resetScore()>	return	0.0000000000	682	855	0	8	25	
<comp5111.assignment.cut.Subject$GamePlayer: void setScore(int)>	l0.<comp5111.assignment.cut.Subject$GamePlayer: int score> = l1	0.0000000000	682	838	0	11	25	
<comp5111.assignment.cut.Subject$GamePlayer: void setScore(int)>	return	0.0000000000	682	839	0	11	25	
<comp5111.assignment.cut.Subject$StringAlgorithms: boolean isDigits(java.lang.String)>	$stack2 = virtualinvoke l0.<java.lang.String: int length()>()	0.0000000000	682	222	0	0	25	
<comp5111.assignment.cut.Subject$StringAlgorithms: boolean isDigits(java.lang.String)>	$stack3 = virtualinvoke l0.<java.lang.String: int length()>()	0.0000000000	682	224	0	0	25	
<comp5111.assignment.cut.Subject$StringAlgorithms: boolean isDigits(java.lang.String)>	$stack4 = virtualinvoke l0.<java.lang.String: char charAt(int)>(l1)	0.0000000000	682	225	0	0	25	
<comp5111.assignment.cut.Subject$StringAlgorithms: boolean isDigits(java.lang.String)>	$stack5 = staticinvoke <java.lang.Character: boolean isDigit(char)>($stack4)	0.0000000000	682	225	0	0	25	
<comp5111.assignment.cut.Subject$StringAlgorithms: boolean isDigits(java.lang.String)>	goto [?= staticinvoke <comp5111.assignment.CoverageRuntime: void hit(java.lang.String)>("<comp5111.assignment.cut.Subject$StringAlgorithms: boolean isDigits(java.lang.String)> ::: 6")]	0.0000000000	682	224	0	0	25	
<comp5111.assignment.cut.Subject$StringAlgorithms: boolean isDigits(java.lang.String)>	if $stack2 != 0 goto l1 = 0	0.0000000000	682	222	0	0	25	
<comp5111.assignment.cut.Subject$StringAlgorithms: boolean isDigits(java.lang.String)>	if $stack5 != 0 goto l1 = l1 + 1	0.0000000000	682	225	0	0	25	
<comp5111.assignment.cut.Subject$StringAlgorithms: boolean isDigits(java.lang.String)>	if l0 == null goto return 0	0.0000000000	682	222	0	0	25	
<comp5111.assignment.cut.Subject$StringAlgorithms: boolean isDigits(java.lang.String)>	if l1 >= $stack3 goto return 1	0.0000000000	682	224	0	0	25	
<comp5111.assignment.cut.Subject$StringAlgorithms: boolean isDigits(java.lang.String)>	l1 = 0	0.0000000000	682	224	0	0	25	
<comp5111.assignment.cut.Subject$StringAlgorithms: boolean isDigits(java.lang.String)>	l1 = l1 + 1	0.0000000000	682	224	0	0	25	
<comp5111.assignment.cut.Subject$StringAlgorithms: boolean isDigits(java.lang.String)>	return 0	0.0000000000	682	223	0	0	25	
<comp5111.assignment.cut.Subject$StringAlgorithms: boolean isDigits(java.lang.String)>	return 0	0.0000000000	682	226	0	0	25	
<comp5111.assignment.cut.Subject$StringAlgorithms: boolean isDigits(java.lang.String)>	return 1	0.0000000000	682	229	0	0	25	
<comp5111.assignment.cut.Subject$StringAlgorithms: boolean startsWithIgnoreCase(java.lang.String,java.lang.String)>	$stack12 = virtualinvoke l2.<java.lang.String: boolean equals(java.lang.Object)>(l3)	0.0000000000	682	32	0	6	25	
<comp5111.assignment.cut.Subject$StringAlgorithms: boolean startsWithIgnoreCase(java.lang.String,java.lang.String)>	$stack4 = virtualinvoke l0.<java.lang.String: int length()>()	0.0000000000	682	24	0	15	25	
<comp5111.assignment.cut.Subject$StringAlgorithms: boolean startsWithIgnoreCase(java.lang.String,java.lang.String)>	$stack5 = virtualinvoke l1.<java.lang.String: int length()>()	0.0000000000	682	24	0	15	25	
<comp5111.assignment.cut.Subject$StringAlgorithms: boolean startsWithIgnoreCase(java.lang.String,java.lang.String)>	$stack6 = virtualinvoke l0.<java.lang.String: boolean startsWith(java.lang.String)>(l1)	0.0000000000	682	27	0	7	25	
<comp5111.assignment.cut.Subject$StringAlgorithms: boolean startsWithIgnoreCase(java.lang.String,java.lang.String)>	$stack8 = virtualinvoke l1.<java.lang.String: int length()>()	0.0000000000	682	30	0	6	25	
<comp5111.assignment.cut.Subject$StringAlgorithms: boolean startsWithIgnoreCase(java.lang.String,java.lang.String)>	$stack9 = virtualinvoke l0.<java.lang.String: java.lang.String substring(int,int)>(0, $stack8)	0.0000000000	682	30	0	6	25	
<comp5111.assignment.cut.Subject$StringAlgorithms: boolean startsWithIgnoreCase(java.lang.String,java.lang.String)>	if $stack4 >= $stack5 goto $stack6 = virtualinvoke l0.<java.lang.String: boolean startsWith(java.lang.String)>(l1)	0.0000000000	682	24	0	15	25	
<comp5111.assignment.cut.Subject$StringAlgorithms: boolean startsWithIgnoreCase(java.lang.String,java.lang.String)>	if $stack6 == 0 goto $stack8 = virtualinvoke l1.<java.lang.String: int length()>()	0.0000000000	682	27	0	7	25	
<comp5111.assignment.cut.Subject$StringAlgorithms: boolean startsWithIgnoreCase(java.lang.String,java.lang.String)>	if l0 == null goto return 0	0.0000000000	682	21	0	15	25	
<comp5111.assignment.cut.Subject$StringAlgorithms: boolean startsWithIgnoreCase(java.lang.String,java.lang.String)>	if l1 != null goto $stack4 = virtualinvoke l0.<java.lang.String: int length()>()	0.0000000000	682	21	0	15	25	
<comp5111.assignment.cut.Subject$StringAlgorithms: boolean startsWithIgnoreCase(java.lang.String,java.lang.String)>	l2 = virtualinvoke $stack9.<java.lang.String: java.lang.String toLowerCase()>()	0.0000000000	682	30	0	6	25	
<comp5111.assignment.cut.Subject$StringAlgorithms: boolean startsWithIgnoreCase(java.lang.String,java.lang.String)>	l3 = virtualinvoke l1.<java.lang.String: java.lang.String toLowerCase()>()	0.0000000000	682	31	0	6	25	
<comp5111.assignment.cut.Subject$StringAlgorithms: boolean startsWithIgnoreCase(java.lang.String,java.lang.String)>	return $stack12	0.0000000000	682	32	0	6	25	
<comp5111.assignment.cut.Subject$StringAlgorithms: boolean startsWithIgnoreCase(java.lang.String,java.lang.String)>	return 0	0.0000000000	682	22	0	0	25	
<comp5111.assignment.cut.Subject$StringAlgorithms: boolean startsWithIgnoreCase(java.lang.String,java.lang.String)>	return 0	0.0000000000	682	25	0	8	25	
<comp5111.assignment.cut.Subject$StringAlgorithms: boolean startsWithIgnoreCase(java.lang.String,java.lang.String)>	return 1	0.0000000000	682	28	0	1	25	
<comp5111.assignment.cut.Subject$StringAlgorithms: int decodeOctets(int,java.nio.ByteBuffer,java.lang.StringBuilder)>	$stack10 = l0 + $stack9	0.0000000000	682	67	0	0	25	
<comp5111.assignment.cut.Subject$StringAlgorithms: int decodeOctets(int,java.nio.ByteBuffer,java.lang.StringBuilder)>	$stack11 = $stack10 - 1	0.0000000000	682	67	0	0	25	
<comp5111.assignment.cut.Subject$StringAlgorithms: int decodeOctets(int,java.nio.ByteBuffer,java.lang.StringBuilder)>	$stack12 = virtualinvoke l1.<java.nio.ByteBuffer: byte get(int)>(0)	0.0000000000	682	61	0	0	25	
<comp5111.assignment.cut.Subject$StringAlgorithms: int decodeOctets(int,java.nio.ByteBuffer,java.lang.StringBuilder)>	$stack13 = $stack12 & 255	0.0000000000	682	61	0	0	25	
<comp5111.assignment.cut.Subject$StringAlgorithms: int decodeOctets(int,java.nio.ByteBuffer,java.lang.StringBuilder)>	$stack21 = virtualinvoke l1.<java.nio.ByteBuffer: byte get(int)>(0)	0.0000000000	682	62	0	0	25	
<comp5111.assignment.cut.Subject$StringAlgorithms: int decodeOctets(int,java.nio.ByteBuffer,java.lang.StringBuilder)>	$stack22 = (char) $stack21	0.0000000000	682	62	0	0	25	
<comp5111.assignment.cut.Subject$StringAlgorithms: int decodeOctets(int,java.nio.ByteBuffer,java.lang.StringBuilder)>	$stack24 = l0 + 2	0.0000000000	682	63	0	0	25	
<comp5111.assignment.cut.Subject$StringAlgorithms: int decodeOctets(int,java.nio.ByteBuffer,java.lang.StringBuilder)>	$stack4 = virtualinvoke l1.<java.nio.ByteBuffer: int limit()>()	0.0000000000	682	61	0	15	25	
<comp5111.assignment.cut.Subject$StringAlgorithms: int decodeOctets(int,java.nio.ByteBuffer,java.lang.StringBuilder)>	$stack5 = <java.nio.charset.StandardCharsets: java.nio.charset.Charset UTF_8>	0.0000000000	682	65	0	0	25	
<comp5111.assignment.cut.Subject$StringAlgorithms: int decodeOctets(int,java.nio.ByteBuffer,java.lang.StringBuilder)>	$stack8 = virtualinvoke l1.<java.nio.ByteBuffer: int limit()>()	0.0000000000	682	67	0	0	25	
<comp5111.assignment.cut.Subject$StringAlgorithms: int decodeOctets(int,java.nio.ByteBuffer,java.lang.StringBuilder)>	$stack9 = $stack8 * 3	0.0000000000	682	67	0	0	25	
<comp5111.assignment.cut.Subject$StringAlgorithms: int decodeOctets(int,java.nio.ByteBuffer,java.lang.StringBuilder)>	if $stack13 >= 128 goto $stack5 = <java.nio.charset.StandardCharsets: java.nio.charset.Charset UTF_8>	0.0000000000	682	61	0	0	25	
<comp5111.assignment.cut.Subject$StringAlgorithms: int decodeOctets(int,java.nio.ByteBuffer,java.lang.StringBuilder)>	if $stack4 != 1 goto $stack5 = <java.nio.charset.StandardCharsets: java.nio.charset.Charset UTF_8>	0.0000000000	682	61	0	0	25	
<comp5111.assignment.cut.Subject$StringAlgorithms: int decodeOctets(int,java.nio.ByteBuffer,java.lang.StringBuilder)>	l3 = virtualinvoke $stack5.<java.nio.charset.Charset: java.nio.CharBuffer decode(java.nio.ByteBuffer)>(l1)	0.0000000000	682	65	0	0	25	
<comp5111.assignment.cut.Subject$StringAlgorithms: int decodeOctets(int,java.nio.ByteBuffer,java.lang.StringBuilder)>	return $stack11	0.0000000000	682	67	0	0	25	
<comp5111.assignment.cut.Subject$StringAlgorithms: int decodeOctets(int,java.nio.ByteBuffer,java.lang.StringBuilder)>	return $stack24	0.0000000000	682	63	0	0	25	
<comp5111.assignment.cut.Subject$StringAlgorithms: int decodeOctets(int,java.nio.ByteBuffer,java.lang.StringBuilder)>	virtualinvoke l2.<java.lang.StringBuilder: java.lang.StringBuilder append(char)>($stack22)	0.0000000000	682	62	0	0	25	
<comp5111.assignment.cut.Subject$StringAlgorithms: int decodeOctets(int,java.nio.ByteBuffer,java.lang.StringBuilder)>	virtualinvoke l2.<java.lang.StringBuilder: java.lang.StringBuilder append(java.lang.CharSequence)>(l3)	0.0000000000	682	66	0	0	25	
<comp5111.assignment.cut.Subject$StringAlgorithms: int extractIntInStr(java.lang.String)>	return 0	0.0000000000	682	338	0	0	25	
<comp5111.assignment.cut.Subject$StringAlgorithms: int extractIntInStr(java.lang.String)>	return l1	0.0000000000	682	349	0	2	25	
<comp5111.assignment.cut.Subject$StringAlgorithms: int[] getVersionNo(java.lang.String)>	goto [?= $stack9 = staticinvoke <comp5111.assignment.cut.Subject$StringAlgorithms: int extractIntInStr(java.lang.String)>(l5)]	0.0000000000	682	376	0	0	25	
<comp5111.assignment.cut.Subject$StringAlgorithms: int[] getVersionNo(java.lang.String)>	if l3 >= l4 goto return null	0.0000000000	682	375	0	0	25	
<comp5111.assignment.cut.Subject$StringAlgorithms: int[] getVersionNo(java.lang.String)>	l5 = virtualinvoke l0.<java.lang.String: java.lang.String substring(int,int)>(l3, l4)	0.0000000000	682	376	0	0	25	
<comp5111.assignment.cut.Subject$StringAlgorithms: int[] getVersionNo(java.lang.String)>	return null	0.0000000000	682	363	0	0	25	
<comp5111.assignment.cut.Subject$StringAlgorithms: int[] getVersionNo(java.lang.String)>	return null	0.0000000000	682	370	0	0	25	
<comp5111.assignment.cut.Subject$StringAlgorithms: int[] getVersionNo(java.lang.String)>	return null	0.0000000000	682	377	0	0	25	
<comp5111.assignment.cut.Subject$StringAlgorithms: java.lang.Boolean strToBoolean(java.lang.String)>	$stack10 = virtualinvoke l0.<java.lang.String: int length()>()	0.0000000000	682	98	0	6	25	
<comp5111.assignment.cut.Subject$StringAlgorithms: java.lang.Boolean strToBoolean(java.lang.String)>	$stack16 = <java.lang.Boolean: java.lang.Boolean FALSE>	0.0000000000	682	140	0	0	25	
<comp5111.assignment.cut.Subject$StringAlgorithms: java.lang.Boolean strToBoolean(java.lang.String)>	$stack30 = <java.lang.Boolean: java.lang.Boolean TRUE>	0.0000000000	682	131	0	0	25	
<comp5111.assignment.cut.Subject$StringAlgorithms: java.lang.Boolean strToBoolean(java.lang.String)>	$stack40 = <java.lang.Boolean: java.lang.Boolean FALSE>	0.0000000000	682	120	0	0	25	
<comp5111.assignment.cut.Subject$StringAlgorithms: java.lang.Boolean strToBoolean(java.lang.String)>	$stack41 = <java.lang.Boolean: java.lang.Boolean TRUE>	0.0000000000	682	123	0	0	25	
<comp5111.assignment.cut.Subject$StringAlgorithms: java.lang.Boolean strToBoolean(java.lang.String)>	$stack54 = <java.lang.Boolean: java.lang.Boolean FALSE>	0.0000000000	682	110	0	0	25	
<comp5111.assignment.cut.Subject$StringAlgorithms: java.lang.Boolean strToBoolean(java.lang.String)>	$stack55 = <java.lang.Boolean: java.lang.Boolean TRUE>	0.0000000000	682	113	0	0	25	
<comp5111.assignment.cut.Subject$StringAlgorithms: java.lang.Boolean strToBoolean(java.lang.String)>	$stack6 = virtualinvoke l0.<java.lang.String: int length()>()	0.0000000000	682	98	0	14	25	
<comp5111.assignment.cut.Subject$StringAlgorithms: java.lang.Boolean strToBoolean(java.lang.String)>	$stack63 = <java.lang.Boolean: java.lang.Boolean TRUE>	0.0000000000	682	101	0	0	25	
<comp5111.assignment.cut.Subject$StringAlgorithms: java.lang.Boolean strToBoolean(java.lang.String)>	$stack64 = <java.lang.Boolean: java.lang.Boolean FALSE>	0.0000000000	682	104	0	0	25	
<comp5111.assignment.cut.Subject$StringAlgorithms: java.lang.Boolean strToBoolean(java.lang.String)>	$stack7 = virtualinvoke l0.<java.lang.String: int length()>()	0.0000000000	682	98	0	13	25	
<comp5111.assignment.cut.Subject$StringAlgorithms: java.lang.Boolean strToBoolean(java.lang.String)>	$stack8 = virtualinvoke l0.<java.lang.String: int length()>()	0.0000000000	682	98	0	13	25	
<comp5111.assignment.cut.Subject$StringAlgorithms: java.lang.Boolean strToBoolean(java.lang.String)>	$stack9 = virtualinvoke l0.<java.lang.String: int length()>()	0.0000000000	682	98	0	7	25	
<comp5111.assignment.cut.Subject$StringAlgorithms: java.lang.Boolean strToBoolean(java.lang.String)>	goto [?= return null]	0.0000000000	682	106	0	1	25	
<comp5111.assignment.cut.Subject$StringAlgorithms: java.lang.Boolean strToBoolean(java.lang.String)>	goto [?= return null]	0.0000000000	682	115	0	0	25	
<comp5111.assignment.cut.Subject$StringAlgorithms: java.lang.Boolean strToBoolean(java.lang.String)>	goto [?= return null]	0.0000000000	682	125	0	6	25	
<comp5111.assignment.cut.Subject$StringAlgorithms: java.lang.Boolean strToBoolean(java.lang.String)>	goto [?= return null]	0.0000000000	682	133	0	1	25	
<comp5111.assignment.cut.Subject$StringAlgorithms: java.lang.Boolean strToBoolean(java.lang.String)>	if $stack10 != 5 goto return null	0.0000000000	682	98	0	6	25	
<comp5111.assignment.cut.Subject$StringAlgorithms: java.lang.Boolean strToBoolean(java.lang.String)>	if $stack6 != 1 goto $stack7 = virtualinvoke l0.<java.lang.String: int length()>()	0.0000000000	682	98	0	14	25	
<comp5111.assignment.cut.Subject$StringAlgorithms: java.lang.Boolean strToBoolean(java.lang.String)>	if $stack7 != 2 goto $stack8 = virtualinvoke l0.<java.lang.String: int length()>()	0.0000000000	682	98	0	13	25	
<comp5111.assignment.cut.Subject$StringAlgorithms: java.lang.Boolean strToBoolean(java.lang.String)>	if $stack8 != 3 goto $stack9 = virtualinvoke l0.<java.lang.String: int length()>()	0.0000000000	682	98	0	13	25	
<comp5111.assignment.cut.Subject$StringAlgorithms: java.lang.Boolean strToBoolean(java.lang.String)>	if $stack9 != 4 goto $stack10 = virtualinvoke l0.<java.lang.String: int length()>()	0.0000000000	682	98	0	7	25	
<comp5111.assignment.cut.Subject$StringAlgorithms: java.lang.Boolean strToBoolean(java.lang.String)>	if l0 != null goto $stack6 = virtualinvoke l0.<java.lang.String: int length()>()	0.0000000000	682	95	0	14	25	
<comp5111.assignment.cut.Subject$StringAlgorithms: java.lang.Boolean strToBoolean(java.lang.String)>	if l1 != 70 goto (branch)	0.0000000000	682	103	0	1	25	
<comp5111.assignment.cut.Subject$StringAlgorithms: java.lang.Boolean strToBoolean(java.lang.String)>	if l1 != 70 goto return null	0.0000000000	682	139	0	0	25	
<comp5111.assignment.cut.Subject$StringAlgorithms: java.lang.Boolean strToBoolean(java.lang.String)>	if l1 != 78 goto (branch)	0.0000000000	682	109	0	0	25	
<comp5111.assignment.cut.Subject$StringAlgorithms: java.lang.Boolean strToBoolean(java.lang.String)>	if l1 != 79 goto (branch)	0.0000000000	682	112	0	0	25	
<comp5111.assignment.cut.Subject$StringAlgorithms: java.lang.Boolean strToBoolean(java.lang.String)>	if l1 != 79 goto (branch)	0.0000000000	682	119	0	6	25	
<comp5111.assignment.cut.Subject$StringAlgorithms: java.lang.Boolean strToBoolean(java.lang.String)>	if l1 != 84 goto (branch)	0.0000000000	682	100	0	1	25	
<comp5111.assignment.cut.Subject$StringAlgorithms: java.lang.Boolean strToBoolean(java.lang.String)>	if l1 != 84 goto (branch)	0.0000000000	682	130	0	1	25	
<comp5111.assignment.cut.Subject$StringAlgorithms: java.lang.Boolean strToBoolean(java.lang.String)>	if l1 != 89 goto (branch)	0.0000000000	682	122	0	6	25	
<comp5111.assignment.cut.Subject$StringAlgorithms: java.lang.Boolean strToBoolean(java.lang.String)>	if l1 == 102 goto $stack64 = <java.lang.Boolean: java.lang.Boolean FALSE>	0.0000000000	682	103	0	1	25	
<comp5111.assignment.cut.Subject$StringAlgorithms: java.lang.Boolean strToBoolean(java.lang.String)>	if l1 == 102 goto (branch)	0.0000000000	682	139	0	0	25	
<comp5111.assignment.cut.Subject$StringAlgorithms: java.lang.Boolean strToBoolean(java.lang.String)>	if l1 == 110 goto $stack64 = <java.lang.Boolean: java.lang.Boolean FALSE>	0.0000000000	682	103	0	1	25	
<comp5111.assignment.cut.Subject$StringAlgorithms: java.lang.Boolean strToBoolean(java.lang.String)>	if l1 == 110 goto (branch)	0.0000000000	682	109	0	0	25	
<comp5111.assignment.cut.Subject$StringAlgorithms: java.lang.Boolean strToBoolean(java.lang.String)>	if l1 == 111 goto (branch)	0.0000000000	682	112	0	0	25	
<comp5111.assignment.cut.Subject$StringAlgorithms: java.lang.Boolean strToBoolean(java.lang.String)>	if l1 == 111 goto (branch)	0.0000000000	682	119	0	6	25	
<comp5111.assignment.cut.Subject$StringAlgorithms: java.lang.Boolean strToBoolean(java.lang.String)>	if l1 == 116 goto $stack63 = <java.lang.Boolean: java.lang.Boolean TRUE>	0.0000000000	682	100	0	1	25	
<comp5111.assignment.cut.Subject$StringAlgorithms: java.lang.Boolean strToBoolean(java.lang.String)>	if l1 == 116 goto (branch)	0.0000000000	682	130	0	1	25	
<comp5111.assignment.cut.Subject$StringAlgorithms: java.lang.Boolean strToBoolean(java.lang.String)>	if l1 == 121 goto $stack63 = <java.lang.Boolean: java.lang.Boolean TRUE>	0.0000000000	682	100	0	1	25	
<comp5111.assignment.cut.Subject$StringAlgorithms: java.lang.Boolean strToBoolean(java.lang.String)>	if l1 == 121 goto (branch)	0.0000000000	682	122	0	6	25	
<comp5111.assignment.cut.Subject$StringAlgorithms: java.lang.Boolean strToBoolean(java.lang.String)>	if l1 == 78 goto $stack64 = <java.lang.Boolean: java.lang.Boolean FALSE>	0.0000000000	682	103	0	1	25	
<comp5111.assignment.cut.Subject$StringAlgorithms: java.lang.Boolean strToBoolean(java.lang.String)>	if l1 == 89 goto $stack63 = <java.lang.Boolean: java.lang.Boolean TRUE>	0.0000000000	682	100	0	1	25	
<comp5111.assignment.cut.Subject$StringAlgorithms: java.lang.Boolean strToBoolean(java.lang.String)>	if l2 != 65 goto return null	0.0000000000	682	139	0	0	25	
<comp5111.assignment.cut.Subject$StringAlgorithms: java.lang.Boolean strToBoolean(java.lang.String)>	if l2 != 69 goto (branch)	0.0000000000	682	122	0	0	25	
<comp5111.assignment.cut.Subject$StringAlgorithms: java.lang.Boolean strToBoolean(java.lang.String)>	if l2 != 70 goto (branch)	0.0000000000	682	119	0	0	25	
<comp5111.assignment.cut.Subject$StringAlgorithms: java.lang.Boolean strToBoolean(java.lang.String)>	if l2 != 78 goto (branch)	0.0000000000	682	112	0	0	25	
<comp5111.assignment.cut.Subject$StringAlgorithms: java.lang.Boolean strToBoolean(java.lang.String)>	if l2 != 79 goto (branch)	0.0000000000	682	109	0	0	25	
<comp5111.assignment.cut.Subject$StringAlgorithms: java.lang.Boolean strToBoolean(java.lang.String)>	if l2 != 82 goto (branch)	0.0000000000	682	130	0	0	25	
<comp5111.assignment.cut.Subject$StringAlgorithms: java.lang.Boolean strToBoolean(java.lang.String)>	if l2 == 101 goto (branch)	0.0000000000	682	122	0	0	25	
<comp5111.assignment.cut.Subject$StringAlgorithms: java.lang.Boolean strToBoolean(java.lang.String)>	if l2 == 102 goto (branch)	0.0000000000	682	119	0	0	25	
<comp5111.assignment.cut.Subject$StringAlgorithms: java.lang.Boolean strToBoolean(java.lang.String)>	if l2 == 110 goto $stack55 = <java.lang.Boolean: java.lang.Boolean TRUE>	0.0000000000	682	112	0	0	25	
<comp5111.assignment.cut.Subject$StringAlgorithms: java.lang.Boolean strToBoolean(java.lang.String)>	if l2 == 111 goto $stack54 = <java.lang.Boolean: java.lang.Boolean FALSE>	0.0000000000	682	109	0	0	25	
<comp5111.assignment.cut.Subject$StringAlgorithms: java.lang.Boolean strToBoolean(java.lang.String)>	if l2 == 114 goto (branch)	0.0000000000	682	130	0	0	25	
<comp5111.assignment.cut.Subject$StringAlgorithms: java.lang.Boolean strToBoolean(java.lang.String)>	if l2 == 97 goto (branch)	0.0000000000	682	139	0	0	25	
<comp5111.assignment.cut.Subject$StringAlgorithms: java.lang.Boolean strToBoolean(java.lang.String)>	if l3 != 70 goto (branch)	0.0000000000	682	119	0	0	25	
<comp5111.assignment.cut.Subject$StringAlgorithms: java.lang.Boolean strToBoolean(java.lang.String)>	if l3 != 76 goto return null	0.0000000000	682	139	0	0	25	
<comp5111.assignment.cut.Subject$StringAlgorithms: java.lang.Boolean strToBoolean(java.lang.String)>	if l3 != 83 goto (branch)	0.0000000000	682	122	0	0	25	
<comp5111.assignment.cut.Subject$StringAlgorithms: java.lang.Boolean strToBoolean(java.lang.String)>	if l3 != 85 goto (branch)	0.0000000000	682	130	0	0	25	
<comp5111.assignment.cut.Subject$StringAlgorithms: java.lang.Boolean strToBoolean(java.lang.String)>	if l3 == 102 goto $stack40 = <java.lang.Boolean: java.lang.Boolean FALSE>	0.0000000000	682	119	0	0	25	
<comp5111.assignment.cut.Subject$StringAlgorithms: java.lang.Boolean strToBoolean(java.lang.String)>	if l3 == 108 goto (branch)	0.0000000000	682	139	0	0	25	
<comp5111.assignment.cut.Subject$StringAlgorithms: java.lang.Boolean strToBoolean(java.lang.String)>	if l3 == 115 goto $stack41 = <java.lang.Boolean: java.lang.Boolean TRUE>	0.0000000000	682	122	0	0	25	
<comp5111.assignment.cut.Subject$StringAlgorithms: java.lang.Boolean strToBoolean(java.lang.String)>	if l3 == 117 goto (branch)	0.0000000000	682	130	0	0	25	
<comp5111.assignment.cut.Subject$StringAlgorithms: java.lang.Boolean strToBoolean(java.lang.String)>	if l4 != 69 goto (branch)	0.0000000000	682	130	0	0	25	
<comp5111.assignment.cut.Subject$StringAlgorithms: java.lang.Boolean strToBoolean(java.lang.String)>	if l4 != 83 goto return null	0.0000000000	682	139	0	0	25	
<comp5111.assignment.cut.Subject$StringAlgorithms: java.lang.Boolean strToBoolean(java.lang.String)>	if l4 == 101 goto $stack30 = <java.lang.Boolean: java.lang.Boolean TRUE>	0.0000000000	682	130	0	0	25	
<comp5111.assignment.cut.Subject$StringAlgorithms: java.lang.Boolean strToBoolean(java.lang.String)>	if l4 == 115 goto (branch)	0.0000000000	682	139	0	0	25	
<comp5111.assignment.cut.Subject$StringAlgorithms: java.lang.Boolean strToBoolean(java.lang.String)>	if l5 != 69 goto return null	0.0000000000	682	139	0	0	25	
<comp5111.assignment.cut.Subject$StringAlgorithms: java.lang.Boolean strToBoolean(java.lang.String)>	if l5 == 101 goto $stack16 = <java.lang.Boolean: java.lang.Boolean FALSE>	0.0000000000	682	139	0	0	25	
<comp5111.assignment.cut.Subject$StringAlgorithms: java.lang.Boolean strToBoolean(java.lang.String)>	l1 = virtualinvoke l0.<java.lang.String: char charAt(int)>(0)	0.0000000000	682	99	0	1	25	
<comp5111.assignment.cut.Subject$StringAlgorithms: java.lang.Boolean strToBoolean(java.lang.String)>	l1 = virtualinvoke l0.<java.lang.String: char charAt(int)>(0)	0.0000000000	682	107	0	0	25	
<comp5111.assignment.cut.Subject$StringAlgorithms: java.lang.Boolean strToBoolean(java.lang.String)>	l1 = virtualinvoke l0.<java.lang.String: char charAt(int)>(0)	0.0000000000	682	116	0	6	25	
<comp5111.assignment.cut.Subject$StringAlgorithms: java.lang.Boolean strToBoolean(java.lang.String)>	l1 = virtualinvoke l0.<java.lang.String: char charAt(int)>(0)	0.0000000000	682	126	0	1	25	
<comp5111.assignment.cut.Subject$StringAlgorithms: java.lang.Boolean strToBoolean(java.lang.String)>	l1 = virtualinvoke l0.<java.lang.String: char charAt(int)>(0)	0.0000000000	682	134	0	0	25	
<comp5111.assignment.cut.Subject$StringAlgorithms: java.lang.Boolean strToBoolean(java.lang.String)>	l2 = virtualinvoke l0.<java.lang.String: char charAt(int)>(1)	0.0000000000	682	108	0	0	25	
<comp5111.assignment.cut.Subject$StringAlgorithms: java.lang.Boolean strToBoolean(java.lang.String)>	l2 = virtualinvoke l0.<java.lang.String: char charAt(int)>(1)	0.0000000000	682	117	0	6	25	
<comp5111.assignment.cut.Subject$StringAlgorithms: java.lang.Boolean strToBoolean(java.lang.String)>	l2 = virtualinvoke l0.<java.lang.String: char charAt(int)>(1)	0.0000000000	682	127	0	1	25	
<comp5111.assignment.cut.Subject$StringAlgorithms: java.lang.Boolean strToBoolean(java.lang.String)>	l2 = virtualinvoke l0.<java.lang.String: char charAt(int)>(1)	0.0000000000	682	135	0	0	25	
<comp5111.assignment.cut.Subject$StringAlgorithms: java.lang.Boolean strToBoolean(java.lang.String)>	l3 = virtualinvoke l0.<java.lang.String: char charAt(int)>(2)	0.0000000000	682	118	0	6	25	
<comp5111.assignment.cut.Subject$StringAlgorithms: java.lang.Boolean strToBoolean(java.lang.String)>	l3 = virtualinvoke l0.<java.lang.String: char charAt(int)>(2)	0.0000000000	682	128	0	1	25	
<comp5111.assignment.cut.Subject$StringAlgorithms: java.lang.Boolean strToBoolean(java.lang.String)>	l3 = virtualinvoke l0.<java.lang.String: char charAt(int)>(2)	0.0000000000	682	136	0	0	25	
<comp5111.assignment.cut.Subject$StringAlgorithms: java.lang.Boolean strToBoolean(java.lang.String)>	l4 = virtualinvoke l0.<java.lang.String: char charAt(int)>(3)	0.0000000000	682	129	0	1	25	
<comp5111.assignment.cut.Subject$StringAlgorithms: java.lang.Boolean strToBoolean(java.lang.String)>	l4 = virtualinvoke l0.<java.lang.String: char charAt(int)>(3)	0.0000000000	682	137	0	0	25	
<comp5111.assignment.cut.Subject$StringAlgorithms: java.lang.Boolean strToBoolean(java.lang.String)>	l5 = virtualinvoke l0.<java.lang.String: char charAt(int)>(4)	0.0000000000	682	138	0	0	25	
<comp5111.assignment.cut.Subject$StringAlgorithms: java.lang.Boolean strToBoolean(java.lang.String)>	return $stack16	0.0000000000	682	140	0	0	25	
<comp5111.assignment.cut.Subject$StringAlgorithms: java.lang.Boolean strToBoolean(java.lang.String)>	return $stack30	0.0000000000	682	131	0	0	25	
<comp5111.assignment.cut.Subject$StringAlgorithms: java.lang.Boolean strToBoolean(java.lang.String)>	return $stack40	0.0000000000	682	120	0	0	25	
<comp5111.assignment.cut.Subject$StringAlgorithms: java.lang.Boolean strToBoolean(java.lang.String)>	return $stack41	0.0000000000	682	123	0	0	25	
<comp5111.assignment.cut.Subject$StringAlgorithms: java.lang.Boolean strToBoolean(java.lang.String)>	return $stack54	0.0000000000	682	110	0	0	25	
<comp5111.assignment.cut.Subject$StringAlgorithms: java.lang.Boolean strToBoolean(java.lang.String)>	return $stack55	0.0000000000	682	113	0	0	25	
<comp5111.assignment.cut.Subject$StringAlgorithms: java.lang.Boolean strToBoolean(java.lang.String)>	return $stack63	0.0000000000	682	101	0	0	25	
<comp5111.assignment.cut.Subject$StringAlgorithms: java.lang.Boolean strToBoolean(java.lang.String)>	return $stack64	0.0000000000	682	104	0	0	25	
<comp5111.assignment.cut.Subject$StringAlgorithms: java.lang.Boolean strToBoolean(java.lang.String)>	return null	0.0000000000	682	96	0	0	25	
<comp5111.assignment.cut.Subject$StringAlgorithms: java.lang.Boolean strToBoolean(java.lang.String)>	return null	0.0000000000	682	143	0	14	25	
<comp5111.assignment.cut.Subject$StringAlgorithms: java.lang.Boolean strToBoolean(java.lang.String,java.lang.String,java.lang.String,java.lang.String)>	$stack12 = <java.lang.Boolean: java.lang.Boolean FALSE>	0.0000000000	682	163	0	0	25	
<comp5111.assignment.cut.Subject$StringAlgorithms: java.lang.Boolean strToBoolean(java.lang.String,java.lang.String,java.lang.String,java.lang.String)>	$stack13 = <java.lang.Boolean: java.lang.Boolean TRUE>	0.0000000000	682	162	0	0	25	
<comp5111.assignment.cut.Subject$StringAlgorithms: java.lang.Boolean strToBoolean(java.lang.String,java.lang.String,java.lang.String,java.lang.String)>	$stack4 = virtualinvoke l0.<java.lang.String: boolean equals(java.lang.Object)>(l1)	0.0000000000	682	165	0	21	25	
<comp5111.assignment.cut.Subject$StringAlgorithms: java.lang.Boolean strToBoolean(java.lang.String,java.lang.String,java.lang.String,java.lang.String)>	$stack5 = virtualinvoke l0.<java.lang.String: boolean equals(java.lang.Object)>(l2)	0.0000000000	682	166	0	17	25	
<comp5111.assignment.cut.Subject$StringAlgorithms: java.lang.Boolean strToBoolean(java.lang.String,java.lang.String,java.lang.String,java.lang.String)>	$stack6 = virtualinvoke l0.<java.lang.String: boolean equals(java.lang.Object)>(l3)	0.0000000000	682	167	0	16	25	
<comp5111.assignment.cut.Subject$StringAlgorithms: java.lang.Boolean strToBoolean(java.lang.String,java.lang.String,java.lang.String,java.lang.String)>	$stack7 = new java.lang.IllegalArgumentException	0.0000000000	682	168	0	16	25	
<comp5111.assignment.cut.Subject$StringAlgorithms: java.lang.Boolean strToBoolean(java.lang.String,java.lang.String,java.lang.String,java.lang.String)>	$stack8 = <java.lang.Boolean: java.lang.Boolean FALSE>	0.0000000000	682	166	0	1	25	
<comp5111.assignment.cut.Subject$StringAlgorithms: java.lang.Boolean strToBoolean(java.lang.String,java.lang.String,java.lang.String,java.lang.String)>	$stack9 = <java.lang.Boolean: java.lang.Boolean TRUE>	0.0000000000	682	165	0	4	25	
<comp5111.assignment.cut.Subject$StringAlgorithms: java.lang.Boolean strToBoolean(java.lang.String,java.lang.String,java.lang.String,java.lang.String)>	if $stack4 == 0 goto $stack5 = virtualinvoke l0.<java.lang.String: boolean equals(java.lang.Object)>(l2)	0.0000000000	682	165	0	21	25	
<comp5111.assignment.cut.Subject$StringAlgorithms: java.lang.Boolean strToBoolean(java.lang.String,java.lang.String,java.lang.String,java.lang.String)>	if $stack5 == 0 goto $stack6 = virtualinvoke l0.<java.lang.String: boolean equals(java.lang.Object)>(l3)	0.0000000000	682	166	0	17	25	
<comp5111.assignment.cut.Subject$StringAlgorithms: java.lang.Boolean strToBoolean(java.lang.String,java.lang.String,java.lang.String,java.lang.String)>	if $stack6 == 0 goto $stack7 = new java.lang.IllegalArgumentException	0.0000000000	682	167	0	16	25	
<comp5111.assignment.cut.Subject$StringAlgorithms: java.lang.Boolean strToBoolean(java.lang.String,java.lang.String,java.lang.String,java.lang.String)>	if l0 != null goto $stack4 = virtualinvoke l0.<java.lang.String: boolean equals(java.lang.Object)>(l1)	0.0000000000	682	160	0	21	25	
<comp5111.assignment.cut.Subject$StringAlgorithms: java.lang.Boolean strToBoolean(java.lang.String,java.lang.String,java.lang.String,java.lang.String)>	if l1 != null goto (branch)	0.0000000000	682	162	0	0	25	
<comp5111.assignment.cut.Subject$StringAlgorithms: java.lang.Boolean strToBoolean(java.lang.String,java.lang.String,java.lang.String,java.lang.String)>	if l2 != null goto $stack4 = virtualinvoke l0.<java.lang.String: boolean equals(java.lang.Object)>(l1)	0.0000000000	682	163	0	0	25	
<comp5111.assignment.cut.Subject$StringAlgorithms: java.lang.Boolean strToBoolean(java.lang.String,java.lang.String,java.lang.String,java.lang.String)>	if l3 != null goto (branch)	0.0000000000	682	161	0	0	25	
<comp5111.assignment.cut.Subject$StringAlgorithms: java.lang.Boolean strToBoolean(java.lang.String,java.lang.String,java.lang.String,java.lang.String)>	return $stack12	0.0000000000	682	163	0	0	25	
<comp5111.assignment.cut.Subject$StringAlgorithms: java.lang.Boolean strToBoolean(java.lang.String,java.lang.String,java.lang.String,java.lang.String)>	return $stack13	0.0000000000	682	162	0	0	25	
<comp5111.assignment.cut.Subject$StringAlgorithms: java.lang.Boolean strToBoolean(java.lang.String,java.lang.String,java.lang.String,java.lang.String)>	return $stack8	0.0000000000	682	166	0	1	25	
<comp5111.assignment.cut.Subject$StringAlgorithms: java.lang.Boolean strToBoolean(java.lang.String,java.lang.String,java.lang.String,java.lang.String)>	return $stack9	0.0000000000	682	165	0	4	25	
<comp5111.assignment.cut.Subject$StringAlgorithms: java.lang.Boolean strToBoolean(java.lang.String,java.lang.String,java.lang.String,java.lang.String)>	return null	0.0000000000	682	161	0	0	25	
<comp5111.assignment.cut.Subject$StringAlgorithms: java.lang.Boolean strToBoolean(java.lang.String,java.lang.String,java.lang.String,java.lang.String)>	return null	0.0000000000	682	167	0	0	25	
<comp5111.assignment.cut.Subject$StringAlgorithms: java.lang.Boolean strToBoolean(java.lang.String,java.lang.String,java.lang.String,java.lang.String)>	specialinvoke $stack7.<java.lang.IllegalArgumentException: void <init>()>()	0.0000000000	682	168	0	16	25	
<comp5111.assignment.cut.Subject$StringAlgorithms: java.lang.Boolean strToBoolean(java.lang.String,java.lang.String,java.lang.String,java.lang.String)>	throw $stack7	0.0000000000	682	168	0	16	25	
<comp5111.assignment.cut.Subject$StringAlgorithms: java.lang.Number parseNumber(java.lang.String)>	$stack10 = virtualinvoke l0.<java.lang.String: int length()>()	0.0000000000	682	253	0	9	25	
<comp5111.assignment.cut.Subject$StringAlgorithms: java.lang.Number parseNumber(java.lang.String)>	$stack100 = l4 + 1	0.0000000000	682	273	0	0	25	
<comp5111.assignment.cut.Subject$StringAlgorithms: java.lang.Number parseNumber(java.lang.String)>	$stack103 = l4 + 1	0.0000000000	682	272	0	0	25	
<comp5111.assignment.cut.Subject$StringAlgorithms: java.lang.Number parseNumber(java.lang.String)>	$stack105 = new java.lang.NumberFormatException	0.0000000000	682	270	0	0	25	
<comp5111.assignment.cut.Subject$StringAlgorithms: java.lang.Number parseNumber(java.lang.String)>	$stack107 = virtualinvoke l0.<java.lang.String: char charAt(int)>(0)	0.0000000000	682	253	0	0	25	
<comp5111.assignment.cut.Subject$StringAlgorithms: java.lang.Number parseNumber(java.lang.String)>	$stack108 = staticinvoke <java.lang.Character: boolean isDigit(char)>($stack107)	0.0000000000	682	253	0	0	25	
<comp5111.assignment.cut.Subject$StringAlgorithms: java.lang.Number parseNumber(java.lang.String)>	$stack11 = virtualinvoke l0.<java.lang.String: boolean startsWith(java.lang.String)>("--")	0.0000000000	682	256	0	9	25	
<comp5111.assignment.cut.Subject$StringAlgorithms: java.lang.Number parseNumber(java.lang.String)>	$stack12 = virtualinvoke l0.<java.lang.String: boolean startsWith(java.lang.String)>("0x")	0.0000000000	682	259	0	9	25	
<comp5111.assignment.cut.Subject$StringAlgorithms: java.lang.Number parseNumber(java.lang.String)>	$stack13 = staticinvoke <java.lang.Integer: java.lang.Integer decode(java.lang.String)>(l0)	0.0000000000	682	260	0	0	25	
<comp5111.assignment.cut.Subject$StringAlgorithms: java.lang.Number parseNumber(java.lang.String)>	$stack14 = virtualinvoke l0.<java.lang.String: boolean startsWith(java.lang.String)>("-0x")	0.0000000000	682	259	0	9	25	
<comp5111.assignment.cut.Subject$StringAlgorithms: java.lang.Number parseNumber(java.lang.String)>	$stack15 = virtualinvoke l0.<java.lang.String: int length()>()	0.0000000000	682	262	0	9	25	
<comp5111.assignment.cut.Subject$StringAlgorithms: java.lang.Number parseNumber(java.lang.String)>	$stack16 = $stack15 - 1	0.0000000000	682	262	0	9	25	
<comp5111.assignment.cut.Subject$StringAlgorithms: java.lang.Number parseNumber(java.lang.String)>	$stack19 = virtualinvoke l0.<java.lang.String: int indexOf(int)>(101)	0.0000000000	682	266	0	9	25	
<comp5111.assignment.cut.Subject$StringAlgorithms: java.lang.Number parseNumber(java.lang.String)>	$stack20 = virtualinvoke l0.<java.lang.String: int indexOf(int)>(69)	0.0000000000	682	266	0	9	25	
<comp5111.assignment.cut.Subject$StringAlgorithms: java.lang.Number parseNumber(java.lang.String)>	$stack21 = $stack19 + $stack20	0.0000000000	682	266	0	9	25	
<comp5111.assignment.cut.Subject$StringAlgorithms: java.lang.Number parseNumber(java.lang.String)>	$stack22 = staticinvoke <java.lang.Character: boolean isDigit(char)>(l1)	0.0000000000	682	275	0	9	25	
<comp5111.assignment.cut.Subject$StringAlgorithms: java.lang.Number parseNumber(java.lang.String)>	$stack23 = new java.math.BigDecimal	0.0000000000	682	316	0	0	25	
<comp5111.assignment.cut.Subject$StringAlgorithms: java.lang.Number parseNumber(java.lang.String)>	$stack24 = virtualinvoke l6#39.<java.math.BigDecimal: float floatValue()>()	0.0000000000	682	317	0	0	25	
<comp5111.assignment.cut.Subject$StringAlgorithms: java.lang.Number parseNumber(java.lang.String)>	$stack25 = (double) $stack24	0.0000000000	682	317	0	0	25	
<comp5111.assignment.cut.Subject$StringAlgorithms: java.lang.Number parseNumber(java.lang.String)>	$stack26 = staticinvoke <java.math.BigDecimal: java.math.BigDecimal valueOf(double)>($stack25)	0.0000000000	682	317	0	0	25	
<comp5111.assignment.cut.Subject$StringAlgorithms: java.lang.Number parseNumber(java.lang.String)>	$stack27 = virtualinvoke l6#39.<java.math.BigDecimal: double doubleValue()>()	0.0000000000	682	319	0	0	25	
<comp5111.assignment.cut.Subject$StringAlgorithms: java.lang.Number parseNumber(java.lang.String)>	$stack28 = staticinvoke <java.math.BigDecimal: java.math.BigDecimal valueOf(double)>($stack27)	0.0000000000	682	319	0	0	25	
<comp5111.assignment.cut.Subject$StringAlgorithms: java.lang.Number parseNumber(java.lang.String)>	$stack29 = virtualinvoke l6#39.<java.math.BigDecimal: double doubleValue()>()	0.0000000000	682	320	0	0	25	
<comp5111.assignment.cut.Subject$StringAlgorithms: java.lang.Number parseNumber(java.lang.String)>	$stack30 = staticinvoke <java.lang.Double: java.lang.Double valueOf(double)>($stack29)	0.0000000000	682	320	0	0	25	
<comp5111.assignment.cut.Subject$StringAlgorithms: java.lang.Number parseNumber(java.lang.String)>	$stack31 = virtualinvoke l6#39.<java.math.BigDecimal: float floatValue()>()	0.0000000000	682	318	0	0	25	
<comp5111.assignment.cut.Subject$StringAlgorithms: java.lang.Number parseNumber(java.lang.String)>	$stack32 = staticinvoke <java.lang.Float: java.lang.Float valueOf(float)>($stack31)	0.0000000000	682	318	0	0	25	
<comp5111.assignment.cut.Subject$StringAlgorithms: java.lang.Number parseNumber(java.lang.String)>	$stack36 = new java.math.BigInteger	0.0000000000	682	308	0	4	25	
<comp5111.assignment.cut.Subject$StringAlgorithms: java.lang.Number parseNumber(java.lang.String)>	$stack37 = virtualinvoke l6#38.<java.math.BigInteger: int intValue()>()	0.0000000000	682	309	0	1	25	
<comp5111.assignment.cut.Subject$StringAlgorithms: java.lang.Number parseNumber(java.lang.String)>	$stack38 = (long) $stack37	0.0000000000	682	309	0	1	25	
<comp5111.assignment.cut.Subject$StringAlgorithms: java.lang.Number parseNumber(java.lang.String)>	$stack39 = staticinvoke <java.math.BigInteger: java.math.BigInteger valueOf(long)>($stack38)	0.0000000000	682	309	0	1	25	
<comp5111.assignment.cut.Subject$StringAlgorithms: java.lang.Number parseNumber(java.lang.String)>	$stack40 = virtualinvoke l6#38.<java.math.BigInteger: long longValue()>()	0.0000000000	682	311	0	1	25	
<comp5111.assignment.cut.Subject$StringAlgorithms: java.lang.Number parseNumber(java.lang.String)>	$stack41 = staticinvoke <java.math.BigInteger: java.math.BigInteger valueOf(long)>($stack40)	0.0000000000	682	311	0	1	25	
<comp5111.assignment.cut.Subject$StringAlgorithms: java.lang.Number parseNumber(java.lang.String)>	$stack42 = virtualinvoke l6#38.<java.math.BigInteger: long longValue()>()	0.0000000000	682	312	0	0	25	
<comp5111.assignment.cut.Subject$StringAlgorithms: java.lang.Number parseNumber(java.lang.String)>	$stack43 = staticinvoke <java.lang.Long: java.lang.Long valueOf(long)>($stack42)	0.0000000000	682	312	0	0	25	
<comp5111.assignment.cut.Subject$StringAlgorithms: java.lang.Number parseNumber(java.lang.String)>	$stack44 = virtualinvoke l6#38.<java.math.BigInteger: int intValue()>()	0.0000000000	682	310	0	0	25	
<comp5111.assignment.cut.Subject$StringAlgorithms: java.lang.Number parseNumber(java.lang.String)>	$stack45 = staticinvoke <java.lang.Integer: java.lang.Integer valueOf(int)>($stack44)	0.0000000000	682	310	0	0	25	
<comp5111.assignment.cut.Subject$StringAlgorithms: java.lang.Number parseNumber(java.lang.String)>	$stack46 = virtualinvoke l0.<java.lang.String: int length()>()	0.0000000000	682	302	0	0	25	
<comp5111.assignment.cut.Subject$StringAlgorithms: java.lang.Number parseNumber(java.lang.String)>	$stack47 = $stack46 - 1	0.0000000000	682	302	0	0	25	
<comp5111.assignment.cut.Subject$StringAlgorithms: java.lang.Number parseNumber(java.lang.String)>	$stack50 = l5 + 1	0.0000000000	682	303	0	0	25	
<comp5111.assignment.cut.Subject$StringAlgorithms: java.lang.Number parseNumber(java.lang.String)>	$stack53 = virtualinvoke l0.<java.lang.String: int length()>()	0.0000000000	682	279	0	5	25	
<comp5111.assignment.cut.Subject$StringAlgorithms: java.lang.Number parseNumber(java.lang.String)>	$stack54 = $stack53 - 1	0.0000000000	682	279	0	5	25	
<comp5111.assignment.cut.Subject$StringAlgorithms: java.lang.Number parseNumber(java.lang.String)>	$stack56 = new java.lang.NumberFormatException	0.0000000000	682	290	0	0	25	
<comp5111.assignment.cut.Subject$StringAlgorithms: java.lang.Number parseNumber(java.lang.String)>	$stack58 = virtualinvoke l6.<java.lang.String: char charAt(int)>(0)	0.0000000000	682	282	0	0	25	
<comp5111.assignment.cut.Subject$StringAlgorithms: java.lang.Number parseNumber(java.lang.String)>	$stack59 = staticinvoke <comp5111.assignment.cut.Subject$StringAlgorithms: boolean isDigits(java.lang.String)>(l6)	0.0000000000	682	282	0	0	25	
<comp5111.assignment.cut.Subject$StringAlgorithms: java.lang.Number parseNumber(java.lang.String)>	$stack60 = new java.math.BigInteger	0.0000000000	682	283	0	0	25	
<comp5111.assignment.cut.Subject$StringAlgorithms: java.lang.Number parseNumber(java.lang.String)>	$stack61 = virtualinvoke l7.<java.math.BigInteger: int intValue()>()	0.0000000000	682	284	0	0	25	
<comp5111.assignment.cut.Subject$StringAlgorithms: java.lang.Number parseNumber(java.lang.String)>	$stack62 = (long) $stack61	0.0000000000	682	284	0	0	25	
<comp5111.assignment.cut.Subject$StringAlgorithms: java.lang.Number parseNumber(java.lang.String)>	$stack63 = staticinvoke <java.math.BigInteger: java.math.BigInteger valueOf(long)>($stack62)	0.0000000000	682	284	0	0	25	
<comp5111.assignment.cut.Subject$StringAlgorithms: java.lang.Number parseNumber(java.lang.String)>	$stack64 = virtualinvoke l7.<java.math.BigInteger: long longValue()>()	0.0000000000	682	286	0	0	25	
<comp5111.assignment.cut.Subject$StringAlgorithms: java.lang.Number parseNumber(java.lang.String)>	$stack65 = staticinvoke <java.math.BigInteger: java.math.BigInteger valueOf(long)>($stack64)	0.0000000000	682	286	0	0	25	
<comp5111.assignment.cut.Subject$StringAlgorithms: java.lang.Number parseNumber(java.lang.String)>	$stack66 = virtualinvoke l7.<java.math.BigInteger: long longValue()>()	0.0000000000	682	287	0	0	25	
<comp5111.assignment.cut.Subject$StringAlgorithms: java.lang.Number parseNumber(java.lang.String)>	$stack67 = staticinvoke <java.lang.Long: java.lang.Long valueOf(long)>($stack66)	0.0000000000	682	287	0	0	25	
<comp5111.assignment.cut.Subject$StringAlgorithms: java.lang.Number parseNumber(java.lang.String)>	$stack68 = virtualinvoke l7.<java.math.BigInteger: int intValue()>()	0.0000000000	682	285	0	0	25	
<comp5111.assignment.cut.Subject$StringAlgorithms: java.lang.Number parseNumber(java.lang.String)>	$stack69 = staticinvoke <java.lang.Integer: java.lang.Integer valueOf(int)>($stack68)	0.0000000000	682	285	0	0	25	
<comp5111.assignment.cut.Subject$StringAlgorithms: java.lang.Number parseNumber(java.lang.String)>	$stack70 = virtualinvoke l6.<java.lang.String: java.lang.String substring(int)>(1)	0.0000000000	682	282	0	0	25	
<comp5111.assignment.cut.Subject$StringAlgorithms: java.lang.Number parseNumber(java.lang.String)>	$stack71 = staticinvoke <comp5111.assignment.cut.Subject$StringAlgorithms: boolean isDigits(java.lang.String)>($stack70)	0.0000000000	682	282	0	0	25	
<comp5111.assignment.cut.Subject$StringAlgorithms: java.lang.Number parseNumber(java.lang.String)>	$stack76 = staticinvoke <java.lang.Float: java.lang.Float valueOf(java.lang.String)>(l6)	0.0000000000	682	292	0	0	25	
<comp5111.assignment.cut.Subject$StringAlgorithms: java.lang.Number parseNumber(java.lang.String)>	$stack77 = new java.math.BigDecimal	0.0000000000	682	294	0	0	25	
<comp5111.assignment.cut.Subject$StringAlgorithms: java.lang.Number parseNumber(java.lang.String)>	$stack78 = virtualinvoke l7#34.<java.math.BigDecimal: double doubleValue()>()	0.0000000000	682	295	0	0	25	
<comp5111.assignment.cut.Subject$StringAlgorithms: java.lang.Number parseNumber(java.lang.String)>	$stack79 = staticinvoke <java.math.BigDecimal: java.math.BigDecimal valueOf(double)>($stack78)	0.0000000000	682	295	0	0	25	
<comp5111.assignment.cut.Subject$StringAlgorithms: java.lang.Number parseNumber(java.lang.String)>	$stack8 = virtualinvoke l0.<java.lang.String: int length()>()	0.0000000000	682	253	0	10	25	
<comp5111.assignment.cut.Subject$StringAlgorithms: java.lang.Number parseNumber(java.lang.String)>	$stack80 = virtualinvoke l7#34.<java.math.BigDecimal: double doubleValue()>()	0.0000000000	682	296	0	0	25	
<comp5111.assignment.cut.Subject$StringAlgorithms: java.lang.Number parseNumber(java.lang.String)>	$stack81 = staticinvoke <java.lang.Double: java.lang.Double valueOf(double)>($stack80)	0.0000000000	682	296	0	0	25	
<comp5111.assignment.cut.Subject$StringAlgorithms: java.lang.Number parseNumber(java.lang.String)>	$stack82 = new java.lang.NumberFormatException	0.0000000000	682	299	0	5	25	
<comp5111.assignment.cut.Subject$StringAlgorithms: java.lang.Number parseNumber(java.lang.String)>	$stack88 = virtualinvoke l0.<java.lang.String: int length()>()	0.0000000000	682	276	0	0	25	
<comp5111.assignment.cut.Subject$StringAlgorithms: java.lang.Number parseNumber(java.lang.String)>	$stack89 = $stack88 - 1	0.0000000000	682	276	0	0	25	
<comp5111.assignment.cut.Subject$StringAlgorithms: java.lang.Number parseNumber(java.lang.String)>	$stack96 = l5 + 1	0.0000000000	682	277	0	0	25	
<comp5111.assignment.cut.Subject$StringAlgorithms: java.lang.Number parseNumber(java.lang.String)>	$stack97 = virtualinvoke l0.<java.lang.String: int length()>()	0.0000000000	682	277	0	0	25	
<comp5111.assignment.cut.Subject$StringAlgorithms: java.lang.Number parseNumber(java.lang.String)>	$stack98 = $stack97 - 1	0.0000000000	682	277	0	0	25	
<comp5111.assignment.cut.Subject$StringAlgorithms: java.lang.Number parseNumber(java.lang.String)>	goto [?= $stack22 = staticinvoke <java.lang.Character: boolean isDigit(char)>(l1)]	0.0000000000	682	272	0	0	25	
<comp5111.assignment.cut.Subject$StringAlgorithms: java.lang.Number parseNumber(java.lang.String)>	goto [?= $stack22 = staticinvoke <java.lang.Character: boolean isDigit(char)>(l1)]	0.0000000000	682	273	0	0	25	
<comp5111.assignment.cut.Subject$StringAlgorithms: java.lang.Number parseNumber(java.lang.String)>	goto [?= $stack53 = virtualinvoke l0.<java.lang.String: int length()>()]	0.0000000000	682	277	0	0	25	
<comp5111.assignment.cut.Subject$StringAlgorithms: java.lang.Number parseNumber(java.lang.String)>	goto [?= (branch)]	0.0000000000	682	303	0	0	25	
<comp5111.assignment.cut.Subject$StringAlgorithms: java.lang.Number parseNumber(java.lang.String)>	if $stack10 != 1 goto $stack11 = virtualinvoke l0.<java.lang.String: boolean startsWith(java.lang.String)>("--")	0.0000000000	682	253	0	9	25	
<comp5111.assignment.cut.Subject$StringAlgorithms: java.lang.Number parseNumber(java.lang.String)>	if $stack108 != 0 goto $stack11 = virtualinvoke l0.<java.lang.String: boolean startsWith(java.lang.String)>("--")	0.0000000000	682	253	0	0	25	
<comp5111.assignment.cut.Subject$StringAlgorithms: java.lang.Number parseNumber(java.lang.String)>	if $stack11 == 0 goto $stack12 = virtualinvoke l0.<java.lang.String: boolean startsWith(java.lang.String)>("0x")	0.0000000000	682	256	0	9	25	
<comp5111.assignment.cut.Subject$StringAlgorithms: java.lang.Number parseNumber(java.lang.String)>	if $stack12 != 0 goto $stack13 = staticinvoke <java.lang.Integer: java.lang.Integer decode(java.lang.String)>(l0)	0.0000000000	682	259	0	9	25	
<comp5111.assignment.cut.Subject$StringAlgorithms: java.lang.Number parseNumber(java.lang.String)>	if $stack14 == 0 goto $stack15 = virtualinvoke l0.<java.lang.String: int length()>()	0.0000000000	682	259	0	9	25	
<comp5111.assignment.cut.Subject$StringAlgorithms: java.lang.Number parseNumber(java.lang.String)>	if $stack22 != 0 goto (branch)	0.0000000000	682	275	0	9	25	
<comp5111.assignment.cut.Subject$StringAlgorithms: java.lang.Number parseNumber(java.lang.String)>	if $stack58 != 45 goto $stack59 = staticinvoke <comp5111.assignment.cut.Subject$StringAlgorithms: boolean isDigits(java.lang.String)>(l6)	0.0000000000	682	282	0	0	25	
<comp5111.assignment.cut.Subject$StringAlgorithms: java.lang.Number parseNumber(java.lang.String)>	if $stack59 == 0 goto $stack56 = new java.lang.NumberFormatException	0.0000000000	682	282	0	0	25	
<comp5111.assignment.cut.Subject$StringAlgorithms: java.lang.Number parseNumber(java.lang.String)>	if $stack71 != 0 goto $stack60 = new java.math.BigInteger	0.0000000000	682	282	0	0	25	
<comp5111.assignment.cut.Subject$StringAlgorithms: java.lang.Number parseNumber(java.lang.String)>	if $stack8 == 0 goto return null	0.0000000000	682	253	0	10	25	
<comp5111.assignment.cut.Subject$StringAlgorithms: java.lang.Number parseNumber(java.lang.String)>	if l0 == null goto return null	0.0000000000	682	253	0	10	25	
<comp5111.assignment.cut.Subject$StringAlgorithms: java.lang.Number parseNumber(java.lang.String)>	if l1 != 68 goto $stack82 = new java.lang.NumberFormatException	0.0000000000	682	293	0	5	25	
<comp5111.assignment.cut.Subject$StringAlgorithms: java.lang.Number parseNumber(java.lang.String)>	if l1 != 70 goto (branch)	0.0000000000	682	291	0	5	25	
<comp5111.assignment.cut.Subject$StringAlgorithms: java.lang.Number parseNumber(java.lang.String)>	if l1 != 76 goto (branch)	0.0000000000	682	281	0	5	25	
<comp5111.assignment.cut.Subject$StringAlgorithms: java.lang.Number parseNumber(java.lang.String)>	if l1 == 100 goto $stack77 = new java.math.BigDecimal	0.0000000000	682	293	0	5	25	
<comp5111.assignment.cut.Subject$StringAlgorithms: java.lang.Number parseNumber(java.lang.String)>	if l1 == 102 goto $stack76 = staticinvoke <java.lang.Float: java.lang.Float valueOf(java.lang.String)>(l6)	0.0000000000	682	291	0	5	25	
<comp5111.assignment.cut.Subject$StringAlgorithms: java.lang.Number parseNumber(java.lang.String)>	if l1 == 108 goto (branch)	0.0000000000	682	281	0	5	25	
<comp5111.assignment.cut.Subject$StringAlgorithms: java.lang.Number parseNumber(java.lang.String)>	if l2 != null goto $stack23 = new java.math.BigDecimal	0.0000000000	682	306	0	4	25	
<comp5111.assignment.cut.Subject$StringAlgorithms: java.lang.Number parseNumber(java.lang.String)>	if l2 != null goto $stack56 = new java.lang.NumberFormatException	0.0000000000	682	282	0	0	25	
<comp5111.assignment.cut.Subject$StringAlgorithms: java.lang.Number parseNumber(java.lang.String)>	if l3 != null goto $stack23 = new java.math.BigDecimal	0.0000000000	682	306	0	4	25	
<comp5111.assignment.cut.Subject$StringAlgorithms: java.lang.Number parseNumber(java.lang.String)>	if l3 != null goto $stack56 = new java.lang.NumberFormatException	0.0000000000	682	282	0	0	25	
<comp5111.assignment.cut.Subject$StringAlgorithms: java.lang.Number parseNumber(java.lang.String)>	if l4 <= -1 goto l2 = null	0.0000000000	682	267	0	9	25	
<comp5111.assignment.cut.Subject$StringAlgorithms: java.lang.Number parseNumber(java.lang.String)>	if l5 <= -1 goto $stack100 = l4 + 1	0.0000000000	682	268	0	0	25	
<comp5111.assignment.cut.Subject$StringAlgorithms: java.lang.Number parseNumber(java.lang.String)>	if l5 <= -1 goto l3 = null	0.0000000000	682	276	0	5	25	
<comp5111.assignment.cut.Subject$StringAlgorithms: java.lang.Number parseNumber(java.lang.String)>	if l5 <= -1 goto l3 = null	0.0000000000	682	302	0	4	25	
<comp5111.assignment.cut.Subject$StringAlgorithms: java.lang.Number parseNumber(java.lang.String)>	if l5 >= $stack47 goto l3 = null	0.0000000000	682	302	0	0	25	
<comp5111.assignment.cut.Subject$StringAlgorithms: java.lang.Number parseNumber(java.lang.String)>	if l5 >= $stack89 goto l3 = null	0.0000000000	682	276	0	0	25	
<comp5111.assignment.cut.Subject$StringAlgorithms: java.lang.Number parseNumber(java.lang.String)>	if l5 >= l4 goto $stack103 = l4 + 1	0.0000000000	682	269	0	0	25	
<comp5111.assignment.cut.Subject$StringAlgorithms: java.lang.Number parseNumber(java.lang.String)>	if l6#38 != $stack39 goto $stack40 = virtualinvoke l6#38.<java.math.BigInteger: long longValue()>()	0.0000000000	682	309	0	1	25	
<comp5111.assignment.cut.Subject$StringAlgorithms: java.lang.Number parseNumber(java.lang.String)>	if l6#38 != $stack41 goto return l6#38	0.0000000000	682	311	0	1	25	
<comp5111.assignment.cut.Subject$StringAlgorithms: java.lang.Number parseNumber(java.lang.String)>	if l6#39 != $stack26 goto $stack27 = virtualinvoke l6#39.<java.math.BigDecimal: double doubleValue()>()	0.0000000000	682	317	0	0	25	
<comp5111.assignment.cut.Subject$StringAlgorithms: java.lang.Number parseNumber(java.lang.String)>	if l6#39 != $stack28 goto return l6#39	0.0000000000	682	319	0	0	25	
<comp5111.assignment.cut.Subject$StringAlgorithms: java.lang.Number parseNumber(java.lang.String)>	if l7 != $stack63 goto $stack64 = virtualinvoke l7.<java.math.BigInteger: long longValue()>()	0.0000000000	682	284	0	0	25	
<comp5111.assignment.cut.Subject$StringAlgorithms: java.lang.Number parseNumber(java.lang.String)>	if l7 != $stack65 goto return l7	0.0000000000	682	286	0	0	25	
<comp5111.assignment.cut.Subject$StringAlgorithms: java.lang.Number parseNumber(java.lang.String)>	if l7#34 != $stack79 goto return l7#34	0.0000000000	682	295	0	0	25	
<comp5111.assignment.cut.Subject$StringAlgorithms: java.lang.Number parseNumber(java.lang.String)>	l1 = virtualinvoke l0.<java.lang.String: char charAt(int)>($stack16)	0.0000000000	682	262	0	9	25	
<comp5111.assignment.cut.Subject$StringAlgorithms: java.lang.Number parseNumber(java.lang.String)>	l2 = null	0.0000000000	682	274	0	9	25	
<comp5111.assignment.cut.Subject$StringAlgorithms: java.lang.Number parseNumber(java.lang.String)>	l2 = virtualinvoke l0.<java.lang.String: java.lang.String substring(int)>($stack100)	0.0000000000	682	273	0	0	25	
<comp5111.assignment.cut.Subject$StringAlgorithms: java.lang.Number parseNumber(java.lang.String)>	l2 = virtualinvoke l0.<java.lang.String: java.lang.String substring(int,int)>($stack103, l5)	0.0000000000	682	272	0	0	25	
<comp5111.assignment.cut.Subject$StringAlgorithms: java.lang.Number parseNumber(java.lang.String)>	l3 = null	0.0000000000	682	278	0	5	25	
<comp5111.assignment.cut.Subject$StringAlgorithms: java.lang.Number parseNumber(java.lang.String)>	l3 = null	0.0000000000	682	305	0	4	25	
<comp5111.assignment.cut.Subject$StringAlgorithms: java.lang.Number parseNumber(java.lang.String)>	l3 = virtualinvoke l0.<java.lang.String: java.lang.String substring(int)>($stack50)	0.0000000000	682	303	0	0	25	
<comp5111.assignment.cut.Subject$StringAlgorithms: java.lang.Number parseNumber(java.lang.String)>	l3 = virtualinvoke l0.<java.lang.String: java.lang.String substring(int,int)>($stack96, $stack98)	0.0000000000	682	277	0	0	25	
<comp5111.assignment.cut.Subject$StringAlgorithms: java.lang.Number parseNumber(java.lang.String)>	l4 = virtualinvoke l0.<java.lang.String: int indexOf(int)>(46)	0.0000000000	682	265	0	9	25	
<comp5111.assignment.cut.Subject$StringAlgorithms: java.lang.Number parseNumber(java.lang.String)>	l5 = $stack21 + 1	0.0000000000	682	266	0	9	25	
<comp5111.assignment.cut.Subject$StringAlgorithms: java.lang.Number parseNumber(java.lang.String)>	l6 = virtualinvoke l0.<java.lang.String: java.lang.String substring(int,int)>(0, $stack54)	0.0000000000	682	279	0	5	25	
<comp5111.assignment.cut.Subject$StringAlgorithms: java.lang.Number parseNumber(java.lang.String)>	l6#38 = $stack36	0.0000000000	682	308	0	1	25	
<comp5111.assignment.cut.Subject$StringAlgorithms: java.lang.Number parseNumber(java.lang.String)>	l6#39 = $stack23	0.0000000000	682	316	0	0	25	
<comp5111.assignment.cut.Subject$StringAlgorithms: java.lang.Number parseNumber(java.lang.String)>	l7 = $stack60	0.0000000000	682	283	0	0	25	
<comp5111.assignment.cut.Subject$StringAlgorithms: java.lang.Number parseNumber(java.lang.String)>	l7#34 = $stack77	0.0000000000	682	294	0	0	25	
<comp5111.assignment.cut.Subject$StringAlgorithms: java.lang.Number parseNumber(java.lang.String)>	return $stack13	0.0000000000	682	260	0	0	25	
<comp5111.assignment.cut.Subject$StringAlgorithms: java.lang.Number parseNumber(java.lang.String)>	return $stack30	0.0000000000	682	320	0	0	25	
<comp5111.assignment.cut.Subject$StringAlgorithms: java.lang.Number parseNumber(java.lang.String)>	return $stack32	0.0000000000	682	318	0	0	25	
<comp5111.assignment.cut.Subject$StringAlgorithms: java.lang.Number parseNumber(java.lang.String)>	return $stack43	0.0000000000	682	312	0	0	25	
<comp5111.assignment.cut.Subject$StringAlgorithms: java.lang.Number parseNumber(java.lang.String)>	return $stack45	0.0000000000	682	310	0	0	25	
<comp5111.assignment.cut.Subject$StringAlgorithms: java.lang.Number parseNumber(java.lang.String)>	return $stack67	0.0000000000	682	287	0	0	25	
<comp5111.assignment.cut.Subject$StringAlgorithms: java.lang.Number parseNumber(java.lang.String)>	return $stack69	0.0000000000	682	285	0	0	25	
<comp5111.assignment.cut.Subject$StringAlgorithms: java.lang.Number parseNumber(java.lang.String)>	return $stack76	0.0000000000	682	292	0	0	25	
<comp5111.assignment.cut.Subject$StringAlgorithms: java.lang.Number parseNumber(java.lang.String)>	return $stack81	0.0000000000	682	296	0	0	25	
<comp5111.assignment.cut.Subject$StringAlgorithms: java.lang.Number parseNumber(java.lang.String)>	return l6#38	0.0000000000	682	313	0	1	25	
<comp5111.assignment.cut.Subject$StringAlgorithms: java.lang.Number parseNumber(java.lang.String)>	return l6#39	0.0000000000	682	321	0	0	25	
<comp5111.assignment.cut.Subject$StringAlgorithms: java.lang.Number parseNumber(java.lang.String)>	return l7	0.0000000000	682	288	0	0	25	
<comp5111.assignment.cut.Subject$StringAlgorithms: java.lang.Number parseNumber(java.lang.String)>	return l7#34	0.0000000000	682	297	0	0	25	
<comp5111.assignment.cut.Subject$StringAlgorithms: java.lang.Number parseNumber(java.lang.String)>	return null	0.0000000000	682	254	0	1	25	
<comp5111.assignment.cut.Subject$StringAlgorithms: java.lang.Number parseNumber(java.lang.String)>	return null	0.0000000000	682	257	0	0	25	
<comp5111.assignment.cut.Subject$StringAlgorithms: java.lang.Number parseNumber(java.lang.String)>	specialinvoke $stack105.<java.lang.NumberFormatException: void <init>(java.lang.String)>(l0)	0.0000000000	682	270	0	0	25	
<comp5111.assignment.cut.Subject$StringAlgorithms: java.lang.Number parseNumber(java.lang.String)>	specialinvoke $stack23.<java.math.BigDecimal: void <init>(java.lang.String)>(l0)	0.0000000000	682	316	0	0	25	
<comp5111.assignment.cut.Subject$StringAlgorithms: java.lang.Number parseNumber(java.lang.String)>	specialinvoke $stack36.<java.math.BigInteger: void <init>(java.lang.String)>(l0)	0.0000000000	682	308	0	4	25	
<comp5111.assignment.cut.Subject$StringAlgorithms: java.lang.Number parseNumber(java.lang.String)>	specialinvoke $stack56.<java.lang.NumberFormatException: void <init>(java.lang.String)>(l0)	0.0000000000	682	290	0	0	25	
<comp5111.assignment.cut.Subject$StringAlgorithms: java.lang.Number parseNumber(java.lang.String)>	specialinvoke $stack60.<java.math.BigInteger: void <init>(java.lang.String)>(l6)	0.0000000000	682	283	0	0	25	
<comp5111.assignment.cut.Subject$StringAlgorithms: java.lang.Number parseNumber(java.lang.String)>	specialinvoke $stack77.<java.math.BigDecimal: void <init>(java.lang.String)>(l6)	0.0000000000	682	294	0	0	25	
<comp5111.assignment.cut.Subject$StringAlgorithms: java.lang.Number parseNumber(java.lang.String)>	specialinvoke $stack82.<java.lang.NumberFormatException: void <init>(java.lang.String)>(l0)	0.0000000000	682	299	0	5	25	
<comp5111.assignment.cut.Subject$StringAlgorithms: java.lang.Number parseNumber(java.lang.String)>	throw $stack105	0.0000000000	682	270	0	0	25	
<comp5111.assignment.cut.Subject$StringAlgorithms: java.lang.Number parseNumber(java.lang.String)>	throw $stack56	0.0000000000	682	290	0	0	25	
<comp5111.assignment.cut.Subject$StringAlgorithms: java.lang.Number parseNumber(java.lang.String)>	throw $stack82	0.0000000000	682	299	0	5	25	
<comp5111.assignment.cut.Subject$StringAlgorithms: java.lang.String padLeft(java.lang.String,short,char)>	$stack6 = virtualinvoke l0.<java.lang.String: int length()>()	0.0000000000	682	397	0	15	25	
<comp5111.assignment.cut.Subject$StringAlgorithms: java.lang.String padLeft(java.lang.String,short,char)>	$stack7 = new java.lang.StringBuilder	0.0000000000	682	400	0	6	25	
<comp5111.assignment.cut.Subject$StringAlgorithms: java.lang.String padLeft(java.lang.String,short,char)>	$stack9 = virtualinvoke l4.<java.lang.StringBuilder: java.lang.String toString()>()	0.0000000000	682	404	0	6	25	
<comp5111.assignment.cut.Subject$StringAlgorithms: java.lang.String padLeft(java.lang.String,short,char)>	goto [?= staticinvoke <comp5111.assignment.CoverageRuntime: void hit(java.lang.String)>("<comp5111.assignment.cut.Subject$StringAlgorithms: java.lang.String padLeft(java.lang.String,short,char)> ::: 13")]	0.0000000000	682	401	0	6	25	
<comp5111.assignment.cut.Subject$StringAlgorithms: java.lang.String padLeft(java.lang.String,short,char)>	if l0 != null goto $stack6 = virtualinvoke l0.<java.lang.String: int length()>()	0.0000000000	682	395	0	15	25	
<comp5111.assignment.cut.Subject$StringAlgorithms: java.lang.String padLeft(java.lang.String,short,char)>	if l3 > 0 goto $stack7 = new java.lang.StringBuilder	0.0000000000	682	398	0	15	25	
<comp5111.assignment.cut.Subject$StringAlgorithms: java.lang.String padLeft(java.lang.String,short,char)>	if l5 >= l3 goto virtualinvoke l4.<java.lang.StringBuilder: java.lang.StringBuilder append(java.lang.String)>(l0)	0.0000000000	682	401	0	6	25	
<comp5111.assignment.cut.Subject$StringAlgorithms: java.lang.String padLeft(java.lang.String,short,char)>	l0 = ""	0.0000000000	682	396	0	0	25	
<comp5111.assignment.cut.Subject$StringAlgorithms: java.lang.String padLeft(java.lang.String,short,char)>	l3 = l1 - $stack6	0.0000000000	682	397	0	15	25	
<comp5111.assignment.cut.Subject$StringAlgorithms: java.lang.String padLeft(java.lang.String,short,char)>	l4 = $stack7	0.0000000000	682	400	0	6	25	
<comp5111.assignment.cut.Subject$StringAlgorithms: java.lang.String padLeft(java.lang.String,short,char)>	l5 = 0	0.0000000000	682	401	0	6	25	
<comp5111.assignment.cut.Subject$StringAlgorithms: java.lang.String padLeft(java.lang.String,short,char)>	l5 = l5 + 1	0.0000000000	682	401	0	6	25	
<comp5111.assignment.cut.Subject$StringAlgorithms: java.lang.String padLeft(java.lang.String,short,char)>	return $stack9	0.0000000000	682	404	0	6	25	
<comp5111.assignment.cut.Subject$StringAlgorithms: java.lang.String padLeft(java.lang.String,short,char)>	return l0	0.0000000000	682	399	0	9	25	
<comp5111.assignment.cut.Subject$StringAlgorithms: java.lang.String padLeft(java.lang.String,short,char)>	specialinvoke $stack7.<java.lang.StringBuilder: void <init>()>()	0.0000000000	682	400	0	6	25	
<comp5111.assignment.cut.Subject$StringAlgorithms: java.lang.String padLeft(java.lang.String,short,char)>	virtualinvoke l4.<java.lang.StringBuilder: java.lang.StringBuilder append(char)>(l2)	0.0000000000	682	402	0	6	25	
<comp5111.assignment.cut.Subject$StringAlgorithms: java.lang.String padLeft(java.lang.String,short,char)>	virtualinvoke l4.<java.lang.StringBuilder: java.lang.StringBuilder append(java.lang.String)>(l0)	0.0000000000	682	403	0	6	25	
<comp5111.assignment.cut.Subject$StringAlgorithms: java.lang.String padRight(java.lang.String,short,char)>	$stack6 = virtualinvoke l0.<java.lang.String: int length()>()	0.0000000000	682	419	0	20	25	
<comp5111.assignment.cut.Subject$StringAlgorithms: java.lang.String padRight(java.lang.String,short,char)>	$stack7 = new java.lang.StringBuilder	0.0000000000	682	422	0	9	25	
<comp5111.assignment.cut.Subject$StringAlgorithms: java.lang.String padRight(java.lang.String,short,char)>	$stack8 = virtualinvoke l4.<java.lang.StringBuilder: java.lang.String toString()>()	0.0000000000	682	425	0	9	25	
<comp5111.assignment.cut.Subject$StringAlgorithms: java.lang.String padRight(java.lang.String,short,char)>	goto [?= staticinvoke <comp5111.assignment.CoverageRuntime: void hit(java.lang.String)>("<comp5111.assignment.cut.Subject$StringAlgorithms: java.lang.String padRight(java.lang.String,short,char)> ::: 13")]	0.0000000000	682	423	0	9	25	
<comp5111.assignment.cut.Subject$StringAlgorithms: java.lang.String padRight(java.lang.String,short,char)>	if l0 != null goto $stack6 = virtualinvoke l0.<java.lang.String: int length()>()	0.0000000000	682	417	0	20	25	
<comp5111.assignment.cut.Subject$StringAlgorithms: java.lang.String padRight(java.lang.String,short,char)>	if l3 > 0 goto $stack7 = new java.lang.StringBuilder	0.0000000000	682	420	0	20	25	
<comp5111.assignment.cut.Subject$StringAlgorithms: java.lang.String padRight(java.lang.String,short,char)>	if l5 >= l3 goto $stack8 = virtualinvoke l4.<java.lang.StringBuilder: java.lang.String toString()>()	0.0000000000	682	423	0	9	25	
<comp5111.assignment.cut.Subject$StringAlgorithms: java.lang.String padRight(java.lang.String,short,char)>	l0 = ""	0.0000000000	682	418	0	0	25	
<comp5111.assignment.cut.Subject$StringAlgorithms: java.lang.String padRight(java.lang.String,short,char)>	l3 = l1 - $stack6	0.0000000000	682	419	0	20	25	
<comp5111.assignment.cut.Subject$StringAlgorithms: java.lang.String padRight(java.lang.String,short,char)>	l4 = $stack7	0.0000000000	682	422	0	9	25	
<comp5111.assignment.cut.Subject$StringAlgorithms: java.lang.String padRight(java.lang.String,short,char)>	l5 = 0	0.0000000000	682	423	0	9	25	
<comp5111.assignment.cut.Subject$StringAlgorithms: java.lang.String padRight(java.lang.String,short,char)>	l5 = l5 + 1	0.0000000000	682	423	0	9	25	
<comp5111.assignment.cut.Subject$StringAlgorithms: java.lang.String padRight(java.lang.String,short,char)>	return $stack8	0.0000000000	682	425	0	9	25	
<comp5111.assignment.cut.Subject$StringAlgorithms: java.lang.String padRight(java.lang.String,short,char)>	return l0	0.0000000000	682	421	0	11	25	
<comp5111.assignment.cut.Subject$StringAlgorithms: java.lang.String padRight(java.lang.String,short,char)>	specialinvoke $stack7.<java.lang.StringBuilder: void <init>(java.lang.String)>(l0)	0.0000000000	682	422	0	9	25	
<comp5111.assignment.cut.Subject$StringAlgorithms: java.lang.String padRight(java.lang.String,short,char)>	virtualinvoke l4.<java.lang.StringBuilder: java.lang.StringBuilder append(char)>(l2)	0.0000000000	682	424	0	9	25	
<comp5111.assignment.cut.Subject$StringAlgorithms: java.lang.String[] trimArrayElements(java.lang.String[])>	$stack10 = null	0.0000000000	682	49	0	0	25	
<comp5111.assignment.cut.Subject$StringAlgorithms: java.lang.String[] trimArrayElements(java.lang.String[])>	$stack10 = virtualinvoke l3.<java.lang.String: java.lang.String trim()>()	0.0000000000	682	49	0	7	25	
<comp5111.assignment.cut.Subject$StringAlgorithms: java.lang.String[] trimArrayElements(java.lang.String[])>	$stack11 = l2	0.0000000000	682	49	0	7	25	
<comp5111.assignment.cut.Subject$StringAlgorithms: java.lang.String[] trimArrayElements(java.lang.String[])>	$stack4 = newarray (java.lang.String)[0]	0.0000000000	682	44	0	2	25	
<comp5111.assignment.cut.Subject$StringAlgorithms: java.lang.String[] trimArrayElements(java.lang.String[])>	$stack5 = lengthof l0	0.0000000000	682	43	0	9	25	
<comp5111.assignment.cut.Subject$StringAlgorithms: java.lang.String[] trimArrayElements(java.lang.String[])>	$stack6 = lengthof l0	0.0000000000	682	46	0	7	25	
<comp5111.assignment.cut.Subject$StringAlgorithms: java.lang.String[] trimArrayElements(java.lang.String[])>	$stack7 = lengthof l0	0.0000000000	682	47	0	7	25	
<comp5111.assignment.cut.Subject$StringAlgorithms: java.lang.String[] trimArrayElements(java.lang.String[])>	goto [?= l1[$stack11] = $stack10]	0.0000000000	682	49	0	7	25	
<comp5111.assignment.cut.Subject$StringAlgorithms: java.lang.String[] trimArrayElements(java.lang.String[])>	goto [?= staticinvoke <comp5111.assignment.CoverageRuntime: void hit(java.lang.String)>("<comp5111.assignment.cut.Subject$StringAlgorithms: java.lang.String[] trimArrayElements(java.lang.String[])> ::: 9")]	0.0000000000	682	47	0	7	25	
<comp5111.assignment.cut.Subject$StringAlgorithms: java.lang.String[] trimArrayElements(java.lang.String[])>	if $stack5 != 0 goto $stack6 = lengthof l0	0.0000000000	682	43	0	9	25	
<comp5111.assignment.cut.Subject$StringAlgorithms: java.lang.String[] trimArrayElements(java.lang.String[])>	if l0 == null goto $stack4 = newarray (java.lang.String)[0]	0.0000000000	682	43	0	9	25	
<comp5111.assignment.cut.Subject$StringAlgorithms: java.lang.String[] trimArrayElements(java.lang.String[])>	if l2 >= $stack7 goto return l1	0.0000000000	682	47	0	7	25	
<comp5111.assignment.cut.Subject$StringAlgorithms: java.lang.String[] trimArrayElements(java.lang.String[])>	if l3 == null goto $stack10 = null	0.0000000000	682	49	0	7	25	
<comp5111.assignment.cut.Subject$StringAlgorithms: java.lang.String[] trimArrayElements(java.lang.String[])>	l1 = newarray (java.lang.String)[$stack6]	0.0000000000	682	46	0	7	25	
<comp5111.assignment.cut.Subject$StringAlgorithms: java.lang.String[] trimArrayElements(java.lang.String[])>	l1[$stack11] = $stack10	0.0000000000	682	49	0	7	25	
<comp5111.assignment.cut.Subject$StringAlgorithms: java.lang.String[] trimArrayElements(java.lang.String[])>	l2 = 0	0.0000000000	682	47	0	7	25	
<comp5111.assignment.cut.Subject$StringAlgorithms: java.lang.String[] trimArrayElements(java.lang.String[])>	l2 = l2 + 1	0.0000000000	682	47	0	7	25	
<comp5111.assignment.cut.Subject$StringAlgorithms: java.lang.String[] trimArrayElements(java.lang.String[])>	l3 = l0[l2]	0.0000000000	682	48	0	7	25	
<comp5111.assignment.cut.Subject$StringAlgorithms: java.lang.String[] trimArrayElements(java.lang.String[])>	return $stack4	0.0000000000	682	44	0	2	25	
<comp5111.assignment.cut.Subject$StringAlgorithms: java.lang.String[] trimArrayElements(java.lang.String[])>	return l1	0.0000000000	682	51	0	7	25	
<comp5111.assignment.cut.Subject$StringAlgorithms: void <init>()>	return	0.0000000000	682	9	0	1	25	
<comp5111.assignment.cut.Subject$StringAlgorithms: void <init>()>	specialinvoke l0.<java.lang.Object: void <init>()>()	0.0000000000	682	9	0	1	25	
<comp5111.assignment.cut.Subject$StringAlgorithms: void enlarge(int,byte[],int)>	$stack6 = lengthof l1	0.0000000000	682	80	0	14	25	
<comp5111.assignment.cut.Subject$StringAlgorithms: void enlarge(int,byte[],int)>	$stack7 = l3	0.0000000000	682	82	0	9	25	
<comp5111.assignment.cut.Subject$StringAlgorithms: void enlarge(int,byte[],int)>	$stack7 = l4	0.0000000000	682	82	0	10	25	
<comp5111.assignment.cut.Subject$StringAlgorithms: void enlarge(int,byte[],int)>	goto [?= l5 = newarray (byte)[$stack7]]	0.0000000000	682	82	0	9	25	
<comp5111.assignment.cut.Subject$StringAlgorithms: void enlarge(int,byte[],int)>	if l3 <= l4 goto $stack7 = l4	0.0000000000	682	82	0	13	25	
<comp5111.assignment.cut.Subject$StringAlgorithms: void enlarge(int,byte[],int)>	l1#3 = l5	0.0000000000	682	83	0	12	25	
<comp5111.assignment.cut.Subject$StringAlgorithms: void enlarge(int,byte[],int)>	l3 = 2 * $stack6	0.0000000000	682	80	0	13	25	
<comp5111.assignment.cut.Subject$StringAlgorithms: void enlarge(int,byte[],int)>	l4 = l2 + l0	0.0000000000	682	81	0	13	25	
<comp5111.assignment.cut.Subject$StringAlgorithms: void enlarge(int,byte[],int)>	l5 = newarray (byte)[$stack7]	0.0000000000	682	82	0	13	25	
<comp5111.assignment.cut.Subject$StringAlgorithms: void enlarge(int,byte[],int)>	return	0.0000000000	682	84	0	12	25	
<comp5111.assignment.cut.Subject$StringAlgorithms: void enlarge(int,byte[],int)>	staticinvoke <java.lang.System: void arraycopy(java.lang.Object,int,java.lang.Object,int,int)>(l1, 0, l5, 0, l2)	0.0000000000	682	83	0	13	25	
<comp5111.assignment.cut.Subject: void <init>()>	return	0.0000000000	682	8	0	84	25	
<comp5111.assignment.cut.Subject: void <init>()>	specialinvoke l0.<java.lang.Object: void <init>()>()	0.0000000000	682	8	0	84	25	
