stmtId	methodSignature	jimpleStatement	sourceLine
<comp5111.assignment.cut.Subject: void <init>()> ::: 1	<comp5111.assignment.cut.Subject: void <init>()>	specialinvoke this.<java.lang.Object: void <init>()>()	8
<comp5111.assignment.cut.Subject: void <init>()> ::: 2	<comp5111.assignment.cut.Subject: void <init>()>	return	8
<comp5111.assignment.cut.Subject$DateTimeAlgorithms: void <init>()> ::: 1	<comp5111.assignment.cut.Subject$DateTimeAlgorithms: void <init>()>	specialinvoke this.<java.lang.Object: void <init>()>()	429
<comp5111.assignment.cut.Subject$DateTimeAlgorithms: void <init>()> ::: 2	<comp5111.assignment.cut.Subject$DateTimeAlgorithms: void <init>()>	return	429
<comp5111.assignment.cut.Subject$DateTimeAlgorithms: int daysBetweenDates(int,int,int,int,int,int)> ::: 6	<comp5111.assignment.cut.Subject$DateTimeAlgorithms: int daysBetweenDates(int,int,int,int,int,int)>	cal1 = staticinvoke <java.util.Calendar: java.util.Calendar getInstance()>()	442
<comp5111.assignment.cut.Subject$DateTimeAlgorithms: int daysBetweenDates(int,int,int,int,int,int)> ::: 7	<comp5111.assignment.cut.Subject$DateTimeAlgorithms: int daysBetweenDates(int,int,int,int,int,int)>	cal2 = staticinvoke <java.util.Calendar: java.util.Calendar getInstance()>()	443
<comp5111.assignment.cut.Subject$DateTimeAlgorithms: int daysBetweenDates(int,int,int,int,int,int)> ::: 8	<comp5111.assignment.cut.Subject$DateTimeAlgorithms: int daysBetweenDates(int,int,int,int,int,int)>	$stack16 = staticinvoke <comp5111.assignment.cut.Subject$DateTimeAlgorithms: boolean checkValidDate(int,int,int)>(year1, month1, day1)	444
<comp5111.assignment.cut.Subject$DateTimeAlgorithms: int daysBetweenDates(int,int,int,int,int,int)> ::: 9	<comp5111.assignment.cut.Subject$DateTimeAlgorithms: int daysBetweenDates(int,int,int,int,int,int)>	if $stack16 == 0 goto $stack17 = new java.lang.IllegalArgumentException	444
<comp5111.assignment.cut.Subject$DateTimeAlgorithms: int daysBetweenDates(int,int,int,int,int,int)> ::: 10	<comp5111.assignment.cut.Subject$DateTimeAlgorithms: int daysBetweenDates(int,int,int,int,int,int)>	$stack18 = staticinvoke <comp5111.assignment.cut.Subject$DateTimeAlgorithms: boolean checkValidDate(int,int,int)>(year2, month2, day2)	444
<comp5111.assignment.cut.Subject$DateTimeAlgorithms: int daysBetweenDates(int,int,int,int,int,int)> ::: 11	<comp5111.assignment.cut.Subject$DateTimeAlgorithms: int daysBetweenDates(int,int,int,int,int,int)>	if $stack18 != 0 goto $stack19 = month1 - 1	444
<comp5111.assignment.cut.Subject$DateTimeAlgorithms: int daysBetweenDates(int,int,int,int,int,int)> ::: 12	<comp5111.assignment.cut.Subject$DateTimeAlgorithms: int daysBetweenDates(int,int,int,int,int,int)>	$stack17 = new java.lang.IllegalArgumentException	445
<comp5111.assignment.cut.Subject$DateTimeAlgorithms: int daysBetweenDates(int,int,int,int,int,int)> ::: 13	<comp5111.assignment.cut.Subject$DateTimeAlgorithms: int daysBetweenDates(int,int,int,int,int,int)>	specialinvoke $stack17.<java.lang.IllegalArgumentException: void <init>(java.lang.String)>("Invalid date")	445
<comp5111.assignment.cut.Subject$DateTimeAlgorithms: int daysBetweenDates(int,int,int,int,int,int)> ::: 14	<comp5111.assignment.cut.Subject$DateTimeAlgorithms: int daysBetweenDates(int,int,int,int,int,int)>	throw $stack17	445
<comp5111.assignment.cut.Subject$DateTimeAlgorithms: int daysBetweenDates(int,int,int,int,int,int)> ::: 15	<comp5111.assignment.cut.Subject$DateTimeAlgorithms: int daysBetweenDates(int,int,int,int,int,int)>	$stack19 = month1 - 1	447
<comp5111.assignment.cut.Subject$DateTimeAlgorithms: int daysBetweenDates(int,int,int,int,int,int)> ::: 16	<comp5111.assignment.cut.Subject$DateTimeAlgorithms: int daysBetweenDates(int,int,int,int,int,int)>	virtualinvoke cal1.<java.util.Calendar: void set(int,int,int,int,int,int)>(year1, $stack19, day1, 0, 0, 0)	447
<comp5111.assignment.cut.Subject$DateTimeAlgorithms: int daysBetweenDates(int,int,int,int,int,int)> ::: 17	<comp5111.assignment.cut.Subject$DateTimeAlgorithms: int daysBetweenDates(int,int,int,int,int,int)>	virtualinvoke cal1.<java.util.Calendar: void set(int,int)>(14, 0)	448
<comp5111.assignment.cut.Subject$DateTimeAlgorithms: int daysBetweenDates(int,int,int,int,int,int)> ::: 18	<comp5111.assignment.cut.Subject$DateTimeAlgorithms: int daysBetweenDates(int,int,int,int,int,int)>	$stack20 = month2 - 1	449
<comp5111.assignment.cut.Subject$DateTimeAlgorithms: int daysBetweenDates(int,int,int,int,int,int)> ::: 19	<comp5111.assignment.cut.Subject$DateTimeAlgorithms: int daysBetweenDates(int,int,int,int,int,int)>	virtualinvoke cal2.<java.util.Calendar: void set(int,int,int,int,int,int)>(year2, $stack20, day2, 0, 0, 0)	449
<comp5111.assignment.cut.Subject$DateTimeAlgorithms: int daysBetweenDates(int,int,int,int,int,int)> ::: 20	<comp5111.assignment.cut.Subject$DateTimeAlgorithms: int daysBetweenDates(int,int,int,int,int,int)>	virtualinvoke cal2.<java.util.Calendar: void set(int,int)>(14, 0)	450
<comp5111.assignment.cut.Subject$DateTimeAlgorithms: int daysBetweenDates(int,int,int,int,int,int)> ::: 21	<comp5111.assignment.cut.Subject$DateTimeAlgorithms: int daysBetweenDates(int,int,int,int,int,int)>	millis1 = virtualinvoke cal1.<java.util.Calendar: long getTimeInMillis()>()	451
<comp5111.assignment.cut.Subject$DateTimeAlgorithms: int daysBetweenDates(int,int,int,int,int,int)> ::: 22	<comp5111.assignment.cut.Subject$DateTimeAlgorithms: int daysBetweenDates(int,int,int,int,int,int)>	millis2 = virtualinvoke cal2.<java.util.Calendar: long getTimeInMillis()>()	452
<comp5111.assignment.cut.Subject$DateTimeAlgorithms: int daysBetweenDates(int,int,int,int,int,int)> ::: 23	<comp5111.assignment.cut.Subject$DateTimeAlgorithms: int daysBetweenDates(int,int,int,int,int,int)>	diff = millis2 - millis1	453
<comp5111.assignment.cut.Subject$DateTimeAlgorithms: int daysBetweenDates(int,int,int,int,int,int)> ::: 24	<comp5111.assignment.cut.Subject$DateTimeAlgorithms: int daysBetweenDates(int,int,int,int,int,int)>	$stack23 = diff / 86400000L	454
<comp5111.assignment.cut.Subject$DateTimeAlgorithms: int daysBetweenDates(int,int,int,int,int,int)> ::: 25	<comp5111.assignment.cut.Subject$DateTimeAlgorithms: int daysBetweenDates(int,int,int,int,int,int)>	$stack24 = (int) $stack23	454
<comp5111.assignment.cut.Subject$DateTimeAlgorithms: int daysBetweenDates(int,int,int,int,int,int)> ::: 26	<comp5111.assignment.cut.Subject$DateTimeAlgorithms: int daysBetweenDates(int,int,int,int,int,int)>	return $stack24	454
<comp5111.assignment.cut.Subject$DateTimeAlgorithms: int calcDaysInMonth(int,int)> ::: 2	<comp5111.assignment.cut.Subject$DateTimeAlgorithms: int calcDaysInMonth(int,int)>	if month < 1 goto return -1	465
<comp5111.assignment.cut.Subject$DateTimeAlgorithms: int calcDaysInMonth(int,int)> ::: 3	<comp5111.assignment.cut.Subject$DateTimeAlgorithms: int calcDaysInMonth(int,int)>	if month <= 12 goto (branch)	465
<comp5111.assignment.cut.Subject$DateTimeAlgorithms: int calcDaysInMonth(int,int)> ::: 4	<comp5111.assignment.cut.Subject$DateTimeAlgorithms: int calcDaysInMonth(int,int)>	return -1	466
<comp5111.assignment.cut.Subject$DateTimeAlgorithms: int calcDaysInMonth(int,int)> ::: 5	<comp5111.assignment.cut.Subject$DateTimeAlgorithms: int calcDaysInMonth(int,int)>	if month != 2 goto (branch)	467
<comp5111.assignment.cut.Subject$DateTimeAlgorithms: int calcDaysInMonth(int,int)> ::: 6	<comp5111.assignment.cut.Subject$DateTimeAlgorithms: int calcDaysInMonth(int,int)>	$stack3 = staticinvoke <comp5111.assignment.cut.Subject$DateTimeAlgorithms: boolean judgeLeapYear(int)>(year)	468
<comp5111.assignment.cut.Subject$DateTimeAlgorithms: int calcDaysInMonth(int,int)> ::: 7	<comp5111.assignment.cut.Subject$DateTimeAlgorithms: int calcDaysInMonth(int,int)>	if $stack3 == 0 goto $stack4 = 28	468
<comp5111.assignment.cut.Subject$DateTimeAlgorithms: int calcDaysInMonth(int,int)> ::: 8	<comp5111.assignment.cut.Subject$DateTimeAlgorithms: int calcDaysInMonth(int,int)>	$stack4 = 29	468
<comp5111.assignment.cut.Subject$DateTimeAlgorithms: int calcDaysInMonth(int,int)> ::: 9	<comp5111.assignment.cut.Subject$DateTimeAlgorithms: int calcDaysInMonth(int,int)>	goto [?= return $stack4]	468
<comp5111.assignment.cut.Subject$DateTimeAlgorithms: int calcDaysInMonth(int,int)> ::: 10	<comp5111.assignment.cut.Subject$DateTimeAlgorithms: int calcDaysInMonth(int,int)>	$stack4 = 28	468
<comp5111.assignment.cut.Subject$DateTimeAlgorithms: int calcDaysInMonth(int,int)> ::: 11	<comp5111.assignment.cut.Subject$DateTimeAlgorithms: int calcDaysInMonth(int,int)>	return $stack4	468
<comp5111.assignment.cut.Subject$DateTimeAlgorithms: int calcDaysInMonth(int,int)> ::: 12	<comp5111.assignment.cut.Subject$DateTimeAlgorithms: int calcDaysInMonth(int,int)>	if month == 4 goto return 30	470
<comp5111.assignment.cut.Subject$DateTimeAlgorithms: int calcDaysInMonth(int,int)> ::: 13	<comp5111.assignment.cut.Subject$DateTimeAlgorithms: int calcDaysInMonth(int,int)>	if month == 6 goto return 30	470
<comp5111.assignment.cut.Subject$DateTimeAlgorithms: int calcDaysInMonth(int,int)> ::: 14	<comp5111.assignment.cut.Subject$DateTimeAlgorithms: int calcDaysInMonth(int,int)>	if month == 9 goto return 30	470
<comp5111.assignment.cut.Subject$DateTimeAlgorithms: int calcDaysInMonth(int,int)> ::: 15	<comp5111.assignment.cut.Subject$DateTimeAlgorithms: int calcDaysInMonth(int,int)>	if month != 11 goto return 31	470
<comp5111.assignment.cut.Subject$DateTimeAlgorithms: int calcDaysInMonth(int,int)> ::: 16	<comp5111.assignment.cut.Subject$DateTimeAlgorithms: int calcDaysInMonth(int,int)>	return 30	471
<comp5111.assignment.cut.Subject$DateTimeAlgorithms: int calcDaysInMonth(int,int)> ::: 17	<comp5111.assignment.cut.Subject$DateTimeAlgorithms: int calcDaysInMonth(int,int)>	return 31	473
<comp5111.assignment.cut.Subject$DateTimeAlgorithms: boolean checkValidDate(int,int,int)> ::: 3	<comp5111.assignment.cut.Subject$DateTimeAlgorithms: boolean checkValidDate(int,int,int)>	if month < 1 goto return 0	485
<comp5111.assignment.cut.Subject$DateTimeAlgorithms: boolean checkValidDate(int,int,int)> ::: 4	<comp5111.assignment.cut.Subject$DateTimeAlgorithms: boolean checkValidDate(int,int,int)>	if month <= 12 goto daysInMonth = staticinvoke <comp5111.assignment.cut.Subject$DateTimeAlgorithms: int calcDaysInMonth(int,int)>(year, month)	485
<comp5111.assignment.cut.Subject$DateTimeAlgorithms: boolean checkValidDate(int,int,int)> ::: 5	<comp5111.assignment.cut.Subject$DateTimeAlgorithms: boolean checkValidDate(int,int,int)>	return 0	486
<comp5111.assignment.cut.Subject$DateTimeAlgorithms: boolean checkValidDate(int,int,int)> ::: 6	<comp5111.assignment.cut.Subject$DateTimeAlgorithms: boolean checkValidDate(int,int,int)>	daysInMonth = staticinvoke <comp5111.assignment.cut.Subject$DateTimeAlgorithms: int calcDaysInMonth(int,int)>(year, month)	487
<comp5111.assignment.cut.Subject$DateTimeAlgorithms: boolean checkValidDate(int,int,int)> ::: 7	<comp5111.assignment.cut.Subject$DateTimeAlgorithms: boolean checkValidDate(int,int,int)>	if day <= 0 goto return 0	488
<comp5111.assignment.cut.Subject$DateTimeAlgorithms: boolean checkValidDate(int,int,int)> ::: 8	<comp5111.assignment.cut.Subject$DateTimeAlgorithms: boolean checkValidDate(int,int,int)>	if day >= daysInMonth goto return 0	488
<comp5111.assignment.cut.Subject$DateTimeAlgorithms: boolean checkValidDate(int,int,int)> ::: 9	<comp5111.assignment.cut.Subject$DateTimeAlgorithms: boolean checkValidDate(int,int,int)>	return 1	488
<comp5111.assignment.cut.Subject$DateTimeAlgorithms: boolean checkValidDate(int,int,int)> ::: 10	<comp5111.assignment.cut.Subject$DateTimeAlgorithms: boolean checkValidDate(int,int,int)>	return 0	488
<comp5111.assignment.cut.Subject$DateTimeAlgorithms: boolean judgeLeapYear(int)> ::: 1	<comp5111.assignment.cut.Subject$DateTimeAlgorithms: boolean judgeLeapYear(int)>	$stack1 = year % 4	498
<comp5111.assignment.cut.Subject$DateTimeAlgorithms: boolean judgeLeapYear(int)> ::: 2	<comp5111.assignment.cut.Subject$DateTimeAlgorithms: boolean judgeLeapYear(int)>	if $stack1 == 0 goto $stack2 = year % 100	498
<comp5111.assignment.cut.Subject$DateTimeAlgorithms: boolean judgeLeapYear(int)> ::: 3	<comp5111.assignment.cut.Subject$DateTimeAlgorithms: boolean judgeLeapYear(int)>	return 0	499
<comp5111.assignment.cut.Subject$DateTimeAlgorithms: boolean judgeLeapYear(int)> ::: 4	<comp5111.assignment.cut.Subject$DateTimeAlgorithms: boolean judgeLeapYear(int)>	$stack2 = year % 100	500
<comp5111.assignment.cut.Subject$DateTimeAlgorithms: boolean judgeLeapYear(int)> ::: 5	<comp5111.assignment.cut.Subject$DateTimeAlgorithms: boolean judgeLeapYear(int)>	if $stack2 == 0 goto $stack3 = year % 400	500
<comp5111.assignment.cut.Subject$DateTimeAlgorithms: boolean judgeLeapYear(int)> ::: 6	<comp5111.assignment.cut.Subject$DateTimeAlgorithms: boolean judgeLeapYear(int)>	return 1	501
<comp5111.assignment.cut.Subject$DateTimeAlgorithms: boolean judgeLeapYear(int)> ::: 7	<comp5111.assignment.cut.Subject$DateTimeAlgorithms: boolean judgeLeapYear(int)>	$stack3 = year % 400	503
<comp5111.assignment.cut.Subject$DateTimeAlgorithms: boolean judgeLeapYear(int)> ::: 8	<comp5111.assignment.cut.Subject$DateTimeAlgorithms: boolean judgeLeapYear(int)>	if $stack3 != 0 goto return 0	503
<comp5111.assignment.cut.Subject$DateTimeAlgorithms: boolean judgeLeapYear(int)> ::: 9	<comp5111.assignment.cut.Subject$DateTimeAlgorithms: boolean judgeLeapYear(int)>	return 1	503
<comp5111.assignment.cut.Subject$DateTimeAlgorithms: boolean judgeLeapYear(int)> ::: 10	<comp5111.assignment.cut.Subject$DateTimeAlgorithms: boolean judgeLeapYear(int)>	return 0	503
<comp5111.assignment.cut.Subject$DateTimeAlgorithms: java.lang.String roundSecondToString(long)> ::: 1	<comp5111.assignment.cut.Subject$DateTimeAlgorithms: java.lang.String roundSecondToString(long)>	$stack5 = (double) second	516
<comp5111.assignment.cut.Subject$DateTimeAlgorithms: java.lang.String roundSecondToString(long)> ::: 2	<comp5111.assignment.cut.Subject$DateTimeAlgorithms: java.lang.String roundSecondToString(long)>	$stack6 = $stack5 cmpl 3.1536E7	516
<comp5111.assignment.cut.Subject$DateTimeAlgorithms: java.lang.String roundSecondToString(long)> ::: 3	<comp5111.assignment.cut.Subject$DateTimeAlgorithms: java.lang.String roundSecondToString(long)>	if $stack6 < 0 goto $stack7 = second cmp 604800L	516
<comp5111.assignment.cut.Subject$DateTimeAlgorithms: java.lang.String roundSecondToString(long)> ::: 4	<comp5111.assignment.cut.Subject$DateTimeAlgorithms: java.lang.String roundSecondToString(long)>	$stack25 = (double) second	517
<comp5111.assignment.cut.Subject$DateTimeAlgorithms: java.lang.String roundSecondToString(long)> ::: 5	<comp5111.assignment.cut.Subject$DateTimeAlgorithms: java.lang.String roundSecondToString(long)>	$stack26 = $stack25 / 365.0	517
<comp5111.assignment.cut.Subject$DateTimeAlgorithms: java.lang.String roundSecondToString(long)> ::: 6	<comp5111.assignment.cut.Subject$DateTimeAlgorithms: java.lang.String roundSecondToString(long)>	$stack27 = $stack26 / 24.0	517
<comp5111.assignment.cut.Subject$DateTimeAlgorithms: java.lang.String roundSecondToString(long)> ::: 7	<comp5111.assignment.cut.Subject$DateTimeAlgorithms: java.lang.String roundSecondToString(long)>	$stack28 = $stack27 / 60.0	517
<comp5111.assignment.cut.Subject$DateTimeAlgorithms: java.lang.String roundSecondToString(long)> ::: 8	<comp5111.assignment.cut.Subject$DateTimeAlgorithms: java.lang.String roundSecondToString(long)>	converted = $stack28 / 60.0	517
<comp5111.assignment.cut.Subject$DateTimeAlgorithms: java.lang.String roundSecondToString(long)> ::: 9	<comp5111.assignment.cut.Subject$DateTimeAlgorithms: java.lang.String roundSecondToString(long)>	type = "Y"	518
<comp5111.assignment.cut.Subject$DateTimeAlgorithms: java.lang.String roundSecondToString(long)> ::: 10	<comp5111.assignment.cut.Subject$DateTimeAlgorithms: java.lang.String roundSecondToString(long)>	goto [?= $stack11 = staticinvoke <java.lang.Math: long round(double)>(converted)]	519
<comp5111.assignment.cut.Subject$DateTimeAlgorithms: java.lang.String roundSecondToString(long)> ::: 11	<comp5111.assignment.cut.Subject$DateTimeAlgorithms: java.lang.String roundSecondToString(long)>	$stack7 = second cmp 604800L	516
<comp5111.assignment.cut.Subject$DateTimeAlgorithms: java.lang.String roundSecondToString(long)> ::: 12	<comp5111.assignment.cut.Subject$DateTimeAlgorithms: java.lang.String roundSecondToString(long)>	if $stack7 < 0 goto $stack8 = second cmp 86400L	516
<comp5111.assignment.cut.Subject$DateTimeAlgorithms: java.lang.String roundSecondToString(long)> ::: 13	<comp5111.assignment.cut.Subject$DateTimeAlgorithms: java.lang.String roundSecondToString(long)>	$stack21 = (double) second	520
<comp5111.assignment.cut.Subject$DateTimeAlgorithms: java.lang.String roundSecondToString(long)> ::: 14	<comp5111.assignment.cut.Subject$DateTimeAlgorithms: java.lang.String roundSecondToString(long)>	$stack22 = $stack21 / 7.0	520
<comp5111.assignment.cut.Subject$DateTimeAlgorithms: java.lang.String roundSecondToString(long)> ::: 15	<comp5111.assignment.cut.Subject$DateTimeAlgorithms: java.lang.String roundSecondToString(long)>	$stack23 = $stack22 / 24.0	520
<comp5111.assignment.cut.Subject$DateTimeAlgorithms: java.lang.String roundSecondToString(long)> ::: 16	<comp5111.assignment.cut.Subject$DateTimeAlgorithms: java.lang.String roundSecondToString(long)>	$stack24 = $stack23 / 60.0	520
<comp5111.assignment.cut.Subject$DateTimeAlgorithms: java.lang.String roundSecondToString(long)> ::: 17	<comp5111.assignment.cut.Subject$DateTimeAlgorithms: java.lang.String roundSecondToString(long)>	converted = $stack24 / 60.0	520
<comp5111.assignment.cut.Subject$DateTimeAlgorithms: java.lang.String roundSecondToString(long)> ::: 18	<comp5111.assignment.cut.Subject$DateTimeAlgorithms: java.lang.String roundSecondToString(long)>	type = "W"	521
<comp5111.assignment.cut.Subject$DateTimeAlgorithms: java.lang.String roundSecondToString(long)> ::: 19	<comp5111.assignment.cut.Subject$DateTimeAlgorithms: java.lang.String roundSecondToString(long)>	goto [?= $stack11 = staticinvoke <java.lang.Math: long round(double)>(converted)]	522
<comp5111.assignment.cut.Subject$DateTimeAlgorithms: java.lang.String roundSecondToString(long)> ::: 20	<comp5111.assignment.cut.Subject$DateTimeAlgorithms: java.lang.String roundSecondToString(long)>	$stack8 = second cmp 86400L	516
<comp5111.assignment.cut.Subject$DateTimeAlgorithms: java.lang.String roundSecondToString(long)> ::: 21	<comp5111.assignment.cut.Subject$DateTimeAlgorithms: java.lang.String roundSecondToString(long)>	if $stack8 < 0 goto $stack9 = second cmp 3600L	516
<comp5111.assignment.cut.Subject$DateTimeAlgorithms: java.lang.String roundSecondToString(long)> ::: 22	<comp5111.assignment.cut.Subject$DateTimeAlgorithms: java.lang.String roundSecondToString(long)>	$stack18 = (double) second	523
<comp5111.assignment.cut.Subject$DateTimeAlgorithms: java.lang.String roundSecondToString(long)> ::: 23	<comp5111.assignment.cut.Subject$DateTimeAlgorithms: java.lang.String roundSecondToString(long)>	$stack19 = $stack18 / 24.0	523
<comp5111.assignment.cut.Subject$DateTimeAlgorithms: java.lang.String roundSecondToString(long)> ::: 24	<comp5111.assignment.cut.Subject$DateTimeAlgorithms: java.lang.String roundSecondToString(long)>	$stack20 = $stack19 / 60.0	523
<comp5111.assignment.cut.Subject$DateTimeAlgorithms: java.lang.String roundSecondToString(long)> ::: 25	<comp5111.assignment.cut.Subject$DateTimeAlgorithms: java.lang.String roundSecondToString(long)>	converted = $stack20 / 60.0	523
<comp5111.assignment.cut.Subject$DateTimeAlgorithms: java.lang.String roundSecondToString(long)> ::: 26	<comp5111.assignment.cut.Subject$DateTimeAlgorithms: java.lang.String roundSecondToString(long)>	type = "D"	524
<comp5111.assignment.cut.Subject$DateTimeAlgorithms: java.lang.String roundSecondToString(long)> ::: 27	<comp5111.assignment.cut.Subject$DateTimeAlgorithms: java.lang.String roundSecondToString(long)>	goto [?= $stack11 = staticinvoke <java.lang.Math: long round(double)>(converted)]	525
<comp5111.assignment.cut.Subject$DateTimeAlgorithms: java.lang.String roundSecondToString(long)> ::: 28	<comp5111.assignment.cut.Subject$DateTimeAlgorithms: java.lang.String roundSecondToString(long)>	$stack9 = second cmp 3600L	516
<comp5111.assignment.cut.Subject$DateTimeAlgorithms: java.lang.String roundSecondToString(long)> ::: 29	<comp5111.assignment.cut.Subject$DateTimeAlgorithms: java.lang.String roundSecondToString(long)>	if $stack9 < 0 goto $stack10 = second cmp 60L	516
<comp5111.assignment.cut.Subject$DateTimeAlgorithms: java.lang.String roundSecondToString(long)> ::: 30	<comp5111.assignment.cut.Subject$DateTimeAlgorithms: java.lang.String roundSecondToString(long)>	$stack16 = (double) second	526
<comp5111.assignment.cut.Subject$DateTimeAlgorithms: java.lang.String roundSecondToString(long)> ::: 31	<comp5111.assignment.cut.Subject$DateTimeAlgorithms: java.lang.String roundSecondToString(long)>	$stack17 = $stack16 / 60.0	526
<comp5111.assignment.cut.Subject$DateTimeAlgorithms: java.lang.String roundSecondToString(long)> ::: 32	<comp5111.assignment.cut.Subject$DateTimeAlgorithms: java.lang.String roundSecondToString(long)>	converted = $stack17 / 60.0	526
<comp5111.assignment.cut.Subject$DateTimeAlgorithms: java.lang.String roundSecondToString(long)> ::: 33	<comp5111.assignment.cut.Subject$DateTimeAlgorithms: java.lang.String roundSecondToString(long)>	type = "H"	527
<comp5111.assignment.cut.Subject$DateTimeAlgorithms: java.lang.String roundSecondToString(long)> ::: 34	<comp5111.assignment.cut.Subject$DateTimeAlgorithms: java.lang.String roundSecondToString(long)>	goto [?= $stack11 = staticinvoke <java.lang.Math: long round(double)>(converted)]	528
<comp5111.assignment.cut.Subject$DateTimeAlgorithms: java.lang.String roundSecondToString(long)> ::: 35	<comp5111.assignment.cut.Subject$DateTimeAlgorithms: java.lang.String roundSecondToString(long)>	$stack10 = second cmp 60L	516
<comp5111.assignment.cut.Subject$DateTimeAlgorithms: java.lang.String roundSecondToString(long)> ::: 36	<comp5111.assignment.cut.Subject$DateTimeAlgorithms: java.lang.String roundSecondToString(long)>	if $stack10 < 0 goto converted = (double) second	516
<comp5111.assignment.cut.Subject$DateTimeAlgorithms: java.lang.String roundSecondToString(long)> ::: 37	<comp5111.assignment.cut.Subject$DateTimeAlgorithms: java.lang.String roundSecondToString(long)>	$stack13 = (double) second	529
<comp5111.assignment.cut.Subject$DateTimeAlgorithms: java.lang.String roundSecondToString(long)> ::: 38	<comp5111.assignment.cut.Subject$DateTimeAlgorithms: java.lang.String roundSecondToString(long)>	converted = $stack13 / 60.0	529
<comp5111.assignment.cut.Subject$DateTimeAlgorithms: java.lang.String roundSecondToString(long)> ::: 39	<comp5111.assignment.cut.Subject$DateTimeAlgorithms: java.lang.String roundSecondToString(long)>	type = "M"	530
<comp5111.assignment.cut.Subject$DateTimeAlgorithms: java.lang.String roundSecondToString(long)> ::: 40	<comp5111.assignment.cut.Subject$DateTimeAlgorithms: java.lang.String roundSecondToString(long)>	goto [?= $stack11 = staticinvoke <java.lang.Math: long round(double)>(converted)]	531
<comp5111.assignment.cut.Subject$DateTimeAlgorithms: java.lang.String roundSecondToString(long)> ::: 41	<comp5111.assignment.cut.Subject$DateTimeAlgorithms: java.lang.String roundSecondToString(long)>	converted = (double) second	516
<comp5111.assignment.cut.Subject$DateTimeAlgorithms: java.lang.String roundSecondToString(long)> ::: 42	<comp5111.assignment.cut.Subject$DateTimeAlgorithms: java.lang.String roundSecondToString(long)>	type = "S"	532
<comp5111.assignment.cut.Subject$DateTimeAlgorithms: java.lang.String roundSecondToString(long)> ::: 43	<comp5111.assignment.cut.Subject$DateTimeAlgorithms: java.lang.String roundSecondToString(long)>	$stack11 = staticinvoke <java.lang.Math: long round(double)>(converted)	534
<comp5111.assignment.cut.Subject$DateTimeAlgorithms: java.lang.String roundSecondToString(long)> ::: 44	<comp5111.assignment.cut.Subject$DateTimeAlgorithms: java.lang.String roundSecondToString(long)>	$stack12 = dynamicinvoke "makeConcatWithConstants" <java.lang.String (long,java.lang.String)>($stack11, type) <java.lang.invoke.StringConcatFactory: java.lang.invoke.CallSite makeConcatWithConstants(java.lang.invoke.MethodHandles$Lookup,java.lang.String,java.lang.invoke.MethodType,java.lang.String,java.lang.Object[])>("\u0001 \u0001")	534
<comp5111.assignment.cut.Subject$DateTimeAlgorithms: java.lang.String roundSecondToString(long)> ::: 45	<comp5111.assignment.cut.Subject$DateTimeAlgorithms: java.lang.String roundSecondToString(long)>	return $stack12	534
<comp5111.assignment.cut.Subject$DateTimeAlgorithms: java.lang.String dayStr(int)> ::: 1	<comp5111.assignment.cut.Subject$DateTimeAlgorithms: java.lang.String dayStr(int)>	ans = dynamicinvoke "makeConcatWithConstants" <java.lang.String (int)>(day) <java.lang.invoke.StringConcatFactory: java.lang.invoke.CallSite makeConcatWithConstants(java.lang.invoke.MethodHandles$Lookup,java.lang.String,java.lang.invoke.MethodType,java.lang.String,java.lang.Object[])>("\u0001")	546
<comp5111.assignment.cut.Subject$DateTimeAlgorithms: java.lang.String dayStr(int)> ::: 2	<comp5111.assignment.cut.Subject$DateTimeAlgorithms: java.lang.String dayStr(int)>	if day < 11 goto $stack3 = day % 10	547
<comp5111.assignment.cut.Subject$DateTimeAlgorithms: java.lang.String dayStr(int)> ::: 3	<comp5111.assignment.cut.Subject$DateTimeAlgorithms: java.lang.String dayStr(int)>	if day > 13 goto $stack3 = day % 10	547
<comp5111.assignment.cut.Subject$DateTimeAlgorithms: java.lang.String dayStr(int)> ::: 4	<comp5111.assignment.cut.Subject$DateTimeAlgorithms: java.lang.String dayStr(int)>	ans = dynamicinvoke "makeConcatWithConstants" <java.lang.String (java.lang.String)>(ans) <java.lang.invoke.StringConcatFactory: java.lang.invoke.CallSite makeConcatWithConstants(java.lang.invoke.MethodHandles$Lookup,java.lang.String,java.lang.invoke.MethodType,java.lang.String,java.lang.Object[])>("\u0001th")	548
<comp5111.assignment.cut.Subject$DateTimeAlgorithms: java.lang.String dayStr(int)> ::: 5	<comp5111.assignment.cut.Subject$DateTimeAlgorithms: java.lang.String dayStr(int)>	goto [?= (branch)]	548
<comp5111.assignment.cut.Subject$DateTimeAlgorithms: java.lang.String dayStr(int)> ::: 6	<comp5111.assignment.cut.Subject$DateTimeAlgorithms: java.lang.String dayStr(int)>	$stack3 = day % 10	549
<comp5111.assignment.cut.Subject$DateTimeAlgorithms: java.lang.String dayStr(int)> ::: 7	<comp5111.assignment.cut.Subject$DateTimeAlgorithms: java.lang.String dayStr(int)>	if $stack3 != 1 goto $stack4 = day % 10	549
<comp5111.assignment.cut.Subject$DateTimeAlgorithms: java.lang.String dayStr(int)> ::: 8	<comp5111.assignment.cut.Subject$DateTimeAlgorithms: java.lang.String dayStr(int)>	ans = dynamicinvoke "makeConcatWithConstants" <java.lang.String (java.lang.String)>(ans) <java.lang.invoke.StringConcatFactory: java.lang.invoke.CallSite makeConcatWithConstants(java.lang.invoke.MethodHandles$Lookup,java.lang.String,java.lang.invoke.MethodType,java.lang.String,java.lang.Object[])>("\u0001st")	550
<comp5111.assignment.cut.Subject$DateTimeAlgorithms: java.lang.String dayStr(int)> ::: 9	<comp5111.assignment.cut.Subject$DateTimeAlgorithms: java.lang.String dayStr(int)>	goto [?= (branch)]	550
<comp5111.assignment.cut.Subject$DateTimeAlgorithms: java.lang.String dayStr(int)> ::: 10	<comp5111.assignment.cut.Subject$DateTimeAlgorithms: java.lang.String dayStr(int)>	$stack4 = day % 10	551
<comp5111.assignment.cut.Subject$DateTimeAlgorithms: java.lang.String dayStr(int)> ::: 11	<comp5111.assignment.cut.Subject$DateTimeAlgorithms: java.lang.String dayStr(int)>	if $stack4 != 2 goto $stack5 = day % 10	551
<comp5111.assignment.cut.Subject$DateTimeAlgorithms: java.lang.String dayStr(int)> ::: 12	<comp5111.assignment.cut.Subject$DateTimeAlgorithms: java.lang.String dayStr(int)>	ans = dynamicinvoke "makeConcatWithConstants" <java.lang.String (java.lang.String)>(ans) <java.lang.invoke.StringConcatFactory: java.lang.invoke.CallSite makeConcatWithConstants(java.lang.invoke.MethodHandles$Lookup,java.lang.String,java.lang.invoke.MethodType,java.lang.String,java.lang.Object[])>("\u0001nd")	552
<comp5111.assignment.cut.Subject$DateTimeAlgorithms: java.lang.String dayStr(int)> ::: 13	<comp5111.assignment.cut.Subject$DateTimeAlgorithms: java.lang.String dayStr(int)>	goto [?= (branch)]	552
<comp5111.assignment.cut.Subject$DateTimeAlgorithms: java.lang.String dayStr(int)> ::: 14	<comp5111.assignment.cut.Subject$DateTimeAlgorithms: java.lang.String dayStr(int)>	$stack5 = day % 10	553
<comp5111.assignment.cut.Subject$DateTimeAlgorithms: java.lang.String dayStr(int)> ::: 15	<comp5111.assignment.cut.Subject$DateTimeAlgorithms: java.lang.String dayStr(int)>	if $stack5 != 3 goto ans = dynamicinvoke "makeConcatWithConstants" <java.lang.String (java.lang.String)>(ans) <java.lang.invoke.StringConcatFactory: java.lang.invoke.CallSite makeConcatWithConstants(java.lang.invoke.MethodHandles$Lookup,java.lang.String,java.lang.invoke.MethodType,java.lang.String,java.lang.Object[])>("\u0001th")	553
<comp5111.assignment.cut.Subject$DateTimeAlgorithms: java.lang.String dayStr(int)> ::: 16	<comp5111.assignment.cut.Subject$DateTimeAlgorithms: java.lang.String dayStr(int)>	ans = dynamicinvoke "makeConcatWithConstants" <java.lang.String (java.lang.String)>(ans) <java.lang.invoke.StringConcatFactory: java.lang.invoke.CallSite makeConcatWithConstants(java.lang.invoke.MethodHandles$Lookup,java.lang.String,java.lang.invoke.MethodType,java.lang.String,java.lang.Object[])>("\u0001rd")	554
<comp5111.assignment.cut.Subject$DateTimeAlgorithms: java.lang.String dayStr(int)> ::: 17	<comp5111.assignment.cut.Subject$DateTimeAlgorithms: java.lang.String dayStr(int)>	goto [?= (branch)]	554
<comp5111.assignment.cut.Subject$DateTimeAlgorithms: java.lang.String dayStr(int)> ::: 18	<comp5111.assignment.cut.Subject$DateTimeAlgorithms: java.lang.String dayStr(int)>	ans = dynamicinvoke "makeConcatWithConstants" <java.lang.String (java.lang.String)>(ans) <java.lang.invoke.StringConcatFactory: java.lang.invoke.CallSite makeConcatWithConstants(java.lang.invoke.MethodHandles$Lookup,java.lang.String,java.lang.invoke.MethodType,java.lang.String,java.lang.Object[])>("\u0001th")	556
<comp5111.assignment.cut.Subject$DateTimeAlgorithms: java.lang.String dayStr(int)> ::: 19	<comp5111.assignment.cut.Subject$DateTimeAlgorithms: java.lang.String dayStr(int)>	if day <= 0 goto ans = "(invalid)"	558
<comp5111.assignment.cut.Subject$DateTimeAlgorithms: java.lang.String dayStr(int)> ::: 20	<comp5111.assignment.cut.Subject$DateTimeAlgorithms: java.lang.String dayStr(int)>	if day <= 31 goto return ans	558
<comp5111.assignment.cut.Subject$DateTimeAlgorithms: java.lang.String dayStr(int)> ::: 21	<comp5111.assignment.cut.Subject$DateTimeAlgorithms: java.lang.String dayStr(int)>	ans = "(invalid)"	559
<comp5111.assignment.cut.Subject$DateTimeAlgorithms: java.lang.String dayStr(int)> ::: 22	<comp5111.assignment.cut.Subject$DateTimeAlgorithms: java.lang.String dayStr(int)>	return ans	560
<comp5111.assignment.cut.Subject$DateTimeAlgorithms: int getQuarter(int)> ::: 1	<comp5111.assignment.cut.Subject$DateTimeAlgorithms: int getQuarter(int)>	if month < 1 goto return -1	570
<comp5111.assignment.cut.Subject$DateTimeAlgorithms: int getQuarter(int)> ::: 2	<comp5111.assignment.cut.Subject$DateTimeAlgorithms: int getQuarter(int)>	if month <= 12 goto (branch)	570
<comp5111.assignment.cut.Subject$DateTimeAlgorithms: int getQuarter(int)> ::: 3	<comp5111.assignment.cut.Subject$DateTimeAlgorithms: int getQuarter(int)>	return -1	571
<comp5111.assignment.cut.Subject$DateTimeAlgorithms: int getQuarter(int)> ::: 4	<comp5111.assignment.cut.Subject$DateTimeAlgorithms: int getQuarter(int)>	if month > 3 goto (branch)	572
<comp5111.assignment.cut.Subject$DateTimeAlgorithms: int getQuarter(int)> ::: 5	<comp5111.assignment.cut.Subject$DateTimeAlgorithms: int getQuarter(int)>	return 1	573
<comp5111.assignment.cut.Subject$DateTimeAlgorithms: int getQuarter(int)> ::: 6	<comp5111.assignment.cut.Subject$DateTimeAlgorithms: int getQuarter(int)>	if month > 6 goto (branch)	574
<comp5111.assignment.cut.Subject$DateTimeAlgorithms: int getQuarter(int)> ::: 7	<comp5111.assignment.cut.Subject$DateTimeAlgorithms: int getQuarter(int)>	return 2	575
<comp5111.assignment.cut.Subject$DateTimeAlgorithms: int getQuarter(int)> ::: 8	<comp5111.assignment.cut.Subject$DateTimeAlgorithms: int getQuarter(int)>	if month > 9 goto return 4	576
<comp5111.assignment.cut.Subject$DateTimeAlgorithms: int getQuarter(int)> ::: 9	<comp5111.assignment.cut.Subject$DateTimeAlgorithms: int getQuarter(int)>	return 3	577
<comp5111.assignment.cut.Subject$DateTimeAlgorithms: int getQuarter(int)> ::: 10	<comp5111.assignment.cut.Subject$DateTimeAlgorithms: int getQuarter(int)>	return 4	578
<comp5111.assignment.cut.Subject$DateTimeAlgorithms: int monAbbr2month(java.lang.String)> ::: 1	<comp5111.assignment.cut.Subject$DateTimeAlgorithms: int monAbbr2month(java.lang.String)>	if abrr == null goto return -1	591
<comp5111.assignment.cut.Subject$DateTimeAlgorithms: int monAbbr2month(java.lang.String)> ::: 2	<comp5111.assignment.cut.Subject$DateTimeAlgorithms: int monAbbr2month(java.lang.String)>	$stack5 = virtualinvoke abrr.<java.lang.String: int length()>()	591
<comp5111.assignment.cut.Subject$DateTimeAlgorithms: int monAbbr2month(java.lang.String)> ::: 3	<comp5111.assignment.cut.Subject$DateTimeAlgorithms: int monAbbr2month(java.lang.String)>	if $stack5 == 3 goto ch0 = virtualinvoke abrr.<java.lang.String: char charAt(int)>(0)	591
<comp5111.assignment.cut.Subject$DateTimeAlgorithms: int monAbbr2month(java.lang.String)> ::: 4	<comp5111.assignment.cut.Subject$DateTimeAlgorithms: int monAbbr2month(java.lang.String)>	return -1	592
<comp5111.assignment.cut.Subject$DateTimeAlgorithms: int monAbbr2month(java.lang.String)> ::: 5	<comp5111.assignment.cut.Subject$DateTimeAlgorithms: int monAbbr2month(java.lang.String)>	ch0 = virtualinvoke abrr.<java.lang.String: char charAt(int)>(0)	594
<comp5111.assignment.cut.Subject$DateTimeAlgorithms: int monAbbr2month(java.lang.String)> ::: 6	<comp5111.assignment.cut.Subject$DateTimeAlgorithms: int monAbbr2month(java.lang.String)>	ch1 = virtualinvoke abrr.<java.lang.String: char charAt(int)>(1)	595
<comp5111.assignment.cut.Subject$DateTimeAlgorithms: int monAbbr2month(java.lang.String)> ::: 7	<comp5111.assignment.cut.Subject$DateTimeAlgorithms: int monAbbr2month(java.lang.String)>	ch2 = virtualinvoke abrr.<java.lang.String: char charAt(int)>(2)	596
<comp5111.assignment.cut.Subject$DateTimeAlgorithms: int monAbbr2month(java.lang.String)> ::: 8	<comp5111.assignment.cut.Subject$DateTimeAlgorithms: int monAbbr2month(java.lang.String)>	$stack10 = ch0 << 16	597
<comp5111.assignment.cut.Subject$DateTimeAlgorithms: int monAbbr2month(java.lang.String)> ::: 9	<comp5111.assignment.cut.Subject$DateTimeAlgorithms: int monAbbr2month(java.lang.String)>	$stack9 = ch1 << 8	597
<comp5111.assignment.cut.Subject$DateTimeAlgorithms: int monAbbr2month(java.lang.String)> ::: 10	<comp5111.assignment.cut.Subject$DateTimeAlgorithms: int monAbbr2month(java.lang.String)>	$stack11 = $stack10 | $stack9	597
<comp5111.assignment.cut.Subject$DateTimeAlgorithms: int monAbbr2month(java.lang.String)> ::: 11	<comp5111.assignment.cut.Subject$DateTimeAlgorithms: int monAbbr2month(java.lang.String)>	hash = $stack11 | ch2	597
<comp5111.assignment.cut.Subject$DateTimeAlgorithms: int monAbbr2month(java.lang.String)> ::: 12	<comp5111.assignment.cut.Subject$DateTimeAlgorithms: int monAbbr2month(java.lang.String)>	if hash != 4874606 goto (branch)	599
<comp5111.assignment.cut.Subject$DateTimeAlgorithms: int monAbbr2month(java.lang.String)> ::: 13	<comp5111.assignment.cut.Subject$DateTimeAlgorithms: int monAbbr2month(java.lang.String)>	return 1	600
<comp5111.assignment.cut.Subject$DateTimeAlgorithms: int monAbbr2month(java.lang.String)> ::: 14	<comp5111.assignment.cut.Subject$DateTimeAlgorithms: int monAbbr2month(java.lang.String)>	if hash != 4613474 goto (branch)	601
<comp5111.assignment.cut.Subject$DateTimeAlgorithms: int monAbbr2month(java.lang.String)> ::: 15	<comp5111.assignment.cut.Subject$DateTimeAlgorithms: int monAbbr2month(java.lang.String)>	return 2	602
<comp5111.assignment.cut.Subject$DateTimeAlgorithms: int monAbbr2month(java.lang.String)> ::: 16	<comp5111.assignment.cut.Subject$DateTimeAlgorithms: int monAbbr2month(java.lang.String)>	if hash != 5071218 goto (branch)	603
<comp5111.assignment.cut.Subject$DateTimeAlgorithms: int monAbbr2month(java.lang.String)> ::: 17	<comp5111.assignment.cut.Subject$DateTimeAlgorithms: int monAbbr2month(java.lang.String)>	return 3	604
<comp5111.assignment.cut.Subject$DateTimeAlgorithms: int monAbbr2month(java.lang.String)> ::: 18	<comp5111.assignment.cut.Subject$DateTimeAlgorithms: int monAbbr2month(java.lang.String)>	if hash != 4288626 goto (branch)	605
<comp5111.assignment.cut.Subject$DateTimeAlgorithms: int monAbbr2month(java.lang.String)> ::: 19	<comp5111.assignment.cut.Subject$DateTimeAlgorithms: int monAbbr2month(java.lang.String)>	return 4	606
<comp5111.assignment.cut.Subject$DateTimeAlgorithms: int monAbbr2month(java.lang.String)> ::: 20	<comp5111.assignment.cut.Subject$DateTimeAlgorithms: int monAbbr2month(java.lang.String)>	if hash != 5071225 goto (branch)	607
<comp5111.assignment.cut.Subject$DateTimeAlgorithms: int monAbbr2month(java.lang.String)> ::: 21	<comp5111.assignment.cut.Subject$DateTimeAlgorithms: int monAbbr2month(java.lang.String)>	return 5	608
<comp5111.assignment.cut.Subject$DateTimeAlgorithms: int monAbbr2month(java.lang.String)> ::: 22	<comp5111.assignment.cut.Subject$DateTimeAlgorithms: int monAbbr2month(java.lang.String)>	if hash != 4879726 goto (branch)	609
<comp5111.assignment.cut.Subject$DateTimeAlgorithms: int monAbbr2month(java.lang.String)> ::: 23	<comp5111.assignment.cut.Subject$DateTimeAlgorithms: int monAbbr2month(java.lang.String)>	return 6	610
<comp5111.assignment.cut.Subject$DateTimeAlgorithms: int monAbbr2month(java.lang.String)> ::: 24	<comp5111.assignment.cut.Subject$DateTimeAlgorithms: int monAbbr2month(java.lang.String)>	if hash != 4879724 goto (branch)	611
<comp5111.assignment.cut.Subject$DateTimeAlgorithms: int monAbbr2month(java.lang.String)> ::: 25	<comp5111.assignment.cut.Subject$DateTimeAlgorithms: int monAbbr2month(java.lang.String)>	return 7	612
<comp5111.assignment.cut.Subject$DateTimeAlgorithms: int monAbbr2month(java.lang.String)> ::: 26	<comp5111.assignment.cut.Subject$DateTimeAlgorithms: int monAbbr2month(java.lang.String)>	if hash != 4289895 goto (branch)	613
<comp5111.assignment.cut.Subject$DateTimeAlgorithms: int monAbbr2month(java.lang.String)> ::: 27	<comp5111.assignment.cut.Subject$DateTimeAlgorithms: int monAbbr2month(java.lang.String)>	return 8	614
<comp5111.assignment.cut.Subject$DateTimeAlgorithms: int monAbbr2month(java.lang.String)> ::: 28	<comp5111.assignment.cut.Subject$DateTimeAlgorithms: int monAbbr2month(java.lang.String)>	if hash != 5465466 goto (branch)	615
<comp5111.assignment.cut.Subject$DateTimeAlgorithms: int monAbbr2month(java.lang.String)> ::: 29	<comp5111.assignment.cut.Subject$DateTimeAlgorithms: int monAbbr2month(java.lang.String)>	return 9	616
<comp5111.assignment.cut.Subject$DateTimeAlgorithms: int monAbbr2month(java.lang.String)> ::: 30	<comp5111.assignment.cut.Subject$DateTimeAlgorithms: int monAbbr2month(java.lang.String)>	if hash != 5202804 goto (branch)	617
<comp5111.assignment.cut.Subject$DateTimeAlgorithms: int monAbbr2month(java.lang.String)> ::: 31	<comp5111.assignment.cut.Subject$DateTimeAlgorithms: int monAbbr2month(java.lang.String)>	return 10	618
<comp5111.assignment.cut.Subject$DateTimeAlgorithms: int monAbbr2month(java.lang.String)> ::: 32	<comp5111.assignment.cut.Subject$DateTimeAlgorithms: int monAbbr2month(java.lang.String)>	if hash != 5140342 goto (branch)	619
<comp5111.assignment.cut.Subject$DateTimeAlgorithms: int monAbbr2month(java.lang.String)> ::: 33	<comp5111.assignment.cut.Subject$DateTimeAlgorithms: int monAbbr2month(java.lang.String)>	return 11	620
<comp5111.assignment.cut.Subject$DateTimeAlgorithms: int monAbbr2month(java.lang.String)> ::: 34	<comp5111.assignment.cut.Subject$DateTimeAlgorithms: int monAbbr2month(java.lang.String)>	if hash != 4482403 goto return -1	621
<comp5111.assignment.cut.Subject$DateTimeAlgorithms: int monAbbr2month(java.lang.String)> ::: 35	<comp5111.assignment.cut.Subject$DateTimeAlgorithms: int monAbbr2month(java.lang.String)>	return 12	622
<comp5111.assignment.cut.Subject$DateTimeAlgorithms: int monAbbr2month(java.lang.String)> ::: 36	<comp5111.assignment.cut.Subject$DateTimeAlgorithms: int monAbbr2month(java.lang.String)>	return -1	624
<comp5111.assignment.cut.Subject$DateTimeAlgorithms: java.lang.String month2MonAbbr(int)> ::: 1	<comp5111.assignment.cut.Subject$DateTimeAlgorithms: java.lang.String month2MonAbbr(int)>	tableswitch(month) {     case 1: goto return "Jan";     case 2: goto return "Feb";     case 3: goto return "Mar";     case 4: goto return "Apr";     case 5: goto return "May";     case 6: goto return "Jun";     case 7: goto return "Jul";     case 8: goto return "Aug";     case 9: goto return "Sep";     case 10: goto return "Oct";     case 11: goto return "Nov";     case 12: goto return "Dec";     default: goto return "(invalid)"; }	637
<comp5111.assignment.cut.Subject$DateTimeAlgorithms: java.lang.String month2MonAbbr(int)> ::: 2	<comp5111.assignment.cut.Subject$DateTimeAlgorithms: java.lang.String month2MonAbbr(int)>	return "Jan"	639
<comp5111.assignment.cut.Subject$DateTimeAlgorithms: java.lang.String month2MonAbbr(int)> ::: 3	<comp5111.assignment.cut.Subject$DateTimeAlgorithms: java.lang.String month2MonAbbr(int)>	return "Feb"	641
<comp5111.assignment.cut.Subject$DateTimeAlgorithms: java.lang.String month2MonAbbr(int)> ::: 4	<comp5111.assignment.cut.Subject$DateTimeAlgorithms: java.lang.String month2MonAbbr(int)>	return "Mar"	643
<comp5111.assignment.cut.Subject$DateTimeAlgorithms: java.lang.String month2MonAbbr(int)> ::: 5	<comp5111.assignment.cut.Subject$DateTimeAlgorithms: java.lang.String month2MonAbbr(int)>	return "Apr"	645
<comp5111.assignment.cut.Subject$DateTimeAlgorithms: java.lang.String month2MonAbbr(int)> ::: 6	<comp5111.assignment.cut.Subject$DateTimeAlgorithms: java.lang.String month2MonAbbr(int)>	return "May"	647
<comp5111.assignment.cut.Subject$DateTimeAlgorithms: java.lang.String month2MonAbbr(int)> ::: 7	<comp5111.assignment.cut.Subject$DateTimeAlgorithms: java.lang.String month2MonAbbr(int)>	return "Jun"	649
<comp5111.assignment.cut.Subject$DateTimeAlgorithms: java.lang.String month2MonAbbr(int)> ::: 8	<comp5111.assignment.cut.Subject$DateTimeAlgorithms: java.lang.String month2MonAbbr(int)>	return "Jul"	651
<comp5111.assignment.cut.Subject$DateTimeAlgorithms: java.lang.String month2MonAbbr(int)> ::: 9	<comp5111.assignment.cut.Subject$DateTimeAlgorithms: java.lang.String month2MonAbbr(int)>	return "Aug"	653
<comp5111.assignment.cut.Subject$DateTimeAlgorithms: java.lang.String month2MonAbbr(int)> ::: 10	<comp5111.assignment.cut.Subject$DateTimeAlgorithms: java.lang.String month2MonAbbr(int)>	return "Sep"	655
<comp5111.assignment.cut.Subject$DateTimeAlgorithms: java.lang.String month2MonAbbr(int)> ::: 11	<comp5111.assignment.cut.Subject$DateTimeAlgorithms: java.lang.String month2MonAbbr(int)>	return "Oct"	657
<comp5111.assignment.cut.Subject$DateTimeAlgorithms: java.lang.String month2MonAbbr(int)> ::: 12	<comp5111.assignment.cut.Subject$DateTimeAlgorithms: java.lang.String month2MonAbbr(int)>	return "Nov"	659
<comp5111.assignment.cut.Subject$DateTimeAlgorithms: java.lang.String month2MonAbbr(int)> ::: 13	<comp5111.assignment.cut.Subject$DateTimeAlgorithms: java.lang.String month2MonAbbr(int)>	return "Dec"	661
<comp5111.assignment.cut.Subject$DateTimeAlgorithms: java.lang.String month2MonAbbr(int)> ::: 14	<comp5111.assignment.cut.Subject$DateTimeAlgorithms: java.lang.String month2MonAbbr(int)>	return "(invalid)"	663
<comp5111.assignment.cut.Subject$DateTimeAlgorithms: int daysInYear(int)> ::: 1	<comp5111.assignment.cut.Subject$DateTimeAlgorithms: int daysInYear(int)>	$stack1 = staticinvoke <comp5111.assignment.cut.Subject$DateTimeAlgorithms: boolean judgeLeapYear(int)>(year)	674
<comp5111.assignment.cut.Subject$DateTimeAlgorithms: int daysInYear(int)> ::: 2	<comp5111.assignment.cut.Subject$DateTimeAlgorithms: int daysInYear(int)>	if $stack1 == 0 goto $stack2 = 365	674
<comp5111.assignment.cut.Subject$DateTimeAlgorithms: int daysInYear(int)> ::: 3	<comp5111.assignment.cut.Subject$DateTimeAlgorithms: int daysInYear(int)>	$stack2 = 366	674
<comp5111.assignment.cut.Subject$DateTimeAlgorithms: int daysInYear(int)> ::: 4	<comp5111.assignment.cut.Subject$DateTimeAlgorithms: int daysInYear(int)>	goto [?= return $stack2]	674
<comp5111.assignment.cut.Subject$DateTimeAlgorithms: int daysInYear(int)> ::: 5	<comp5111.assignment.cut.Subject$DateTimeAlgorithms: int daysInYear(int)>	$stack2 = 365	674
<comp5111.assignment.cut.Subject$DateTimeAlgorithms: int daysInYear(int)> ::: 6	<comp5111.assignment.cut.Subject$DateTimeAlgorithms: int daysInYear(int)>	return $stack2	674
<comp5111.assignment.cut.Subject$DateTimeAlgorithms: int daysBetweenDateStrings(java.lang.String,java.lang.String)> ::: 2	<comp5111.assignment.cut.Subject$DateTimeAlgorithms: int daysBetweenDateStrings(java.lang.String,java.lang.String)>	parts1 = virtualinvoke dateStr1.<java.lang.String: java.lang.String[] split(java.lang.String)>("-")	687
<comp5111.assignment.cut.Subject$DateTimeAlgorithms: int daysBetweenDateStrings(java.lang.String,java.lang.String)> ::: 3	<comp5111.assignment.cut.Subject$DateTimeAlgorithms: int daysBetweenDateStrings(java.lang.String,java.lang.String)>	parts2 = virtualinvoke dateStr2.<java.lang.String: java.lang.String[] split(java.lang.String)>("-")	688
<comp5111.assignment.cut.Subject$DateTimeAlgorithms: int daysBetweenDateStrings(java.lang.String,java.lang.String)> ::: 4	<comp5111.assignment.cut.Subject$DateTimeAlgorithms: int daysBetweenDateStrings(java.lang.String,java.lang.String)>	$stack12 = lengthof parts1	689
<comp5111.assignment.cut.Subject$DateTimeAlgorithms: int daysBetweenDateStrings(java.lang.String,java.lang.String)> ::: 5	<comp5111.assignment.cut.Subject$DateTimeAlgorithms: int daysBetweenDateStrings(java.lang.String,java.lang.String)>	if $stack12 != 3 goto return -2147483648	689
<comp5111.assignment.cut.Subject$DateTimeAlgorithms: int daysBetweenDateStrings(java.lang.String,java.lang.String)> ::: 6	<comp5111.assignment.cut.Subject$DateTimeAlgorithms: int daysBetweenDateStrings(java.lang.String,java.lang.String)>	$stack13 = lengthof parts2	689
<comp5111.assignment.cut.Subject$DateTimeAlgorithms: int daysBetweenDateStrings(java.lang.String,java.lang.String)> ::: 7	<comp5111.assignment.cut.Subject$DateTimeAlgorithms: int daysBetweenDateStrings(java.lang.String,java.lang.String)>	if $stack13 == 3 goto $stack14 = parts1[0]	689
<comp5111.assignment.cut.Subject$DateTimeAlgorithms: int daysBetweenDateStrings(java.lang.String,java.lang.String)> ::: 8	<comp5111.assignment.cut.Subject$DateTimeAlgorithms: int daysBetweenDateStrings(java.lang.String,java.lang.String)>	return -2147483648	690
<comp5111.assignment.cut.Subject$DateTimeAlgorithms: int daysBetweenDateStrings(java.lang.String,java.lang.String)> ::: 9	<comp5111.assignment.cut.Subject$DateTimeAlgorithms: int daysBetweenDateStrings(java.lang.String,java.lang.String)>	$stack14 = parts1[0]	691
<comp5111.assignment.cut.Subject$DateTimeAlgorithms: int daysBetweenDateStrings(java.lang.String,java.lang.String)> ::: 10	<comp5111.assignment.cut.Subject$DateTimeAlgorithms: int daysBetweenDateStrings(java.lang.String,java.lang.String)>	y1 = staticinvoke <java.lang.Integer: int parseInt(java.lang.String)>($stack14)	691
<comp5111.assignment.cut.Subject$DateTimeAlgorithms: int daysBetweenDateStrings(java.lang.String,java.lang.String)> ::: 11	<comp5111.assignment.cut.Subject$DateTimeAlgorithms: int daysBetweenDateStrings(java.lang.String,java.lang.String)>	$stack16 = parts1[1]	692
<comp5111.assignment.cut.Subject$DateTimeAlgorithms: int daysBetweenDateStrings(java.lang.String,java.lang.String)> ::: 12	<comp5111.assignment.cut.Subject$DateTimeAlgorithms: int daysBetweenDateStrings(java.lang.String,java.lang.String)>	m1 = staticinvoke <java.lang.Integer: int parseInt(java.lang.String)>($stack16)	692
<comp5111.assignment.cut.Subject$DateTimeAlgorithms: int daysBetweenDateStrings(java.lang.String,java.lang.String)> ::: 13	<comp5111.assignment.cut.Subject$DateTimeAlgorithms: int daysBetweenDateStrings(java.lang.String,java.lang.String)>	$stack18 = parts1[2]	693
<comp5111.assignment.cut.Subject$DateTimeAlgorithms: int daysBetweenDateStrings(java.lang.String,java.lang.String)> ::: 14	<comp5111.assignment.cut.Subject$DateTimeAlgorithms: int daysBetweenDateStrings(java.lang.String,java.lang.String)>	d1 = staticinvoke <java.lang.Integer: int parseInt(java.lang.String)>($stack18)	693
<comp5111.assignment.cut.Subject$DateTimeAlgorithms: int daysBetweenDateStrings(java.lang.String,java.lang.String)> ::: 15	<comp5111.assignment.cut.Subject$DateTimeAlgorithms: int daysBetweenDateStrings(java.lang.String,java.lang.String)>	$stack20 = parts2[0]	694
<comp5111.assignment.cut.Subject$DateTimeAlgorithms: int daysBetweenDateStrings(java.lang.String,java.lang.String)> ::: 16	<comp5111.assignment.cut.Subject$DateTimeAlgorithms: int daysBetweenDateStrings(java.lang.String,java.lang.String)>	y2 = staticinvoke <java.lang.Integer: int parseInt(java.lang.String)>($stack20)	694
<comp5111.assignment.cut.Subject$DateTimeAlgorithms: int daysBetweenDateStrings(java.lang.String,java.lang.String)> ::: 17	<comp5111.assignment.cut.Subject$DateTimeAlgorithms: int daysBetweenDateStrings(java.lang.String,java.lang.String)>	$stack22 = parts2[1]	695
<comp5111.assignment.cut.Subject$DateTimeAlgorithms: int daysBetweenDateStrings(java.lang.String,java.lang.String)> ::: 18	<comp5111.assignment.cut.Subject$DateTimeAlgorithms: int daysBetweenDateStrings(java.lang.String,java.lang.String)>	m2 = staticinvoke <java.lang.Integer: int parseInt(java.lang.String)>($stack22)	695
<comp5111.assignment.cut.Subject$DateTimeAlgorithms: int daysBetweenDateStrings(java.lang.String,java.lang.String)> ::: 19	<comp5111.assignment.cut.Subject$DateTimeAlgorithms: int daysBetweenDateStrings(java.lang.String,java.lang.String)>	$stack24 = parts2[2]	696
<comp5111.assignment.cut.Subject$DateTimeAlgorithms: int daysBetweenDateStrings(java.lang.String,java.lang.String)> ::: 20	<comp5111.assignment.cut.Subject$DateTimeAlgorithms: int daysBetweenDateStrings(java.lang.String,java.lang.String)>	d2 = staticinvoke <java.lang.Integer: int parseInt(java.lang.String)>($stack24)	696
<comp5111.assignment.cut.Subject$DateTimeAlgorithms: int daysBetweenDateStrings(java.lang.String,java.lang.String)> ::: 21	<comp5111.assignment.cut.Subject$DateTimeAlgorithms: int daysBetweenDateStrings(java.lang.String,java.lang.String)>	$stack26 = staticinvoke <comp5111.assignment.cut.Subject$DateTimeAlgorithms: int daysBetweenDates(int,int,int,int,int,int)>(y1, m1, d1, y2, m2, d2)	697
<comp5111.assignment.cut.Subject$DateTimeAlgorithms: int daysBetweenDateStrings(java.lang.String,java.lang.String)> ::: 22	<comp5111.assignment.cut.Subject$DateTimeAlgorithms: int daysBetweenDateStrings(java.lang.String,java.lang.String)>	return $stack26	697
<comp5111.assignment.cut.Subject$DateTimeAlgorithms: int daysBetweenDateStrings(java.lang.String,java.lang.String)> ::: 24	<comp5111.assignment.cut.Subject$DateTimeAlgorithms: int daysBetweenDateStrings(java.lang.String,java.lang.String)>	parts1#2 = $stack28	699
<comp5111.assignment.cut.Subject$DateTimeAlgorithms: int daysBetweenDateStrings(java.lang.String,java.lang.String)> ::: 25	<comp5111.assignment.cut.Subject$DateTimeAlgorithms: int daysBetweenDateStrings(java.lang.String,java.lang.String)>	return -2147483648	699
<comp5111.assignment.cut.Subject$DateTimeAlgorithms: java.lang.String formatFullDate(int,int,int)> ::: 3	<comp5111.assignment.cut.Subject$DateTimeAlgorithms: java.lang.String formatFullDate(int,int,int)>	$stack5 = staticinvoke <comp5111.assignment.cut.Subject$DateTimeAlgorithms: boolean checkValidDate(int,int,int)>(year, month, day)	711
<comp5111.assignment.cut.Subject$DateTimeAlgorithms: java.lang.String formatFullDate(int,int,int)> ::: 4	<comp5111.assignment.cut.Subject$DateTimeAlgorithms: java.lang.String formatFullDate(int,int,int)>	if $stack5 != 0 goto dayStr = staticinvoke <comp5111.assignment.cut.Subject$DateTimeAlgorithms: java.lang.String dayStr(int)>(day)	711
<comp5111.assignment.cut.Subject$DateTimeAlgorithms: java.lang.String formatFullDate(int,int,int)> ::: 5	<comp5111.assignment.cut.Subject$DateTimeAlgorithms: java.lang.String formatFullDate(int,int,int)>	return "(invalid)"	712
<comp5111.assignment.cut.Subject$DateTimeAlgorithms: java.lang.String formatFullDate(int,int,int)> ::: 6	<comp5111.assignment.cut.Subject$DateTimeAlgorithms: java.lang.String formatFullDate(int,int,int)>	dayStr = staticinvoke <comp5111.assignment.cut.Subject$DateTimeAlgorithms: java.lang.String dayStr(int)>(day)	713
<comp5111.assignment.cut.Subject$DateTimeAlgorithms: java.lang.String formatFullDate(int,int,int)> ::: 7	<comp5111.assignment.cut.Subject$DateTimeAlgorithms: java.lang.String formatFullDate(int,int,int)>	monAbbr = staticinvoke <comp5111.assignment.cut.Subject$DateTimeAlgorithms: java.lang.String month2MonAbbr(int)>(month)	714
<comp5111.assignment.cut.Subject$DateTimeAlgorithms: java.lang.String formatFullDate(int,int,int)> ::: 8	<comp5111.assignment.cut.Subject$DateTimeAlgorithms: java.lang.String formatFullDate(int,int,int)>	$stack8 = dynamicinvoke "makeConcatWithConstants" <java.lang.String (java.lang.String,java.lang.String,int)>(dayStr, monAbbr, year) <java.lang.invoke.StringConcatFactory: java.lang.invoke.CallSite makeConcatWithConstants(java.lang.invoke.MethodHandles$Lookup,java.lang.String,java.lang.invoke.MethodType,java.lang.String,java.lang.Object[])>("\u0001 \u0001 \u0001")	715
<comp5111.assignment.cut.Subject$DateTimeAlgorithms: java.lang.String formatFullDate(int,int,int)> ::: 9	<comp5111.assignment.cut.Subject$DateTimeAlgorithms: java.lang.String formatFullDate(int,int,int)>	return $stack8	715
<comp5111.assignment.cut.Subject$DateTimeAlgorithms: java.util.List listDatesBetween(int,int,int,int,int,int)> ::: 6	<comp5111.assignment.cut.Subject$DateTimeAlgorithms: java.util.List listDatesBetween(int,int,int,int,int,int)>	$stack10 = new java.util.ArrayList	732
<comp5111.assignment.cut.Subject$DateTimeAlgorithms: java.util.List listDatesBetween(int,int,int,int,int,int)> ::: 7	<comp5111.assignment.cut.Subject$DateTimeAlgorithms: java.util.List listDatesBetween(int,int,int,int,int,int)>	specialinvoke $stack10.<java.util.ArrayList: void <init>()>()	732
<comp5111.assignment.cut.Subject$DateTimeAlgorithms: java.util.List listDatesBetween(int,int,int,int,int,int)> ::: 8	<comp5111.assignment.cut.Subject$DateTimeAlgorithms: java.util.List listDatesBetween(int,int,int,int,int,int)>	result = $stack10	732
<comp5111.assignment.cut.Subject$DateTimeAlgorithms: java.util.List listDatesBetween(int,int,int,int,int,int)> ::: 9	<comp5111.assignment.cut.Subject$DateTimeAlgorithms: java.util.List listDatesBetween(int,int,int,int,int,int)>	$stack11 = staticinvoke <comp5111.assignment.cut.Subject$DateTimeAlgorithms: boolean checkValidDate(int,int,int)>(year1, month1, day1)	733
<comp5111.assignment.cut.Subject$DateTimeAlgorithms: java.util.List listDatesBetween(int,int,int,int,int,int)> ::: 10	<comp5111.assignment.cut.Subject$DateTimeAlgorithms: java.util.List listDatesBetween(int,int,int,int,int,int)>	if $stack11 == 0 goto return result	733
<comp5111.assignment.cut.Subject$DateTimeAlgorithms: java.util.List listDatesBetween(int,int,int,int,int,int)> ::: 11	<comp5111.assignment.cut.Subject$DateTimeAlgorithms: java.util.List listDatesBetween(int,int,int,int,int,int)>	$stack12 = staticinvoke <comp5111.assignment.cut.Subject$DateTimeAlgorithms: boolean checkValidDate(int,int,int)>(year2, month2, day2)	733
<comp5111.assignment.cut.Subject$DateTimeAlgorithms: java.util.List listDatesBetween(int,int,int,int,int,int)> ::: 12	<comp5111.assignment.cut.Subject$DateTimeAlgorithms: java.util.List listDatesBetween(int,int,int,int,int,int)>	if $stack12 != 0 goto cal1 = staticinvoke <java.util.Calendar: java.util.Calendar getInstance()>()	733
<comp5111.assignment.cut.Subject$DateTimeAlgorithms: java.util.List listDatesBetween(int,int,int,int,int,int)> ::: 13	<comp5111.assignment.cut.Subject$DateTimeAlgorithms: java.util.List listDatesBetween(int,int,int,int,int,int)>	return result	734
<comp5111.assignment.cut.Subject$DateTimeAlgorithms: java.util.List listDatesBetween(int,int,int,int,int,int)> ::: 14	<comp5111.assignment.cut.Subject$DateTimeAlgorithms: java.util.List listDatesBetween(int,int,int,int,int,int)>	cal1 = staticinvoke <java.util.Calendar: java.util.Calendar getInstance()>()	735
<comp5111.assignment.cut.Subject$DateTimeAlgorithms: java.util.List listDatesBetween(int,int,int,int,int,int)> ::: 15	<comp5111.assignment.cut.Subject$DateTimeAlgorithms: java.util.List listDatesBetween(int,int,int,int,int,int)>	cal2 = staticinvoke <java.util.Calendar: java.util.Calendar getInstance()>()	736
<comp5111.assignment.cut.Subject$DateTimeAlgorithms: java.util.List listDatesBetween(int,int,int,int,int,int)> ::: 16	<comp5111.assignment.cut.Subject$DateTimeAlgorithms: java.util.List listDatesBetween(int,int,int,int,int,int)>	$stack15 = month1 - 1	737
<comp5111.assignment.cut.Subject$DateTimeAlgorithms: java.util.List listDatesBetween(int,int,int,int,int,int)> ::: 17	<comp5111.assignment.cut.Subject$DateTimeAlgorithms: java.util.List listDatesBetween(int,int,int,int,int,int)>	virtualinvoke cal1.<java.util.Calendar: void set(int,int,int,int,int,int)>(year1, $stack15, day1, 0, 0, 0)	737
<comp5111.assignment.cut.Subject$DateTimeAlgorithms: java.util.List listDatesBetween(int,int,int,int,int,int)> ::: 18	<comp5111.assignment.cut.Subject$DateTimeAlgorithms: java.util.List listDatesBetween(int,int,int,int,int,int)>	virtualinvoke cal1.<java.util.Calendar: void set(int,int)>(14, 0)	738
<comp5111.assignment.cut.Subject$DateTimeAlgorithms: java.util.List listDatesBetween(int,int,int,int,int,int)> ::: 19	<comp5111.assignment.cut.Subject$DateTimeAlgorithms: java.util.List listDatesBetween(int,int,int,int,int,int)>	$stack16 = month2 - 1	739
<comp5111.assignment.cut.Subject$DateTimeAlgorithms: java.util.List listDatesBetween(int,int,int,int,int,int)> ::: 20	<comp5111.assignment.cut.Subject$DateTimeAlgorithms: java.util.List listDatesBetween(int,int,int,int,int,int)>	virtualinvoke cal2.<java.util.Calendar: void set(int,int,int,int,int,int)>(year2, $stack16, day2, 0, 0, 0)	739
<comp5111.assignment.cut.Subject$DateTimeAlgorithms: java.util.List listDatesBetween(int,int,int,int,int,int)> ::: 21	<comp5111.assignment.cut.Subject$DateTimeAlgorithms: java.util.List listDatesBetween(int,int,int,int,int,int)>	virtualinvoke cal2.<java.util.Calendar: void set(int,int)>(14, 0)	740
<comp5111.assignment.cut.Subject$DateTimeAlgorithms: java.util.List listDatesBetween(int,int,int,int,int,int)> ::: 22	<comp5111.assignment.cut.Subject$DateTimeAlgorithms: java.util.List listDatesBetween(int,int,int,int,int,int)>	$stack17 = virtualinvoke cal1.<java.util.Calendar: boolean after(java.lang.Object)>(cal2)	741
<comp5111.assignment.cut.Subject$DateTimeAlgorithms: java.util.List listDatesBetween(int,int,int,int,int,int)> ::: 23	<comp5111.assignment.cut.Subject$DateTimeAlgorithms: java.util.List listDatesBetween(int,int,int,int,int,int)>	if $stack17 == 0 goto $stack18 = new java.text.SimpleDateFormat	741
<comp5111.assignment.cut.Subject$DateTimeAlgorithms: java.util.List listDatesBetween(int,int,int,int,int,int)> ::: 24	<comp5111.assignment.cut.Subject$DateTimeAlgorithms: java.util.List listDatesBetween(int,int,int,int,int,int)>	return result	742
<comp5111.assignment.cut.Subject$DateTimeAlgorithms: java.util.List listDatesBetween(int,int,int,int,int,int)> ::: 25	<comp5111.assignment.cut.Subject$DateTimeAlgorithms: java.util.List listDatesBetween(int,int,int,int,int,int)>	$stack18 = new java.text.SimpleDateFormat	743
<comp5111.assignment.cut.Subject$DateTimeAlgorithms: java.util.List listDatesBetween(int,int,int,int,int,int)> ::: 26	<comp5111.assignment.cut.Subject$DateTimeAlgorithms: java.util.List listDatesBetween(int,int,int,int,int,int)>	specialinvoke $stack18.<java.text.SimpleDateFormat: void <init>(java.lang.String)>("yyyy-MM-dd")	743
<comp5111.assignment.cut.Subject$DateTimeAlgorithms: java.util.List listDatesBetween(int,int,int,int,int,int)> ::: 27	<comp5111.assignment.cut.Subject$DateTimeAlgorithms: java.util.List listDatesBetween(int,int,int,int,int,int)>	sdf = $stack18	743
<comp5111.assignment.cut.Subject$DateTimeAlgorithms: java.util.List listDatesBetween(int,int,int,int,int,int)> ::: 28	<comp5111.assignment.cut.Subject$DateTimeAlgorithms: java.util.List listDatesBetween(int,int,int,int,int,int)>	goto [?= $stack19 = virtualinvoke cal1.<java.util.Calendar: boolean after(java.lang.Object)>(cal2)]	744
<comp5111.assignment.cut.Subject$DateTimeAlgorithms: java.util.List listDatesBetween(int,int,int,int,int,int)> ::: 29	<comp5111.assignment.cut.Subject$DateTimeAlgorithms: java.util.List listDatesBetween(int,int,int,int,int,int)>	$stack20 = virtualinvoke cal1.<java.util.Calendar: java.util.Date getTime()>()	745
<comp5111.assignment.cut.Subject$DateTimeAlgorithms: java.util.List listDatesBetween(int,int,int,int,int,int)> ::: 30	<comp5111.assignment.cut.Subject$DateTimeAlgorithms: java.util.List listDatesBetween(int,int,int,int,int,int)>	$stack21 = virtualinvoke sdf.<java.text.SimpleDateFormat: java.lang.String format(java.util.Date)>($stack20)	745
<comp5111.assignment.cut.Subject$DateTimeAlgorithms: java.util.List listDatesBetween(int,int,int,int,int,int)> ::: 31	<comp5111.assignment.cut.Subject$DateTimeAlgorithms: java.util.List listDatesBetween(int,int,int,int,int,int)>	interfaceinvoke result.<java.util.List: boolean add(java.lang.Object)>($stack21)	745
<comp5111.assignment.cut.Subject$DateTimeAlgorithms: java.util.List listDatesBetween(int,int,int,int,int,int)> ::: 32	<comp5111.assignment.cut.Subject$DateTimeAlgorithms: java.util.List listDatesBetween(int,int,int,int,int,int)>	virtualinvoke cal1.<java.util.Calendar: void add(int,int)>(5, 1)	746
<comp5111.assignment.cut.Subject$DateTimeAlgorithms: java.util.List listDatesBetween(int,int,int,int,int,int)> ::: 33	<comp5111.assignment.cut.Subject$DateTimeAlgorithms: java.util.List listDatesBetween(int,int,int,int,int,int)>	$stack19 = virtualinvoke cal1.<java.util.Calendar: boolean after(java.lang.Object)>(cal2)	744
<comp5111.assignment.cut.Subject$DateTimeAlgorithms: java.util.List listDatesBetween(int,int,int,int,int,int)> ::: 34	<comp5111.assignment.cut.Subject$DateTimeAlgorithms: java.util.List listDatesBetween(int,int,int,int,int,int)>	if $stack19 == 0 goto staticinvoke <comp5111.assignment.CoverageRuntime: void hit(java.lang.String)>("<comp5111.assignment.cut.Subject$DateTimeAlgorithms: java.util.List listDatesBetween(int,int,int,int,int,int)> ::: 29")	744
<comp5111.assignment.cut.Subject$DateTimeAlgorithms: java.util.List listDatesBetween(int,int,int,int,int,int)> ::: 35	<comp5111.assignment.cut.Subject$DateTimeAlgorithms: java.util.List listDatesBetween(int,int,int,int,int,int)>	return result	748
<comp5111.assignment.cut.Subject$DateTimeAlgorithms: java.lang.String firstDayOfMonth(int,int)> ::: 2	<comp5111.assignment.cut.Subject$DateTimeAlgorithms: java.lang.String firstDayOfMonth(int,int)>	if month < 1 goto return "(invalid)"	759
<comp5111.assignment.cut.Subject$DateTimeAlgorithms: java.lang.String firstDayOfMonth(int,int)> ::: 3	<comp5111.assignment.cut.Subject$DateTimeAlgorithms: java.lang.String firstDayOfMonth(int,int)>	if month <= 12 goto $stack2 = newarray (java.lang.Object)[2]	759
<comp5111.assignment.cut.Subject$DateTimeAlgorithms: java.lang.String firstDayOfMonth(int,int)> ::: 4	<comp5111.assignment.cut.Subject$DateTimeAlgorithms: java.lang.String firstDayOfMonth(int,int)>	return "(invalid)"	760
<comp5111.assignment.cut.Subject$DateTimeAlgorithms: java.lang.String firstDayOfMonth(int,int)> ::: 5	<comp5111.assignment.cut.Subject$DateTimeAlgorithms: java.lang.String firstDayOfMonth(int,int)>	$stack2 = newarray (java.lang.Object)[2]	761
<comp5111.assignment.cut.Subject$DateTimeAlgorithms: java.lang.String firstDayOfMonth(int,int)> ::: 6	<comp5111.assignment.cut.Subject$DateTimeAlgorithms: java.lang.String firstDayOfMonth(int,int)>	$stack5 = staticinvoke <java.lang.Integer: java.lang.Integer valueOf(int)>(year)	761
<comp5111.assignment.cut.Subject$DateTimeAlgorithms: java.lang.String firstDayOfMonth(int,int)> ::: 7	<comp5111.assignment.cut.Subject$DateTimeAlgorithms: java.lang.String firstDayOfMonth(int,int)>	$stack2[0] = $stack5	761
<comp5111.assignment.cut.Subject$DateTimeAlgorithms: java.lang.String firstDayOfMonth(int,int)> ::: 8	<comp5111.assignment.cut.Subject$DateTimeAlgorithms: java.lang.String firstDayOfMonth(int,int)>	$stack7 = staticinvoke <java.lang.Integer: java.lang.Integer valueOf(int)>(month)	761
<comp5111.assignment.cut.Subject$DateTimeAlgorithms: java.lang.String firstDayOfMonth(int,int)> ::: 9	<comp5111.assignment.cut.Subject$DateTimeAlgorithms: java.lang.String firstDayOfMonth(int,int)>	$stack2[1] = $stack7	761
<comp5111.assignment.cut.Subject$DateTimeAlgorithms: java.lang.String firstDayOfMonth(int,int)> ::: 10	<comp5111.assignment.cut.Subject$DateTimeAlgorithms: java.lang.String firstDayOfMonth(int,int)>	$stack8 = staticinvoke <java.lang.String: java.lang.String format(java.lang.String,java.lang.Object[])>("%04d-%02d-01", $stack2)	761
<comp5111.assignment.cut.Subject$DateTimeAlgorithms: java.lang.String firstDayOfMonth(int,int)> ::: 11	<comp5111.assignment.cut.Subject$DateTimeAlgorithms: java.lang.String firstDayOfMonth(int,int)>	return $stack8	761
<comp5111.assignment.cut.Subject$DateTimeAlgorithms: java.lang.String lastDayOfMonth(int,int)> ::: 2	<comp5111.assignment.cut.Subject$DateTimeAlgorithms: java.lang.String lastDayOfMonth(int,int)>	days = staticinvoke <comp5111.assignment.cut.Subject$DateTimeAlgorithms: int calcDaysInMonth(int,int)>(year, month)	772
<comp5111.assignment.cut.Subject$DateTimeAlgorithms: java.lang.String lastDayOfMonth(int,int)> ::: 3	<comp5111.assignment.cut.Subject$DateTimeAlgorithms: java.lang.String lastDayOfMonth(int,int)>	if days != -1 goto $stack4 = newarray (java.lang.Object)[3]	773
<comp5111.assignment.cut.Subject$DateTimeAlgorithms: java.lang.String lastDayOfMonth(int,int)> ::: 4	<comp5111.assignment.cut.Subject$DateTimeAlgorithms: java.lang.String lastDayOfMonth(int,int)>	return "(invalid)"	774
<comp5111.assignment.cut.Subject$DateTimeAlgorithms: java.lang.String lastDayOfMonth(int,int)> ::: 5	<comp5111.assignment.cut.Subject$DateTimeAlgorithms: java.lang.String lastDayOfMonth(int,int)>	$stack4 = newarray (java.lang.Object)[3]	775
<comp5111.assignment.cut.Subject$DateTimeAlgorithms: java.lang.String lastDayOfMonth(int,int)> ::: 6	<comp5111.assignment.cut.Subject$DateTimeAlgorithms: java.lang.String lastDayOfMonth(int,int)>	$stack7 = staticinvoke <java.lang.Integer: java.lang.Integer valueOf(int)>(year)	775
<comp5111.assignment.cut.Subject$DateTimeAlgorithms: java.lang.String lastDayOfMonth(int,int)> ::: 7	<comp5111.assignment.cut.Subject$DateTimeAlgorithms: java.lang.String lastDayOfMonth(int,int)>	$stack4[0] = $stack7	775
<comp5111.assignment.cut.Subject$DateTimeAlgorithms: java.lang.String lastDayOfMonth(int,int)> ::: 8	<comp5111.assignment.cut.Subject$DateTimeAlgorithms: java.lang.String lastDayOfMonth(int,int)>	$stack9 = staticinvoke <java.lang.Integer: java.lang.Integer valueOf(int)>(month)	775
<comp5111.assignment.cut.Subject$DateTimeAlgorithms: java.lang.String lastDayOfMonth(int,int)> ::: 9	<comp5111.assignment.cut.Subject$DateTimeAlgorithms: java.lang.String lastDayOfMonth(int,int)>	$stack4[1] = $stack9	775
<comp5111.assignment.cut.Subject$DateTimeAlgorithms: java.lang.String lastDayOfMonth(int,int)> ::: 10	<comp5111.assignment.cut.Subject$DateTimeAlgorithms: java.lang.String lastDayOfMonth(int,int)>	$stack11 = staticinvoke <java.lang.Integer: java.lang.Integer valueOf(int)>(days)	775
<comp5111.assignment.cut.Subject$DateTimeAlgorithms: java.lang.String lastDayOfMonth(int,int)> ::: 11	<comp5111.assignment.cut.Subject$DateTimeAlgorithms: java.lang.String lastDayOfMonth(int,int)>	$stack4[2] = $stack11	775
<comp5111.assignment.cut.Subject$DateTimeAlgorithms: java.lang.String lastDayOfMonth(int,int)> ::: 12	<comp5111.assignment.cut.Subject$DateTimeAlgorithms: java.lang.String lastDayOfMonth(int,int)>	$stack12 = staticinvoke <java.lang.String: java.lang.String format(java.lang.String,java.lang.Object[])>("%04d-%02d-%02d", $stack4)	775
<comp5111.assignment.cut.Subject$DateTimeAlgorithms: java.lang.String lastDayOfMonth(int,int)> ::: 13	<comp5111.assignment.cut.Subject$DateTimeAlgorithms: java.lang.String lastDayOfMonth(int,int)>	return $stack12	775
<comp5111.assignment.cut.Subject$DateTimeAlgorithms: int monthsBetween(int,int,int,int)> ::: 4	<comp5111.assignment.cut.Subject$DateTimeAlgorithms: int monthsBetween(int,int,int,int)>	if month1 < 1 goto return -1	788
<comp5111.assignment.cut.Subject$DateTimeAlgorithms: int monthsBetween(int,int,int,int)> ::: 5	<comp5111.assignment.cut.Subject$DateTimeAlgorithms: int monthsBetween(int,int,int,int)>	if month1 > 12 goto return -1	788
<comp5111.assignment.cut.Subject$DateTimeAlgorithms: int monthsBetween(int,int,int,int)> ::: 6	<comp5111.assignment.cut.Subject$DateTimeAlgorithms: int monthsBetween(int,int,int,int)>	if month2 < 1 goto return -1	788
<comp5111.assignment.cut.Subject$DateTimeAlgorithms: int monthsBetween(int,int,int,int)> ::: 7	<comp5111.assignment.cut.Subject$DateTimeAlgorithms: int monthsBetween(int,int,int,int)>	if month2 <= 12 goto $stack6 = year2 - year1	788
<comp5111.assignment.cut.Subject$DateTimeAlgorithms: int monthsBetween(int,int,int,int)> ::: 8	<comp5111.assignment.cut.Subject$DateTimeAlgorithms: int monthsBetween(int,int,int,int)>	return -1	789
<comp5111.assignment.cut.Subject$DateTimeAlgorithms: int monthsBetween(int,int,int,int)> ::: 9	<comp5111.assignment.cut.Subject$DateTimeAlgorithms: int monthsBetween(int,int,int,int)>	$stack6 = year2 - year1	790
<comp5111.assignment.cut.Subject$DateTimeAlgorithms: int monthsBetween(int,int,int,int)> ::: 10	<comp5111.assignment.cut.Subject$DateTimeAlgorithms: int monthsBetween(int,int,int,int)>	$stack8 = $stack6 * 12	790
<comp5111.assignment.cut.Subject$DateTimeAlgorithms: int monthsBetween(int,int,int,int)> ::: 11	<comp5111.assignment.cut.Subject$DateTimeAlgorithms: int monthsBetween(int,int,int,int)>	$stack7 = month2 - month1	790
<comp5111.assignment.cut.Subject$DateTimeAlgorithms: int monthsBetween(int,int,int,int)> ::: 12	<comp5111.assignment.cut.Subject$DateTimeAlgorithms: int monthsBetween(int,int,int,int)>	months = $stack8 + $stack7	790
<comp5111.assignment.cut.Subject$DateTimeAlgorithms: int monthsBetween(int,int,int,int)> ::: 13	<comp5111.assignment.cut.Subject$DateTimeAlgorithms: int monthsBetween(int,int,int,int)>	return months	791
<comp5111.assignment.cut.Subject$GameConfiguration: void <init>(comp5111.assignment.cut.Subject,int)> ::: 3	<comp5111.assignment.cut.Subject$GameConfiguration: void <init>(comp5111.assignment.cut.Subject,int)>	$stack3 = newarray (comp5111.assignment.cut.Subject$GamePlayer)[2]	1037
<comp5111.assignment.cut.Subject$GameConfiguration: void <init>(comp5111.assignment.cut.Subject,int)> ::: 4	<comp5111.assignment.cut.Subject$GameConfiguration: void <init>(comp5111.assignment.cut.Subject,int)>	$stack4 = new comp5111.assignment.cut.Subject$GamePlayer	1037
<comp5111.assignment.cut.Subject$GameConfiguration: void <init>(comp5111.assignment.cut.Subject,int)> ::: 5	<comp5111.assignment.cut.Subject$GameConfiguration: void <init>(comp5111.assignment.cut.Subject,int)>	specialinvoke $stack4.<comp5111.assignment.cut.Subject$GamePlayer: void <init>(comp5111.assignment.cut.Subject,java.lang.String)>(l1, "Player A")	1037
<comp5111.assignment.cut.Subject$GameConfiguration: void <init>(comp5111.assignment.cut.Subject,int)> ::: 6	<comp5111.assignment.cut.Subject$GameConfiguration: void <init>(comp5111.assignment.cut.Subject,int)>	$stack3[0] = $stack4	1037
<comp5111.assignment.cut.Subject$GameConfiguration: void <init>(comp5111.assignment.cut.Subject,int)> ::: 7	<comp5111.assignment.cut.Subject$GameConfiguration: void <init>(comp5111.assignment.cut.Subject,int)>	$stack6 = new comp5111.assignment.cut.Subject$GamePlayer	1037
<comp5111.assignment.cut.Subject$GameConfiguration: void <init>(comp5111.assignment.cut.Subject,int)> ::: 8	<comp5111.assignment.cut.Subject$GameConfiguration: void <init>(comp5111.assignment.cut.Subject,int)>	specialinvoke $stack6.<comp5111.assignment.cut.Subject$GamePlayer: void <init>(comp5111.assignment.cut.Subject,java.lang.String)>(l1, "Player B")	1037
<comp5111.assignment.cut.Subject$GameConfiguration: void <init>(comp5111.assignment.cut.Subject,int)> ::: 9	<comp5111.assignment.cut.Subject$GameConfiguration: void <init>(comp5111.assignment.cut.Subject,int)>	$stack3[1] = $stack6	1037
<comp5111.assignment.cut.Subject$GameConfiguration: void <init>(comp5111.assignment.cut.Subject,int)> ::: 10	<comp5111.assignment.cut.Subject$GameConfiguration: void <init>(comp5111.assignment.cut.Subject,int)>	specialinvoke this.<comp5111.assignment.cut.Subject$GameConfiguration: void <init>(comp5111.assignment.cut.Subject,int,comp5111.assignment.cut.Subject$GamePlayer[])>(l1, size, $stack3)	1037
<comp5111.assignment.cut.Subject$GameConfiguration: void <init>(comp5111.assignment.cut.Subject,int)> ::: 11	<comp5111.assignment.cut.Subject$GameConfiguration: void <init>(comp5111.assignment.cut.Subject,int)>	return	1038
<comp5111.assignment.cut.Subject$GameConfiguration: void <init>(comp5111.assignment.cut.Subject,int,comp5111.assignment.cut.Subject$GamePlayer[])> ::: 4	<comp5111.assignment.cut.Subject$GameConfiguration: void <init>(comp5111.assignment.cut.Subject,int,comp5111.assignment.cut.Subject$GamePlayer[])>	this.<comp5111.assignment.cut.Subject$GameConfiguration: comp5111.assignment.cut.Subject this$0> = l1	1047
<comp5111.assignment.cut.Subject$GameConfiguration: void <init>(comp5111.assignment.cut.Subject,int,comp5111.assignment.cut.Subject$GamePlayer[])> ::: 5	<comp5111.assignment.cut.Subject$GameConfiguration: void <init>(comp5111.assignment.cut.Subject,int,comp5111.assignment.cut.Subject$GamePlayer[])>	specialinvoke this.<java.lang.Object: void <init>()>()	1047
<comp5111.assignment.cut.Subject$GameConfiguration: void <init>(comp5111.assignment.cut.Subject,int,comp5111.assignment.cut.Subject$GamePlayer[])> ::: 6	<comp5111.assignment.cut.Subject$GameConfiguration: void <init>(comp5111.assignment.cut.Subject,int,comp5111.assignment.cut.Subject$GamePlayer[])>	if size >= 3 goto $stack6 = size % 2	1049
<comp5111.assignment.cut.Subject$GameConfiguration: void <init>(comp5111.assignment.cut.Subject,int,comp5111.assignment.cut.Subject$GamePlayer[])> ::: 7	<comp5111.assignment.cut.Subject$GameConfiguration: void <init>(comp5111.assignment.cut.Subject,int,comp5111.assignment.cut.Subject$GamePlayer[])>	$stack23 = new java.lang.IllegalArgumentException	1050
<comp5111.assignment.cut.Subject$GameConfiguration: void <init>(comp5111.assignment.cut.Subject,int,comp5111.assignment.cut.Subject$GamePlayer[])> ::: 8	<comp5111.assignment.cut.Subject$GameConfiguration: void <init>(comp5111.assignment.cut.Subject,int,comp5111.assignment.cut.Subject$GamePlayer[])>	specialinvoke $stack23.<java.lang.IllegalArgumentException: void <init>(java.lang.String)>("size of gameboard must be at least 3")	1050
<comp5111.assignment.cut.Subject$GameConfiguration: void <init>(comp5111.assignment.cut.Subject,int,comp5111.assignment.cut.Subject$GamePlayer[])> ::: 9	<comp5111.assignment.cut.Subject$GameConfiguration: void <init>(comp5111.assignment.cut.Subject,int,comp5111.assignment.cut.Subject$GamePlayer[])>	throw $stack23	1050
<comp5111.assignment.cut.Subject$GameConfiguration: void <init>(comp5111.assignment.cut.Subject,int,comp5111.assignment.cut.Subject$GamePlayer[])> ::: 10	<comp5111.assignment.cut.Subject$GameConfiguration: void <init>(comp5111.assignment.cut.Subject,int,comp5111.assignment.cut.Subject$GamePlayer[])>	$stack6 = size % 2	1052
<comp5111.assignment.cut.Subject$GameConfiguration: void <init>(comp5111.assignment.cut.Subject,int,comp5111.assignment.cut.Subject$GamePlayer[])> ::: 11	<comp5111.assignment.cut.Subject$GameConfiguration: void <init>(comp5111.assignment.cut.Subject,int,comp5111.assignment.cut.Subject$GamePlayer[])>	if $stack6 == 1 goto (branch)	1052
<comp5111.assignment.cut.Subject$GameConfiguration: void <init>(comp5111.assignment.cut.Subject,int,comp5111.assignment.cut.Subject$GamePlayer[])> ::: 12	<comp5111.assignment.cut.Subject$GameConfiguration: void <init>(comp5111.assignment.cut.Subject,int,comp5111.assignment.cut.Subject$GamePlayer[])>	$stack22 = new java.lang.IllegalArgumentException	1053
<comp5111.assignment.cut.Subject$GameConfiguration: void <init>(comp5111.assignment.cut.Subject,int,comp5111.assignment.cut.Subject$GamePlayer[])> ::: 13	<comp5111.assignment.cut.Subject$GameConfiguration: void <init>(comp5111.assignment.cut.Subject,int,comp5111.assignment.cut.Subject$GamePlayer[])>	specialinvoke $stack22.<java.lang.IllegalArgumentException: void <init>(java.lang.String)>("size of gameboard must be an odd number")	1053
<comp5111.assignment.cut.Subject$GameConfiguration: void <init>(comp5111.assignment.cut.Subject,int,comp5111.assignment.cut.Subject$GamePlayer[])> ::: 14	<comp5111.assignment.cut.Subject$GameConfiguration: void <init>(comp5111.assignment.cut.Subject,int,comp5111.assignment.cut.Subject$GamePlayer[])>	throw $stack22	1053
<comp5111.assignment.cut.Subject$GameConfiguration: void <init>(comp5111.assignment.cut.Subject,int,comp5111.assignment.cut.Subject$GamePlayer[])> ::: 15	<comp5111.assignment.cut.Subject$GameConfiguration: void <init>(comp5111.assignment.cut.Subject,int,comp5111.assignment.cut.Subject$GamePlayer[])>	if size <= 25 goto this.<comp5111.assignment.cut.Subject$GameConfiguration: int size> = size	1055
<comp5111.assignment.cut.Subject$GameConfiguration: void <init>(comp5111.assignment.cut.Subject,int,comp5111.assignment.cut.Subject$GamePlayer[])> ::: 16	<comp5111.assignment.cut.Subject$GameConfiguration: void <init>(comp5111.assignment.cut.Subject,int,comp5111.assignment.cut.Subject$GamePlayer[])>	$stack21 = new java.lang.IllegalArgumentException	1056
<comp5111.assignment.cut.Subject$GameConfiguration: void <init>(comp5111.assignment.cut.Subject,int,comp5111.assignment.cut.Subject$GamePlayer[])> ::: 17	<comp5111.assignment.cut.Subject$GameConfiguration: void <init>(comp5111.assignment.cut.Subject,int,comp5111.assignment.cut.Subject$GamePlayer[])>	specialinvoke $stack21.<java.lang.IllegalArgumentException: void <init>(java.lang.String)>("size of gameboard is at most 25")	1056
<comp5111.assignment.cut.Subject$GameConfiguration: void <init>(comp5111.assignment.cut.Subject,int,comp5111.assignment.cut.Subject$GamePlayer[])> ::: 18	<comp5111.assignment.cut.Subject$GameConfiguration: void <init>(comp5111.assignment.cut.Subject,int,comp5111.assignment.cut.Subject$GamePlayer[])>	throw $stack21	1056
<comp5111.assignment.cut.Subject$GameConfiguration: void <init>(comp5111.assignment.cut.Subject,int,comp5111.assignment.cut.Subject$GamePlayer[])> ::: 19	<comp5111.assignment.cut.Subject$GameConfiguration: void <init>(comp5111.assignment.cut.Subject,int,comp5111.assignment.cut.Subject$GamePlayer[])>	this.<comp5111.assignment.cut.Subject$GameConfiguration: int size> = size	1058
<comp5111.assignment.cut.Subject$GameConfiguration: void <init>(comp5111.assignment.cut.Subject,int,comp5111.assignment.cut.Subject$GamePlayer[])> ::: 20	<comp5111.assignment.cut.Subject$GameConfiguration: void <init>(comp5111.assignment.cut.Subject,int,comp5111.assignment.cut.Subject$GamePlayer[])>	this.<comp5111.assignment.cut.Subject$GameConfiguration: comp5111.assignment.cut.Subject$GamePlayer[] players> = players	1060
<comp5111.assignment.cut.Subject$GameConfiguration: void <init>(comp5111.assignment.cut.Subject,int,comp5111.assignment.cut.Subject$GamePlayer[])> ::: 21	<comp5111.assignment.cut.Subject$GameConfiguration: void <init>(comp5111.assignment.cut.Subject,int,comp5111.assignment.cut.Subject$GamePlayer[])>	$stack7 = lengthof players	1061
<comp5111.assignment.cut.Subject$GameConfiguration: void <init>(comp5111.assignment.cut.Subject,int,comp5111.assignment.cut.Subject$GamePlayer[])> ::: 22	<comp5111.assignment.cut.Subject$GameConfiguration: void <init>(comp5111.assignment.cut.Subject,int,comp5111.assignment.cut.Subject$GamePlayer[])>	if $stack7 == 2 goto $stack8 = newarray (comp5111.assignment.cut.Subject$GamePlayer[])[size]	1061
<comp5111.assignment.cut.Subject$GameConfiguration: void <init>(comp5111.assignment.cut.Subject,int,comp5111.assignment.cut.Subject$GamePlayer[])> ::: 23	<comp5111.assignment.cut.Subject$GameConfiguration: void <init>(comp5111.assignment.cut.Subject,int,comp5111.assignment.cut.Subject$GamePlayer[])>	$stack20 = new java.lang.IllegalArgumentException	1062
<comp5111.assignment.cut.Subject$GameConfiguration: void <init>(comp5111.assignment.cut.Subject,int,comp5111.assignment.cut.Subject$GamePlayer[])> ::: 24	<comp5111.assignment.cut.Subject$GameConfiguration: void <init>(comp5111.assignment.cut.Subject,int,comp5111.assignment.cut.Subject$GamePlayer[])>	specialinvoke $stack20.<java.lang.IllegalArgumentException: void <init>(java.lang.String)>("there must be exactly two players")	1062
<comp5111.assignment.cut.Subject$GameConfiguration: void <init>(comp5111.assignment.cut.Subject,int,comp5111.assignment.cut.Subject$GamePlayer[])> ::: 25	<comp5111.assignment.cut.Subject$GameConfiguration: void <init>(comp5111.assignment.cut.Subject,int,comp5111.assignment.cut.Subject$GamePlayer[])>	throw $stack20	1062
<comp5111.assignment.cut.Subject$GameConfiguration: void <init>(comp5111.assignment.cut.Subject,int,comp5111.assignment.cut.Subject$GamePlayer[])> ::: 26	<comp5111.assignment.cut.Subject$GameConfiguration: void <init>(comp5111.assignment.cut.Subject,int,comp5111.assignment.cut.Subject$GamePlayer[])>	$stack8 = newarray (comp5111.assignment.cut.Subject$GamePlayer[])[size]	1066
<comp5111.assignment.cut.Subject$GameConfiguration: void <init>(comp5111.assignment.cut.Subject,int,comp5111.assignment.cut.Subject$GamePlayer[])> ::: 27	<comp5111.assignment.cut.Subject$GameConfiguration: void <init>(comp5111.assignment.cut.Subject,int,comp5111.assignment.cut.Subject$GamePlayer[])>	this.<comp5111.assignment.cut.Subject$GameConfiguration: comp5111.assignment.cut.Subject$GamePlayer[][] initialBoard> = $stack8	1066
<comp5111.assignment.cut.Subject$GameConfiguration: void <init>(comp5111.assignment.cut.Subject,int,comp5111.assignment.cut.Subject$GamePlayer[])> ::: 28	<comp5111.assignment.cut.Subject$GameConfiguration: void <init>(comp5111.assignment.cut.Subject,int,comp5111.assignment.cut.Subject$GamePlayer[])>	x = 0	1067
<comp5111.assignment.cut.Subject$GameConfiguration: void <init>(comp5111.assignment.cut.Subject,int,comp5111.assignment.cut.Subject$GamePlayer[])> ::: 29	<comp5111.assignment.cut.Subject$GameConfiguration: void <init>(comp5111.assignment.cut.Subject,int,comp5111.assignment.cut.Subject$GamePlayer[])>	goto [?= (branch)]	1067
<comp5111.assignment.cut.Subject$GameConfiguration: void <init>(comp5111.assignment.cut.Subject,int,comp5111.assignment.cut.Subject$GamePlayer[])> ::: 30	<comp5111.assignment.cut.Subject$GameConfiguration: void <init>(comp5111.assignment.cut.Subject,int,comp5111.assignment.cut.Subject$GamePlayer[])>	$stack10 = this.<comp5111.assignment.cut.Subject$GameConfiguration: comp5111.assignment.cut.Subject$GamePlayer[][] initialBoard>	1068
<comp5111.assignment.cut.Subject$GameConfiguration: void <init>(comp5111.assignment.cut.Subject,int,comp5111.assignment.cut.Subject$GamePlayer[])> ::: 31	<comp5111.assignment.cut.Subject$GameConfiguration: void <init>(comp5111.assignment.cut.Subject,int,comp5111.assignment.cut.Subject$GamePlayer[])>	$stack9 = newarray (comp5111.assignment.cut.Subject$GamePlayer)[size]	1068
<comp5111.assignment.cut.Subject$GameConfiguration: void <init>(comp5111.assignment.cut.Subject,int,comp5111.assignment.cut.Subject$GamePlayer[])> ::: 32	<comp5111.assignment.cut.Subject$GameConfiguration: void <init>(comp5111.assignment.cut.Subject,int,comp5111.assignment.cut.Subject$GamePlayer[])>	$stack10[x] = $stack9	1068
<comp5111.assignment.cut.Subject$GameConfiguration: void <init>(comp5111.assignment.cut.Subject,int,comp5111.assignment.cut.Subject$GamePlayer[])> ::: 33	<comp5111.assignment.cut.Subject$GameConfiguration: void <init>(comp5111.assignment.cut.Subject,int,comp5111.assignment.cut.Subject$GamePlayer[])>	y = 0	1069
<comp5111.assignment.cut.Subject$GameConfiguration: void <init>(comp5111.assignment.cut.Subject,int,comp5111.assignment.cut.Subject$GamePlayer[])> ::: 34	<comp5111.assignment.cut.Subject$GameConfiguration: void <init>(comp5111.assignment.cut.Subject,int,comp5111.assignment.cut.Subject$GamePlayer[])>	goto [?= (branch)]	1069
<comp5111.assignment.cut.Subject$GameConfiguration: void <init>(comp5111.assignment.cut.Subject,int,comp5111.assignment.cut.Subject$GamePlayer[])> ::: 35	<comp5111.assignment.cut.Subject$GameConfiguration: void <init>(comp5111.assignment.cut.Subject,int,comp5111.assignment.cut.Subject$GamePlayer[])>	$stack11 = this.<comp5111.assignment.cut.Subject$GameConfiguration: comp5111.assignment.cut.Subject$GamePlayer[][] initialBoard>	1070
<comp5111.assignment.cut.Subject$GameConfiguration: void <init>(comp5111.assignment.cut.Subject,int,comp5111.assignment.cut.Subject$GamePlayer[])> ::: 36	<comp5111.assignment.cut.Subject$GameConfiguration: void <init>(comp5111.assignment.cut.Subject,int,comp5111.assignment.cut.Subject$GamePlayer[])>	$stack12 = $stack11[x]	1070
<comp5111.assignment.cut.Subject$GameConfiguration: void <init>(comp5111.assignment.cut.Subject,int,comp5111.assignment.cut.Subject$GamePlayer[])> ::: 37	<comp5111.assignment.cut.Subject$GameConfiguration: void <init>(comp5111.assignment.cut.Subject,int,comp5111.assignment.cut.Subject$GamePlayer[])>	$stack12[y] = null	1070
<comp5111.assignment.cut.Subject$GameConfiguration: void <init>(comp5111.assignment.cut.Subject,int,comp5111.assignment.cut.Subject$GamePlayer[])> ::: 38	<comp5111.assignment.cut.Subject$GameConfiguration: void <init>(comp5111.assignment.cut.Subject,int,comp5111.assignment.cut.Subject$GamePlayer[])>	y = y + 1	1069
<comp5111.assignment.cut.Subject$GameConfiguration: void <init>(comp5111.assignment.cut.Subject,int,comp5111.assignment.cut.Subject$GamePlayer[])> ::: 39	<comp5111.assignment.cut.Subject$GameConfiguration: void <init>(comp5111.assignment.cut.Subject,int,comp5111.assignment.cut.Subject$GamePlayer[])>	if y < size goto staticinvoke <comp5111.assignment.CoverageRuntime: void hit(java.lang.String)>("<comp5111.assignment.cut.Subject$GameConfiguration: void <init>(comp5111.assignment.cut.Subject,int,comp5111.assignment.cut.Subject$GamePlayer[])> ::: 35")	1069
<comp5111.assignment.cut.Subject$GameConfiguration: void <init>(comp5111.assignment.cut.Subject,int,comp5111.assignment.cut.Subject$GamePlayer[])> ::: 40	<comp5111.assignment.cut.Subject$GameConfiguration: void <init>(comp5111.assignment.cut.Subject,int,comp5111.assignment.cut.Subject$GamePlayer[])>	x = x + 1	1067
<comp5111.assignment.cut.Subject$GameConfiguration: void <init>(comp5111.assignment.cut.Subject,int,comp5111.assignment.cut.Subject$GamePlayer[])> ::: 41	<comp5111.assignment.cut.Subject$GameConfiguration: void <init>(comp5111.assignment.cut.Subject,int,comp5111.assignment.cut.Subject$GamePlayer[])>	if x < size goto staticinvoke <comp5111.assignment.CoverageRuntime: void hit(java.lang.String)>("<comp5111.assignment.cut.Subject$GameConfiguration: void <init>(comp5111.assignment.cut.Subject,int,comp5111.assignment.cut.Subject$GamePlayer[])> ::: 30")	1067
<comp5111.assignment.cut.Subject$GameConfiguration: void <init>(comp5111.assignment.cut.Subject,int,comp5111.assignment.cut.Subject$GamePlayer[])> ::: 42	<comp5111.assignment.cut.Subject$GameConfiguration: void <init>(comp5111.assignment.cut.Subject,int,comp5111.assignment.cut.Subject$GamePlayer[])>	$stack17 = new comp5111.assignment.cut.Subject$GamePlace	1074
<comp5111.assignment.cut.Subject$GameConfiguration: void <init>(comp5111.assignment.cut.Subject,int,comp5111.assignment.cut.Subject$GamePlayer[])> ::: 43	<comp5111.assignment.cut.Subject$GameConfiguration: void <init>(comp5111.assignment.cut.Subject,int,comp5111.assignment.cut.Subject$GamePlayer[])>	$stack19 = size / 2	1074
<comp5111.assignment.cut.Subject$GameConfiguration: void <init>(comp5111.assignment.cut.Subject,int,comp5111.assignment.cut.Subject$GamePlayer[])> ::: 44	<comp5111.assignment.cut.Subject$GameConfiguration: void <init>(comp5111.assignment.cut.Subject,int,comp5111.assignment.cut.Subject$GamePlayer[])>	$stack18 = size / 2	1074
<comp5111.assignment.cut.Subject$GameConfiguration: void <init>(comp5111.assignment.cut.Subject,int,comp5111.assignment.cut.Subject$GamePlayer[])> ::: 45	<comp5111.assignment.cut.Subject$GameConfiguration: void <init>(comp5111.assignment.cut.Subject,int,comp5111.assignment.cut.Subject$GamePlayer[])>	specialinvoke $stack17.<comp5111.assignment.cut.Subject$GamePlace: void <init>(comp5111.assignment.cut.Subject,int,int)>(l1, $stack19, $stack18)	1074
<comp5111.assignment.cut.Subject$GameConfiguration: void <init>(comp5111.assignment.cut.Subject,int,comp5111.assignment.cut.Subject$GamePlayer[])> ::: 46	<comp5111.assignment.cut.Subject$GameConfiguration: void <init>(comp5111.assignment.cut.Subject,int,comp5111.assignment.cut.Subject$GamePlayer[])>	this.<comp5111.assignment.cut.Subject$GameConfiguration: comp5111.assignment.cut.Subject$GamePlace centralPlace> = $stack17	1074
<comp5111.assignment.cut.Subject$GameConfiguration: void <init>(comp5111.assignment.cut.Subject,int,comp5111.assignment.cut.Subject$GamePlayer[])> ::: 47	<comp5111.assignment.cut.Subject$GameConfiguration: void <init>(comp5111.assignment.cut.Subject,int,comp5111.assignment.cut.Subject$GamePlayer[])>	return	1075
<comp5111.assignment.cut.Subject$GameConfiguration: void addInitialPiece(comp5111.assignment.cut.Subject$GamePlayer,comp5111.assignment.cut.Subject$GamePlace)> ::: 3	<comp5111.assignment.cut.Subject$GameConfiguration: void addInitialPiece(comp5111.assignment.cut.Subject$GamePlayer,comp5111.assignment.cut.Subject$GamePlace)>	$stack3 = this.<comp5111.assignment.cut.Subject$GameConfiguration: comp5111.assignment.cut.Subject$GamePlayer[] players>	1086
<comp5111.assignment.cut.Subject$GameConfiguration: void addInitialPiece(comp5111.assignment.cut.Subject$GamePlayer,comp5111.assignment.cut.Subject$GamePlace)> ::: 4	<comp5111.assignment.cut.Subject$GameConfiguration: void addInitialPiece(comp5111.assignment.cut.Subject$GamePlayer,comp5111.assignment.cut.Subject$GamePlace)>	$stack4 = $stack3[0]	1086
<comp5111.assignment.cut.Subject$GameConfiguration: void addInitialPiece(comp5111.assignment.cut.Subject$GamePlayer,comp5111.assignment.cut.Subject$GamePlace)> ::: 5	<comp5111.assignment.cut.Subject$GameConfiguration: void addInitialPiece(comp5111.assignment.cut.Subject$GamePlayer,comp5111.assignment.cut.Subject$GamePlace)>	$stack5 = virtualinvoke piece.<comp5111.assignment.cut.Subject$GamePlayer: boolean equals(java.lang.Object)>($stack4)	1086
<comp5111.assignment.cut.Subject$GameConfiguration: void addInitialPiece(comp5111.assignment.cut.Subject$GamePlayer,comp5111.assignment.cut.Subject$GamePlace)> ::: 6	<comp5111.assignment.cut.Subject$GameConfiguration: void addInitialPiece(comp5111.assignment.cut.Subject$GamePlayer,comp5111.assignment.cut.Subject$GamePlace)>	if $stack5 != 0 goto $stack6 = virtualinvoke place.<comp5111.assignment.cut.Subject$GamePlace: int x()>()	1086
<comp5111.assignment.cut.Subject$GameConfiguration: void addInitialPiece(comp5111.assignment.cut.Subject$GamePlayer,comp5111.assignment.cut.Subject$GamePlace)> ::: 7	<comp5111.assignment.cut.Subject$GameConfiguration: void addInitialPiece(comp5111.assignment.cut.Subject$GamePlayer,comp5111.assignment.cut.Subject$GamePlace)>	$stack23 = this.<comp5111.assignment.cut.Subject$GameConfiguration: comp5111.assignment.cut.Subject$GamePlayer[] players>	1086
<comp5111.assignment.cut.Subject$GameConfiguration: void addInitialPiece(comp5111.assignment.cut.Subject$GamePlayer,comp5111.assignment.cut.Subject$GamePlace)> ::: 8	<comp5111.assignment.cut.Subject$GameConfiguration: void addInitialPiece(comp5111.assignment.cut.Subject$GamePlayer,comp5111.assignment.cut.Subject$GamePlace)>	$stack24 = $stack23[1]	1086
<comp5111.assignment.cut.Subject$GameConfiguration: void addInitialPiece(comp5111.assignment.cut.Subject$GamePlayer,comp5111.assignment.cut.Subject$GamePlace)> ::: 9	<comp5111.assignment.cut.Subject$GameConfiguration: void addInitialPiece(comp5111.assignment.cut.Subject$GamePlayer,comp5111.assignment.cut.Subject$GamePlace)>	$stack25 = virtualinvoke piece.<comp5111.assignment.cut.Subject$GamePlayer: boolean equals(java.lang.Object)>($stack24)	1086
<comp5111.assignment.cut.Subject$GameConfiguration: void addInitialPiece(comp5111.assignment.cut.Subject$GamePlayer,comp5111.assignment.cut.Subject$GamePlace)> ::: 10	<comp5111.assignment.cut.Subject$GameConfiguration: void addInitialPiece(comp5111.assignment.cut.Subject$GamePlayer,comp5111.assignment.cut.Subject$GamePlace)>	if $stack25 != 0 goto $stack6 = virtualinvoke place.<comp5111.assignment.cut.Subject$GamePlace: int x()>()	1086
<comp5111.assignment.cut.Subject$GameConfiguration: void addInitialPiece(comp5111.assignment.cut.Subject$GamePlayer,comp5111.assignment.cut.Subject$GamePlace)> ::: 11	<comp5111.assignment.cut.Subject$GameConfiguration: void addInitialPiece(comp5111.assignment.cut.Subject$GamePlayer,comp5111.assignment.cut.Subject$GamePlace)>	$stack28 = new java.lang.IllegalArgumentException	1087
<comp5111.assignment.cut.Subject$GameConfiguration: void addInitialPiece(comp5111.assignment.cut.Subject$GamePlayer,comp5111.assignment.cut.Subject$GamePlace)> ::: 12	<comp5111.assignment.cut.Subject$GameConfiguration: void addInitialPiece(comp5111.assignment.cut.Subject$GamePlayer,comp5111.assignment.cut.Subject$GamePlace)>	specialinvoke $stack28.<java.lang.IllegalArgumentException: void <init>(java.lang.String)>("the player of the piece is unknown")	1087
<comp5111.assignment.cut.Subject$GameConfiguration: void addInitialPiece(comp5111.assignment.cut.Subject$GamePlayer,comp5111.assignment.cut.Subject$GamePlace)> ::: 13	<comp5111.assignment.cut.Subject$GameConfiguration: void addInitialPiece(comp5111.assignment.cut.Subject$GamePlayer,comp5111.assignment.cut.Subject$GamePlace)>	throw $stack28	1087
<comp5111.assignment.cut.Subject$GameConfiguration: void addInitialPiece(comp5111.assignment.cut.Subject$GamePlayer,comp5111.assignment.cut.Subject$GamePlace)> ::: 14	<comp5111.assignment.cut.Subject$GameConfiguration: void addInitialPiece(comp5111.assignment.cut.Subject$GamePlayer,comp5111.assignment.cut.Subject$GamePlace)>	$stack6 = virtualinvoke place.<comp5111.assignment.cut.Subject$GamePlace: int x()>()	1089
<comp5111.assignment.cut.Subject$GameConfiguration: void addInitialPiece(comp5111.assignment.cut.Subject$GamePlayer,comp5111.assignment.cut.Subject$GamePlace)> ::: 15	<comp5111.assignment.cut.Subject$GameConfiguration: void addInitialPiece(comp5111.assignment.cut.Subject$GamePlayer,comp5111.assignment.cut.Subject$GamePlace)>	$stack7 = this.<comp5111.assignment.cut.Subject$GameConfiguration: int size>	1089
<comp5111.assignment.cut.Subject$GameConfiguration: void addInitialPiece(comp5111.assignment.cut.Subject$GamePlayer,comp5111.assignment.cut.Subject$GamePlace)> ::: 16	<comp5111.assignment.cut.Subject$GameConfiguration: void addInitialPiece(comp5111.assignment.cut.Subject$GamePlayer,comp5111.assignment.cut.Subject$GamePlace)>	if $stack6 >= $stack7 goto $stack8 = new java.lang.IllegalArgumentException	1089
<comp5111.assignment.cut.Subject$GameConfiguration: void addInitialPiece(comp5111.assignment.cut.Subject$GamePlayer,comp5111.assignment.cut.Subject$GamePlace)> ::: 17	<comp5111.assignment.cut.Subject$GameConfiguration: void addInitialPiece(comp5111.assignment.cut.Subject$GamePlayer,comp5111.assignment.cut.Subject$GamePlace)>	$stack11 = virtualinvoke place.<comp5111.assignment.cut.Subject$GamePlace: int y()>()	1089
<comp5111.assignment.cut.Subject$GameConfiguration: void addInitialPiece(comp5111.assignment.cut.Subject$GamePlayer,comp5111.assignment.cut.Subject$GamePlace)> ::: 18	<comp5111.assignment.cut.Subject$GameConfiguration: void addInitialPiece(comp5111.assignment.cut.Subject$GamePlayer,comp5111.assignment.cut.Subject$GamePlace)>	$stack12 = this.<comp5111.assignment.cut.Subject$GameConfiguration: int size>	1089
<comp5111.assignment.cut.Subject$GameConfiguration: void addInitialPiece(comp5111.assignment.cut.Subject$GamePlayer,comp5111.assignment.cut.Subject$GamePlace)> ::: 19	<comp5111.assignment.cut.Subject$GameConfiguration: void addInitialPiece(comp5111.assignment.cut.Subject$GamePlayer,comp5111.assignment.cut.Subject$GamePlace)>	if $stack11 >= $stack12 goto $stack8 = new java.lang.IllegalArgumentException	1089
<comp5111.assignment.cut.Subject$GameConfiguration: void addInitialPiece(comp5111.assignment.cut.Subject$GamePlayer,comp5111.assignment.cut.Subject$GamePlace)> ::: 20	<comp5111.assignment.cut.Subject$GameConfiguration: void addInitialPiece(comp5111.assignment.cut.Subject$GamePlayer,comp5111.assignment.cut.Subject$GamePlace)>	$stack14 = virtualinvoke place.<comp5111.assignment.cut.Subject$GamePlace: int x()>()	1089
<comp5111.assignment.cut.Subject$GameConfiguration: void addInitialPiece(comp5111.assignment.cut.Subject$GamePlayer,comp5111.assignment.cut.Subject$GamePlace)> ::: 21	<comp5111.assignment.cut.Subject$GameConfiguration: void addInitialPiece(comp5111.assignment.cut.Subject$GamePlayer,comp5111.assignment.cut.Subject$GamePlace)>	if $stack14 < 0 goto $stack8 = new java.lang.IllegalArgumentException	1089
<comp5111.assignment.cut.Subject$GameConfiguration: void addInitialPiece(comp5111.assignment.cut.Subject$GamePlayer,comp5111.assignment.cut.Subject$GamePlace)> ::: 22	<comp5111.assignment.cut.Subject$GameConfiguration: void addInitialPiece(comp5111.assignment.cut.Subject$GamePlayer,comp5111.assignment.cut.Subject$GamePlace)>	$stack15 = virtualinvoke place.<comp5111.assignment.cut.Subject$GamePlace: int y()>()	1089
<comp5111.assignment.cut.Subject$GameConfiguration: void addInitialPiece(comp5111.assignment.cut.Subject$GamePlayer,comp5111.assignment.cut.Subject$GamePlace)> ::: 23	<comp5111.assignment.cut.Subject$GameConfiguration: void addInitialPiece(comp5111.assignment.cut.Subject$GamePlayer,comp5111.assignment.cut.Subject$GamePlace)>	if $stack15 >= 0 goto $stack16 = this.<comp5111.assignment.cut.Subject$GameConfiguration: comp5111.assignment.cut.Subject$GamePlace centralPlace>	1089
<comp5111.assignment.cut.Subject$GameConfiguration: void addInitialPiece(comp5111.assignment.cut.Subject$GamePlayer,comp5111.assignment.cut.Subject$GamePlace)> ::: 24	<comp5111.assignment.cut.Subject$GameConfiguration: void addInitialPiece(comp5111.assignment.cut.Subject$GamePlayer,comp5111.assignment.cut.Subject$GamePlace)>	$stack8 = new java.lang.IllegalArgumentException	1091
<comp5111.assignment.cut.Subject$GameConfiguration: void addInitialPiece(comp5111.assignment.cut.Subject$GamePlayer,comp5111.assignment.cut.Subject$GamePlace)> ::: 25	<comp5111.assignment.cut.Subject$GameConfiguration: void addInitialPiece(comp5111.assignment.cut.Subject$GamePlayer,comp5111.assignment.cut.Subject$GamePlace)>	$stack9 = virtualinvoke place.<comp5111.assignment.cut.Subject$GamePlace: java.lang.String toString()>()	1091
<comp5111.assignment.cut.Subject$GameConfiguration: void addInitialPiece(comp5111.assignment.cut.Subject$GamePlayer,comp5111.assignment.cut.Subject$GamePlace)> ::: 26	<comp5111.assignment.cut.Subject$GameConfiguration: void addInitialPiece(comp5111.assignment.cut.Subject$GamePlayer,comp5111.assignment.cut.Subject$GamePlace)>	$stack10 = dynamicinvoke "makeConcatWithConstants" <java.lang.String (java.lang.String)>($stack9) <java.lang.invoke.StringConcatFactory: java.lang.invoke.CallSite makeConcatWithConstants(java.lang.invoke.MethodHandles$Lookup,java.lang.String,java.lang.invoke.MethodType,java.lang.String,java.lang.Object[])>("the place\u0001 must be inside the gameboard")	1091
<comp5111.assignment.cut.Subject$GameConfiguration: void addInitialPiece(comp5111.assignment.cut.Subject$GamePlayer,comp5111.assignment.cut.Subject$GamePlace)> ::: 27	<comp5111.assignment.cut.Subject$GameConfiguration: void addInitialPiece(comp5111.assignment.cut.Subject$GamePlayer,comp5111.assignment.cut.Subject$GamePlace)>	specialinvoke $stack8.<java.lang.IllegalArgumentException: void <init>(java.lang.String)>($stack10)	1091
<comp5111.assignment.cut.Subject$GameConfiguration: void addInitialPiece(comp5111.assignment.cut.Subject$GamePlayer,comp5111.assignment.cut.Subject$GamePlace)> ::: 28	<comp5111.assignment.cut.Subject$GameConfiguration: void addInitialPiece(comp5111.assignment.cut.Subject$GamePlayer,comp5111.assignment.cut.Subject$GamePlace)>	throw $stack8	1091
<comp5111.assignment.cut.Subject$GameConfiguration: void addInitialPiece(comp5111.assignment.cut.Subject$GamePlayer,comp5111.assignment.cut.Subject$GamePlace)> ::: 29	<comp5111.assignment.cut.Subject$GameConfiguration: void addInitialPiece(comp5111.assignment.cut.Subject$GamePlayer,comp5111.assignment.cut.Subject$GamePlace)>	$stack16 = this.<comp5111.assignment.cut.Subject$GameConfiguration: comp5111.assignment.cut.Subject$GamePlace centralPlace>	1093
<comp5111.assignment.cut.Subject$GameConfiguration: void addInitialPiece(comp5111.assignment.cut.Subject$GamePlayer,comp5111.assignment.cut.Subject$GamePlace)> ::: 30	<comp5111.assignment.cut.Subject$GameConfiguration: void addInitialPiece(comp5111.assignment.cut.Subject$GamePlayer,comp5111.assignment.cut.Subject$GamePlace)>	$stack17 = virtualinvoke place.<comp5111.assignment.cut.Subject$GamePlace: boolean equals(java.lang.Object)>($stack16)	1093
<comp5111.assignment.cut.Subject$GameConfiguration: void addInitialPiece(comp5111.assignment.cut.Subject$GamePlayer,comp5111.assignment.cut.Subject$GamePlace)> ::: 31	<comp5111.assignment.cut.Subject$GameConfiguration: void addInitialPiece(comp5111.assignment.cut.Subject$GamePlayer,comp5111.assignment.cut.Subject$GamePlace)>	if $stack17 == 0 goto $stack18 = this.<comp5111.assignment.cut.Subject$GameConfiguration: comp5111.assignment.cut.Subject$GamePlayer[][] initialBoard>	1093
<comp5111.assignment.cut.Subject$GameConfiguration: void addInitialPiece(comp5111.assignment.cut.Subject$GamePlayer,comp5111.assignment.cut.Subject$GamePlace)> ::: 32	<comp5111.assignment.cut.Subject$GameConfiguration: void addInitialPiece(comp5111.assignment.cut.Subject$GamePlayer,comp5111.assignment.cut.Subject$GamePlace)>	$stack22 = new java.lang.IllegalArgumentException	1094
<comp5111.assignment.cut.Subject$GameConfiguration: void addInitialPiece(comp5111.assignment.cut.Subject$GamePlayer,comp5111.assignment.cut.Subject$GamePlace)> ::: 33	<comp5111.assignment.cut.Subject$GameConfiguration: void addInitialPiece(comp5111.assignment.cut.Subject$GamePlayer,comp5111.assignment.cut.Subject$GamePlace)>	specialinvoke $stack22.<java.lang.IllegalArgumentException: void <init>(java.lang.String)>("piece cannot be put at central place initially")	1094
<comp5111.assignment.cut.Subject$GameConfiguration: void addInitialPiece(comp5111.assignment.cut.Subject$GamePlayer,comp5111.assignment.cut.Subject$GamePlace)> ::: 34	<comp5111.assignment.cut.Subject$GameConfiguration: void addInitialPiece(comp5111.assignment.cut.Subject$GamePlayer,comp5111.assignment.cut.Subject$GamePlace)>	throw $stack22	1094
<comp5111.assignment.cut.Subject$GameConfiguration: void addInitialPiece(comp5111.assignment.cut.Subject$GamePlayer,comp5111.assignment.cut.Subject$GamePlace)> ::: 35	<comp5111.assignment.cut.Subject$GameConfiguration: void addInitialPiece(comp5111.assignment.cut.Subject$GamePlayer,comp5111.assignment.cut.Subject$GamePlace)>	$stack18 = this.<comp5111.assignment.cut.Subject$GameConfiguration: comp5111.assignment.cut.Subject$GamePlayer[][] initialBoard>	1098
<comp5111.assignment.cut.Subject$GameConfiguration: void addInitialPiece(comp5111.assignment.cut.Subject$GamePlayer,comp5111.assignment.cut.Subject$GamePlace)> ::: 36	<comp5111.assignment.cut.Subject$GameConfiguration: void addInitialPiece(comp5111.assignment.cut.Subject$GamePlayer,comp5111.assignment.cut.Subject$GamePlace)>	$stack19 = virtualinvoke place.<comp5111.assignment.cut.Subject$GamePlace: int x()>()	1098
<comp5111.assignment.cut.Subject$GameConfiguration: void addInitialPiece(comp5111.assignment.cut.Subject$GamePlayer,comp5111.assignment.cut.Subject$GamePlace)> ::: 37	<comp5111.assignment.cut.Subject$GameConfiguration: void addInitialPiece(comp5111.assignment.cut.Subject$GamePlayer,comp5111.assignment.cut.Subject$GamePlace)>	$stack20 = $stack18[$stack19]	1098
<comp5111.assignment.cut.Subject$GameConfiguration: void addInitialPiece(comp5111.assignment.cut.Subject$GamePlayer,comp5111.assignment.cut.Subject$GamePlace)> ::: 38	<comp5111.assignment.cut.Subject$GameConfiguration: void addInitialPiece(comp5111.assignment.cut.Subject$GamePlayer,comp5111.assignment.cut.Subject$GamePlace)>	$stack21 = virtualinvoke place.<comp5111.assignment.cut.Subject$GamePlace: int y()>()	1098
<comp5111.assignment.cut.Subject$GameConfiguration: void addInitialPiece(comp5111.assignment.cut.Subject$GamePlayer,comp5111.assignment.cut.Subject$GamePlace)> ::: 39	<comp5111.assignment.cut.Subject$GameConfiguration: void addInitialPiece(comp5111.assignment.cut.Subject$GamePlayer,comp5111.assignment.cut.Subject$GamePlace)>	$stack20[$stack21] = piece	1098
<comp5111.assignment.cut.Subject$GameConfiguration: void addInitialPiece(comp5111.assignment.cut.Subject$GamePlayer,comp5111.assignment.cut.Subject$GamePlace)> ::: 40	<comp5111.assignment.cut.Subject$GameConfiguration: void addInitialPiece(comp5111.assignment.cut.Subject$GamePlayer,comp5111.assignment.cut.Subject$GamePlace)>	return	1099
<comp5111.assignment.cut.Subject$GameConfiguration: comp5111.assignment.cut.Subject$GameConfiguration clone()> ::: 1	<comp5111.assignment.cut.Subject$GameConfiguration: comp5111.assignment.cut.Subject$GameConfiguration clone()>	$stack3 = specialinvoke this.<java.lang.Object: java.lang.Object clone()>()	1103
<comp5111.assignment.cut.Subject$GameConfiguration: comp5111.assignment.cut.Subject$GameConfiguration clone()> ::: 2	<comp5111.assignment.cut.Subject$GameConfiguration: comp5111.assignment.cut.Subject$GameConfiguration clone()>	cloned = (comp5111.assignment.cut.Subject$GameConfiguration) $stack3	1103
<comp5111.assignment.cut.Subject$GameConfiguration: comp5111.assignment.cut.Subject$GameConfiguration clone()> ::: 3	<comp5111.assignment.cut.Subject$GameConfiguration: comp5111.assignment.cut.Subject$GameConfiguration clone()>	$stack4 = this.<comp5111.assignment.cut.Subject$GameConfiguration: comp5111.assignment.cut.Subject$GamePlayer[] players>	1104
<comp5111.assignment.cut.Subject$GameConfiguration: comp5111.assignment.cut.Subject$GameConfiguration clone()> ::: 4	<comp5111.assignment.cut.Subject$GameConfiguration: comp5111.assignment.cut.Subject$GameConfiguration clone()>	$stack5 = virtualinvoke $stack4.<java.lang.Object: java.lang.Object clone()>()	1104
<comp5111.assignment.cut.Subject$GameConfiguration: comp5111.assignment.cut.Subject$GameConfiguration clone()> ::: 5	<comp5111.assignment.cut.Subject$GameConfiguration: comp5111.assignment.cut.Subject$GameConfiguration clone()>	$stack6 = (comp5111.assignment.cut.Subject$GamePlayer[]) $stack5	1104
<comp5111.assignment.cut.Subject$GameConfiguration: comp5111.assignment.cut.Subject$GameConfiguration clone()> ::: 6	<comp5111.assignment.cut.Subject$GameConfiguration: comp5111.assignment.cut.Subject$GameConfiguration clone()>	cloned.<comp5111.assignment.cut.Subject$GameConfiguration: comp5111.assignment.cut.Subject$GamePlayer[] players> = $stack6	1104
<comp5111.assignment.cut.Subject$GameConfiguration: comp5111.assignment.cut.Subject$GameConfiguration clone()> ::: 7	<comp5111.assignment.cut.Subject$GameConfiguration: comp5111.assignment.cut.Subject$GameConfiguration clone()>	i = 0	1105
<comp5111.assignment.cut.Subject$GameConfiguration: comp5111.assignment.cut.Subject$GameConfiguration clone()> ::: 8	<comp5111.assignment.cut.Subject$GameConfiguration: comp5111.assignment.cut.Subject$GameConfiguration clone()>	goto [?= $stack7 = this.<comp5111.assignment.cut.Subject$GameConfiguration: comp5111.assignment.cut.Subject$GamePlayer[] players>]	1105
<comp5111.assignment.cut.Subject$GameConfiguration: comp5111.assignment.cut.Subject$GameConfiguration clone()> ::: 9	<comp5111.assignment.cut.Subject$GameConfiguration: comp5111.assignment.cut.Subject$GameConfiguration clone()>	$stack11 = cloned.<comp5111.assignment.cut.Subject$GameConfiguration: comp5111.assignment.cut.Subject$GamePlayer[] players>	1106
<comp5111.assignment.cut.Subject$GameConfiguration: comp5111.assignment.cut.Subject$GameConfiguration clone()> ::: 10	<comp5111.assignment.cut.Subject$GameConfiguration: comp5111.assignment.cut.Subject$GameConfiguration clone()>	$stack9 = this.<comp5111.assignment.cut.Subject$GameConfiguration: comp5111.assignment.cut.Subject$GamePlayer[] players>	1106
<comp5111.assignment.cut.Subject$GameConfiguration: comp5111.assignment.cut.Subject$GameConfiguration clone()> ::: 11	<comp5111.assignment.cut.Subject$GameConfiguration: comp5111.assignment.cut.Subject$GameConfiguration clone()>	$stack10 = $stack9[i]	1106
<comp5111.assignment.cut.Subject$GameConfiguration: comp5111.assignment.cut.Subject$GameConfiguration clone()> ::: 12	<comp5111.assignment.cut.Subject$GameConfiguration: comp5111.assignment.cut.Subject$GameConfiguration clone()>	$stack12 = virtualinvoke $stack10.<comp5111.assignment.cut.Subject$GamePlayer: comp5111.assignment.cut.Subject$GamePlayer clone()>()	1106
<comp5111.assignment.cut.Subject$GameConfiguration: comp5111.assignment.cut.Subject$GameConfiguration clone()> ::: 13	<comp5111.assignment.cut.Subject$GameConfiguration: comp5111.assignment.cut.Subject$GameConfiguration clone()>	$stack11[i] = $stack12	1106
<comp5111.assignment.cut.Subject$GameConfiguration: comp5111.assignment.cut.Subject$GameConfiguration clone()> ::: 14	<comp5111.assignment.cut.Subject$GameConfiguration: comp5111.assignment.cut.Subject$GameConfiguration clone()>	i = i + 1	1105
<comp5111.assignment.cut.Subject$GameConfiguration: comp5111.assignment.cut.Subject$GameConfiguration clone()> ::: 15	<comp5111.assignment.cut.Subject$GameConfiguration: comp5111.assignment.cut.Subject$GameConfiguration clone()>	$stack7 = this.<comp5111.assignment.cut.Subject$GameConfiguration: comp5111.assignment.cut.Subject$GamePlayer[] players>	1105
<comp5111.assignment.cut.Subject$GameConfiguration: comp5111.assignment.cut.Subject$GameConfiguration clone()> ::: 16	<comp5111.assignment.cut.Subject$GameConfiguration: comp5111.assignment.cut.Subject$GameConfiguration clone()>	$stack8 = lengthof $stack7	1105
<comp5111.assignment.cut.Subject$GameConfiguration: comp5111.assignment.cut.Subject$GameConfiguration clone()> ::: 17	<comp5111.assignment.cut.Subject$GameConfiguration: comp5111.assignment.cut.Subject$GameConfiguration clone()>	if i < $stack8 goto staticinvoke <comp5111.assignment.CoverageRuntime: void hit(java.lang.String)>("<comp5111.assignment.cut.Subject$GameConfiguration: comp5111.assignment.cut.Subject$GameConfiguration clone()> ::: 9")	1105
<comp5111.assignment.cut.Subject$GameConfiguration: comp5111.assignment.cut.Subject$GameConfiguration clone()> ::: 18	<comp5111.assignment.cut.Subject$GameConfiguration: comp5111.assignment.cut.Subject$GameConfiguration clone()>	$stack15 = this.<comp5111.assignment.cut.Subject$GameConfiguration: comp5111.assignment.cut.Subject$GamePlayer[][] initialBoard>	1108
<comp5111.assignment.cut.Subject$GameConfiguration: comp5111.assignment.cut.Subject$GameConfiguration clone()> ::: 19	<comp5111.assignment.cut.Subject$GameConfiguration: comp5111.assignment.cut.Subject$GameConfiguration clone()>	$stack16 = virtualinvoke $stack15.<java.lang.Object: java.lang.Object clone()>()	1108
<comp5111.assignment.cut.Subject$GameConfiguration: comp5111.assignment.cut.Subject$GameConfiguration clone()> ::: 20	<comp5111.assignment.cut.Subject$GameConfiguration: comp5111.assignment.cut.Subject$GameConfiguration clone()>	$stack17 = (comp5111.assignment.cut.Subject$GamePlayer[][]) $stack16	1108
<comp5111.assignment.cut.Subject$GameConfiguration: comp5111.assignment.cut.Subject$GameConfiguration clone()> ::: 21	<comp5111.assignment.cut.Subject$GameConfiguration: comp5111.assignment.cut.Subject$GameConfiguration clone()>	cloned.<comp5111.assignment.cut.Subject$GameConfiguration: comp5111.assignment.cut.Subject$GamePlayer[][] initialBoard> = $stack17	1108
<comp5111.assignment.cut.Subject$GameConfiguration: comp5111.assignment.cut.Subject$GameConfiguration clone()> ::: 22	<comp5111.assignment.cut.Subject$GameConfiguration: comp5111.assignment.cut.Subject$GameConfiguration clone()>	i = 0	1109
<comp5111.assignment.cut.Subject$GameConfiguration: comp5111.assignment.cut.Subject$GameConfiguration clone()> ::: 23	<comp5111.assignment.cut.Subject$GameConfiguration: comp5111.assignment.cut.Subject$GameConfiguration clone()>	goto [?= $stack18 = this.<comp5111.assignment.cut.Subject$GameConfiguration: int size>]	1109
<comp5111.assignment.cut.Subject$GameConfiguration: comp5111.assignment.cut.Subject$GameConfiguration clone()> ::: 24	<comp5111.assignment.cut.Subject$GameConfiguration: comp5111.assignment.cut.Subject$GameConfiguration clone()>	$stack21 = cloned.<comp5111.assignment.cut.Subject$GameConfiguration: comp5111.assignment.cut.Subject$GamePlayer[][] initialBoard>	1110
<comp5111.assignment.cut.Subject$GameConfiguration: comp5111.assignment.cut.Subject$GameConfiguration clone()> ::: 25	<comp5111.assignment.cut.Subject$GameConfiguration: comp5111.assignment.cut.Subject$GameConfiguration clone()>	$stack19 = this.<comp5111.assignment.cut.Subject$GameConfiguration: comp5111.assignment.cut.Subject$GamePlayer[][] initialBoard>	1110
<comp5111.assignment.cut.Subject$GameConfiguration: comp5111.assignment.cut.Subject$GameConfiguration clone()> ::: 26	<comp5111.assignment.cut.Subject$GameConfiguration: comp5111.assignment.cut.Subject$GameConfiguration clone()>	$stack20 = $stack19[i]	1110
<comp5111.assignment.cut.Subject$GameConfiguration: comp5111.assignment.cut.Subject$GameConfiguration clone()> ::: 27	<comp5111.assignment.cut.Subject$GameConfiguration: comp5111.assignment.cut.Subject$GameConfiguration clone()>	$stack22 = virtualinvoke $stack20.<java.lang.Object: java.lang.Object clone()>()	1110
<comp5111.assignment.cut.Subject$GameConfiguration: comp5111.assignment.cut.Subject$GameConfiguration clone()> ::: 28	<comp5111.assignment.cut.Subject$GameConfiguration: comp5111.assignment.cut.Subject$GameConfiguration clone()>	$stack23 = (comp5111.assignment.cut.Subject$GamePlayer[]) $stack22	1110
<comp5111.assignment.cut.Subject$GameConfiguration: comp5111.assignment.cut.Subject$GameConfiguration clone()> ::: 29	<comp5111.assignment.cut.Subject$GameConfiguration: comp5111.assignment.cut.Subject$GameConfiguration clone()>	$stack21[i] = $stack23	1110
<comp5111.assignment.cut.Subject$GameConfiguration: comp5111.assignment.cut.Subject$GameConfiguration clone()> ::: 30	<comp5111.assignment.cut.Subject$GameConfiguration: comp5111.assignment.cut.Subject$GameConfiguration clone()>	$stack24 = this.<comp5111.assignment.cut.Subject$GameConfiguration: comp5111.assignment.cut.Subject$GamePlayer[][] initialBoard>	1111
<comp5111.assignment.cut.Subject$GameConfiguration: comp5111.assignment.cut.Subject$GameConfiguration clone()> ::: 31	<comp5111.assignment.cut.Subject$GameConfiguration: comp5111.assignment.cut.Subject$GameConfiguration clone()>	$stack28 = $stack24[i]	1111
<comp5111.assignment.cut.Subject$GameConfiguration: comp5111.assignment.cut.Subject$GameConfiguration clone()> ::: 32	<comp5111.assignment.cut.Subject$GameConfiguration: comp5111.assignment.cut.Subject$GameConfiguration clone()>	$stack25 = cloned.<comp5111.assignment.cut.Subject$GameConfiguration: comp5111.assignment.cut.Subject$GamePlayer[][] initialBoard>	1111
<comp5111.assignment.cut.Subject$GameConfiguration: comp5111.assignment.cut.Subject$GameConfiguration clone()> ::: 33	<comp5111.assignment.cut.Subject$GameConfiguration: comp5111.assignment.cut.Subject$GameConfiguration clone()>	$stack27 = $stack25[i]	1111
<comp5111.assignment.cut.Subject$GameConfiguration: comp5111.assignment.cut.Subject$GameConfiguration clone()> ::: 34	<comp5111.assignment.cut.Subject$GameConfiguration: comp5111.assignment.cut.Subject$GameConfiguration clone()>	$stack26 = this.<comp5111.assignment.cut.Subject$GameConfiguration: int size>	1111
<comp5111.assignment.cut.Subject$GameConfiguration: comp5111.assignment.cut.Subject$GameConfiguration clone()> ::: 35	<comp5111.assignment.cut.Subject$GameConfiguration: comp5111.assignment.cut.Subject$GameConfiguration clone()>	staticinvoke <java.lang.System: void arraycopy(java.lang.Object,int,java.lang.Object,int,int)>($stack28, 0, $stack27, 0, $stack26)	1111
<comp5111.assignment.cut.Subject$GameConfiguration: comp5111.assignment.cut.Subject$GameConfiguration clone()> ::: 36	<comp5111.assignment.cut.Subject$GameConfiguration: comp5111.assignment.cut.Subject$GameConfiguration clone()>	i = i + 1	1109
<comp5111.assignment.cut.Subject$GameConfiguration: comp5111.assignment.cut.Subject$GameConfiguration clone()> ::: 37	<comp5111.assignment.cut.Subject$GameConfiguration: comp5111.assignment.cut.Subject$GameConfiguration clone()>	$stack18 = this.<comp5111.assignment.cut.Subject$GameConfiguration: int size>	1109
<comp5111.assignment.cut.Subject$GameConfiguration: comp5111.assignment.cut.Subject$GameConfiguration clone()> ::: 38	<comp5111.assignment.cut.Subject$GameConfiguration: comp5111.assignment.cut.Subject$GameConfiguration clone()>	if i < $stack18 goto staticinvoke <comp5111.assignment.CoverageRuntime: void hit(java.lang.String)>("<comp5111.assignment.cut.Subject$GameConfiguration: comp5111.assignment.cut.Subject$GameConfiguration clone()> ::: 24")	1109
<comp5111.assignment.cut.Subject$GameConfiguration: comp5111.assignment.cut.Subject$GameConfiguration clone()> ::: 39	<comp5111.assignment.cut.Subject$GameConfiguration: comp5111.assignment.cut.Subject$GameConfiguration clone()>	$stack31 = this.<comp5111.assignment.cut.Subject$GameConfiguration: comp5111.assignment.cut.Subject$GamePlace centralPlace>	1113
<comp5111.assignment.cut.Subject$GameConfiguration: comp5111.assignment.cut.Subject$GameConfiguration clone()> ::: 40	<comp5111.assignment.cut.Subject$GameConfiguration: comp5111.assignment.cut.Subject$GameConfiguration clone()>	$stack32 = virtualinvoke $stack31.<comp5111.assignment.cut.Subject$GamePlace: comp5111.assignment.cut.Subject$GamePlace clone()>()	1113
<comp5111.assignment.cut.Subject$GameConfiguration: comp5111.assignment.cut.Subject$GameConfiguration clone()> ::: 41	<comp5111.assignment.cut.Subject$GameConfiguration: comp5111.assignment.cut.Subject$GameConfiguration clone()>	cloned.<comp5111.assignment.cut.Subject$GameConfiguration: comp5111.assignment.cut.Subject$GamePlace centralPlace> = $stack32	1113
<comp5111.assignment.cut.Subject$GameConfiguration: comp5111.assignment.cut.Subject$GameConfiguration clone()> ::: 42	<comp5111.assignment.cut.Subject$GameConfiguration: comp5111.assignment.cut.Subject$GameConfiguration clone()>	return cloned	1114
<comp5111.assignment.cut.Subject$GameConfiguration: int getSize()> ::: 1	<comp5111.assignment.cut.Subject$GameConfiguration: int getSize()>	$stack1 = this.<comp5111.assignment.cut.Subject$GameConfiguration: int size>	1123
<comp5111.assignment.cut.Subject$GameConfiguration: int getSize()> ::: 2	<comp5111.assignment.cut.Subject$GameConfiguration: int getSize()>	return $stack1	1123
<comp5111.assignment.cut.Subject$GameConfiguration: comp5111.assignment.cut.Subject$GamePlayer[] getPlayers()> ::: 1	<comp5111.assignment.cut.Subject$GameConfiguration: comp5111.assignment.cut.Subject$GamePlayer[] getPlayers()>	$stack1 = this.<comp5111.assignment.cut.Subject$GameConfiguration: comp5111.assignment.cut.Subject$GamePlayer[] players>	1132
<comp5111.assignment.cut.Subject$GameConfiguration: comp5111.assignment.cut.Subject$GamePlayer[] getPlayers()> ::: 2	<comp5111.assignment.cut.Subject$GameConfiguration: comp5111.assignment.cut.Subject$GamePlayer[] getPlayers()>	$stack2 = virtualinvoke $stack1.<java.lang.Object: java.lang.Object clone()>()	1132
<comp5111.assignment.cut.Subject$GameConfiguration: comp5111.assignment.cut.Subject$GamePlayer[] getPlayers()> ::: 3	<comp5111.assignment.cut.Subject$GameConfiguration: comp5111.assignment.cut.Subject$GamePlayer[] getPlayers()>	$stack3 = (comp5111.assignment.cut.Subject$GamePlayer[]) $stack2	1132
<comp5111.assignment.cut.Subject$GameConfiguration: comp5111.assignment.cut.Subject$GamePlayer[] getPlayers()> ::: 4	<comp5111.assignment.cut.Subject$GameConfiguration: comp5111.assignment.cut.Subject$GamePlayer[] getPlayers()>	return $stack3	1132
<comp5111.assignment.cut.Subject$GameConfiguration: comp5111.assignment.cut.Subject$GamePlayer[][] getInitialBoard()> ::: 1	<comp5111.assignment.cut.Subject$GameConfiguration: comp5111.assignment.cut.Subject$GamePlayer[][] getInitialBoard()>	$stack4 = this.<comp5111.assignment.cut.Subject$GameConfiguration: int size>	1141
<comp5111.assignment.cut.Subject$GameConfiguration: comp5111.assignment.cut.Subject$GamePlayer[][] getInitialBoard()> ::: 2	<comp5111.assignment.cut.Subject$GameConfiguration: comp5111.assignment.cut.Subject$GamePlayer[][] getInitialBoard()>	$stack3 = this.<comp5111.assignment.cut.Subject$GameConfiguration: int size>	1141
<comp5111.assignment.cut.Subject$GameConfiguration: comp5111.assignment.cut.Subject$GamePlayer[][] getInitialBoard()> ::: 3	<comp5111.assignment.cut.Subject$GameConfiguration: comp5111.assignment.cut.Subject$GamePlayer[][] getInitialBoard()>	copy = newmultiarray (comp5111.assignment.cut.Subject$GamePlayer)[$stack4][$stack3]	1141
<comp5111.assignment.cut.Subject$GameConfiguration: comp5111.assignment.cut.Subject$GamePlayer[][] getInitialBoard()> ::: 4	<comp5111.assignment.cut.Subject$GameConfiguration: comp5111.assignment.cut.Subject$GamePlayer[][] getInitialBoard()>	x = 0	1142
<comp5111.assignment.cut.Subject$GameConfiguration: comp5111.assignment.cut.Subject$GamePlayer[][] getInitialBoard()> ::: 5	<comp5111.assignment.cut.Subject$GameConfiguration: comp5111.assignment.cut.Subject$GamePlayer[][] getInitialBoard()>	goto [?= $stack5 = this.<comp5111.assignment.cut.Subject$GameConfiguration: int size>]	1142
<comp5111.assignment.cut.Subject$GameConfiguration: comp5111.assignment.cut.Subject$GamePlayer[][] getInitialBoard()> ::: 6	<comp5111.assignment.cut.Subject$GameConfiguration: comp5111.assignment.cut.Subject$GamePlayer[][] getInitialBoard()>	$stack6 = this.<comp5111.assignment.cut.Subject$GameConfiguration: comp5111.assignment.cut.Subject$GamePlayer[][] initialBoard>	1143
<comp5111.assignment.cut.Subject$GameConfiguration: comp5111.assignment.cut.Subject$GamePlayer[][] getInitialBoard()> ::: 7	<comp5111.assignment.cut.Subject$GameConfiguration: comp5111.assignment.cut.Subject$GamePlayer[][] getInitialBoard()>	$stack9 = $stack6[x]	1143
<comp5111.assignment.cut.Subject$GameConfiguration: comp5111.assignment.cut.Subject$GamePlayer[][] getInitialBoard()> ::: 8	<comp5111.assignment.cut.Subject$GameConfiguration: comp5111.assignment.cut.Subject$GamePlayer[][] getInitialBoard()>	$stack8 = copy[x]	1143
<comp5111.assignment.cut.Subject$GameConfiguration: comp5111.assignment.cut.Subject$GamePlayer[][] getInitialBoard()> ::: 9	<comp5111.assignment.cut.Subject$GameConfiguration: comp5111.assignment.cut.Subject$GamePlayer[][] getInitialBoard()>	$stack7 = this.<comp5111.assignment.cut.Subject$GameConfiguration: int size>	1143
<comp5111.assignment.cut.Subject$GameConfiguration: comp5111.assignment.cut.Subject$GamePlayer[][] getInitialBoard()> ::: 10	<comp5111.assignment.cut.Subject$GameConfiguration: comp5111.assignment.cut.Subject$GamePlayer[][] getInitialBoard()>	staticinvoke <java.lang.System: void arraycopy(java.lang.Object,int,java.lang.Object,int,int)>($stack9, 0, $stack8, 0, $stack7)	1143
<comp5111.assignment.cut.Subject$GameConfiguration: comp5111.assignment.cut.Subject$GamePlayer[][] getInitialBoard()> ::: 11	<comp5111.assignment.cut.Subject$GameConfiguration: comp5111.assignment.cut.Subject$GamePlayer[][] getInitialBoard()>	x = x + 1	1142
<comp5111.assignment.cut.Subject$GameConfiguration: comp5111.assignment.cut.Subject$GamePlayer[][] getInitialBoard()> ::: 12	<comp5111.assignment.cut.Subject$GameConfiguration: comp5111.assignment.cut.Subject$GamePlayer[][] getInitialBoard()>	$stack5 = this.<comp5111.assignment.cut.Subject$GameConfiguration: int size>	1142
<comp5111.assignment.cut.Subject$GameConfiguration: comp5111.assignment.cut.Subject$GamePlayer[][] getInitialBoard()> ::: 13	<comp5111.assignment.cut.Subject$GameConfiguration: comp5111.assignment.cut.Subject$GamePlayer[][] getInitialBoard()>	if x < $stack5 goto staticinvoke <comp5111.assignment.CoverageRuntime: void hit(java.lang.String)>("<comp5111.assignment.cut.Subject$GameConfiguration: comp5111.assignment.cut.Subject$GamePlayer[][] getInitialBoard()> ::: 6")	1142
<comp5111.assignment.cut.Subject$GameConfiguration: comp5111.assignment.cut.Subject$GamePlayer[][] getInitialBoard()> ::: 14	<comp5111.assignment.cut.Subject$GameConfiguration: comp5111.assignment.cut.Subject$GamePlayer[][] getInitialBoard()>	return copy	1145
<comp5111.assignment.cut.Subject$GameConfiguration: comp5111.assignment.cut.Subject$GamePlayer getPlayerAt(comp5111.assignment.cut.Subject$GamePlace)> ::: 2	<comp5111.assignment.cut.Subject$GameConfiguration: comp5111.assignment.cut.Subject$GamePlayer getPlayerAt(comp5111.assignment.cut.Subject$GamePlace)>	$stack2 = virtualinvoke place.<comp5111.assignment.cut.Subject$GamePlace: int x()>()	1155
<comp5111.assignment.cut.Subject$GameConfiguration: comp5111.assignment.cut.Subject$GamePlayer getPlayerAt(comp5111.assignment.cut.Subject$GamePlace)> ::: 3	<comp5111.assignment.cut.Subject$GameConfiguration: comp5111.assignment.cut.Subject$GamePlayer getPlayerAt(comp5111.assignment.cut.Subject$GamePlace)>	if $stack2 < 0 goto $stack3 = new java.lang.IllegalArgumentException	1155
<comp5111.assignment.cut.Subject$GameConfiguration: comp5111.assignment.cut.Subject$GamePlayer getPlayerAt(comp5111.assignment.cut.Subject$GamePlace)> ::: 4	<comp5111.assignment.cut.Subject$GameConfiguration: comp5111.assignment.cut.Subject$GamePlayer getPlayerAt(comp5111.assignment.cut.Subject$GamePlace)>	$stack4 = virtualinvoke place.<comp5111.assignment.cut.Subject$GamePlace: int x()>()	1155
<comp5111.assignment.cut.Subject$GameConfiguration: comp5111.assignment.cut.Subject$GamePlayer getPlayerAt(comp5111.assignment.cut.Subject$GamePlace)> ::: 5	<comp5111.assignment.cut.Subject$GameConfiguration: comp5111.assignment.cut.Subject$GamePlayer getPlayerAt(comp5111.assignment.cut.Subject$GamePlace)>	$stack5 = this.<comp5111.assignment.cut.Subject$GameConfiguration: int size>	1155
<comp5111.assignment.cut.Subject$GameConfiguration: comp5111.assignment.cut.Subject$GamePlayer getPlayerAt(comp5111.assignment.cut.Subject$GamePlace)> ::: 6	<comp5111.assignment.cut.Subject$GameConfiguration: comp5111.assignment.cut.Subject$GamePlayer getPlayerAt(comp5111.assignment.cut.Subject$GamePlace)>	if $stack4 >= $stack5 goto $stack3 = new java.lang.IllegalArgumentException	1155
<comp5111.assignment.cut.Subject$GameConfiguration: comp5111.assignment.cut.Subject$GamePlayer getPlayerAt(comp5111.assignment.cut.Subject$GamePlace)> ::: 7	<comp5111.assignment.cut.Subject$GameConfiguration: comp5111.assignment.cut.Subject$GamePlayer getPlayerAt(comp5111.assignment.cut.Subject$GamePlace)>	$stack7 = virtualinvoke place.<comp5111.assignment.cut.Subject$GamePlace: int y()>()	1155
<comp5111.assignment.cut.Subject$GameConfiguration: comp5111.assignment.cut.Subject$GamePlayer getPlayerAt(comp5111.assignment.cut.Subject$GamePlace)> ::: 8	<comp5111.assignment.cut.Subject$GameConfiguration: comp5111.assignment.cut.Subject$GamePlayer getPlayerAt(comp5111.assignment.cut.Subject$GamePlace)>	if $stack7 < 0 goto $stack3 = new java.lang.IllegalArgumentException	1155
<comp5111.assignment.cut.Subject$GameConfiguration: comp5111.assignment.cut.Subject$GamePlayer getPlayerAt(comp5111.assignment.cut.Subject$GamePlace)> ::: 9	<comp5111.assignment.cut.Subject$GameConfiguration: comp5111.assignment.cut.Subject$GamePlayer getPlayerAt(comp5111.assignment.cut.Subject$GamePlace)>	$stack8 = virtualinvoke place.<comp5111.assignment.cut.Subject$GamePlace: int y()>()	1155
<comp5111.assignment.cut.Subject$GameConfiguration: comp5111.assignment.cut.Subject$GamePlayer getPlayerAt(comp5111.assignment.cut.Subject$GamePlace)> ::: 10	<comp5111.assignment.cut.Subject$GameConfiguration: comp5111.assignment.cut.Subject$GamePlayer getPlayerAt(comp5111.assignment.cut.Subject$GamePlace)>	$stack9 = this.<comp5111.assignment.cut.Subject$GameConfiguration: int size>	1155
<comp5111.assignment.cut.Subject$GameConfiguration: comp5111.assignment.cut.Subject$GamePlayer getPlayerAt(comp5111.assignment.cut.Subject$GamePlace)> ::: 11	<comp5111.assignment.cut.Subject$GameConfiguration: comp5111.assignment.cut.Subject$GamePlayer getPlayerAt(comp5111.assignment.cut.Subject$GamePlace)>	if $stack8 < $stack9 goto $stack10 = this.<comp5111.assignment.cut.Subject$GameConfiguration: comp5111.assignment.cut.Subject$GamePlayer[][] initialBoard>	1155
<comp5111.assignment.cut.Subject$GameConfiguration: comp5111.assignment.cut.Subject$GamePlayer getPlayerAt(comp5111.assignment.cut.Subject$GamePlace)> ::: 12	<comp5111.assignment.cut.Subject$GameConfiguration: comp5111.assignment.cut.Subject$GamePlayer getPlayerAt(comp5111.assignment.cut.Subject$GamePlace)>	$stack3 = new java.lang.IllegalArgumentException	1156
<comp5111.assignment.cut.Subject$GameConfiguration: comp5111.assignment.cut.Subject$GamePlayer getPlayerAt(comp5111.assignment.cut.Subject$GamePlace)> ::: 13	<comp5111.assignment.cut.Subject$GameConfiguration: comp5111.assignment.cut.Subject$GamePlayer getPlayerAt(comp5111.assignment.cut.Subject$GamePlace)>	specialinvoke $stack3.<java.lang.IllegalArgumentException: void <init>(java.lang.String)>("Place is out of bounds")	1156
<comp5111.assignment.cut.Subject$GameConfiguration: comp5111.assignment.cut.Subject$GamePlayer getPlayerAt(comp5111.assignment.cut.Subject$GamePlace)> ::: 14	<comp5111.assignment.cut.Subject$GameConfiguration: comp5111.assignment.cut.Subject$GamePlayer getPlayerAt(comp5111.assignment.cut.Subject$GamePlace)>	throw $stack3	1156
<comp5111.assignment.cut.Subject$GameConfiguration: comp5111.assignment.cut.Subject$GamePlayer getPlayerAt(comp5111.assignment.cut.Subject$GamePlace)> ::: 15	<comp5111.assignment.cut.Subject$GameConfiguration: comp5111.assignment.cut.Subject$GamePlayer getPlayerAt(comp5111.assignment.cut.Subject$GamePlace)>	$stack10 = this.<comp5111.assignment.cut.Subject$GameConfiguration: comp5111.assignment.cut.Subject$GamePlayer[][] initialBoard>	1158
<comp5111.assignment.cut.Subject$GameConfiguration: comp5111.assignment.cut.Subject$GamePlayer getPlayerAt(comp5111.assignment.cut.Subject$GamePlace)> ::: 16	<comp5111.assignment.cut.Subject$GameConfiguration: comp5111.assignment.cut.Subject$GamePlayer getPlayerAt(comp5111.assignment.cut.Subject$GamePlace)>	$stack11 = virtualinvoke place.<comp5111.assignment.cut.Subject$GamePlace: int x()>()	1158
<comp5111.assignment.cut.Subject$GameConfiguration: comp5111.assignment.cut.Subject$GamePlayer getPlayerAt(comp5111.assignment.cut.Subject$GamePlace)> ::: 17	<comp5111.assignment.cut.Subject$GameConfiguration: comp5111.assignment.cut.Subject$GamePlayer getPlayerAt(comp5111.assignment.cut.Subject$GamePlace)>	$stack12 = $stack10[$stack11]	1158
<comp5111.assignment.cut.Subject$GameConfiguration: comp5111.assignment.cut.Subject$GamePlayer getPlayerAt(comp5111.assignment.cut.Subject$GamePlace)> ::: 18	<comp5111.assignment.cut.Subject$GameConfiguration: comp5111.assignment.cut.Subject$GamePlayer getPlayerAt(comp5111.assignment.cut.Subject$GamePlace)>	$stack13 = virtualinvoke place.<comp5111.assignment.cut.Subject$GamePlace: int y()>()	1158
<comp5111.assignment.cut.Subject$GameConfiguration: comp5111.assignment.cut.Subject$GamePlayer getPlayerAt(comp5111.assignment.cut.Subject$GamePlace)> ::: 19	<comp5111.assignment.cut.Subject$GameConfiguration: comp5111.assignment.cut.Subject$GamePlayer getPlayerAt(comp5111.assignment.cut.Subject$GamePlace)>	$stack14 = $stack12[$stack13]	1158
<comp5111.assignment.cut.Subject$GameConfiguration: comp5111.assignment.cut.Subject$GamePlayer getPlayerAt(comp5111.assignment.cut.Subject$GamePlace)> ::: 20	<comp5111.assignment.cut.Subject$GameConfiguration: comp5111.assignment.cut.Subject$GamePlayer getPlayerAt(comp5111.assignment.cut.Subject$GamePlace)>	return $stack14	1158
<comp5111.assignment.cut.Subject$GameConfiguration: java.lang.String toString()> ::: 1	<comp5111.assignment.cut.Subject$GameConfiguration: java.lang.String toString()>	$stack5 = new java.lang.StringBuilder	1168
<comp5111.assignment.cut.Subject$GameConfiguration: java.lang.String toString()> ::: 2	<comp5111.assignment.cut.Subject$GameConfiguration: java.lang.String toString()>	specialinvoke $stack5.<java.lang.StringBuilder: void <init>()>()	1168
<comp5111.assignment.cut.Subject$GameConfiguration: java.lang.String toString()> ::: 3	<comp5111.assignment.cut.Subject$GameConfiguration: java.lang.String toString()>	sb = $stack5	1168
<comp5111.assignment.cut.Subject$GameConfiguration: java.lang.String toString()> ::: 4	<comp5111.assignment.cut.Subject$GameConfiguration: java.lang.String toString()>	$stack6 = virtualinvoke sb.<java.lang.StringBuilder: java.lang.StringBuilder append(java.lang.String)>("GameConfiguration (size=")	1169
<comp5111.assignment.cut.Subject$GameConfiguration: java.lang.String toString()> ::: 5	<comp5111.assignment.cut.Subject$GameConfiguration: java.lang.String toString()>	$stack7 = this.<comp5111.assignment.cut.Subject$GameConfiguration: int size>	1169
<comp5111.assignment.cut.Subject$GameConfiguration: java.lang.String toString()> ::: 6	<comp5111.assignment.cut.Subject$GameConfiguration: java.lang.String toString()>	$stack8 = virtualinvoke $stack6.<java.lang.StringBuilder: java.lang.StringBuilder append(int)>($stack7)	1169
<comp5111.assignment.cut.Subject$GameConfiguration: java.lang.String toString()> ::: 7	<comp5111.assignment.cut.Subject$GameConfiguration: java.lang.String toString()>	virtualinvoke $stack8.<java.lang.StringBuilder: java.lang.StringBuilder append(java.lang.String)>(")\n")	1169
<comp5111.assignment.cut.Subject$GameConfiguration: java.lang.String toString()> ::: 8	<comp5111.assignment.cut.Subject$GameConfiguration: java.lang.String toString()>	y = 0	1170
<comp5111.assignment.cut.Subject$GameConfiguration: java.lang.String toString()> ::: 9	<comp5111.assignment.cut.Subject$GameConfiguration: java.lang.String toString()>	goto [?= $stack10 = this.<comp5111.assignment.cut.Subject$GameConfiguration: int size>]	1170
<comp5111.assignment.cut.Subject$GameConfiguration: java.lang.String toString()> ::: 10	<comp5111.assignment.cut.Subject$GameConfiguration: java.lang.String toString()>	x = 0	1171
<comp5111.assignment.cut.Subject$GameConfiguration: java.lang.String toString()> ::: 11	<comp5111.assignment.cut.Subject$GameConfiguration: java.lang.String toString()>	goto [?= $stack11 = this.<comp5111.assignment.cut.Subject$GameConfiguration: int size>]	1171
<comp5111.assignment.cut.Subject$GameConfiguration: java.lang.String toString()> ::: 12	<comp5111.assignment.cut.Subject$GameConfiguration: java.lang.String toString()>	$stack12 = this.<comp5111.assignment.cut.Subject$GameConfiguration: comp5111.assignment.cut.Subject$GamePlayer[][] initialBoard>	1172
<comp5111.assignment.cut.Subject$GameConfiguration: java.lang.String toString()> ::: 13	<comp5111.assignment.cut.Subject$GameConfiguration: java.lang.String toString()>	$stack13 = $stack12[x]	1172
<comp5111.assignment.cut.Subject$GameConfiguration: java.lang.String toString()> ::: 14	<comp5111.assignment.cut.Subject$GameConfiguration: java.lang.String toString()>	p = $stack13[y]	1172
<comp5111.assignment.cut.Subject$GameConfiguration: java.lang.String toString()> ::: 15	<comp5111.assignment.cut.Subject$GameConfiguration: java.lang.String toString()>	if p != null goto $stack20 = "P"	1173
<comp5111.assignment.cut.Subject$GameConfiguration: java.lang.String toString()> ::: 16	<comp5111.assignment.cut.Subject$GameConfiguration: java.lang.String toString()>	$stack20 = "."	1173
<comp5111.assignment.cut.Subject$GameConfiguration: java.lang.String toString()> ::: 17	<comp5111.assignment.cut.Subject$GameConfiguration: java.lang.String toString()>	goto [?= virtualinvoke sb.<java.lang.StringBuilder: java.lang.StringBuilder append(java.lang.String)>($stack20)]	1173
<comp5111.assignment.cut.Subject$GameConfiguration: java.lang.String toString()> ::: 18	<comp5111.assignment.cut.Subject$GameConfiguration: java.lang.String toString()>	$stack20 = "P"	1173
<comp5111.assignment.cut.Subject$GameConfiguration: java.lang.String toString()> ::: 19	<comp5111.assignment.cut.Subject$GameConfiguration: java.lang.String toString()>	virtualinvoke sb.<java.lang.StringBuilder: java.lang.StringBuilder append(java.lang.String)>($stack20)	1173
<comp5111.assignment.cut.Subject$GameConfiguration: java.lang.String toString()> ::: 20	<comp5111.assignment.cut.Subject$GameConfiguration: java.lang.String toString()>	$stack15 = this.<comp5111.assignment.cut.Subject$GameConfiguration: int size>	1174
<comp5111.assignment.cut.Subject$GameConfiguration: java.lang.String toString()> ::: 21	<comp5111.assignment.cut.Subject$GameConfiguration: java.lang.String toString()>	$stack16 = $stack15 - 1	1174
<comp5111.assignment.cut.Subject$GameConfiguration: java.lang.String toString()> ::: 22	<comp5111.assignment.cut.Subject$GameConfiguration: java.lang.String toString()>	if x >= $stack16 goto x = x + 1	1174
<comp5111.assignment.cut.Subject$GameConfiguration: java.lang.String toString()> ::: 23	<comp5111.assignment.cut.Subject$GameConfiguration: java.lang.String toString()>	virtualinvoke sb.<java.lang.StringBuilder: java.lang.StringBuilder append(java.lang.String)>(" ")	1175
<comp5111.assignment.cut.Subject$GameConfiguration: java.lang.String toString()> ::: 24	<comp5111.assignment.cut.Subject$GameConfiguration: java.lang.String toString()>	x = x + 1	1171
<comp5111.assignment.cut.Subject$GameConfiguration: java.lang.String toString()> ::: 25	<comp5111.assignment.cut.Subject$GameConfiguration: java.lang.String toString()>	$stack11 = this.<comp5111.assignment.cut.Subject$GameConfiguration: int size>	1171
<comp5111.assignment.cut.Subject$GameConfiguration: java.lang.String toString()> ::: 26	<comp5111.assignment.cut.Subject$GameConfiguration: java.lang.String toString()>	if x < $stack11 goto staticinvoke <comp5111.assignment.CoverageRuntime: void hit(java.lang.String)>("<comp5111.assignment.cut.Subject$GameConfiguration: java.lang.String toString()> ::: 12")	1171
<comp5111.assignment.cut.Subject$GameConfiguration: java.lang.String toString()> ::: 27	<comp5111.assignment.cut.Subject$GameConfiguration: java.lang.String toString()>	virtualinvoke sb.<java.lang.StringBuilder: java.lang.StringBuilder append(java.lang.String)>("\n")	1177
<comp5111.assignment.cut.Subject$GameConfiguration: java.lang.String toString()> ::: 28	<comp5111.assignment.cut.Subject$GameConfiguration: java.lang.String toString()>	y = y + 1	1170
<comp5111.assignment.cut.Subject$GameConfiguration: java.lang.String toString()> ::: 29	<comp5111.assignment.cut.Subject$GameConfiguration: java.lang.String toString()>	$stack10 = this.<comp5111.assignment.cut.Subject$GameConfiguration: int size>	1170
<comp5111.assignment.cut.Subject$GameConfiguration: java.lang.String toString()> ::: 30	<comp5111.assignment.cut.Subject$GameConfiguration: java.lang.String toString()>	if y < $stack10 goto staticinvoke <comp5111.assignment.CoverageRuntime: void hit(java.lang.String)>("<comp5111.assignment.cut.Subject$GameConfiguration: java.lang.String toString()> ::: 10")	1170
<comp5111.assignment.cut.Subject$GameConfiguration: java.lang.String toString()> ::: 31	<comp5111.assignment.cut.Subject$GameConfiguration: java.lang.String toString()>	$stack28 = virtualinvoke sb.<java.lang.StringBuilder: java.lang.String toString()>()	1179
<comp5111.assignment.cut.Subject$GameConfiguration: java.lang.String toString()> ::: 32	<comp5111.assignment.cut.Subject$GameConfiguration: java.lang.String toString()>	return $stack28	1179
<comp5111.assignment.cut.Subject$GameConfiguration: java.util.List getEmptyPlaces()> ::: 1	<comp5111.assignment.cut.Subject$GameConfiguration: java.util.List getEmptyPlaces()>	$stack4 = new java.util.ArrayList	1188
<comp5111.assignment.cut.Subject$GameConfiguration: java.util.List getEmptyPlaces()> ::: 2	<comp5111.assignment.cut.Subject$GameConfiguration: java.util.List getEmptyPlaces()>	specialinvoke $stack4.<java.util.ArrayList: void <init>()>()	1188
<comp5111.assignment.cut.Subject$GameConfiguration: java.util.List getEmptyPlaces()> ::: 3	<comp5111.assignment.cut.Subject$GameConfiguration: java.util.List getEmptyPlaces()>	emptyPlaces = $stack4	1188
<comp5111.assignment.cut.Subject$GameConfiguration: java.util.List getEmptyPlaces()> ::: 4	<comp5111.assignment.cut.Subject$GameConfiguration: java.util.List getEmptyPlaces()>	x = 0	1189
<comp5111.assignment.cut.Subject$GameConfiguration: java.util.List getEmptyPlaces()> ::: 5	<comp5111.assignment.cut.Subject$GameConfiguration: java.util.List getEmptyPlaces()>	goto [?= $stack5 = this.<comp5111.assignment.cut.Subject$GameConfiguration: int size>]	1189
<comp5111.assignment.cut.Subject$GameConfiguration: java.util.List getEmptyPlaces()> ::: 6	<comp5111.assignment.cut.Subject$GameConfiguration: java.util.List getEmptyPlaces()>	y = 0	1190
<comp5111.assignment.cut.Subject$GameConfiguration: java.util.List getEmptyPlaces()> ::: 7	<comp5111.assignment.cut.Subject$GameConfiguration: java.util.List getEmptyPlaces()>	goto [?= $stack6 = this.<comp5111.assignment.cut.Subject$GameConfiguration: int size>]	1190
<comp5111.assignment.cut.Subject$GameConfiguration: java.util.List getEmptyPlaces()> ::: 8	<comp5111.assignment.cut.Subject$GameConfiguration: java.util.List getEmptyPlaces()>	$stack7 = this.<comp5111.assignment.cut.Subject$GameConfiguration: comp5111.assignment.cut.Subject$GamePlayer[][] initialBoard>	1191
<comp5111.assignment.cut.Subject$GameConfiguration: java.util.List getEmptyPlaces()> ::: 9	<comp5111.assignment.cut.Subject$GameConfiguration: java.util.List getEmptyPlaces()>	$stack8 = $stack7[x]	1191
<comp5111.assignment.cut.Subject$GameConfiguration: java.util.List getEmptyPlaces()> ::: 10	<comp5111.assignment.cut.Subject$GameConfiguration: java.util.List getEmptyPlaces()>	$stack9 = $stack8[y]	1191
<comp5111.assignment.cut.Subject$GameConfiguration: java.util.List getEmptyPlaces()> ::: 11	<comp5111.assignment.cut.Subject$GameConfiguration: java.util.List getEmptyPlaces()>	if $stack9 != null goto y = y + 1	1191
<comp5111.assignment.cut.Subject$GameConfiguration: java.util.List getEmptyPlaces()> ::: 12	<comp5111.assignment.cut.Subject$GameConfiguration: java.util.List getEmptyPlaces()>	$stack12 = this.<comp5111.assignment.cut.Subject$GameConfiguration: comp5111.assignment.cut.Subject$GamePlace centralPlace>	1191
<comp5111.assignment.cut.Subject$GameConfiguration: java.util.List getEmptyPlaces()> ::: 13	<comp5111.assignment.cut.Subject$GameConfiguration: java.util.List getEmptyPlaces()>	$stack13 = virtualinvoke $stack12.<comp5111.assignment.cut.Subject$GamePlace: int x()>()	1191
<comp5111.assignment.cut.Subject$GameConfiguration: java.util.List getEmptyPlaces()> ::: 14	<comp5111.assignment.cut.Subject$GameConfiguration: java.util.List getEmptyPlaces()>	if x != $stack13 goto $stack14 = new comp5111.assignment.cut.Subject$GamePlace	1191
<comp5111.assignment.cut.Subject$GameConfiguration: java.util.List getEmptyPlaces()> ::: 15	<comp5111.assignment.cut.Subject$GameConfiguration: java.util.List getEmptyPlaces()>	$stack17 = this.<comp5111.assignment.cut.Subject$GameConfiguration: comp5111.assignment.cut.Subject$GamePlace centralPlace>	1191
<comp5111.assignment.cut.Subject$GameConfiguration: java.util.List getEmptyPlaces()> ::: 16	<comp5111.assignment.cut.Subject$GameConfiguration: java.util.List getEmptyPlaces()>	$stack18 = virtualinvoke $stack17.<comp5111.assignment.cut.Subject$GamePlace: int y()>()	1191
<comp5111.assignment.cut.Subject$GameConfiguration: java.util.List getEmptyPlaces()> ::: 17	<comp5111.assignment.cut.Subject$GameConfiguration: java.util.List getEmptyPlaces()>	if y == $stack18 goto y = y + 1	1191
<comp5111.assignment.cut.Subject$GameConfiguration: java.util.List getEmptyPlaces()> ::: 18	<comp5111.assignment.cut.Subject$GameConfiguration: java.util.List getEmptyPlaces()>	$stack14 = new comp5111.assignment.cut.Subject$GamePlace	1192
<comp5111.assignment.cut.Subject$GameConfiguration: java.util.List getEmptyPlaces()> ::: 19	<comp5111.assignment.cut.Subject$GameConfiguration: java.util.List getEmptyPlaces()>	$stack15 = this.<comp5111.assignment.cut.Subject$GameConfiguration: comp5111.assignment.cut.Subject this$0>	1192
<comp5111.assignment.cut.Subject$GameConfiguration: java.util.List getEmptyPlaces()> ::: 20	<comp5111.assignment.cut.Subject$GameConfiguration: java.util.List getEmptyPlaces()>	specialinvoke $stack14.<comp5111.assignment.cut.Subject$GamePlace: void <init>(comp5111.assignment.cut.Subject,int,int)>($stack15, x, y)	1192
<comp5111.assignment.cut.Subject$GameConfiguration: java.util.List getEmptyPlaces()> ::: 21	<comp5111.assignment.cut.Subject$GameConfiguration: java.util.List getEmptyPlaces()>	interfaceinvoke emptyPlaces.<java.util.List: boolean add(java.lang.Object)>($stack14)	1192
<comp5111.assignment.cut.Subject$GameConfiguration: java.util.List getEmptyPlaces()> ::: 22	<comp5111.assignment.cut.Subject$GameConfiguration: java.util.List getEmptyPlaces()>	y = y + 1	1190
<comp5111.assignment.cut.Subject$GameConfiguration: java.util.List getEmptyPlaces()> ::: 23	<comp5111.assignment.cut.Subject$GameConfiguration: java.util.List getEmptyPlaces()>	$stack6 = this.<comp5111.assignment.cut.Subject$GameConfiguration: int size>	1190
<comp5111.assignment.cut.Subject$GameConfiguration: java.util.List getEmptyPlaces()> ::: 24	<comp5111.assignment.cut.Subject$GameConfiguration: java.util.List getEmptyPlaces()>	if y < $stack6 goto staticinvoke <comp5111.assignment.CoverageRuntime: void hit(java.lang.String)>("<comp5111.assignment.cut.Subject$GameConfiguration: java.util.List getEmptyPlaces()> ::: 8")	1190
<comp5111.assignment.cut.Subject$GameConfiguration: java.util.List getEmptyPlaces()> ::: 25	<comp5111.assignment.cut.Subject$GameConfiguration: java.util.List getEmptyPlaces()>	x = x + 1	1189
<comp5111.assignment.cut.Subject$GameConfiguration: java.util.List getEmptyPlaces()> ::: 26	<comp5111.assignment.cut.Subject$GameConfiguration: java.util.List getEmptyPlaces()>	$stack5 = this.<comp5111.assignment.cut.Subject$GameConfiguration: int size>	1189
<comp5111.assignment.cut.Subject$GameConfiguration: java.util.List getEmptyPlaces()> ::: 27	<comp5111.assignment.cut.Subject$GameConfiguration: java.util.List getEmptyPlaces()>	if x < $stack5 goto staticinvoke <comp5111.assignment.CoverageRuntime: void hit(java.lang.String)>("<comp5111.assignment.cut.Subject$GameConfiguration: java.util.List getEmptyPlaces()> ::: 6")	1189
<comp5111.assignment.cut.Subject$GameConfiguration: java.util.List getEmptyPlaces()> ::: 28	<comp5111.assignment.cut.Subject$GameConfiguration: java.util.List getEmptyPlaces()>	return emptyPlaces	1196
<comp5111.assignment.cut.Subject$GameConfiguration: boolean isOccupied(comp5111.assignment.cut.Subject$GamePlace)> ::: 2	<comp5111.assignment.cut.Subject$GameConfiguration: boolean isOccupied(comp5111.assignment.cut.Subject$GamePlace)>	$stack2 = virtualinvoke place.<comp5111.assignment.cut.Subject$GamePlace: int x()>()	1206
<comp5111.assignment.cut.Subject$GameConfiguration: boolean isOccupied(comp5111.assignment.cut.Subject$GamePlace)> ::: 3	<comp5111.assignment.cut.Subject$GameConfiguration: boolean isOccupied(comp5111.assignment.cut.Subject$GamePlace)>	if $stack2 < 0 goto return 1	1206
<comp5111.assignment.cut.Subject$GameConfiguration: boolean isOccupied(comp5111.assignment.cut.Subject$GamePlace)> ::: 4	<comp5111.assignment.cut.Subject$GameConfiguration: boolean isOccupied(comp5111.assignment.cut.Subject$GamePlace)>	$stack3 = virtualinvoke place.<comp5111.assignment.cut.Subject$GamePlace: int x()>()	1206
<comp5111.assignment.cut.Subject$GameConfiguration: boolean isOccupied(comp5111.assignment.cut.Subject$GamePlace)> ::: 5	<comp5111.assignment.cut.Subject$GameConfiguration: boolean isOccupied(comp5111.assignment.cut.Subject$GamePlace)>	$stack4 = this.<comp5111.assignment.cut.Subject$GameConfiguration: int size>	1206
<comp5111.assignment.cut.Subject$GameConfiguration: boolean isOccupied(comp5111.assignment.cut.Subject$GamePlace)> ::: 6	<comp5111.assignment.cut.Subject$GameConfiguration: boolean isOccupied(comp5111.assignment.cut.Subject$GamePlace)>	if $stack3 >= $stack4 goto return 1	1206
<comp5111.assignment.cut.Subject$GameConfiguration: boolean isOccupied(comp5111.assignment.cut.Subject$GamePlace)> ::: 7	<comp5111.assignment.cut.Subject$GameConfiguration: boolean isOccupied(comp5111.assignment.cut.Subject$GamePlace)>	$stack6 = virtualinvoke place.<comp5111.assignment.cut.Subject$GamePlace: int y()>()	1206
<comp5111.assignment.cut.Subject$GameConfiguration: boolean isOccupied(comp5111.assignment.cut.Subject$GamePlace)> ::: 8	<comp5111.assignment.cut.Subject$GameConfiguration: boolean isOccupied(comp5111.assignment.cut.Subject$GamePlace)>	if $stack6 < 0 goto return 1	1206
<comp5111.assignment.cut.Subject$GameConfiguration: boolean isOccupied(comp5111.assignment.cut.Subject$GamePlace)> ::: 9	<comp5111.assignment.cut.Subject$GameConfiguration: boolean isOccupied(comp5111.assignment.cut.Subject$GamePlace)>	$stack7 = virtualinvoke place.<comp5111.assignment.cut.Subject$GamePlace: int y()>()	1206
<comp5111.assignment.cut.Subject$GameConfiguration: boolean isOccupied(comp5111.assignment.cut.Subject$GamePlace)> ::: 10	<comp5111.assignment.cut.Subject$GameConfiguration: boolean isOccupied(comp5111.assignment.cut.Subject$GamePlace)>	$stack8 = this.<comp5111.assignment.cut.Subject$GameConfiguration: int size>	1206
<comp5111.assignment.cut.Subject$GameConfiguration: boolean isOccupied(comp5111.assignment.cut.Subject$GamePlace)> ::: 11	<comp5111.assignment.cut.Subject$GameConfiguration: boolean isOccupied(comp5111.assignment.cut.Subject$GamePlace)>	if $stack7 < $stack8 goto $stack9 = this.<comp5111.assignment.cut.Subject$GameConfiguration: comp5111.assignment.cut.Subject$GamePlayer[][] initialBoard>	1206
<comp5111.assignment.cut.Subject$GameConfiguration: boolean isOccupied(comp5111.assignment.cut.Subject$GamePlace)> ::: 12	<comp5111.assignment.cut.Subject$GameConfiguration: boolean isOccupied(comp5111.assignment.cut.Subject$GamePlace)>	return 1	1207
<comp5111.assignment.cut.Subject$GameConfiguration: boolean isOccupied(comp5111.assignment.cut.Subject$GamePlace)> ::: 13	<comp5111.assignment.cut.Subject$GameConfiguration: boolean isOccupied(comp5111.assignment.cut.Subject$GamePlace)>	$stack9 = this.<comp5111.assignment.cut.Subject$GameConfiguration: comp5111.assignment.cut.Subject$GamePlayer[][] initialBoard>	1209
<comp5111.assignment.cut.Subject$GameConfiguration: boolean isOccupied(comp5111.assignment.cut.Subject$GamePlace)> ::: 14	<comp5111.assignment.cut.Subject$GameConfiguration: boolean isOccupied(comp5111.assignment.cut.Subject$GamePlace)>	$stack10 = virtualinvoke place.<comp5111.assignment.cut.Subject$GamePlace: int x()>()	1209
<comp5111.assignment.cut.Subject$GameConfiguration: boolean isOccupied(comp5111.assignment.cut.Subject$GamePlace)> ::: 15	<comp5111.assignment.cut.Subject$GameConfiguration: boolean isOccupied(comp5111.assignment.cut.Subject$GamePlace)>	$stack11 = $stack9[$stack10]	1209
<comp5111.assignment.cut.Subject$GameConfiguration: boolean isOccupied(comp5111.assignment.cut.Subject$GamePlace)> ::: 16	<comp5111.assignment.cut.Subject$GameConfiguration: boolean isOccupied(comp5111.assignment.cut.Subject$GamePlace)>	$stack12 = virtualinvoke place.<comp5111.assignment.cut.Subject$GamePlace: int y()>()	1209
<comp5111.assignment.cut.Subject$GameConfiguration: boolean isOccupied(comp5111.assignment.cut.Subject$GamePlace)> ::: 17	<comp5111.assignment.cut.Subject$GameConfiguration: boolean isOccupied(comp5111.assignment.cut.Subject$GamePlace)>	$stack13 = $stack11[$stack12]	1209
<comp5111.assignment.cut.Subject$GameConfiguration: boolean isOccupied(comp5111.assignment.cut.Subject$GamePlace)> ::: 18	<comp5111.assignment.cut.Subject$GameConfiguration: boolean isOccupied(comp5111.assignment.cut.Subject$GamePlace)>	if $stack13 == null goto return 0	1209
<comp5111.assignment.cut.Subject$GameConfiguration: boolean isOccupied(comp5111.assignment.cut.Subject$GamePlace)> ::: 19	<comp5111.assignment.cut.Subject$GameConfiguration: boolean isOccupied(comp5111.assignment.cut.Subject$GamePlace)>	return 1	1209
<comp5111.assignment.cut.Subject$GameConfiguration: boolean isOccupied(comp5111.assignment.cut.Subject$GamePlace)> ::: 20	<comp5111.assignment.cut.Subject$GameConfiguration: boolean isOccupied(comp5111.assignment.cut.Subject$GamePlace)>	return 0	1209
<comp5111.assignment.cut.Subject$GameConfiguration: int[] countPiecesPerPlayer()> ::: 1	<comp5111.assignment.cut.Subject$GameConfiguration: int[] countPiecesPerPlayer()>	counts = newarray (int)[2]	1219
<comp5111.assignment.cut.Subject$GameConfiguration: int[] countPiecesPerPlayer()> ::: 2	<comp5111.assignment.cut.Subject$GameConfiguration: int[] countPiecesPerPlayer()>	x = 0	1220
<comp5111.assignment.cut.Subject$GameConfiguration: int[] countPiecesPerPlayer()> ::: 3	<comp5111.assignment.cut.Subject$GameConfiguration: int[] countPiecesPerPlayer()>	goto [?= $stack5 = this.<comp5111.assignment.cut.Subject$GameConfiguration: int size>]	1220
<comp5111.assignment.cut.Subject$GameConfiguration: int[] countPiecesPerPlayer()> ::: 4	<comp5111.assignment.cut.Subject$GameConfiguration: int[] countPiecesPerPlayer()>	y = 0	1221
<comp5111.assignment.cut.Subject$GameConfiguration: int[] countPiecesPerPlayer()> ::: 5	<comp5111.assignment.cut.Subject$GameConfiguration: int[] countPiecesPerPlayer()>	goto [?= $stack6 = this.<comp5111.assignment.cut.Subject$GameConfiguration: int size>]	1221
<comp5111.assignment.cut.Subject$GameConfiguration: int[] countPiecesPerPlayer()> ::: 6	<comp5111.assignment.cut.Subject$GameConfiguration: int[] countPiecesPerPlayer()>	$stack7 = this.<comp5111.assignment.cut.Subject$GameConfiguration: comp5111.assignment.cut.Subject$GamePlayer[][] initialBoard>	1222
<comp5111.assignment.cut.Subject$GameConfiguration: int[] countPiecesPerPlayer()> ::: 7	<comp5111.assignment.cut.Subject$GameConfiguration: int[] countPiecesPerPlayer()>	$stack8 = $stack7[x]	1222
<comp5111.assignment.cut.Subject$GameConfiguration: int[] countPiecesPerPlayer()> ::: 8	<comp5111.assignment.cut.Subject$GameConfiguration: int[] countPiecesPerPlayer()>	p = $stack8[y]	1222
<comp5111.assignment.cut.Subject$GameConfiguration: int[] countPiecesPerPlayer()> ::: 9	<comp5111.assignment.cut.Subject$GameConfiguration: int[] countPiecesPerPlayer()>	if p == null goto y = y + 1	1223
<comp5111.assignment.cut.Subject$GameConfiguration: int[] countPiecesPerPlayer()> ::: 10	<comp5111.assignment.cut.Subject$GameConfiguration: int[] countPiecesPerPlayer()>	$stack11 = this.<comp5111.assignment.cut.Subject$GameConfiguration: comp5111.assignment.cut.Subject$GamePlayer[] players>	1224
<comp5111.assignment.cut.Subject$GameConfiguration: int[] countPiecesPerPlayer()> ::: 11	<comp5111.assignment.cut.Subject$GameConfiguration: int[] countPiecesPerPlayer()>	$stack12 = $stack11[0]	1224
<comp5111.assignment.cut.Subject$GameConfiguration: int[] countPiecesPerPlayer()> ::: 12	<comp5111.assignment.cut.Subject$GameConfiguration: int[] countPiecesPerPlayer()>	$stack13 = virtualinvoke p.<comp5111.assignment.cut.Subject$GamePlayer: boolean equals(java.lang.Object)>($stack12)	1224
<comp5111.assignment.cut.Subject$GameConfiguration: int[] countPiecesPerPlayer()> ::: 13	<comp5111.assignment.cut.Subject$GameConfiguration: int[] countPiecesPerPlayer()>	if $stack13 == 0 goto $stack14 = this.<comp5111.assignment.cut.Subject$GameConfiguration: comp5111.assignment.cut.Subject$GamePlayer[] players>	1224
<comp5111.assignment.cut.Subject$GameConfiguration: int[] countPiecesPerPlayer()> ::: 14	<comp5111.assignment.cut.Subject$GameConfiguration: int[] countPiecesPerPlayer()>	$stack19 = counts[0]	1225
<comp5111.assignment.cut.Subject$GameConfiguration: int[] countPiecesPerPlayer()> ::: 15	<comp5111.assignment.cut.Subject$GameConfiguration: int[] countPiecesPerPlayer()>	$stack20 = $stack19 + 1	1225
<comp5111.assignment.cut.Subject$GameConfiguration: int[] countPiecesPerPlayer()> ::: 16	<comp5111.assignment.cut.Subject$GameConfiguration: int[] countPiecesPerPlayer()>	counts[0] = $stack20	1225
<comp5111.assignment.cut.Subject$GameConfiguration: int[] countPiecesPerPlayer()> ::: 17	<comp5111.assignment.cut.Subject$GameConfiguration: int[] countPiecesPerPlayer()>	goto [?= y = y + 1]	1226
<comp5111.assignment.cut.Subject$GameConfiguration: int[] countPiecesPerPlayer()> ::: 18	<comp5111.assignment.cut.Subject$GameConfiguration: int[] countPiecesPerPlayer()>	$stack14 = this.<comp5111.assignment.cut.Subject$GameConfiguration: comp5111.assignment.cut.Subject$GamePlayer[] players>	1224
<comp5111.assignment.cut.Subject$GameConfiguration: int[] countPiecesPerPlayer()> ::: 19	<comp5111.assignment.cut.Subject$GameConfiguration: int[] countPiecesPerPlayer()>	$stack15 = $stack14[1]	1224
<comp5111.assignment.cut.Subject$GameConfiguration: int[] countPiecesPerPlayer()> ::: 20	<comp5111.assignment.cut.Subject$GameConfiguration: int[] countPiecesPerPlayer()>	$stack16 = virtualinvoke p.<comp5111.assignment.cut.Subject$GamePlayer: boolean equals(java.lang.Object)>($stack15)	1224
<comp5111.assignment.cut.Subject$GameConfiguration: int[] countPiecesPerPlayer()> ::: 21	<comp5111.assignment.cut.Subject$GameConfiguration: int[] countPiecesPerPlayer()>	if $stack16 == 0 goto y = y + 1	1224
<comp5111.assignment.cut.Subject$GameConfiguration: int[] countPiecesPerPlayer()> ::: 22	<comp5111.assignment.cut.Subject$GameConfiguration: int[] countPiecesPerPlayer()>	$stack17 = counts[1]	1227
<comp5111.assignment.cut.Subject$GameConfiguration: int[] countPiecesPerPlayer()> ::: 23	<comp5111.assignment.cut.Subject$GameConfiguration: int[] countPiecesPerPlayer()>	$stack18 = $stack17 + 1	1227
<comp5111.assignment.cut.Subject$GameConfiguration: int[] countPiecesPerPlayer()> ::: 24	<comp5111.assignment.cut.Subject$GameConfiguration: int[] countPiecesPerPlayer()>	counts[1] = $stack18	1227
<comp5111.assignment.cut.Subject$GameConfiguration: int[] countPiecesPerPlayer()> ::: 25	<comp5111.assignment.cut.Subject$GameConfiguration: int[] countPiecesPerPlayer()>	y = y + 1	1221
<comp5111.assignment.cut.Subject$GameConfiguration: int[] countPiecesPerPlayer()> ::: 26	<comp5111.assignment.cut.Subject$GameConfiguration: int[] countPiecesPerPlayer()>	$stack6 = this.<comp5111.assignment.cut.Subject$GameConfiguration: int size>	1221
<comp5111.assignment.cut.Subject$GameConfiguration: int[] countPiecesPerPlayer()> ::: 27	<comp5111.assignment.cut.Subject$GameConfiguration: int[] countPiecesPerPlayer()>	if y < $stack6 goto staticinvoke <comp5111.assignment.CoverageRuntime: void hit(java.lang.String)>("<comp5111.assignment.cut.Subject$GameConfiguration: int[] countPiecesPerPlayer()> ::: 6")	1221
<comp5111.assignment.cut.Subject$GameConfiguration: int[] countPiecesPerPlayer()> ::: 28	<comp5111.assignment.cut.Subject$GameConfiguration: int[] countPiecesPerPlayer()>	x = x + 1	1220
<comp5111.assignment.cut.Subject$GameConfiguration: int[] countPiecesPerPlayer()> ::: 29	<comp5111.assignment.cut.Subject$GameConfiguration: int[] countPiecesPerPlayer()>	$stack5 = this.<comp5111.assignment.cut.Subject$GameConfiguration: int size>	1220
<comp5111.assignment.cut.Subject$GameConfiguration: int[] countPiecesPerPlayer()> ::: 30	<comp5111.assignment.cut.Subject$GameConfiguration: int[] countPiecesPerPlayer()>	if x < $stack5 goto staticinvoke <comp5111.assignment.CoverageRuntime: void hit(java.lang.String)>("<comp5111.assignment.cut.Subject$GameConfiguration: int[] countPiecesPerPlayer()> ::: 4")	1220
<comp5111.assignment.cut.Subject$GameConfiguration: int[] countPiecesPerPlayer()> ::: 31	<comp5111.assignment.cut.Subject$GameConfiguration: int[] countPiecesPerPlayer()>	return counts	1232
<comp5111.assignment.cut.Subject$GameConfiguration: boolean isBoardSymmetric()> ::: 1	<comp5111.assignment.cut.Subject$GameConfiguration: boolean isBoardSymmetric()>	x = 0	1241
<comp5111.assignment.cut.Subject$GameConfiguration: boolean isBoardSymmetric()> ::: 2	<comp5111.assignment.cut.Subject$GameConfiguration: boolean isBoardSymmetric()>	goto [?= $stack5 = this.<comp5111.assignment.cut.Subject$GameConfiguration: int size>]	1241
<comp5111.assignment.cut.Subject$GameConfiguration: boolean isBoardSymmetric()> ::: 3	<comp5111.assignment.cut.Subject$GameConfiguration: boolean isBoardSymmetric()>	y = 0	1242
<comp5111.assignment.cut.Subject$GameConfiguration: boolean isBoardSymmetric()> ::: 4	<comp5111.assignment.cut.Subject$GameConfiguration: boolean isBoardSymmetric()>	goto [?= $stack6 = this.<comp5111.assignment.cut.Subject$GameConfiguration: int size>]	1242
<comp5111.assignment.cut.Subject$GameConfiguration: boolean isBoardSymmetric()> ::: 5	<comp5111.assignment.cut.Subject$GameConfiguration: boolean isBoardSymmetric()>	$stack7 = this.<comp5111.assignment.cut.Subject$GameConfiguration: comp5111.assignment.cut.Subject$GamePlayer[][] initialBoard>	1243
<comp5111.assignment.cut.Subject$GameConfiguration: boolean isBoardSymmetric()> ::: 6	<comp5111.assignment.cut.Subject$GameConfiguration: boolean isBoardSymmetric()>	$stack8 = $stack7[x]	1243
<comp5111.assignment.cut.Subject$GameConfiguration: boolean isBoardSymmetric()> ::: 7	<comp5111.assignment.cut.Subject$GameConfiguration: boolean isBoardSymmetric()>	a = $stack8[y]	1243
<comp5111.assignment.cut.Subject$GameConfiguration: boolean isBoardSymmetric()> ::: 8	<comp5111.assignment.cut.Subject$GameConfiguration: boolean isBoardSymmetric()>	$stack9 = this.<comp5111.assignment.cut.Subject$GameConfiguration: comp5111.assignment.cut.Subject$GamePlayer[][] initialBoard>	1244
<comp5111.assignment.cut.Subject$GameConfiguration: boolean isBoardSymmetric()> ::: 9	<comp5111.assignment.cut.Subject$GameConfiguration: boolean isBoardSymmetric()>	$stack10 = $stack9[y]	1244
<comp5111.assignment.cut.Subject$GameConfiguration: boolean isBoardSymmetric()> ::: 10	<comp5111.assignment.cut.Subject$GameConfiguration: boolean isBoardSymmetric()>	b = $stack10[x]	1244
<comp5111.assignment.cut.Subject$GameConfiguration: boolean isBoardSymmetric()> ::: 11	<comp5111.assignment.cut.Subject$GameConfiguration: boolean isBoardSymmetric()>	if a != null goto (branch)	1245
<comp5111.assignment.cut.Subject$GameConfiguration: boolean isBoardSymmetric()> ::: 12	<comp5111.assignment.cut.Subject$GameConfiguration: boolean isBoardSymmetric()>	if b == null goto (branch)	1245
<comp5111.assignment.cut.Subject$GameConfiguration: boolean isBoardSymmetric()> ::: 13	<comp5111.assignment.cut.Subject$GameConfiguration: boolean isBoardSymmetric()>	return 0	1246
<comp5111.assignment.cut.Subject$GameConfiguration: boolean isBoardSymmetric()> ::: 14	<comp5111.assignment.cut.Subject$GameConfiguration: boolean isBoardSymmetric()>	if a == null goto y = y + 1	1247
<comp5111.assignment.cut.Subject$GameConfiguration: boolean isBoardSymmetric()> ::: 15	<comp5111.assignment.cut.Subject$GameConfiguration: boolean isBoardSymmetric()>	$stack13 = virtualinvoke a.<comp5111.assignment.cut.Subject$GamePlayer: boolean equals(java.lang.Object)>(b)	1247
<comp5111.assignment.cut.Subject$GameConfiguration: boolean isBoardSymmetric()> ::: 16	<comp5111.assignment.cut.Subject$GameConfiguration: boolean isBoardSymmetric()>	if $stack13 != 0 goto y = y + 1	1247
<comp5111.assignment.cut.Subject$GameConfiguration: boolean isBoardSymmetric()> ::: 17	<comp5111.assignment.cut.Subject$GameConfiguration: boolean isBoardSymmetric()>	return 0	1248
<comp5111.assignment.cut.Subject$GameConfiguration: boolean isBoardSymmetric()> ::: 18	<comp5111.assignment.cut.Subject$GameConfiguration: boolean isBoardSymmetric()>	y = y + 1	1242
<comp5111.assignment.cut.Subject$GameConfiguration: boolean isBoardSymmetric()> ::: 19	<comp5111.assignment.cut.Subject$GameConfiguration: boolean isBoardSymmetric()>	$stack6 = this.<comp5111.assignment.cut.Subject$GameConfiguration: int size>	1242
<comp5111.assignment.cut.Subject$GameConfiguration: boolean isBoardSymmetric()> ::: 20	<comp5111.assignment.cut.Subject$GameConfiguration: boolean isBoardSymmetric()>	if y < $stack6 goto staticinvoke <comp5111.assignment.CoverageRuntime: void hit(java.lang.String)>("<comp5111.assignment.cut.Subject$GameConfiguration: boolean isBoardSymmetric()> ::: 5")	1242
<comp5111.assignment.cut.Subject$GameConfiguration: boolean isBoardSymmetric()> ::: 21	<comp5111.assignment.cut.Subject$GameConfiguration: boolean isBoardSymmetric()>	x = x + 1	1241
<comp5111.assignment.cut.Subject$GameConfiguration: boolean isBoardSymmetric()> ::: 22	<comp5111.assignment.cut.Subject$GameConfiguration: boolean isBoardSymmetric()>	$stack5 = this.<comp5111.assignment.cut.Subject$GameConfiguration: int size>	1241
<comp5111.assignment.cut.Subject$GameConfiguration: boolean isBoardSymmetric()> ::: 23	<comp5111.assignment.cut.Subject$GameConfiguration: boolean isBoardSymmetric()>	if x < $stack5 goto staticinvoke <comp5111.assignment.CoverageRuntime: void hit(java.lang.String)>("<comp5111.assignment.cut.Subject$GameConfiguration: boolean isBoardSymmetric()> ::: 3")	1241
<comp5111.assignment.cut.Subject$GameConfiguration: boolean isBoardSymmetric()> ::: 24	<comp5111.assignment.cut.Subject$GameConfiguration: boolean isBoardSymmetric()>	return 1	1251
<comp5111.assignment.cut.Subject$GameConfiguration: java.util.List getPlacesOfPlayer(comp5111.assignment.cut.Subject$GamePlayer)> ::: 2	<comp5111.assignment.cut.Subject$GameConfiguration: java.util.List getPlacesOfPlayer(comp5111.assignment.cut.Subject$GamePlayer)>	$stack5 = new java.util.ArrayList	1261
<comp5111.assignment.cut.Subject$GameConfiguration: java.util.List getPlacesOfPlayer(comp5111.assignment.cut.Subject$GamePlayer)> ::: 3	<comp5111.assignment.cut.Subject$GameConfiguration: java.util.List getPlacesOfPlayer(comp5111.assignment.cut.Subject$GamePlayer)>	specialinvoke $stack5.<java.util.ArrayList: void <init>()>()	1261
<comp5111.assignment.cut.Subject$GameConfiguration: java.util.List getPlacesOfPlayer(comp5111.assignment.cut.Subject$GamePlayer)> ::: 4	<comp5111.assignment.cut.Subject$GameConfiguration: java.util.List getPlacesOfPlayer(comp5111.assignment.cut.Subject$GamePlayer)>	places = $stack5	1261
<comp5111.assignment.cut.Subject$GameConfiguration: java.util.List getPlacesOfPlayer(comp5111.assignment.cut.Subject$GamePlayer)> ::: 5	<comp5111.assignment.cut.Subject$GameConfiguration: java.util.List getPlacesOfPlayer(comp5111.assignment.cut.Subject$GamePlayer)>	x = 0	1262
<comp5111.assignment.cut.Subject$GameConfiguration: java.util.List getPlacesOfPlayer(comp5111.assignment.cut.Subject$GamePlayer)> ::: 6	<comp5111.assignment.cut.Subject$GameConfiguration: java.util.List getPlacesOfPlayer(comp5111.assignment.cut.Subject$GamePlayer)>	goto [?= $stack6 = this.<comp5111.assignment.cut.Subject$GameConfiguration: int size>]	1262
<comp5111.assignment.cut.Subject$GameConfiguration: java.util.List getPlacesOfPlayer(comp5111.assignment.cut.Subject$GamePlayer)> ::: 7	<comp5111.assignment.cut.Subject$GameConfiguration: java.util.List getPlacesOfPlayer(comp5111.assignment.cut.Subject$GamePlayer)>	y = 0	1263
<comp5111.assignment.cut.Subject$GameConfiguration: java.util.List getPlacesOfPlayer(comp5111.assignment.cut.Subject$GamePlayer)> ::: 8	<comp5111.assignment.cut.Subject$GameConfiguration: java.util.List getPlacesOfPlayer(comp5111.assignment.cut.Subject$GamePlayer)>	goto [?= $stack7 = this.<comp5111.assignment.cut.Subject$GameConfiguration: int size>]	1263
<comp5111.assignment.cut.Subject$GameConfiguration: java.util.List getPlacesOfPlayer(comp5111.assignment.cut.Subject$GamePlayer)> ::: 9	<comp5111.assignment.cut.Subject$GameConfiguration: java.util.List getPlacesOfPlayer(comp5111.assignment.cut.Subject$GamePlayer)>	$stack8 = this.<comp5111.assignment.cut.Subject$GameConfiguration: comp5111.assignment.cut.Subject$GamePlayer[][] initialBoard>	1264
<comp5111.assignment.cut.Subject$GameConfiguration: java.util.List getPlacesOfPlayer(comp5111.assignment.cut.Subject$GamePlayer)> ::: 10	<comp5111.assignment.cut.Subject$GameConfiguration: java.util.List getPlacesOfPlayer(comp5111.assignment.cut.Subject$GamePlayer)>	$stack9 = $stack8[x]	1264
<comp5111.assignment.cut.Subject$GameConfiguration: java.util.List getPlacesOfPlayer(comp5111.assignment.cut.Subject$GamePlayer)> ::: 11	<comp5111.assignment.cut.Subject$GameConfiguration: java.util.List getPlacesOfPlayer(comp5111.assignment.cut.Subject$GamePlayer)>	$stack10 = $stack9[y]	1264
<comp5111.assignment.cut.Subject$GameConfiguration: java.util.List getPlacesOfPlayer(comp5111.assignment.cut.Subject$GamePlayer)> ::: 12	<comp5111.assignment.cut.Subject$GameConfiguration: java.util.List getPlacesOfPlayer(comp5111.assignment.cut.Subject$GamePlayer)>	if $stack10 == null goto y = y + 1	1264
<comp5111.assignment.cut.Subject$GameConfiguration: java.util.List getPlacesOfPlayer(comp5111.assignment.cut.Subject$GamePlayer)> ::: 13	<comp5111.assignment.cut.Subject$GameConfiguration: java.util.List getPlacesOfPlayer(comp5111.assignment.cut.Subject$GamePlayer)>	$stack13 = this.<comp5111.assignment.cut.Subject$GameConfiguration: comp5111.assignment.cut.Subject$GamePlayer[][] initialBoard>	1264
<comp5111.assignment.cut.Subject$GameConfiguration: java.util.List getPlacesOfPlayer(comp5111.assignment.cut.Subject$GamePlayer)> ::: 14	<comp5111.assignment.cut.Subject$GameConfiguration: java.util.List getPlacesOfPlayer(comp5111.assignment.cut.Subject$GamePlayer)>	$stack14 = $stack13[x]	1264
<comp5111.assignment.cut.Subject$GameConfiguration: java.util.List getPlacesOfPlayer(comp5111.assignment.cut.Subject$GamePlayer)> ::: 15	<comp5111.assignment.cut.Subject$GameConfiguration: java.util.List getPlacesOfPlayer(comp5111.assignment.cut.Subject$GamePlayer)>	$stack15 = $stack14[y]	1264
<comp5111.assignment.cut.Subject$GameConfiguration: java.util.List getPlacesOfPlayer(comp5111.assignment.cut.Subject$GamePlayer)> ::: 16	<comp5111.assignment.cut.Subject$GameConfiguration: java.util.List getPlacesOfPlayer(comp5111.assignment.cut.Subject$GamePlayer)>	$stack16 = virtualinvoke $stack15.<comp5111.assignment.cut.Subject$GamePlayer: boolean equals(java.lang.Object)>(player)	1264
<comp5111.assignment.cut.Subject$GameConfiguration: java.util.List getPlacesOfPlayer(comp5111.assignment.cut.Subject$GamePlayer)> ::: 17	<comp5111.assignment.cut.Subject$GameConfiguration: java.util.List getPlacesOfPlayer(comp5111.assignment.cut.Subject$GamePlayer)>	if $stack16 == 0 goto y = y + 1	1264
<comp5111.assignment.cut.Subject$GameConfiguration: java.util.List getPlacesOfPlayer(comp5111.assignment.cut.Subject$GamePlayer)> ::: 18	<comp5111.assignment.cut.Subject$GameConfiguration: java.util.List getPlacesOfPlayer(comp5111.assignment.cut.Subject$GamePlayer)>	$stack17 = new comp5111.assignment.cut.Subject$GamePlace	1265
<comp5111.assignment.cut.Subject$GameConfiguration: java.util.List getPlacesOfPlayer(comp5111.assignment.cut.Subject$GamePlayer)> ::: 19	<comp5111.assignment.cut.Subject$GameConfiguration: java.util.List getPlacesOfPlayer(comp5111.assignment.cut.Subject$GamePlayer)>	$stack18 = this.<comp5111.assignment.cut.Subject$GameConfiguration: comp5111.assignment.cut.Subject this$0>	1265
<comp5111.assignment.cut.Subject$GameConfiguration: java.util.List getPlacesOfPlayer(comp5111.assignment.cut.Subject$GamePlayer)> ::: 20	<comp5111.assignment.cut.Subject$GameConfiguration: java.util.List getPlacesOfPlayer(comp5111.assignment.cut.Subject$GamePlayer)>	specialinvoke $stack17.<comp5111.assignment.cut.Subject$GamePlace: void <init>(comp5111.assignment.cut.Subject,int,int)>($stack18, x, y)	1265
<comp5111.assignment.cut.Subject$GameConfiguration: java.util.List getPlacesOfPlayer(comp5111.assignment.cut.Subject$GamePlayer)> ::: 21	<comp5111.assignment.cut.Subject$GameConfiguration: java.util.List getPlacesOfPlayer(comp5111.assignment.cut.Subject$GamePlayer)>	interfaceinvoke places.<java.util.List: boolean add(java.lang.Object)>($stack17)	1265
<comp5111.assignment.cut.Subject$GameConfiguration: java.util.List getPlacesOfPlayer(comp5111.assignment.cut.Subject$GamePlayer)> ::: 22	<comp5111.assignment.cut.Subject$GameConfiguration: java.util.List getPlacesOfPlayer(comp5111.assignment.cut.Subject$GamePlayer)>	y = y + 1	1263
<comp5111.assignment.cut.Subject$GameConfiguration: java.util.List getPlacesOfPlayer(comp5111.assignment.cut.Subject$GamePlayer)> ::: 23	<comp5111.assignment.cut.Subject$GameConfiguration: java.util.List getPlacesOfPlayer(comp5111.assignment.cut.Subject$GamePlayer)>	$stack7 = this.<comp5111.assignment.cut.Subject$GameConfiguration: int size>	1263
<comp5111.assignment.cut.Subject$GameConfiguration: java.util.List getPlacesOfPlayer(comp5111.assignment.cut.Subject$GamePlayer)> ::: 24	<comp5111.assignment.cut.Subject$GameConfiguration: java.util.List getPlacesOfPlayer(comp5111.assignment.cut.Subject$GamePlayer)>	if y < $stack7 goto staticinvoke <comp5111.assignment.CoverageRuntime: void hit(java.lang.String)>("<comp5111.assignment.cut.Subject$GameConfiguration: java.util.List getPlacesOfPlayer(comp5111.assignment.cut.Subject$GamePlayer)> ::: 9")	1263
<comp5111.assignment.cut.Subject$GameConfiguration: java.util.List getPlacesOfPlayer(comp5111.assignment.cut.Subject$GamePlayer)> ::: 25	<comp5111.assignment.cut.Subject$GameConfiguration: java.util.List getPlacesOfPlayer(comp5111.assignment.cut.Subject$GamePlayer)>	x = x + 1	1262
<comp5111.assignment.cut.Subject$GameConfiguration: java.util.List getPlacesOfPlayer(comp5111.assignment.cut.Subject$GamePlayer)> ::: 26	<comp5111.assignment.cut.Subject$GameConfiguration: java.util.List getPlacesOfPlayer(comp5111.assignment.cut.Subject$GamePlayer)>	$stack6 = this.<comp5111.assignment.cut.Subject$GameConfiguration: int size>	1262
<comp5111.assignment.cut.Subject$GameConfiguration: java.util.List getPlacesOfPlayer(comp5111.assignment.cut.Subject$GamePlayer)> ::: 27	<comp5111.assignment.cut.Subject$GameConfiguration: java.util.List getPlacesOfPlayer(comp5111.assignment.cut.Subject$GamePlayer)>	if x < $stack6 goto staticinvoke <comp5111.assignment.CoverageRuntime: void hit(java.lang.String)>("<comp5111.assignment.cut.Subject$GameConfiguration: java.util.List getPlacesOfPlayer(comp5111.assignment.cut.Subject$GamePlayer)> ::: 7")	1262
<comp5111.assignment.cut.Subject$GameConfiguration: java.util.List getPlacesOfPlayer(comp5111.assignment.cut.Subject$GamePlayer)> ::: 28	<comp5111.assignment.cut.Subject$GameConfiguration: java.util.List getPlacesOfPlayer(comp5111.assignment.cut.Subject$GamePlayer)>	return places	1269
<comp5111.assignment.cut.Subject$GameConfiguration: boolean isBoardFull()> ::: 1	<comp5111.assignment.cut.Subject$GameConfiguration: boolean isBoardFull()>	x = 0	1279
<comp5111.assignment.cut.Subject$GameConfiguration: boolean isBoardFull()> ::: 2	<comp5111.assignment.cut.Subject$GameConfiguration: boolean isBoardFull()>	goto [?= $stack3 = this.<comp5111.assignment.cut.Subject$GameConfiguration: int size>]	1279
<comp5111.assignment.cut.Subject$GameConfiguration: boolean isBoardFull()> ::: 3	<comp5111.assignment.cut.Subject$GameConfiguration: boolean isBoardFull()>	y = 0	1280
<comp5111.assignment.cut.Subject$GameConfiguration: boolean isBoardFull()> ::: 4	<comp5111.assignment.cut.Subject$GameConfiguration: boolean isBoardFull()>	goto [?= $stack4 = this.<comp5111.assignment.cut.Subject$GameConfiguration: int size>]	1280
<comp5111.assignment.cut.Subject$GameConfiguration: boolean isBoardFull()> ::: 5	<comp5111.assignment.cut.Subject$GameConfiguration: boolean isBoardFull()>	$stack5 = this.<comp5111.assignment.cut.Subject$GameConfiguration: comp5111.assignment.cut.Subject$GamePlace centralPlace>	1281
<comp5111.assignment.cut.Subject$GameConfiguration: boolean isBoardFull()> ::: 6	<comp5111.assignment.cut.Subject$GameConfiguration: boolean isBoardFull()>	$stack6 = virtualinvoke $stack5.<comp5111.assignment.cut.Subject$GamePlace: int x()>()	1281
<comp5111.assignment.cut.Subject$GameConfiguration: boolean isBoardFull()> ::: 7	<comp5111.assignment.cut.Subject$GameConfiguration: boolean isBoardFull()>	if x != $stack6 goto $stack7 = this.<comp5111.assignment.cut.Subject$GameConfiguration: comp5111.assignment.cut.Subject$GamePlayer[][] initialBoard>	1281
<comp5111.assignment.cut.Subject$GameConfiguration: boolean isBoardFull()> ::: 8	<comp5111.assignment.cut.Subject$GameConfiguration: boolean isBoardFull()>	$stack12 = this.<comp5111.assignment.cut.Subject$GameConfiguration: comp5111.assignment.cut.Subject$GamePlace centralPlace>	1281
<comp5111.assignment.cut.Subject$GameConfiguration: boolean isBoardFull()> ::: 9	<comp5111.assignment.cut.Subject$GameConfiguration: boolean isBoardFull()>	$stack13 = virtualinvoke $stack12.<comp5111.assignment.cut.Subject$GamePlace: int y()>()	1281
<comp5111.assignment.cut.Subject$GameConfiguration: boolean isBoardFull()> ::: 10	<comp5111.assignment.cut.Subject$GameConfiguration: boolean isBoardFull()>	if y == $stack13 goto y = y + 1	1281
<comp5111.assignment.cut.Subject$GameConfiguration: boolean isBoardFull()> ::: 11	<comp5111.assignment.cut.Subject$GameConfiguration: boolean isBoardFull()>	$stack7 = this.<comp5111.assignment.cut.Subject$GameConfiguration: comp5111.assignment.cut.Subject$GamePlayer[][] initialBoard>	1281
<comp5111.assignment.cut.Subject$GameConfiguration: boolean isBoardFull()> ::: 12	<comp5111.assignment.cut.Subject$GameConfiguration: boolean isBoardFull()>	$stack8 = $stack7[x]	1281
<comp5111.assignment.cut.Subject$GameConfiguration: boolean isBoardFull()> ::: 13	<comp5111.assignment.cut.Subject$GameConfiguration: boolean isBoardFull()>	$stack9 = $stack8[y]	1281
<comp5111.assignment.cut.Subject$GameConfiguration: boolean isBoardFull()> ::: 14	<comp5111.assignment.cut.Subject$GameConfiguration: boolean isBoardFull()>	if $stack9 != null goto y = y + 1	1281
<comp5111.assignment.cut.Subject$GameConfiguration: boolean isBoardFull()> ::: 15	<comp5111.assignment.cut.Subject$GameConfiguration: boolean isBoardFull()>	return 0	1282
<comp5111.assignment.cut.Subject$GameConfiguration: boolean isBoardFull()> ::: 16	<comp5111.assignment.cut.Subject$GameConfiguration: boolean isBoardFull()>	y = y + 1	1280
<comp5111.assignment.cut.Subject$GameConfiguration: boolean isBoardFull()> ::: 17	<comp5111.assignment.cut.Subject$GameConfiguration: boolean isBoardFull()>	$stack4 = this.<comp5111.assignment.cut.Subject$GameConfiguration: int size>	1280
<comp5111.assignment.cut.Subject$GameConfiguration: boolean isBoardFull()> ::: 18	<comp5111.assignment.cut.Subject$GameConfiguration: boolean isBoardFull()>	if y < $stack4 goto staticinvoke <comp5111.assignment.CoverageRuntime: void hit(java.lang.String)>("<comp5111.assignment.cut.Subject$GameConfiguration: boolean isBoardFull()> ::: 5")	1280
<comp5111.assignment.cut.Subject$GameConfiguration: boolean isBoardFull()> ::: 19	<comp5111.assignment.cut.Subject$GameConfiguration: boolean isBoardFull()>	x = x + 1	1279
<comp5111.assignment.cut.Subject$GameConfiguration: boolean isBoardFull()> ::: 20	<comp5111.assignment.cut.Subject$GameConfiguration: boolean isBoardFull()>	$stack3 = this.<comp5111.assignment.cut.Subject$GameConfiguration: int size>	1279
<comp5111.assignment.cut.Subject$GameConfiguration: boolean isBoardFull()> ::: 21	<comp5111.assignment.cut.Subject$GameConfiguration: boolean isBoardFull()>	if x < $stack3 goto staticinvoke <comp5111.assignment.CoverageRuntime: void hit(java.lang.String)>("<comp5111.assignment.cut.Subject$GameConfiguration: boolean isBoardFull()> ::: 3")	1279
<comp5111.assignment.cut.Subject$GameConfiguration: boolean isBoardFull()> ::: 22	<comp5111.assignment.cut.Subject$GameConfiguration: boolean isBoardFull()>	return 1	1286
<comp5111.assignment.cut.Subject$GameConfiguration: void clearInitialBoard()> ::: 1	<comp5111.assignment.cut.Subject$GameConfiguration: void clearInitialBoard()>	x = 0	1294
<comp5111.assignment.cut.Subject$GameConfiguration: void clearInitialBoard()> ::: 2	<comp5111.assignment.cut.Subject$GameConfiguration: void clearInitialBoard()>	goto [?= $stack3 = this.<comp5111.assignment.cut.Subject$GameConfiguration: int size>]	1294
<comp5111.assignment.cut.Subject$GameConfiguration: void clearInitialBoard()> ::: 3	<comp5111.assignment.cut.Subject$GameConfiguration: void clearInitialBoard()>	y = 0	1295
<comp5111.assignment.cut.Subject$GameConfiguration: void clearInitialBoard()> ::: 4	<comp5111.assignment.cut.Subject$GameConfiguration: void clearInitialBoard()>	goto [?= $stack4 = this.<comp5111.assignment.cut.Subject$GameConfiguration: int size>]	1295
<comp5111.assignment.cut.Subject$GameConfiguration: void clearInitialBoard()> ::: 5	<comp5111.assignment.cut.Subject$GameConfiguration: void clearInitialBoard()>	$stack5 = this.<comp5111.assignment.cut.Subject$GameConfiguration: comp5111.assignment.cut.Subject$GamePlayer[][] initialBoard>	1296
<comp5111.assignment.cut.Subject$GameConfiguration: void clearInitialBoard()> ::: 6	<comp5111.assignment.cut.Subject$GameConfiguration: void clearInitialBoard()>	$stack6 = $stack5[x]	1296
<comp5111.assignment.cut.Subject$GameConfiguration: void clearInitialBoard()> ::: 7	<comp5111.assignment.cut.Subject$GameConfiguration: void clearInitialBoard()>	$stack6[y] = null	1296
<comp5111.assignment.cut.Subject$GameConfiguration: void clearInitialBoard()> ::: 8	<comp5111.assignment.cut.Subject$GameConfiguration: void clearInitialBoard()>	y = y + 1	1295
<comp5111.assignment.cut.Subject$GameConfiguration: void clearInitialBoard()> ::: 9	<comp5111.assignment.cut.Subject$GameConfiguration: void clearInitialBoard()>	$stack4 = this.<comp5111.assignment.cut.Subject$GameConfiguration: int size>	1295
<comp5111.assignment.cut.Subject$GameConfiguration: void clearInitialBoard()> ::: 10	<comp5111.assignment.cut.Subject$GameConfiguration: void clearInitialBoard()>	if y < $stack4 goto staticinvoke <comp5111.assignment.CoverageRuntime: void hit(java.lang.String)>("<comp5111.assignment.cut.Subject$GameConfiguration: void clearInitialBoard()> ::: 5")	1295
<comp5111.assignment.cut.Subject$GameConfiguration: void clearInitialBoard()> ::: 11	<comp5111.assignment.cut.Subject$GameConfiguration: void clearInitialBoard()>	x = x + 1	1294
<comp5111.assignment.cut.Subject$GameConfiguration: void clearInitialBoard()> ::: 12	<comp5111.assignment.cut.Subject$GameConfiguration: void clearInitialBoard()>	$stack3 = this.<comp5111.assignment.cut.Subject$GameConfiguration: int size>	1294
<comp5111.assignment.cut.Subject$GameConfiguration: void clearInitialBoard()> ::: 13	<comp5111.assignment.cut.Subject$GameConfiguration: void clearInitialBoard()>	if x < $stack3 goto staticinvoke <comp5111.assignment.CoverageRuntime: void hit(java.lang.String)>("<comp5111.assignment.cut.Subject$GameConfiguration: void clearInitialBoard()> ::: 3")	1294
<comp5111.assignment.cut.Subject$GameConfiguration: void clearInitialBoard()> ::: 14	<comp5111.assignment.cut.Subject$GameConfiguration: void clearInitialBoard()>	return	1299
<comp5111.assignment.cut.Subject$GameConfiguration: java.lang.Object clone()> ::: 1	<comp5111.assignment.cut.Subject$GameConfiguration: java.lang.Object clone()>	$stack1 = virtualinvoke l0.<comp5111.assignment.cut.Subject$GameConfiguration: comp5111.assignment.cut.Subject$GameConfiguration clone()>()	1
<comp5111.assignment.cut.Subject$GameConfiguration: java.lang.Object clone()> ::: 2	<comp5111.assignment.cut.Subject$GameConfiguration: java.lang.Object clone()>	return $stack1	1
<comp5111.assignment.cut.Subject$GamePlace: void <init>(comp5111.assignment.cut.Subject,int,int)> ::: 4	<comp5111.assignment.cut.Subject$GamePlace: void <init>(comp5111.assignment.cut.Subject,int,int)>	this.<comp5111.assignment.cut.Subject$GamePlace: comp5111.assignment.cut.Subject this$0> = l1	900
<comp5111.assignment.cut.Subject$GamePlace: void <init>(comp5111.assignment.cut.Subject,int,int)> ::: 5	<comp5111.assignment.cut.Subject$GamePlace: void <init>(comp5111.assignment.cut.Subject,int,int)>	specialinvoke this.<java.lang.Object: void <init>()>()	900
<comp5111.assignment.cut.Subject$GamePlace: void <init>(comp5111.assignment.cut.Subject,int,int)> ::: 6	<comp5111.assignment.cut.Subject$GamePlace: void <init>(comp5111.assignment.cut.Subject,int,int)>	this.<comp5111.assignment.cut.Subject$GamePlace: int y> = y	901
<comp5111.assignment.cut.Subject$GamePlace: void <init>(comp5111.assignment.cut.Subject,int,int)> ::: 7	<comp5111.assignment.cut.Subject$GamePlace: void <init>(comp5111.assignment.cut.Subject,int,int)>	this.<comp5111.assignment.cut.Subject$GamePlace: int x> = x	902
<comp5111.assignment.cut.Subject$GamePlace: void <init>(comp5111.assignment.cut.Subject,int,int)> ::: 8	<comp5111.assignment.cut.Subject$GamePlace: void <init>(comp5111.assignment.cut.Subject,int,int)>	return	903
<comp5111.assignment.cut.Subject$GamePlace: void y(int)> ::: 2	<comp5111.assignment.cut.Subject$GamePlace: void y(int)>	this.<comp5111.assignment.cut.Subject$GamePlace: int y> = y	911
<comp5111.assignment.cut.Subject$GamePlace: void y(int)> ::: 3	<comp5111.assignment.cut.Subject$GamePlace: void y(int)>	return	912
<comp5111.assignment.cut.Subject$GamePlace: int y()> ::: 1	<comp5111.assignment.cut.Subject$GamePlace: int y()>	$stack1 = this.<comp5111.assignment.cut.Subject$GamePlace: int y>	920
<comp5111.assignment.cut.Subject$GamePlace: int y()> ::: 2	<comp5111.assignment.cut.Subject$GamePlace: int y()>	return $stack1	920
<comp5111.assignment.cut.Subject$GamePlace: void x(int)> ::: 2	<comp5111.assignment.cut.Subject$GamePlace: void x(int)>	this.<comp5111.assignment.cut.Subject$GamePlace: int x> = x	929
<comp5111.assignment.cut.Subject$GamePlace: void x(int)> ::: 3	<comp5111.assignment.cut.Subject$GamePlace: void x(int)>	return	930
<comp5111.assignment.cut.Subject$GamePlace: int x()> ::: 1	<comp5111.assignment.cut.Subject$GamePlace: int x()>	$stack1 = this.<comp5111.assignment.cut.Subject$GamePlace: int x>	938
<comp5111.assignment.cut.Subject$GamePlace: int x()> ::: 2	<comp5111.assignment.cut.Subject$GamePlace: int x()>	return $stack1	938
<comp5111.assignment.cut.Subject$GamePlace: comp5111.assignment.cut.Subject$GamePlace clone()> ::: 1	<comp5111.assignment.cut.Subject$GamePlace: comp5111.assignment.cut.Subject$GamePlace clone()>	$stack2 = new comp5111.assignment.cut.Subject$GamePlace	943
<comp5111.assignment.cut.Subject$GamePlace: comp5111.assignment.cut.Subject$GamePlace clone()> ::: 2	<comp5111.assignment.cut.Subject$GamePlace: comp5111.assignment.cut.Subject$GamePlace clone()>	$stack3 = this.<comp5111.assignment.cut.Subject$GamePlace: comp5111.assignment.cut.Subject this$0>	943
<comp5111.assignment.cut.Subject$GamePlace: comp5111.assignment.cut.Subject$GamePlace clone()> ::: 3	<comp5111.assignment.cut.Subject$GamePlace: comp5111.assignment.cut.Subject$GamePlace clone()>	specialinvoke $stack2.<comp5111.assignment.cut.Subject$GamePlace: void <init>(comp5111.assignment.cut.Subject,int,int)>($stack3, -1, -1)	943
<comp5111.assignment.cut.Subject$GamePlace: comp5111.assignment.cut.Subject$GamePlace clone()> ::: 4	<comp5111.assignment.cut.Subject$GamePlace: comp5111.assignment.cut.Subject$GamePlace clone()>	cloned = $stack2	943
<comp5111.assignment.cut.Subject$GamePlace: comp5111.assignment.cut.Subject$GamePlace clone()> ::: 5	<comp5111.assignment.cut.Subject$GamePlace: comp5111.assignment.cut.Subject$GamePlace clone()>	$stack4 = this.<comp5111.assignment.cut.Subject$GamePlace: int y>	944
<comp5111.assignment.cut.Subject$GamePlace: comp5111.assignment.cut.Subject$GamePlace clone()> ::: 6	<comp5111.assignment.cut.Subject$GamePlace: comp5111.assignment.cut.Subject$GamePlace clone()>	cloned.<comp5111.assignment.cut.Subject$GamePlace: int y> = $stack4	944
<comp5111.assignment.cut.Subject$GamePlace: comp5111.assignment.cut.Subject$GamePlace clone()> ::: 7	<comp5111.assignment.cut.Subject$GamePlace: comp5111.assignment.cut.Subject$GamePlace clone()>	$stack5 = this.<comp5111.assignment.cut.Subject$GamePlace: int x>	945
<comp5111.assignment.cut.Subject$GamePlace: comp5111.assignment.cut.Subject$GamePlace clone()> ::: 8	<comp5111.assignment.cut.Subject$GamePlace: comp5111.assignment.cut.Subject$GamePlace clone()>	cloned.<comp5111.assignment.cut.Subject$GamePlace: int x> = $stack5	945
<comp5111.assignment.cut.Subject$GamePlace: comp5111.assignment.cut.Subject$GamePlace clone()> ::: 9	<comp5111.assignment.cut.Subject$GamePlace: comp5111.assignment.cut.Subject$GamePlace clone()>	return cloned	946
<comp5111.assignment.cut.Subject$GamePlace: java.lang.String toString()> ::: 1	<comp5111.assignment.cut.Subject$GamePlace: java.lang.String toString()>	$stack2 = this.<comp5111.assignment.cut.Subject$GamePlace: int x>	951
<comp5111.assignment.cut.Subject$GamePlace: java.lang.String toString()> ::: 2	<comp5111.assignment.cut.Subject$GamePlace: java.lang.String toString()>	$stack1 = this.<comp5111.assignment.cut.Subject$GamePlace: int y>	951
<comp5111.assignment.cut.Subject$GamePlace: java.lang.String toString()> ::: 3	<comp5111.assignment.cut.Subject$GamePlace: java.lang.String toString()>	$stack3 = dynamicinvoke "makeConcatWithConstants" <java.lang.String (int,int)>($stack2, $stack1) <java.lang.invoke.StringConcatFactory: java.lang.invoke.CallSite makeConcatWithConstants(java.lang.invoke.MethodHandles$Lookup,java.lang.String,java.lang.invoke.MethodType,java.lang.String,java.lang.Object[])>("(\u0001, \u0001)")	951
<comp5111.assignment.cut.Subject$GamePlace: java.lang.String toString()> ::: 4	<comp5111.assignment.cut.Subject$GamePlace: java.lang.String toString()>	return $stack3	951
<comp5111.assignment.cut.Subject$GamePlace: boolean equals(java.lang.Object)> ::: 2	<comp5111.assignment.cut.Subject$GamePlace: boolean equals(java.lang.Object)>	if this != obj goto (branch)	956
<comp5111.assignment.cut.Subject$GamePlace: boolean equals(java.lang.Object)> ::: 3	<comp5111.assignment.cut.Subject$GamePlace: boolean equals(java.lang.Object)>	return 1	957
<comp5111.assignment.cut.Subject$GamePlace: boolean equals(java.lang.Object)> ::: 4	<comp5111.assignment.cut.Subject$GamePlace: boolean equals(java.lang.Object)>	if obj == null goto return 0	958
<comp5111.assignment.cut.Subject$GamePlace: boolean equals(java.lang.Object)> ::: 5	<comp5111.assignment.cut.Subject$GamePlace: boolean equals(java.lang.Object)>	$stack3 = virtualinvoke this.<java.lang.Object: java.lang.Class getClass()>()	958
<comp5111.assignment.cut.Subject$GamePlace: boolean equals(java.lang.Object)> ::: 6	<comp5111.assignment.cut.Subject$GamePlace: boolean equals(java.lang.Object)>	$stack4 = virtualinvoke obj.<java.lang.Object: java.lang.Class getClass()>()	958
<comp5111.assignment.cut.Subject$GamePlace: boolean equals(java.lang.Object)> ::: 7	<comp5111.assignment.cut.Subject$GamePlace: boolean equals(java.lang.Object)>	if $stack3 == $stack4 goto other = (comp5111.assignment.cut.Subject$GamePlace) obj	958
<comp5111.assignment.cut.Subject$GamePlace: boolean equals(java.lang.Object)> ::: 8	<comp5111.assignment.cut.Subject$GamePlace: boolean equals(java.lang.Object)>	return 0	959
<comp5111.assignment.cut.Subject$GamePlace: boolean equals(java.lang.Object)> ::: 9	<comp5111.assignment.cut.Subject$GamePlace: boolean equals(java.lang.Object)>	other = (comp5111.assignment.cut.Subject$GamePlace) obj	960
<comp5111.assignment.cut.Subject$GamePlace: boolean equals(java.lang.Object)> ::: 10	<comp5111.assignment.cut.Subject$GamePlace: boolean equals(java.lang.Object)>	$stack6 = this.<comp5111.assignment.cut.Subject$GamePlace: int x>	961
<comp5111.assignment.cut.Subject$GamePlace: boolean equals(java.lang.Object)> ::: 11	<comp5111.assignment.cut.Subject$GamePlace: boolean equals(java.lang.Object)>	$stack5 = other.<comp5111.assignment.cut.Subject$GamePlace: int x>	961
<comp5111.assignment.cut.Subject$GamePlace: boolean equals(java.lang.Object)> ::: 12	<comp5111.assignment.cut.Subject$GamePlace: boolean equals(java.lang.Object)>	if $stack6 != $stack5 goto return 0	961
<comp5111.assignment.cut.Subject$GamePlace: boolean equals(java.lang.Object)> ::: 13	<comp5111.assignment.cut.Subject$GamePlace: boolean equals(java.lang.Object)>	$stack8 = this.<comp5111.assignment.cut.Subject$GamePlace: int y>	961
<comp5111.assignment.cut.Subject$GamePlace: boolean equals(java.lang.Object)> ::: 14	<comp5111.assignment.cut.Subject$GamePlace: boolean equals(java.lang.Object)>	$stack7 = other.<comp5111.assignment.cut.Subject$GamePlace: int y>	961
<comp5111.assignment.cut.Subject$GamePlace: boolean equals(java.lang.Object)> ::: 15	<comp5111.assignment.cut.Subject$GamePlace: boolean equals(java.lang.Object)>	if $stack8 != $stack7 goto return 0	961
<comp5111.assignment.cut.Subject$GamePlace: boolean equals(java.lang.Object)> ::: 16	<comp5111.assignment.cut.Subject$GamePlace: boolean equals(java.lang.Object)>	return 1	961
<comp5111.assignment.cut.Subject$GamePlace: boolean equals(java.lang.Object)> ::: 17	<comp5111.assignment.cut.Subject$GamePlace: boolean equals(java.lang.Object)>	return 0	961
<comp5111.assignment.cut.Subject$GamePlace: int hashCode()> ::: 1	<comp5111.assignment.cut.Subject$GamePlace: int hashCode()>	$stack1 = this.<comp5111.assignment.cut.Subject$GamePlace: int x>	966
<comp5111.assignment.cut.Subject$GamePlace: int hashCode()> ::: 2	<comp5111.assignment.cut.Subject$GamePlace: int hashCode()>	$stack3 = 31 * $stack1	966
<comp5111.assignment.cut.Subject$GamePlace: int hashCode()> ::: 3	<comp5111.assignment.cut.Subject$GamePlace: int hashCode()>	$stack2 = this.<comp5111.assignment.cut.Subject$GamePlace: int y>	966
<comp5111.assignment.cut.Subject$GamePlace: int hashCode()> ::: 4	<comp5111.assignment.cut.Subject$GamePlace: int hashCode()>	$stack4 = $stack3 + $stack2	966
<comp5111.assignment.cut.Subject$GamePlace: int hashCode()> ::: 5	<comp5111.assignment.cut.Subject$GamePlace: int hashCode()>	return $stack4	966
<comp5111.assignment.cut.Subject$GamePlace: boolean isAdjacent(comp5111.assignment.cut.Subject$GamePlace)> ::: 2	<comp5111.assignment.cut.Subject$GamePlace: boolean isAdjacent(comp5111.assignment.cut.Subject$GamePlace)>	if other != null goto $stack5 = this.<comp5111.assignment.cut.Subject$GamePlace: int x>	976
<comp5111.assignment.cut.Subject$GamePlace: boolean isAdjacent(comp5111.assignment.cut.Subject$GamePlace)> ::: 3	<comp5111.assignment.cut.Subject$GamePlace: boolean isAdjacent(comp5111.assignment.cut.Subject$GamePlace)>	return 0	977
<comp5111.assignment.cut.Subject$GamePlace: boolean isAdjacent(comp5111.assignment.cut.Subject$GamePlace)> ::: 4	<comp5111.assignment.cut.Subject$GamePlace: boolean isAdjacent(comp5111.assignment.cut.Subject$GamePlace)>	$stack5 = this.<comp5111.assignment.cut.Subject$GamePlace: int x>	978
<comp5111.assignment.cut.Subject$GamePlace: boolean isAdjacent(comp5111.assignment.cut.Subject$GamePlace)> ::: 5	<comp5111.assignment.cut.Subject$GamePlace: boolean isAdjacent(comp5111.assignment.cut.Subject$GamePlace)>	$stack4 = other.<comp5111.assignment.cut.Subject$GamePlace: int x>	978
<comp5111.assignment.cut.Subject$GamePlace: boolean isAdjacent(comp5111.assignment.cut.Subject$GamePlace)> ::: 6	<comp5111.assignment.cut.Subject$GamePlace: boolean isAdjacent(comp5111.assignment.cut.Subject$GamePlace)>	$stack6 = $stack5 - $stack4	978
<comp5111.assignment.cut.Subject$GamePlace: boolean isAdjacent(comp5111.assignment.cut.Subject$GamePlace)> ::: 7	<comp5111.assignment.cut.Subject$GamePlace: boolean isAdjacent(comp5111.assignment.cut.Subject$GamePlace)>	dx = staticinvoke <java.lang.Math: int abs(int)>($stack6)	978
<comp5111.assignment.cut.Subject$GamePlace: boolean isAdjacent(comp5111.assignment.cut.Subject$GamePlace)> ::: 8	<comp5111.assignment.cut.Subject$GamePlace: boolean isAdjacent(comp5111.assignment.cut.Subject$GamePlace)>	$stack9 = this.<comp5111.assignment.cut.Subject$GamePlace: int y>	979
<comp5111.assignment.cut.Subject$GamePlace: boolean isAdjacent(comp5111.assignment.cut.Subject$GamePlace)> ::: 9	<comp5111.assignment.cut.Subject$GamePlace: boolean isAdjacent(comp5111.assignment.cut.Subject$GamePlace)>	$stack8 = other.<comp5111.assignment.cut.Subject$GamePlace: int y>	979
<comp5111.assignment.cut.Subject$GamePlace: boolean isAdjacent(comp5111.assignment.cut.Subject$GamePlace)> ::: 10	<comp5111.assignment.cut.Subject$GamePlace: boolean isAdjacent(comp5111.assignment.cut.Subject$GamePlace)>	$stack10 = $stack9 - $stack8	979
<comp5111.assignment.cut.Subject$GamePlace: boolean isAdjacent(comp5111.assignment.cut.Subject$GamePlace)> ::: 11	<comp5111.assignment.cut.Subject$GamePlace: boolean isAdjacent(comp5111.assignment.cut.Subject$GamePlace)>	dy = staticinvoke <java.lang.Math: int abs(int)>($stack10)	979
<comp5111.assignment.cut.Subject$GamePlace: boolean isAdjacent(comp5111.assignment.cut.Subject$GamePlace)> ::: 12	<comp5111.assignment.cut.Subject$GamePlace: boolean isAdjacent(comp5111.assignment.cut.Subject$GamePlace)>	$stack12 = dx + dy	980
<comp5111.assignment.cut.Subject$GamePlace: boolean isAdjacent(comp5111.assignment.cut.Subject$GamePlace)> ::: 13	<comp5111.assignment.cut.Subject$GamePlace: boolean isAdjacent(comp5111.assignment.cut.Subject$GamePlace)>	if $stack12 != 1 goto return 0	980
<comp5111.assignment.cut.Subject$GamePlace: boolean isAdjacent(comp5111.assignment.cut.Subject$GamePlace)> ::: 14	<comp5111.assignment.cut.Subject$GamePlace: boolean isAdjacent(comp5111.assignment.cut.Subject$GamePlace)>	return 1	980
<comp5111.assignment.cut.Subject$GamePlace: boolean isAdjacent(comp5111.assignment.cut.Subject$GamePlace)> ::: 15	<comp5111.assignment.cut.Subject$GamePlace: boolean isAdjacent(comp5111.assignment.cut.Subject$GamePlace)>	return 0	980
<comp5111.assignment.cut.Subject$GamePlace: int manhattanDistance(comp5111.assignment.cut.Subject$GamePlace)> ::: 2	<comp5111.assignment.cut.Subject$GamePlace: int manhattanDistance(comp5111.assignment.cut.Subject$GamePlace)>	if other != null goto $stack3 = this.<comp5111.assignment.cut.Subject$GamePlace: int x>	990
<comp5111.assignment.cut.Subject$GamePlace: int manhattanDistance(comp5111.assignment.cut.Subject$GamePlace)> ::: 3	<comp5111.assignment.cut.Subject$GamePlace: int manhattanDistance(comp5111.assignment.cut.Subject$GamePlace)>	return -1	991
<comp5111.assignment.cut.Subject$GamePlace: int manhattanDistance(comp5111.assignment.cut.Subject$GamePlace)> ::: 4	<comp5111.assignment.cut.Subject$GamePlace: int manhattanDistance(comp5111.assignment.cut.Subject$GamePlace)>	$stack3 = this.<comp5111.assignment.cut.Subject$GamePlace: int x>	992
<comp5111.assignment.cut.Subject$GamePlace: int manhattanDistance(comp5111.assignment.cut.Subject$GamePlace)> ::: 5	<comp5111.assignment.cut.Subject$GamePlace: int manhattanDistance(comp5111.assignment.cut.Subject$GamePlace)>	$stack2 = other.<comp5111.assignment.cut.Subject$GamePlace: int x>	992
<comp5111.assignment.cut.Subject$GamePlace: int manhattanDistance(comp5111.assignment.cut.Subject$GamePlace)> ::: 6	<comp5111.assignment.cut.Subject$GamePlace: int manhattanDistance(comp5111.assignment.cut.Subject$GamePlace)>	$stack4 = $stack3 - $stack2	992
<comp5111.assignment.cut.Subject$GamePlace: int manhattanDistance(comp5111.assignment.cut.Subject$GamePlace)> ::: 7	<comp5111.assignment.cut.Subject$GamePlace: int manhattanDistance(comp5111.assignment.cut.Subject$GamePlace)>	$stack5 = staticinvoke <java.lang.Math: int abs(int)>($stack4)	992
<comp5111.assignment.cut.Subject$GamePlace: int manhattanDistance(comp5111.assignment.cut.Subject$GamePlace)> ::: 8	<comp5111.assignment.cut.Subject$GamePlace: int manhattanDistance(comp5111.assignment.cut.Subject$GamePlace)>	$stack7 = this.<comp5111.assignment.cut.Subject$GamePlace: int y>	992
<comp5111.assignment.cut.Subject$GamePlace: int manhattanDistance(comp5111.assignment.cut.Subject$GamePlace)> ::: 9	<comp5111.assignment.cut.Subject$GamePlace: int manhattanDistance(comp5111.assignment.cut.Subject$GamePlace)>	$stack6 = other.<comp5111.assignment.cut.Subject$GamePlace: int y>	992
<comp5111.assignment.cut.Subject$GamePlace: int manhattanDistance(comp5111.assignment.cut.Subject$GamePlace)> ::: 10	<comp5111.assignment.cut.Subject$GamePlace: int manhattanDistance(comp5111.assignment.cut.Subject$GamePlace)>	$stack8 = $stack7 - $stack6	992
<comp5111.assignment.cut.Subject$GamePlace: int manhattanDistance(comp5111.assignment.cut.Subject$GamePlace)> ::: 11	<comp5111.assignment.cut.Subject$GamePlace: int manhattanDistance(comp5111.assignment.cut.Subject$GamePlace)>	$stack9 = staticinvoke <java.lang.Math: int abs(int)>($stack8)	992
<comp5111.assignment.cut.Subject$GamePlace: int manhattanDistance(comp5111.assignment.cut.Subject$GamePlace)> ::: 12	<comp5111.assignment.cut.Subject$GamePlace: int manhattanDistance(comp5111.assignment.cut.Subject$GamePlace)>	$stack10 = $stack5 + $stack9	992
<comp5111.assignment.cut.Subject$GamePlace: int manhattanDistance(comp5111.assignment.cut.Subject$GamePlace)> ::: 13	<comp5111.assignment.cut.Subject$GamePlace: int manhattanDistance(comp5111.assignment.cut.Subject$GamePlace)>	return $stack10	992
<comp5111.assignment.cut.Subject$GamePlace: java.lang.Object clone()> ::: 1	<comp5111.assignment.cut.Subject$GamePlace: java.lang.Object clone()>	$stack1 = virtualinvoke l0.<comp5111.assignment.cut.Subject$GamePlace: comp5111.assignment.cut.Subject$GamePlace clone()>()	1
<comp5111.assignment.cut.Subject$GamePlace: java.lang.Object clone()> ::: 2	<comp5111.assignment.cut.Subject$GamePlace: java.lang.Object clone()>	return $stack1	1
<comp5111.assignment.cut.Subject$GamePlayer: void <init>(comp5111.assignment.cut.Subject)> ::: 2	<comp5111.assignment.cut.Subject$GamePlayer: void <init>(comp5111.assignment.cut.Subject)>	this.<comp5111.assignment.cut.Subject$GamePlayer: comp5111.assignment.cut.Subject this$0> = l1	808
<comp5111.assignment.cut.Subject$GamePlayer: void <init>(comp5111.assignment.cut.Subject)> ::: 3	<comp5111.assignment.cut.Subject$GamePlayer: void <init>(comp5111.assignment.cut.Subject)>	specialinvoke this.<java.lang.Object: void <init>()>()	808
<comp5111.assignment.cut.Subject$GamePlayer: void <init>(comp5111.assignment.cut.Subject)> ::: 4	<comp5111.assignment.cut.Subject$GamePlayer: void <init>(comp5111.assignment.cut.Subject)>	this.<comp5111.assignment.cut.Subject$GamePlayer: java.lang.String name> = "Anonymous Player"	809
<comp5111.assignment.cut.Subject$GamePlayer: void <init>(comp5111.assignment.cut.Subject)> ::: 5	<comp5111.assignment.cut.Subject$GamePlayer: void <init>(comp5111.assignment.cut.Subject)>	return	810
<comp5111.assignment.cut.Subject$GamePlayer: void <init>(comp5111.assignment.cut.Subject,java.lang.String)> ::: 3	<comp5111.assignment.cut.Subject$GamePlayer: void <init>(comp5111.assignment.cut.Subject,java.lang.String)>	this.<comp5111.assignment.cut.Subject$GamePlayer: comp5111.assignment.cut.Subject this$0> = l1	812
<comp5111.assignment.cut.Subject$GamePlayer: void <init>(comp5111.assignment.cut.Subject,java.lang.String)> ::: 4	<comp5111.assignment.cut.Subject$GamePlayer: void <init>(comp5111.assignment.cut.Subject,java.lang.String)>	specialinvoke this.<java.lang.Object: void <init>()>()	812
<comp5111.assignment.cut.Subject$GamePlayer: void <init>(comp5111.assignment.cut.Subject,java.lang.String)> ::: 5	<comp5111.assignment.cut.Subject$GamePlayer: void <init>(comp5111.assignment.cut.Subject,java.lang.String)>	this.<comp5111.assignment.cut.Subject$GamePlayer: java.lang.String name> = name	813
<comp5111.assignment.cut.Subject$GamePlayer: void <init>(comp5111.assignment.cut.Subject,java.lang.String)> ::: 6	<comp5111.assignment.cut.Subject$GamePlayer: void <init>(comp5111.assignment.cut.Subject,java.lang.String)>	return	814
<comp5111.assignment.cut.Subject$GamePlayer: java.lang.String getName()> ::: 1	<comp5111.assignment.cut.Subject$GamePlayer: java.lang.String getName()>	$stack1 = this.<comp5111.assignment.cut.Subject$GamePlayer: java.lang.String name>	817
<comp5111.assignment.cut.Subject$GamePlayer: java.lang.String getName()> ::: 2	<comp5111.assignment.cut.Subject$GamePlayer: java.lang.String getName()>	return $stack1	817
<comp5111.assignment.cut.Subject$GamePlayer: int getScore()> ::: 1	<comp5111.assignment.cut.Subject$GamePlayer: int getScore()>	$stack1 = this.<comp5111.assignment.cut.Subject$GamePlayer: int score>	829
<comp5111.assignment.cut.Subject$GamePlayer: int getScore()> ::: 2	<comp5111.assignment.cut.Subject$GamePlayer: int getScore()>	return $stack1	829
<comp5111.assignment.cut.Subject$GamePlayer: void setScore(int)> ::: 2	<comp5111.assignment.cut.Subject$GamePlayer: void setScore(int)>	this.<comp5111.assignment.cut.Subject$GamePlayer: int score> = score	838
<comp5111.assignment.cut.Subject$GamePlayer: void setScore(int)> ::: 3	<comp5111.assignment.cut.Subject$GamePlayer: void setScore(int)>	return	839
<comp5111.assignment.cut.Subject$GamePlayer: void addScore(int)> ::: 2	<comp5111.assignment.cut.Subject$GamePlayer: void addScore(int)>	$stack2 = this.<comp5111.assignment.cut.Subject$GamePlayer: int score>	847
<comp5111.assignment.cut.Subject$GamePlayer: void addScore(int)> ::: 3	<comp5111.assignment.cut.Subject$GamePlayer: void addScore(int)>	$stack3 = $stack2 + delta	847
<comp5111.assignment.cut.Subject$GamePlayer: void addScore(int)> ::: 4	<comp5111.assignment.cut.Subject$GamePlayer: void addScore(int)>	this.<comp5111.assignment.cut.Subject$GamePlayer: int score> = $stack3	847
<comp5111.assignment.cut.Subject$GamePlayer: void addScore(int)> ::: 5	<comp5111.assignment.cut.Subject$GamePlayer: void addScore(int)>	return	848
<comp5111.assignment.cut.Subject$GamePlayer: void resetScore()> ::: 1	<comp5111.assignment.cut.Subject$GamePlayer: void resetScore()>	this.<comp5111.assignment.cut.Subject$GamePlayer: int score> = 0	854
<comp5111.assignment.cut.Subject$GamePlayer: void resetScore()> ::: 2	<comp5111.assignment.cut.Subject$GamePlayer: void resetScore()>	return	855
<comp5111.assignment.cut.Subject$GamePlayer: java.lang.String toString()> ::: 1	<comp5111.assignment.cut.Subject$GamePlayer: java.lang.String toString()>	$stack2 = this.<comp5111.assignment.cut.Subject$GamePlayer: java.lang.String name>	864
<comp5111.assignment.cut.Subject$GamePlayer: java.lang.String toString()> ::: 2	<comp5111.assignment.cut.Subject$GamePlayer: java.lang.String toString()>	$stack1 = this.<comp5111.assignment.cut.Subject$GamePlayer: int score>	864
<comp5111.assignment.cut.Subject$GamePlayer: java.lang.String toString()> ::: 3	<comp5111.assignment.cut.Subject$GamePlayer: java.lang.String toString()>	$stack3 = dynamicinvoke "makeConcatWithConstants" <java.lang.String (java.lang.String,int)>($stack2, $stack1) <java.lang.invoke.StringConcatFactory: java.lang.invoke.CallSite makeConcatWithConstants(java.lang.invoke.MethodHandles$Lookup,java.lang.String,java.lang.invoke.MethodType,java.lang.String,java.lang.Object[])>("GamePlayer{name=\'\u0001\', score=\u0001}")	864
<comp5111.assignment.cut.Subject$GamePlayer: java.lang.String toString()> ::: 4	<comp5111.assignment.cut.Subject$GamePlayer: java.lang.String toString()>	return $stack3	864
<comp5111.assignment.cut.Subject$GamePlayer: boolean equals(java.lang.Object)> ::: 2	<comp5111.assignment.cut.Subject$GamePlayer: boolean equals(java.lang.Object)>	if this != o goto (branch)	869
<comp5111.assignment.cut.Subject$GamePlayer: boolean equals(java.lang.Object)> ::: 3	<comp5111.assignment.cut.Subject$GamePlayer: boolean equals(java.lang.Object)>	return 1	870
<comp5111.assignment.cut.Subject$GamePlayer: boolean equals(java.lang.Object)> ::: 4	<comp5111.assignment.cut.Subject$GamePlayer: boolean equals(java.lang.Object)>	if o == null goto return 0	871
<comp5111.assignment.cut.Subject$GamePlayer: boolean equals(java.lang.Object)> ::: 5	<comp5111.assignment.cut.Subject$GamePlayer: boolean equals(java.lang.Object)>	$stack3 = virtualinvoke this.<java.lang.Object: java.lang.Class getClass()>()	871
<comp5111.assignment.cut.Subject$GamePlayer: boolean equals(java.lang.Object)> ::: 6	<comp5111.assignment.cut.Subject$GamePlayer: boolean equals(java.lang.Object)>	$stack4 = virtualinvoke o.<java.lang.Object: java.lang.Class getClass()>()	871
<comp5111.assignment.cut.Subject$GamePlayer: boolean equals(java.lang.Object)> ::: 7	<comp5111.assignment.cut.Subject$GamePlayer: boolean equals(java.lang.Object)>	if $stack3 == $stack4 goto player = (comp5111.assignment.cut.Subject$GamePlayer) o	871
<comp5111.assignment.cut.Subject$GamePlayer: boolean equals(java.lang.Object)> ::: 8	<comp5111.assignment.cut.Subject$GamePlayer: boolean equals(java.lang.Object)>	return 0	872
<comp5111.assignment.cut.Subject$GamePlayer: boolean equals(java.lang.Object)> ::: 9	<comp5111.assignment.cut.Subject$GamePlayer: boolean equals(java.lang.Object)>	player = (comp5111.assignment.cut.Subject$GamePlayer) o	873
<comp5111.assignment.cut.Subject$GamePlayer: boolean equals(java.lang.Object)> ::: 10	<comp5111.assignment.cut.Subject$GamePlayer: boolean equals(java.lang.Object)>	$stack6 = this.<comp5111.assignment.cut.Subject$GamePlayer: java.lang.String name>	874
<comp5111.assignment.cut.Subject$GamePlayer: boolean equals(java.lang.Object)> ::: 11	<comp5111.assignment.cut.Subject$GamePlayer: boolean equals(java.lang.Object)>	$stack5 = player.<comp5111.assignment.cut.Subject$GamePlayer: java.lang.String name>	874
<comp5111.assignment.cut.Subject$GamePlayer: boolean equals(java.lang.Object)> ::: 12	<comp5111.assignment.cut.Subject$GamePlayer: boolean equals(java.lang.Object)>	$stack7 = virtualinvoke $stack6.<java.lang.String: boolean equals(java.lang.Object)>($stack5)	874
<comp5111.assignment.cut.Subject$GamePlayer: boolean equals(java.lang.Object)> ::: 13	<comp5111.assignment.cut.Subject$GamePlayer: boolean equals(java.lang.Object)>	return $stack7	874
<comp5111.assignment.cut.Subject$GamePlayer: comp5111.assignment.cut.Subject$GamePlayer clone()> ::: 1	<comp5111.assignment.cut.Subject$GamePlayer: comp5111.assignment.cut.Subject$GamePlayer clone()>	$stack2 = new comp5111.assignment.cut.Subject$GamePlayer	879
<comp5111.assignment.cut.Subject$GamePlayer: comp5111.assignment.cut.Subject$GamePlayer clone()> ::: 2	<comp5111.assignment.cut.Subject$GamePlayer: comp5111.assignment.cut.Subject$GamePlayer clone()>	$stack4 = this.<comp5111.assignment.cut.Subject$GamePlayer: comp5111.assignment.cut.Subject this$0>	879
<comp5111.assignment.cut.Subject$GamePlayer: comp5111.assignment.cut.Subject$GamePlayer clone()> ::: 3	<comp5111.assignment.cut.Subject$GamePlayer: comp5111.assignment.cut.Subject$GamePlayer clone()>	$stack3 = this.<comp5111.assignment.cut.Subject$GamePlayer: java.lang.String name>	879
<comp5111.assignment.cut.Subject$GamePlayer: comp5111.assignment.cut.Subject$GamePlayer clone()> ::: 4	<comp5111.assignment.cut.Subject$GamePlayer: comp5111.assignment.cut.Subject$GamePlayer clone()>	specialinvoke $stack2.<comp5111.assignment.cut.Subject$GamePlayer: void <init>(comp5111.assignment.cut.Subject,java.lang.String)>($stack4, $stack3)	879
<comp5111.assignment.cut.Subject$GamePlayer: comp5111.assignment.cut.Subject$GamePlayer clone()> ::: 5	<comp5111.assignment.cut.Subject$GamePlayer: comp5111.assignment.cut.Subject$GamePlayer clone()>	cloned = $stack2	879
<comp5111.assignment.cut.Subject$GamePlayer: comp5111.assignment.cut.Subject$GamePlayer clone()> ::: 6	<comp5111.assignment.cut.Subject$GamePlayer: comp5111.assignment.cut.Subject$GamePlayer clone()>	$stack5 = this.<comp5111.assignment.cut.Subject$GamePlayer: int score>	880
<comp5111.assignment.cut.Subject$GamePlayer: comp5111.assignment.cut.Subject$GamePlayer clone()> ::: 7	<comp5111.assignment.cut.Subject$GamePlayer: comp5111.assignment.cut.Subject$GamePlayer clone()>	cloned.<comp5111.assignment.cut.Subject$GamePlayer: int score> = $stack5	880
<comp5111.assignment.cut.Subject$GamePlayer: comp5111.assignment.cut.Subject$GamePlayer clone()> ::: 8	<comp5111.assignment.cut.Subject$GamePlayer: comp5111.assignment.cut.Subject$GamePlayer clone()>	return cloned	881
<comp5111.assignment.cut.Subject$GamePlayer: java.lang.Object clone()> ::: 1	<comp5111.assignment.cut.Subject$GamePlayer: java.lang.Object clone()>	$stack1 = virtualinvoke l0.<comp5111.assignment.cut.Subject$GamePlayer: comp5111.assignment.cut.Subject$GamePlayer clone()>()	1
<comp5111.assignment.cut.Subject$GamePlayer: java.lang.Object clone()> ::: 2	<comp5111.assignment.cut.Subject$GamePlayer: java.lang.Object clone()>	return $stack1	1
<comp5111.assignment.cut.Subject$StringAlgorithms: void <init>()> ::: 1	<comp5111.assignment.cut.Subject$StringAlgorithms: void <init>()>	specialinvoke this.<java.lang.Object: void <init>()>()	9
<comp5111.assignment.cut.Subject$StringAlgorithms: void <init>()> ::: 2	<comp5111.assignment.cut.Subject$StringAlgorithms: void <init>()>	return	9
<comp5111.assignment.cut.Subject$StringAlgorithms: boolean startsWithIgnoreCase(java.lang.String,java.lang.String)> ::: 2	<comp5111.assignment.cut.Subject$StringAlgorithms: boolean startsWithIgnoreCase(java.lang.String,java.lang.String)>	if str == null goto return 0	21
<comp5111.assignment.cut.Subject$StringAlgorithms: boolean startsWithIgnoreCase(java.lang.String,java.lang.String)> ::: 3	<comp5111.assignment.cut.Subject$StringAlgorithms: boolean startsWithIgnoreCase(java.lang.String,java.lang.String)>	if prefix != null goto $stack4 = virtualinvoke str.<java.lang.String: int length()>()	21
<comp5111.assignment.cut.Subject$StringAlgorithms: boolean startsWithIgnoreCase(java.lang.String,java.lang.String)> ::: 4	<comp5111.assignment.cut.Subject$StringAlgorithms: boolean startsWithIgnoreCase(java.lang.String,java.lang.String)>	return 0	22
<comp5111.assignment.cut.Subject$StringAlgorithms: boolean startsWithIgnoreCase(java.lang.String,java.lang.String)> ::: 5	<comp5111.assignment.cut.Subject$StringAlgorithms: boolean startsWithIgnoreCase(java.lang.String,java.lang.String)>	$stack4 = virtualinvoke str.<java.lang.String: int length()>()	24
<comp5111.assignment.cut.Subject$StringAlgorithms: boolean startsWithIgnoreCase(java.lang.String,java.lang.String)> ::: 6	<comp5111.assignment.cut.Subject$StringAlgorithms: boolean startsWithIgnoreCase(java.lang.String,java.lang.String)>	$stack5 = virtualinvoke prefix.<java.lang.String: int length()>()	24
<comp5111.assignment.cut.Subject$StringAlgorithms: boolean startsWithIgnoreCase(java.lang.String,java.lang.String)> ::: 7	<comp5111.assignment.cut.Subject$StringAlgorithms: boolean startsWithIgnoreCase(java.lang.String,java.lang.String)>	if $stack4 >= $stack5 goto $stack6 = virtualinvoke str.<java.lang.String: boolean startsWith(java.lang.String)>(prefix)	24
<comp5111.assignment.cut.Subject$StringAlgorithms: boolean startsWithIgnoreCase(java.lang.String,java.lang.String)> ::: 8	<comp5111.assignment.cut.Subject$StringAlgorithms: boolean startsWithIgnoreCase(java.lang.String,java.lang.String)>	return 0	25
<comp5111.assignment.cut.Subject$StringAlgorithms: boolean startsWithIgnoreCase(java.lang.String,java.lang.String)> ::: 9	<comp5111.assignment.cut.Subject$StringAlgorithms: boolean startsWithIgnoreCase(java.lang.String,java.lang.String)>	$stack6 = virtualinvoke str.<java.lang.String: boolean startsWith(java.lang.String)>(prefix)	27
<comp5111.assignment.cut.Subject$StringAlgorithms: boolean startsWithIgnoreCase(java.lang.String,java.lang.String)> ::: 10	<comp5111.assignment.cut.Subject$StringAlgorithms: boolean startsWithIgnoreCase(java.lang.String,java.lang.String)>	if $stack6 == 0 goto $stack8 = virtualinvoke prefix.<java.lang.String: int length()>()	27
<comp5111.assignment.cut.Subject$StringAlgorithms: boolean startsWithIgnoreCase(java.lang.String,java.lang.String)> ::: 11	<comp5111.assignment.cut.Subject$StringAlgorithms: boolean startsWithIgnoreCase(java.lang.String,java.lang.String)>	return 1	28
<comp5111.assignment.cut.Subject$StringAlgorithms: boolean startsWithIgnoreCase(java.lang.String,java.lang.String)> ::: 12	<comp5111.assignment.cut.Subject$StringAlgorithms: boolean startsWithIgnoreCase(java.lang.String,java.lang.String)>	$stack8 = virtualinvoke prefix.<java.lang.String: int length()>()	30
<comp5111.assignment.cut.Subject$StringAlgorithms: boolean startsWithIgnoreCase(java.lang.String,java.lang.String)> ::: 13	<comp5111.assignment.cut.Subject$StringAlgorithms: boolean startsWithIgnoreCase(java.lang.String,java.lang.String)>	$stack9 = virtualinvoke str.<java.lang.String: java.lang.String substring(int,int)>(0, $stack8)	30
<comp5111.assignment.cut.Subject$StringAlgorithms: boolean startsWithIgnoreCase(java.lang.String,java.lang.String)> ::: 14	<comp5111.assignment.cut.Subject$StringAlgorithms: boolean startsWithIgnoreCase(java.lang.String,java.lang.String)>	lcStr = virtualinvoke $stack9.<java.lang.String: java.lang.String toLowerCase()>()	30
<comp5111.assignment.cut.Subject$StringAlgorithms: boolean startsWithIgnoreCase(java.lang.String,java.lang.String)> ::: 15	<comp5111.assignment.cut.Subject$StringAlgorithms: boolean startsWithIgnoreCase(java.lang.String,java.lang.String)>	lcPrefix = virtualinvoke prefix.<java.lang.String: java.lang.String toLowerCase()>()	31
<comp5111.assignment.cut.Subject$StringAlgorithms: boolean startsWithIgnoreCase(java.lang.String,java.lang.String)> ::: 16	<comp5111.assignment.cut.Subject$StringAlgorithms: boolean startsWithIgnoreCase(java.lang.String,java.lang.String)>	$stack12 = virtualinvoke lcStr.<java.lang.String: boolean equals(java.lang.Object)>(lcPrefix)	32
<comp5111.assignment.cut.Subject$StringAlgorithms: boolean startsWithIgnoreCase(java.lang.String,java.lang.String)> ::: 17	<comp5111.assignment.cut.Subject$StringAlgorithms: boolean startsWithIgnoreCase(java.lang.String,java.lang.String)>	return $stack12	32
<comp5111.assignment.cut.Subject$StringAlgorithms: java.lang.String[] trimArrayElements(java.lang.String[])> ::: 1	<comp5111.assignment.cut.Subject$StringAlgorithms: java.lang.String[] trimArrayElements(java.lang.String[])>	if array == null goto $stack4 = newarray (java.lang.String)[0]	43
<comp5111.assignment.cut.Subject$StringAlgorithms: java.lang.String[] trimArrayElements(java.lang.String[])> ::: 2	<comp5111.assignment.cut.Subject$StringAlgorithms: java.lang.String[] trimArrayElements(java.lang.String[])>	$stack5 = lengthof array	43
<comp5111.assignment.cut.Subject$StringAlgorithms: java.lang.String[] trimArrayElements(java.lang.String[])> ::: 3	<comp5111.assignment.cut.Subject$StringAlgorithms: java.lang.String[] trimArrayElements(java.lang.String[])>	if $stack5 != 0 goto $stack6 = lengthof array	43
<comp5111.assignment.cut.Subject$StringAlgorithms: java.lang.String[] trimArrayElements(java.lang.String[])> ::: 4	<comp5111.assignment.cut.Subject$StringAlgorithms: java.lang.String[] trimArrayElements(java.lang.String[])>	$stack4 = newarray (java.lang.String)[0]	44
<comp5111.assignment.cut.Subject$StringAlgorithms: java.lang.String[] trimArrayElements(java.lang.String[])> ::: 5	<comp5111.assignment.cut.Subject$StringAlgorithms: java.lang.String[] trimArrayElements(java.lang.String[])>	return $stack4	44
<comp5111.assignment.cut.Subject$StringAlgorithms: java.lang.String[] trimArrayElements(java.lang.String[])> ::: 6	<comp5111.assignment.cut.Subject$StringAlgorithms: java.lang.String[] trimArrayElements(java.lang.String[])>	$stack6 = lengthof array	46
<comp5111.assignment.cut.Subject$StringAlgorithms: java.lang.String[] trimArrayElements(java.lang.String[])> ::: 7	<comp5111.assignment.cut.Subject$StringAlgorithms: java.lang.String[] trimArrayElements(java.lang.String[])>	result = newarray (java.lang.String)[$stack6]	46
<comp5111.assignment.cut.Subject$StringAlgorithms: java.lang.String[] trimArrayElements(java.lang.String[])> ::: 8	<comp5111.assignment.cut.Subject$StringAlgorithms: java.lang.String[] trimArrayElements(java.lang.String[])>	i = 0	47
<comp5111.assignment.cut.Subject$StringAlgorithms: java.lang.String[] trimArrayElements(java.lang.String[])> ::: 9	<comp5111.assignment.cut.Subject$StringAlgorithms: java.lang.String[] trimArrayElements(java.lang.String[])>	goto [?= $stack7 = lengthof array]	47
<comp5111.assignment.cut.Subject$StringAlgorithms: java.lang.String[] trimArrayElements(java.lang.String[])> ::: 10	<comp5111.assignment.cut.Subject$StringAlgorithms: java.lang.String[] trimArrayElements(java.lang.String[])>	element = array[i]	48
<comp5111.assignment.cut.Subject$StringAlgorithms: java.lang.String[] trimArrayElements(java.lang.String[])> ::: 11	<comp5111.assignment.cut.Subject$StringAlgorithms: java.lang.String[] trimArrayElements(java.lang.String[])>	$stack11 = i	49
<comp5111.assignment.cut.Subject$StringAlgorithms: java.lang.String[] trimArrayElements(java.lang.String[])> ::: 12	<comp5111.assignment.cut.Subject$StringAlgorithms: java.lang.String[] trimArrayElements(java.lang.String[])>	if element == null goto $stack10 = null	49
<comp5111.assignment.cut.Subject$StringAlgorithms: java.lang.String[] trimArrayElements(java.lang.String[])> ::: 13	<comp5111.assignment.cut.Subject$StringAlgorithms: java.lang.String[] trimArrayElements(java.lang.String[])>	$stack10 = virtualinvoke element.<java.lang.String: java.lang.String trim()>()	49
<comp5111.assignment.cut.Subject$StringAlgorithms: java.lang.String[] trimArrayElements(java.lang.String[])> ::: 14	<comp5111.assignment.cut.Subject$StringAlgorithms: java.lang.String[] trimArrayElements(java.lang.String[])>	goto [?= result[$stack11] = $stack10]	49
<comp5111.assignment.cut.Subject$StringAlgorithms: java.lang.String[] trimArrayElements(java.lang.String[])> ::: 15	<comp5111.assignment.cut.Subject$StringAlgorithms: java.lang.String[] trimArrayElements(java.lang.String[])>	$stack10 = null	49
<comp5111.assignment.cut.Subject$StringAlgorithms: java.lang.String[] trimArrayElements(java.lang.String[])> ::: 16	<comp5111.assignment.cut.Subject$StringAlgorithms: java.lang.String[] trimArrayElements(java.lang.String[])>	result[$stack11] = $stack10	49
<comp5111.assignment.cut.Subject$StringAlgorithms: java.lang.String[] trimArrayElements(java.lang.String[])> ::: 17	<comp5111.assignment.cut.Subject$StringAlgorithms: java.lang.String[] trimArrayElements(java.lang.String[])>	i = i + 1	47
<comp5111.assignment.cut.Subject$StringAlgorithms: java.lang.String[] trimArrayElements(java.lang.String[])> ::: 18	<comp5111.assignment.cut.Subject$StringAlgorithms: java.lang.String[] trimArrayElements(java.lang.String[])>	$stack7 = lengthof array	47
<comp5111.assignment.cut.Subject$StringAlgorithms: java.lang.String[] trimArrayElements(java.lang.String[])> ::: 19	<comp5111.assignment.cut.Subject$StringAlgorithms: java.lang.String[] trimArrayElements(java.lang.String[])>	if i < $stack7 goto staticinvoke <comp5111.assignment.CoverageRuntime: void hit(java.lang.String)>("<comp5111.assignment.cut.Subject$StringAlgorithms: java.lang.String[] trimArrayElements(java.lang.String[])> ::: 10")	47
<comp5111.assignment.cut.Subject$StringAlgorithms: java.lang.String[] trimArrayElements(java.lang.String[])> ::: 20	<comp5111.assignment.cut.Subject$StringAlgorithms: java.lang.String[] trimArrayElements(java.lang.String[])>	return result	51
<comp5111.assignment.cut.Subject$StringAlgorithms: int decodeOctets(int,java.nio.ByteBuffer,java.lang.StringBuilder)> ::: 3	<comp5111.assignment.cut.Subject$StringAlgorithms: int decodeOctets(int,java.nio.ByteBuffer,java.lang.StringBuilder)>	$stack4 = virtualinvoke bb.<java.nio.ByteBuffer: int limit()>()	61
<comp5111.assignment.cut.Subject$StringAlgorithms: int decodeOctets(int,java.nio.ByteBuffer,java.lang.StringBuilder)> ::: 4	<comp5111.assignment.cut.Subject$StringAlgorithms: int decodeOctets(int,java.nio.ByteBuffer,java.lang.StringBuilder)>	if $stack4 != 1 goto $stack5 = <java.nio.charset.StandardCharsets: java.nio.charset.Charset UTF_8>	61
<comp5111.assignment.cut.Subject$StringAlgorithms: int decodeOctets(int,java.nio.ByteBuffer,java.lang.StringBuilder)> ::: 5	<comp5111.assignment.cut.Subject$StringAlgorithms: int decodeOctets(int,java.nio.ByteBuffer,java.lang.StringBuilder)>	$stack12 = virtualinvoke bb.<java.nio.ByteBuffer: byte get(int)>(0)	61
<comp5111.assignment.cut.Subject$StringAlgorithms: int decodeOctets(int,java.nio.ByteBuffer,java.lang.StringBuilder)> ::: 6	<comp5111.assignment.cut.Subject$StringAlgorithms: int decodeOctets(int,java.nio.ByteBuffer,java.lang.StringBuilder)>	$stack13 = $stack12 & 255	61
<comp5111.assignment.cut.Subject$StringAlgorithms: int decodeOctets(int,java.nio.ByteBuffer,java.lang.StringBuilder)> ::: 7	<comp5111.assignment.cut.Subject$StringAlgorithms: int decodeOctets(int,java.nio.ByteBuffer,java.lang.StringBuilder)>	if $stack13 >= 128 goto $stack5 = <java.nio.charset.StandardCharsets: java.nio.charset.Charset UTF_8>	61
<comp5111.assignment.cut.Subject$StringAlgorithms: int decodeOctets(int,java.nio.ByteBuffer,java.lang.StringBuilder)> ::: 8	<comp5111.assignment.cut.Subject$StringAlgorithms: int decodeOctets(int,java.nio.ByteBuffer,java.lang.StringBuilder)>	$stack21 = virtualinvoke bb.<java.nio.ByteBuffer: byte get(int)>(0)	62
<comp5111.assignment.cut.Subject$StringAlgorithms: int decodeOctets(int,java.nio.ByteBuffer,java.lang.StringBuilder)> ::: 9	<comp5111.assignment.cut.Subject$StringAlgorithms: int decodeOctets(int,java.nio.ByteBuffer,java.lang.StringBuilder)>	$stack22 = (char) $stack21	62
<comp5111.assignment.cut.Subject$StringAlgorithms: int decodeOctets(int,java.nio.ByteBuffer,java.lang.StringBuilder)> ::: 10	<comp5111.assignment.cut.Subject$StringAlgorithms: int decodeOctets(int,java.nio.ByteBuffer,java.lang.StringBuilder)>	virtualinvoke sb.<java.lang.StringBuilder: java.lang.StringBuilder append(char)>($stack22)	62
<comp5111.assignment.cut.Subject$StringAlgorithms: int decodeOctets(int,java.nio.ByteBuffer,java.lang.StringBuilder)> ::: 11	<comp5111.assignment.cut.Subject$StringAlgorithms: int decodeOctets(int,java.nio.ByteBuffer,java.lang.StringBuilder)>	$stack24 = i + 2	63
<comp5111.assignment.cut.Subject$StringAlgorithms: int decodeOctets(int,java.nio.ByteBuffer,java.lang.StringBuilder)> ::: 12	<comp5111.assignment.cut.Subject$StringAlgorithms: int decodeOctets(int,java.nio.ByteBuffer,java.lang.StringBuilder)>	return $stack24	63
<comp5111.assignment.cut.Subject$StringAlgorithms: int decodeOctets(int,java.nio.ByteBuffer,java.lang.StringBuilder)> ::: 13	<comp5111.assignment.cut.Subject$StringAlgorithms: int decodeOctets(int,java.nio.ByteBuffer,java.lang.StringBuilder)>	$stack5 = <java.nio.charset.StandardCharsets: java.nio.charset.Charset UTF_8>	65
<comp5111.assignment.cut.Subject$StringAlgorithms: int decodeOctets(int,java.nio.ByteBuffer,java.lang.StringBuilder)> ::: 14	<comp5111.assignment.cut.Subject$StringAlgorithms: int decodeOctets(int,java.nio.ByteBuffer,java.lang.StringBuilder)>	cb = virtualinvoke $stack5.<java.nio.charset.Charset: java.nio.CharBuffer decode(java.nio.ByteBuffer)>(bb)	65
<comp5111.assignment.cut.Subject$StringAlgorithms: int decodeOctets(int,java.nio.ByteBuffer,java.lang.StringBuilder)> ::: 15	<comp5111.assignment.cut.Subject$StringAlgorithms: int decodeOctets(int,java.nio.ByteBuffer,java.lang.StringBuilder)>	virtualinvoke sb.<java.lang.StringBuilder: java.lang.StringBuilder append(java.lang.CharSequence)>(cb)	66
<comp5111.assignment.cut.Subject$StringAlgorithms: int decodeOctets(int,java.nio.ByteBuffer,java.lang.StringBuilder)> ::: 16	<comp5111.assignment.cut.Subject$StringAlgorithms: int decodeOctets(int,java.nio.ByteBuffer,java.lang.StringBuilder)>	$stack8 = virtualinvoke bb.<java.nio.ByteBuffer: int limit()>()	67
<comp5111.assignment.cut.Subject$StringAlgorithms: int decodeOctets(int,java.nio.ByteBuffer,java.lang.StringBuilder)> ::: 17	<comp5111.assignment.cut.Subject$StringAlgorithms: int decodeOctets(int,java.nio.ByteBuffer,java.lang.StringBuilder)>	$stack9 = $stack8 * 3	67
<comp5111.assignment.cut.Subject$StringAlgorithms: int decodeOctets(int,java.nio.ByteBuffer,java.lang.StringBuilder)> ::: 18	<comp5111.assignment.cut.Subject$StringAlgorithms: int decodeOctets(int,java.nio.ByteBuffer,java.lang.StringBuilder)>	$stack10 = i + $stack9	67
<comp5111.assignment.cut.Subject$StringAlgorithms: int decodeOctets(int,java.nio.ByteBuffer,java.lang.StringBuilder)> ::: 19	<comp5111.assignment.cut.Subject$StringAlgorithms: int decodeOctets(int,java.nio.ByteBuffer,java.lang.StringBuilder)>	$stack11 = $stack10 - 1	67
<comp5111.assignment.cut.Subject$StringAlgorithms: int decodeOctets(int,java.nio.ByteBuffer,java.lang.StringBuilder)> ::: 20	<comp5111.assignment.cut.Subject$StringAlgorithms: int decodeOctets(int,java.nio.ByteBuffer,java.lang.StringBuilder)>	return $stack11	67
<comp5111.assignment.cut.Subject$StringAlgorithms: void enlarge(int,byte[],int)> ::: 3	<comp5111.assignment.cut.Subject$StringAlgorithms: void enlarge(int,byte[],int)>	$stack6 = lengthof data	80
<comp5111.assignment.cut.Subject$StringAlgorithms: void enlarge(int,byte[],int)> ::: 4	<comp5111.assignment.cut.Subject$StringAlgorithms: void enlarge(int,byte[],int)>	doubleCapacity = 2 * $stack6	80
<comp5111.assignment.cut.Subject$StringAlgorithms: void enlarge(int,byte[],int)> ::: 5	<comp5111.assignment.cut.Subject$StringAlgorithms: void enlarge(int,byte[],int)>	minimalCapacity = length + size	81
<comp5111.assignment.cut.Subject$StringAlgorithms: void enlarge(int,byte[],int)> ::: 6	<comp5111.assignment.cut.Subject$StringAlgorithms: void enlarge(int,byte[],int)>	if doubleCapacity <= minimalCapacity goto $stack7 = minimalCapacity	82
<comp5111.assignment.cut.Subject$StringAlgorithms: void enlarge(int,byte[],int)> ::: 7	<comp5111.assignment.cut.Subject$StringAlgorithms: void enlarge(int,byte[],int)>	$stack7 = doubleCapacity	82
<comp5111.assignment.cut.Subject$StringAlgorithms: void enlarge(int,byte[],int)> ::: 8	<comp5111.assignment.cut.Subject$StringAlgorithms: void enlarge(int,byte[],int)>	goto [?= newData = newarray (byte)[$stack7]]	82
<comp5111.assignment.cut.Subject$StringAlgorithms: void enlarge(int,byte[],int)> ::: 9	<comp5111.assignment.cut.Subject$StringAlgorithms: void enlarge(int,byte[],int)>	$stack7 = minimalCapacity	82
<comp5111.assignment.cut.Subject$StringAlgorithms: void enlarge(int,byte[],int)> ::: 10	<comp5111.assignment.cut.Subject$StringAlgorithms: void enlarge(int,byte[],int)>	newData = newarray (byte)[$stack7]	82
<comp5111.assignment.cut.Subject$StringAlgorithms: void enlarge(int,byte[],int)> ::: 11	<comp5111.assignment.cut.Subject$StringAlgorithms: void enlarge(int,byte[],int)>	staticinvoke <java.lang.System: void arraycopy(java.lang.Object,int,java.lang.Object,int,int)>(data, 0, newData, 0, length)	83
<comp5111.assignment.cut.Subject$StringAlgorithms: void enlarge(int,byte[],int)> ::: 12	<comp5111.assignment.cut.Subject$StringAlgorithms: void enlarge(int,byte[],int)>	data#3 = newData	83
<comp5111.assignment.cut.Subject$StringAlgorithms: void enlarge(int,byte[],int)> ::: 13	<comp5111.assignment.cut.Subject$StringAlgorithms: void enlarge(int,byte[],int)>	return	84
<comp5111.assignment.cut.Subject$StringAlgorithms: java.lang.Boolean strToBoolean(java.lang.String)> ::: 1	<comp5111.assignment.cut.Subject$StringAlgorithms: java.lang.Boolean strToBoolean(java.lang.String)>	if str != null goto $stack6 = virtualinvoke str.<java.lang.String: int length()>()	95
<comp5111.assignment.cut.Subject$StringAlgorithms: java.lang.Boolean strToBoolean(java.lang.String)> ::: 2	<comp5111.assignment.cut.Subject$StringAlgorithms: java.lang.Boolean strToBoolean(java.lang.String)>	return null	96
<comp5111.assignment.cut.Subject$StringAlgorithms: java.lang.Boolean strToBoolean(java.lang.String)> ::: 3	<comp5111.assignment.cut.Subject$StringAlgorithms: java.lang.Boolean strToBoolean(java.lang.String)>	$stack6 = virtualinvoke str.<java.lang.String: int length()>()	98
<comp5111.assignment.cut.Subject$StringAlgorithms: java.lang.Boolean strToBoolean(java.lang.String)> ::: 4	<comp5111.assignment.cut.Subject$StringAlgorithms: java.lang.Boolean strToBoolean(java.lang.String)>	if $stack6 != 1 goto $stack7 = virtualinvoke str.<java.lang.String: int length()>()	98
<comp5111.assignment.cut.Subject$StringAlgorithms: java.lang.Boolean strToBoolean(java.lang.String)> ::: 5	<comp5111.assignment.cut.Subject$StringAlgorithms: java.lang.Boolean strToBoolean(java.lang.String)>	ch0 = virtualinvoke str.<java.lang.String: char charAt(int)>(0)	99
<comp5111.assignment.cut.Subject$StringAlgorithms: java.lang.Boolean strToBoolean(java.lang.String)> ::: 6	<comp5111.assignment.cut.Subject$StringAlgorithms: java.lang.Boolean strToBoolean(java.lang.String)>	if ch0 == 121 goto $stack63 = <java.lang.Boolean: java.lang.Boolean TRUE>	100
<comp5111.assignment.cut.Subject$StringAlgorithms: java.lang.Boolean strToBoolean(java.lang.String)> ::: 7	<comp5111.assignment.cut.Subject$StringAlgorithms: java.lang.Boolean strToBoolean(java.lang.String)>	if ch0 == 89 goto $stack63 = <java.lang.Boolean: java.lang.Boolean TRUE>	100
<comp5111.assignment.cut.Subject$StringAlgorithms: java.lang.Boolean strToBoolean(java.lang.String)> ::: 8	<comp5111.assignment.cut.Subject$StringAlgorithms: java.lang.Boolean strToBoolean(java.lang.String)>	if ch0 == 116 goto $stack63 = <java.lang.Boolean: java.lang.Boolean TRUE>	100
<comp5111.assignment.cut.Subject$StringAlgorithms: java.lang.Boolean strToBoolean(java.lang.String)> ::: 9	<comp5111.assignment.cut.Subject$StringAlgorithms: java.lang.Boolean strToBoolean(java.lang.String)>	if ch0 != 84 goto (branch)	100
<comp5111.assignment.cut.Subject$StringAlgorithms: java.lang.Boolean strToBoolean(java.lang.String)> ::: 10	<comp5111.assignment.cut.Subject$StringAlgorithms: java.lang.Boolean strToBoolean(java.lang.String)>	$stack63 = <java.lang.Boolean: java.lang.Boolean TRUE>	101
<comp5111.assignment.cut.Subject$StringAlgorithms: java.lang.Boolean strToBoolean(java.lang.String)> ::: 11	<comp5111.assignment.cut.Subject$StringAlgorithms: java.lang.Boolean strToBoolean(java.lang.String)>	return $stack63	101
<comp5111.assignment.cut.Subject$StringAlgorithms: java.lang.Boolean strToBoolean(java.lang.String)> ::: 12	<comp5111.assignment.cut.Subject$StringAlgorithms: java.lang.Boolean strToBoolean(java.lang.String)>	if ch0 == 110 goto $stack64 = <java.lang.Boolean: java.lang.Boolean FALSE>	103
<comp5111.assignment.cut.Subject$StringAlgorithms: java.lang.Boolean strToBoolean(java.lang.String)> ::: 13	<comp5111.assignment.cut.Subject$StringAlgorithms: java.lang.Boolean strToBoolean(java.lang.String)>	if ch0 == 78 goto $stack64 = <java.lang.Boolean: java.lang.Boolean FALSE>	103
<comp5111.assignment.cut.Subject$StringAlgorithms: java.lang.Boolean strToBoolean(java.lang.String)> ::: 14	<comp5111.assignment.cut.Subject$StringAlgorithms: java.lang.Boolean strToBoolean(java.lang.String)>	if ch0 == 102 goto $stack64 = <java.lang.Boolean: java.lang.Boolean FALSE>	103
<comp5111.assignment.cut.Subject$StringAlgorithms: java.lang.Boolean strToBoolean(java.lang.String)> ::: 15	<comp5111.assignment.cut.Subject$StringAlgorithms: java.lang.Boolean strToBoolean(java.lang.String)>	if ch0 != 70 goto return null	103
<comp5111.assignment.cut.Subject$StringAlgorithms: java.lang.Boolean strToBoolean(java.lang.String)> ::: 16	<comp5111.assignment.cut.Subject$StringAlgorithms: java.lang.Boolean strToBoolean(java.lang.String)>	$stack64 = <java.lang.Boolean: java.lang.Boolean FALSE>	104
<comp5111.assignment.cut.Subject$StringAlgorithms: java.lang.Boolean strToBoolean(java.lang.String)> ::: 17	<comp5111.assignment.cut.Subject$StringAlgorithms: java.lang.Boolean strToBoolean(java.lang.String)>	return $stack64	104
<comp5111.assignment.cut.Subject$StringAlgorithms: java.lang.Boolean strToBoolean(java.lang.String)> ::: 18	<comp5111.assignment.cut.Subject$StringAlgorithms: java.lang.Boolean strToBoolean(java.lang.String)>	$stack7 = virtualinvoke str.<java.lang.String: int length()>()	106
<comp5111.assignment.cut.Subject$StringAlgorithms: java.lang.Boolean strToBoolean(java.lang.String)> ::: 19	<comp5111.assignment.cut.Subject$StringAlgorithms: java.lang.Boolean strToBoolean(java.lang.String)>	if $stack7 != 2 goto $stack8 = virtualinvoke str.<java.lang.String: int length()>()	106
<comp5111.assignment.cut.Subject$StringAlgorithms: java.lang.Boolean strToBoolean(java.lang.String)> ::: 20	<comp5111.assignment.cut.Subject$StringAlgorithms: java.lang.Boolean strToBoolean(java.lang.String)>	ch0 = virtualinvoke str.<java.lang.String: char charAt(int)>(0)	107
<comp5111.assignment.cut.Subject$StringAlgorithms: java.lang.Boolean strToBoolean(java.lang.String)> ::: 21	<comp5111.assignment.cut.Subject$StringAlgorithms: java.lang.Boolean strToBoolean(java.lang.String)>	ch1 = virtualinvoke str.<java.lang.String: char charAt(int)>(1)	108
<comp5111.assignment.cut.Subject$StringAlgorithms: java.lang.Boolean strToBoolean(java.lang.String)> ::: 22	<comp5111.assignment.cut.Subject$StringAlgorithms: java.lang.Boolean strToBoolean(java.lang.String)>	if ch0 == 110 goto (branch)	109
<comp5111.assignment.cut.Subject$StringAlgorithms: java.lang.Boolean strToBoolean(java.lang.String)> ::: 23	<comp5111.assignment.cut.Subject$StringAlgorithms: java.lang.Boolean strToBoolean(java.lang.String)>	if ch0 != 78 goto (branch)	109
<comp5111.assignment.cut.Subject$StringAlgorithms: java.lang.Boolean strToBoolean(java.lang.String)> ::: 24	<comp5111.assignment.cut.Subject$StringAlgorithms: java.lang.Boolean strToBoolean(java.lang.String)>	if ch1 == 111 goto $stack54 = <java.lang.Boolean: java.lang.Boolean FALSE>	109
<comp5111.assignment.cut.Subject$StringAlgorithms: java.lang.Boolean strToBoolean(java.lang.String)> ::: 25	<comp5111.assignment.cut.Subject$StringAlgorithms: java.lang.Boolean strToBoolean(java.lang.String)>	if ch1 != 79 goto (branch)	109
<comp5111.assignment.cut.Subject$StringAlgorithms: java.lang.Boolean strToBoolean(java.lang.String)> ::: 26	<comp5111.assignment.cut.Subject$StringAlgorithms: java.lang.Boolean strToBoolean(java.lang.String)>	$stack54 = <java.lang.Boolean: java.lang.Boolean FALSE>	110
<comp5111.assignment.cut.Subject$StringAlgorithms: java.lang.Boolean strToBoolean(java.lang.String)> ::: 27	<comp5111.assignment.cut.Subject$StringAlgorithms: java.lang.Boolean strToBoolean(java.lang.String)>	return $stack54	110
<comp5111.assignment.cut.Subject$StringAlgorithms: java.lang.Boolean strToBoolean(java.lang.String)> ::: 28	<comp5111.assignment.cut.Subject$StringAlgorithms: java.lang.Boolean strToBoolean(java.lang.String)>	if ch0 == 111 goto (branch)	112
<comp5111.assignment.cut.Subject$StringAlgorithms: java.lang.Boolean strToBoolean(java.lang.String)> ::: 29	<comp5111.assignment.cut.Subject$StringAlgorithms: java.lang.Boolean strToBoolean(java.lang.String)>	if ch0 != 79 goto return null	112
<comp5111.assignment.cut.Subject$StringAlgorithms: java.lang.Boolean strToBoolean(java.lang.String)> ::: 30	<comp5111.assignment.cut.Subject$StringAlgorithms: java.lang.Boolean strToBoolean(java.lang.String)>	if ch1 == 110 goto $stack55 = <java.lang.Boolean: java.lang.Boolean TRUE>	112
<comp5111.assignment.cut.Subject$StringAlgorithms: java.lang.Boolean strToBoolean(java.lang.String)> ::: 31	<comp5111.assignment.cut.Subject$StringAlgorithms: java.lang.Boolean strToBoolean(java.lang.String)>	if ch1 != 78 goto return null	112
<comp5111.assignment.cut.Subject$StringAlgorithms: java.lang.Boolean strToBoolean(java.lang.String)> ::: 32	<comp5111.assignment.cut.Subject$StringAlgorithms: java.lang.Boolean strToBoolean(java.lang.String)>	$stack55 = <java.lang.Boolean: java.lang.Boolean TRUE>	113
<comp5111.assignment.cut.Subject$StringAlgorithms: java.lang.Boolean strToBoolean(java.lang.String)> ::: 33	<comp5111.assignment.cut.Subject$StringAlgorithms: java.lang.Boolean strToBoolean(java.lang.String)>	return $stack55	113
<comp5111.assignment.cut.Subject$StringAlgorithms: java.lang.Boolean strToBoolean(java.lang.String)> ::: 34	<comp5111.assignment.cut.Subject$StringAlgorithms: java.lang.Boolean strToBoolean(java.lang.String)>	$stack8 = virtualinvoke str.<java.lang.String: int length()>()	115
<comp5111.assignment.cut.Subject$StringAlgorithms: java.lang.Boolean strToBoolean(java.lang.String)> ::: 35	<comp5111.assignment.cut.Subject$StringAlgorithms: java.lang.Boolean strToBoolean(java.lang.String)>	if $stack8 != 3 goto $stack9 = virtualinvoke str.<java.lang.String: int length()>()	115
<comp5111.assignment.cut.Subject$StringAlgorithms: java.lang.Boolean strToBoolean(java.lang.String)> ::: 36	<comp5111.assignment.cut.Subject$StringAlgorithms: java.lang.Boolean strToBoolean(java.lang.String)>	ch0 = virtualinvoke str.<java.lang.String: char charAt(int)>(0)	116
<comp5111.assignment.cut.Subject$StringAlgorithms: java.lang.Boolean strToBoolean(java.lang.String)> ::: 37	<comp5111.assignment.cut.Subject$StringAlgorithms: java.lang.Boolean strToBoolean(java.lang.String)>	ch1 = virtualinvoke str.<java.lang.String: char charAt(int)>(1)	117
<comp5111.assignment.cut.Subject$StringAlgorithms: java.lang.Boolean strToBoolean(java.lang.String)> ::: 38	<comp5111.assignment.cut.Subject$StringAlgorithms: java.lang.Boolean strToBoolean(java.lang.String)>	ch2 = virtualinvoke str.<java.lang.String: char charAt(int)>(2)	118
<comp5111.assignment.cut.Subject$StringAlgorithms: java.lang.Boolean strToBoolean(java.lang.String)> ::: 39	<comp5111.assignment.cut.Subject$StringAlgorithms: java.lang.Boolean strToBoolean(java.lang.String)>	if ch0 == 111 goto (branch)	119
<comp5111.assignment.cut.Subject$StringAlgorithms: java.lang.Boolean strToBoolean(java.lang.String)> ::: 40	<comp5111.assignment.cut.Subject$StringAlgorithms: java.lang.Boolean strToBoolean(java.lang.String)>	if ch0 != 79 goto (branch)	119
<comp5111.assignment.cut.Subject$StringAlgorithms: java.lang.Boolean strToBoolean(java.lang.String)> ::: 41	<comp5111.assignment.cut.Subject$StringAlgorithms: java.lang.Boolean strToBoolean(java.lang.String)>	if ch1 == 102 goto (branch)	119
<comp5111.assignment.cut.Subject$StringAlgorithms: java.lang.Boolean strToBoolean(java.lang.String)> ::: 42	<comp5111.assignment.cut.Subject$StringAlgorithms: java.lang.Boolean strToBoolean(java.lang.String)>	if ch1 != 70 goto (branch)	119
<comp5111.assignment.cut.Subject$StringAlgorithms: java.lang.Boolean strToBoolean(java.lang.String)> ::: 43	<comp5111.assignment.cut.Subject$StringAlgorithms: java.lang.Boolean strToBoolean(java.lang.String)>	if ch2 == 102 goto $stack40 = <java.lang.Boolean: java.lang.Boolean FALSE>	119
<comp5111.assignment.cut.Subject$StringAlgorithms: java.lang.Boolean strToBoolean(java.lang.String)> ::: 44	<comp5111.assignment.cut.Subject$StringAlgorithms: java.lang.Boolean strToBoolean(java.lang.String)>	if ch2 != 70 goto (branch)	119
<comp5111.assignment.cut.Subject$StringAlgorithms: java.lang.Boolean strToBoolean(java.lang.String)> ::: 45	<comp5111.assignment.cut.Subject$StringAlgorithms: java.lang.Boolean strToBoolean(java.lang.String)>	$stack40 = <java.lang.Boolean: java.lang.Boolean FALSE>	120
<comp5111.assignment.cut.Subject$StringAlgorithms: java.lang.Boolean strToBoolean(java.lang.String)> ::: 46	<comp5111.assignment.cut.Subject$StringAlgorithms: java.lang.Boolean strToBoolean(java.lang.String)>	return $stack40	120
<comp5111.assignment.cut.Subject$StringAlgorithms: java.lang.Boolean strToBoolean(java.lang.String)> ::: 47	<comp5111.assignment.cut.Subject$StringAlgorithms: java.lang.Boolean strToBoolean(java.lang.String)>	if ch0 == 121 goto (branch)	122
<comp5111.assignment.cut.Subject$StringAlgorithms: java.lang.Boolean strToBoolean(java.lang.String)> ::: 48	<comp5111.assignment.cut.Subject$StringAlgorithms: java.lang.Boolean strToBoolean(java.lang.String)>	if ch0 != 89 goto return null	122
<comp5111.assignment.cut.Subject$StringAlgorithms: java.lang.Boolean strToBoolean(java.lang.String)> ::: 49	<comp5111.assignment.cut.Subject$StringAlgorithms: java.lang.Boolean strToBoolean(java.lang.String)>	if ch1 == 101 goto (branch)	122
<comp5111.assignment.cut.Subject$StringAlgorithms: java.lang.Boolean strToBoolean(java.lang.String)> ::: 50	<comp5111.assignment.cut.Subject$StringAlgorithms: java.lang.Boolean strToBoolean(java.lang.String)>	if ch1 != 69 goto return null	122
<comp5111.assignment.cut.Subject$StringAlgorithms: java.lang.Boolean strToBoolean(java.lang.String)> ::: 51	<comp5111.assignment.cut.Subject$StringAlgorithms: java.lang.Boolean strToBoolean(java.lang.String)>	if ch2 == 115 goto $stack41 = <java.lang.Boolean: java.lang.Boolean TRUE>	122
<comp5111.assignment.cut.Subject$StringAlgorithms: java.lang.Boolean strToBoolean(java.lang.String)> ::: 52	<comp5111.assignment.cut.Subject$StringAlgorithms: java.lang.Boolean strToBoolean(java.lang.String)>	if ch2 != 83 goto return null	122
<comp5111.assignment.cut.Subject$StringAlgorithms: java.lang.Boolean strToBoolean(java.lang.String)> ::: 53	<comp5111.assignment.cut.Subject$StringAlgorithms: java.lang.Boolean strToBoolean(java.lang.String)>	$stack41 = <java.lang.Boolean: java.lang.Boolean TRUE>	123
<comp5111.assignment.cut.Subject$StringAlgorithms: java.lang.Boolean strToBoolean(java.lang.String)> ::: 54	<comp5111.assignment.cut.Subject$StringAlgorithms: java.lang.Boolean strToBoolean(java.lang.String)>	return $stack41	123
<comp5111.assignment.cut.Subject$StringAlgorithms: java.lang.Boolean strToBoolean(java.lang.String)> ::: 55	<comp5111.assignment.cut.Subject$StringAlgorithms: java.lang.Boolean strToBoolean(java.lang.String)>	$stack9 = virtualinvoke str.<java.lang.String: int length()>()	125
<comp5111.assignment.cut.Subject$StringAlgorithms: java.lang.Boolean strToBoolean(java.lang.String)> ::: 56	<comp5111.assignment.cut.Subject$StringAlgorithms: java.lang.Boolean strToBoolean(java.lang.String)>	if $stack9 != 4 goto $stack10 = virtualinvoke str.<java.lang.String: int length()>()	125
<comp5111.assignment.cut.Subject$StringAlgorithms: java.lang.Boolean strToBoolean(java.lang.String)> ::: 57	<comp5111.assignment.cut.Subject$StringAlgorithms: java.lang.Boolean strToBoolean(java.lang.String)>	ch0 = virtualinvoke str.<java.lang.String: char charAt(int)>(0)	126
<comp5111.assignment.cut.Subject$StringAlgorithms: java.lang.Boolean strToBoolean(java.lang.String)> ::: 58	<comp5111.assignment.cut.Subject$StringAlgorithms: java.lang.Boolean strToBoolean(java.lang.String)>	ch1 = virtualinvoke str.<java.lang.String: char charAt(int)>(1)	127
<comp5111.assignment.cut.Subject$StringAlgorithms: java.lang.Boolean strToBoolean(java.lang.String)> ::: 59	<comp5111.assignment.cut.Subject$StringAlgorithms: java.lang.Boolean strToBoolean(java.lang.String)>	ch2 = virtualinvoke str.<java.lang.String: char charAt(int)>(2)	128
<comp5111.assignment.cut.Subject$StringAlgorithms: java.lang.Boolean strToBoolean(java.lang.String)> ::: 60	<comp5111.assignment.cut.Subject$StringAlgorithms: java.lang.Boolean strToBoolean(java.lang.String)>	ch3 = virtualinvoke str.<java.lang.String: char charAt(int)>(3)	129
<comp5111.assignment.cut.Subject$StringAlgorithms: java.lang.Boolean strToBoolean(java.lang.String)> ::: 61	<comp5111.assignment.cut.Subject$StringAlgorithms: java.lang.Boolean strToBoolean(java.lang.String)>	if ch0 == 116 goto (branch)	130
<comp5111.assignment.cut.Subject$StringAlgorithms: java.lang.Boolean strToBoolean(java.lang.String)> ::: 62	<comp5111.assignment.cut.Subject$StringAlgorithms: java.lang.Boolean strToBoolean(java.lang.String)>	if ch0 != 84 goto return null	130
<comp5111.assignment.cut.Subject$StringAlgorithms: java.lang.Boolean strToBoolean(java.lang.String)> ::: 63	<comp5111.assignment.cut.Subject$StringAlgorithms: java.lang.Boolean strToBoolean(java.lang.String)>	if ch1 == 114 goto (branch)	130
<comp5111.assignment.cut.Subject$StringAlgorithms: java.lang.Boolean strToBoolean(java.lang.String)> ::: 64	<comp5111.assignment.cut.Subject$StringAlgorithms: java.lang.Boolean strToBoolean(java.lang.String)>	if ch1 != 82 goto return null	130
<comp5111.assignment.cut.Subject$StringAlgorithms: java.lang.Boolean strToBoolean(java.lang.String)> ::: 65	<comp5111.assignment.cut.Subject$StringAlgorithms: java.lang.Boolean strToBoolean(java.lang.String)>	if ch2 == 117 goto (branch)	130
<comp5111.assignment.cut.Subject$StringAlgorithms: java.lang.Boolean strToBoolean(java.lang.String)> ::: 66	<comp5111.assignment.cut.Subject$StringAlgorithms: java.lang.Boolean strToBoolean(java.lang.String)>	if ch2 != 85 goto return null	130
<comp5111.assignment.cut.Subject$StringAlgorithms: java.lang.Boolean strToBoolean(java.lang.String)> ::: 67	<comp5111.assignment.cut.Subject$StringAlgorithms: java.lang.Boolean strToBoolean(java.lang.String)>	if ch3 == 101 goto $stack30 = <java.lang.Boolean: java.lang.Boolean TRUE>	130
<comp5111.assignment.cut.Subject$StringAlgorithms: java.lang.Boolean strToBoolean(java.lang.String)> ::: 68	<comp5111.assignment.cut.Subject$StringAlgorithms: java.lang.Boolean strToBoolean(java.lang.String)>	if ch3 != 69 goto return null	130
<comp5111.assignment.cut.Subject$StringAlgorithms: java.lang.Boolean strToBoolean(java.lang.String)> ::: 69	<comp5111.assignment.cut.Subject$StringAlgorithms: java.lang.Boolean strToBoolean(java.lang.String)>	$stack30 = <java.lang.Boolean: java.lang.Boolean TRUE>	131
<comp5111.assignment.cut.Subject$StringAlgorithms: java.lang.Boolean strToBoolean(java.lang.String)> ::: 70	<comp5111.assignment.cut.Subject$StringAlgorithms: java.lang.Boolean strToBoolean(java.lang.String)>	return $stack30	131
<comp5111.assignment.cut.Subject$StringAlgorithms: java.lang.Boolean strToBoolean(java.lang.String)> ::: 71	<comp5111.assignment.cut.Subject$StringAlgorithms: java.lang.Boolean strToBoolean(java.lang.String)>	$stack10 = virtualinvoke str.<java.lang.String: int length()>()	133
<comp5111.assignment.cut.Subject$StringAlgorithms: java.lang.Boolean strToBoolean(java.lang.String)> ::: 72	<comp5111.assignment.cut.Subject$StringAlgorithms: java.lang.Boolean strToBoolean(java.lang.String)>	if $stack10 != 5 goto return null	133
<comp5111.assignment.cut.Subject$StringAlgorithms: java.lang.Boolean strToBoolean(java.lang.String)> ::: 73	<comp5111.assignment.cut.Subject$StringAlgorithms: java.lang.Boolean strToBoolean(java.lang.String)>	ch0 = virtualinvoke str.<java.lang.String: char charAt(int)>(0)	134
<comp5111.assignment.cut.Subject$StringAlgorithms: java.lang.Boolean strToBoolean(java.lang.String)> ::: 74	<comp5111.assignment.cut.Subject$StringAlgorithms: java.lang.Boolean strToBoolean(java.lang.String)>	ch1 = virtualinvoke str.<java.lang.String: char charAt(int)>(1)	135
<comp5111.assignment.cut.Subject$StringAlgorithms: java.lang.Boolean strToBoolean(java.lang.String)> ::: 75	<comp5111.assignment.cut.Subject$StringAlgorithms: java.lang.Boolean strToBoolean(java.lang.String)>	ch2 = virtualinvoke str.<java.lang.String: char charAt(int)>(2)	136
<comp5111.assignment.cut.Subject$StringAlgorithms: java.lang.Boolean strToBoolean(java.lang.String)> ::: 76	<comp5111.assignment.cut.Subject$StringAlgorithms: java.lang.Boolean strToBoolean(java.lang.String)>	ch3 = virtualinvoke str.<java.lang.String: char charAt(int)>(3)	137
<comp5111.assignment.cut.Subject$StringAlgorithms: java.lang.Boolean strToBoolean(java.lang.String)> ::: 77	<comp5111.assignment.cut.Subject$StringAlgorithms: java.lang.Boolean strToBoolean(java.lang.String)>	ch4 = virtualinvoke str.<java.lang.String: char charAt(int)>(4)	138
<comp5111.assignment.cut.Subject$StringAlgorithms: java.lang.Boolean strToBoolean(java.lang.String)> ::: 78	<comp5111.assignment.cut.Subject$StringAlgorithms: java.lang.Boolean strToBoolean(java.lang.String)>	if ch0 == 102 goto (branch)	139
<comp5111.assignment.cut.Subject$StringAlgorithms: java.lang.Boolean strToBoolean(java.lang.String)> ::: 79	<comp5111.assignment.cut.Subject$StringAlgorithms: java.lang.Boolean strToBoolean(java.lang.String)>	if ch0 != 70 goto return null	139
<comp5111.assignment.cut.Subject$StringAlgorithms: java.lang.Boolean strToBoolean(java.lang.String)> ::: 80	<comp5111.assignment.cut.Subject$StringAlgorithms: java.lang.Boolean strToBoolean(java.lang.String)>	if ch1 == 97 goto (branch)	139
<comp5111.assignment.cut.Subject$StringAlgorithms: java.lang.Boolean strToBoolean(java.lang.String)> ::: 81	<comp5111.assignment.cut.Subject$StringAlgorithms: java.lang.Boolean strToBoolean(java.lang.String)>	if ch1 != 65 goto return null	139
<comp5111.assignment.cut.Subject$StringAlgorithms: java.lang.Boolean strToBoolean(java.lang.String)> ::: 82	<comp5111.assignment.cut.Subject$StringAlgorithms: java.lang.Boolean strToBoolean(java.lang.String)>	if ch2 == 108 goto (branch)	139
<comp5111.assignment.cut.Subject$StringAlgorithms: java.lang.Boolean strToBoolean(java.lang.String)> ::: 83	<comp5111.assignment.cut.Subject$StringAlgorithms: java.lang.Boolean strToBoolean(java.lang.String)>	if ch2 != 76 goto return null	139
<comp5111.assignment.cut.Subject$StringAlgorithms: java.lang.Boolean strToBoolean(java.lang.String)> ::: 84	<comp5111.assignment.cut.Subject$StringAlgorithms: java.lang.Boolean strToBoolean(java.lang.String)>	if ch3 == 115 goto (branch)	139
<comp5111.assignment.cut.Subject$StringAlgorithms: java.lang.Boolean strToBoolean(java.lang.String)> ::: 85	<comp5111.assignment.cut.Subject$StringAlgorithms: java.lang.Boolean strToBoolean(java.lang.String)>	if ch3 != 83 goto return null	139
<comp5111.assignment.cut.Subject$StringAlgorithms: java.lang.Boolean strToBoolean(java.lang.String)> ::: 86	<comp5111.assignment.cut.Subject$StringAlgorithms: java.lang.Boolean strToBoolean(java.lang.String)>	if ch4 == 101 goto $stack16 = <java.lang.Boolean: java.lang.Boolean FALSE>	139
<comp5111.assignment.cut.Subject$StringAlgorithms: java.lang.Boolean strToBoolean(java.lang.String)> ::: 87	<comp5111.assignment.cut.Subject$StringAlgorithms: java.lang.Boolean strToBoolean(java.lang.String)>	if ch4 != 69 goto return null	139
<comp5111.assignment.cut.Subject$StringAlgorithms: java.lang.Boolean strToBoolean(java.lang.String)> ::: 88	<comp5111.assignment.cut.Subject$StringAlgorithms: java.lang.Boolean strToBoolean(java.lang.String)>	$stack16 = <java.lang.Boolean: java.lang.Boolean FALSE>	140
<comp5111.assignment.cut.Subject$StringAlgorithms: java.lang.Boolean strToBoolean(java.lang.String)> ::: 89	<comp5111.assignment.cut.Subject$StringAlgorithms: java.lang.Boolean strToBoolean(java.lang.String)>	return $stack16	140
<comp5111.assignment.cut.Subject$StringAlgorithms: java.lang.Boolean strToBoolean(java.lang.String)> ::: 90	<comp5111.assignment.cut.Subject$StringAlgorithms: java.lang.Boolean strToBoolean(java.lang.String)>	return null	143
<comp5111.assignment.cut.Subject$StringAlgorithms: java.lang.Boolean strToBoolean(java.lang.String,java.lang.String,java.lang.String,java.lang.String)> ::: 4	<comp5111.assignment.cut.Subject$StringAlgorithms: java.lang.Boolean strToBoolean(java.lang.String,java.lang.String,java.lang.String,java.lang.String)>	if str != null goto $stack4 = virtualinvoke str.<java.lang.String: boolean equals(java.lang.Object)>(trueString)	160
<comp5111.assignment.cut.Subject$StringAlgorithms: java.lang.Boolean strToBoolean(java.lang.String,java.lang.String,java.lang.String,java.lang.String)> ::: 5	<comp5111.assignment.cut.Subject$StringAlgorithms: java.lang.Boolean strToBoolean(java.lang.String,java.lang.String,java.lang.String,java.lang.String)>	if nullString != null goto (branch)	161
<comp5111.assignment.cut.Subject$StringAlgorithms: java.lang.Boolean strToBoolean(java.lang.String,java.lang.String,java.lang.String,java.lang.String)> ::: 6	<comp5111.assignment.cut.Subject$StringAlgorithms: java.lang.Boolean strToBoolean(java.lang.String,java.lang.String,java.lang.String,java.lang.String)>	return null	161
<comp5111.assignment.cut.Subject$StringAlgorithms: java.lang.Boolean strToBoolean(java.lang.String,java.lang.String,java.lang.String,java.lang.String)> ::: 7	<comp5111.assignment.cut.Subject$StringAlgorithms: java.lang.Boolean strToBoolean(java.lang.String,java.lang.String,java.lang.String,java.lang.String)>	if trueString != null goto (branch)	162
<comp5111.assignment.cut.Subject$StringAlgorithms: java.lang.Boolean strToBoolean(java.lang.String,java.lang.String,java.lang.String,java.lang.String)> ::: 8	<comp5111.assignment.cut.Subject$StringAlgorithms: java.lang.Boolean strToBoolean(java.lang.String,java.lang.String,java.lang.String,java.lang.String)>	$stack13 = <java.lang.Boolean: java.lang.Boolean TRUE>	162
<comp5111.assignment.cut.Subject$StringAlgorithms: java.lang.Boolean strToBoolean(java.lang.String,java.lang.String,java.lang.String,java.lang.String)> ::: 9	<comp5111.assignment.cut.Subject$StringAlgorithms: java.lang.Boolean strToBoolean(java.lang.String,java.lang.String,java.lang.String,java.lang.String)>	return $stack13	162
<comp5111.assignment.cut.Subject$StringAlgorithms: java.lang.Boolean strToBoolean(java.lang.String,java.lang.String,java.lang.String,java.lang.String)> ::: 10	<comp5111.assignment.cut.Subject$StringAlgorithms: java.lang.Boolean strToBoolean(java.lang.String,java.lang.String,java.lang.String,java.lang.String)>	if falseString != null goto $stack4 = virtualinvoke str.<java.lang.String: boolean equals(java.lang.Object)>(trueString)	163
<comp5111.assignment.cut.Subject$StringAlgorithms: java.lang.Boolean strToBoolean(java.lang.String,java.lang.String,java.lang.String,java.lang.String)> ::: 11	<comp5111.assignment.cut.Subject$StringAlgorithms: java.lang.Boolean strToBoolean(java.lang.String,java.lang.String,java.lang.String,java.lang.String)>	$stack12 = <java.lang.Boolean: java.lang.Boolean FALSE>	163
<comp5111.assignment.cut.Subject$StringAlgorithms: java.lang.Boolean strToBoolean(java.lang.String,java.lang.String,java.lang.String,java.lang.String)> ::: 12	<comp5111.assignment.cut.Subject$StringAlgorithms: java.lang.Boolean strToBoolean(java.lang.String,java.lang.String,java.lang.String,java.lang.String)>	return $stack12	163
<comp5111.assignment.cut.Subject$StringAlgorithms: java.lang.Boolean strToBoolean(java.lang.String,java.lang.String,java.lang.String,java.lang.String)> ::: 13	<comp5111.assignment.cut.Subject$StringAlgorithms: java.lang.Boolean strToBoolean(java.lang.String,java.lang.String,java.lang.String,java.lang.String)>	$stack4 = virtualinvoke str.<java.lang.String: boolean equals(java.lang.Object)>(trueString)	165
<comp5111.assignment.cut.Subject$StringAlgorithms: java.lang.Boolean strToBoolean(java.lang.String,java.lang.String,java.lang.String,java.lang.String)> ::: 14	<comp5111.assignment.cut.Subject$StringAlgorithms: java.lang.Boolean strToBoolean(java.lang.String,java.lang.String,java.lang.String,java.lang.String)>	if $stack4 == 0 goto $stack5 = virtualinvoke str.<java.lang.String: boolean equals(java.lang.Object)>(falseString)	165
<comp5111.assignment.cut.Subject$StringAlgorithms: java.lang.Boolean strToBoolean(java.lang.String,java.lang.String,java.lang.String,java.lang.String)> ::: 15	<comp5111.assignment.cut.Subject$StringAlgorithms: java.lang.Boolean strToBoolean(java.lang.String,java.lang.String,java.lang.String,java.lang.String)>	$stack9 = <java.lang.Boolean: java.lang.Boolean TRUE>	165
<comp5111.assignment.cut.Subject$StringAlgorithms: java.lang.Boolean strToBoolean(java.lang.String,java.lang.String,java.lang.String,java.lang.String)> ::: 16	<comp5111.assignment.cut.Subject$StringAlgorithms: java.lang.Boolean strToBoolean(java.lang.String,java.lang.String,java.lang.String,java.lang.String)>	return $stack9	165
<comp5111.assignment.cut.Subject$StringAlgorithms: java.lang.Boolean strToBoolean(java.lang.String,java.lang.String,java.lang.String,java.lang.String)> ::: 17	<comp5111.assignment.cut.Subject$StringAlgorithms: java.lang.Boolean strToBoolean(java.lang.String,java.lang.String,java.lang.String,java.lang.String)>	$stack5 = virtualinvoke str.<java.lang.String: boolean equals(java.lang.Object)>(falseString)	166
<comp5111.assignment.cut.Subject$StringAlgorithms: java.lang.Boolean strToBoolean(java.lang.String,java.lang.String,java.lang.String,java.lang.String)> ::: 18	<comp5111.assignment.cut.Subject$StringAlgorithms: java.lang.Boolean strToBoolean(java.lang.String,java.lang.String,java.lang.String,java.lang.String)>	if $stack5 == 0 goto $stack6 = virtualinvoke str.<java.lang.String: boolean equals(java.lang.Object)>(nullString)	166
<comp5111.assignment.cut.Subject$StringAlgorithms: java.lang.Boolean strToBoolean(java.lang.String,java.lang.String,java.lang.String,java.lang.String)> ::: 19	<comp5111.assignment.cut.Subject$StringAlgorithms: java.lang.Boolean strToBoolean(java.lang.String,java.lang.String,java.lang.String,java.lang.String)>	$stack8 = <java.lang.Boolean: java.lang.Boolean FALSE>	166
<comp5111.assignment.cut.Subject$StringAlgorithms: java.lang.Boolean strToBoolean(java.lang.String,java.lang.String,java.lang.String,java.lang.String)> ::: 20	<comp5111.assignment.cut.Subject$StringAlgorithms: java.lang.Boolean strToBoolean(java.lang.String,java.lang.String,java.lang.String,java.lang.String)>	return $stack8	166
<comp5111.assignment.cut.Subject$StringAlgorithms: java.lang.Boolean strToBoolean(java.lang.String,java.lang.String,java.lang.String,java.lang.String)> ::: 21	<comp5111.assignment.cut.Subject$StringAlgorithms: java.lang.Boolean strToBoolean(java.lang.String,java.lang.String,java.lang.String,java.lang.String)>	$stack6 = virtualinvoke str.<java.lang.String: boolean equals(java.lang.Object)>(nullString)	167
<comp5111.assignment.cut.Subject$StringAlgorithms: java.lang.Boolean strToBoolean(java.lang.String,java.lang.String,java.lang.String,java.lang.String)> ::: 22	<comp5111.assignment.cut.Subject$StringAlgorithms: java.lang.Boolean strToBoolean(java.lang.String,java.lang.String,java.lang.String,java.lang.String)>	if $stack6 == 0 goto $stack7 = new java.lang.IllegalArgumentException	167
<comp5111.assignment.cut.Subject$StringAlgorithms: java.lang.Boolean strToBoolean(java.lang.String,java.lang.String,java.lang.String,java.lang.String)> ::: 23	<comp5111.assignment.cut.Subject$StringAlgorithms: java.lang.Boolean strToBoolean(java.lang.String,java.lang.String,java.lang.String,java.lang.String)>	return null	167
<comp5111.assignment.cut.Subject$StringAlgorithms: java.lang.Boolean strToBoolean(java.lang.String,java.lang.String,java.lang.String,java.lang.String)> ::: 24	<comp5111.assignment.cut.Subject$StringAlgorithms: java.lang.Boolean strToBoolean(java.lang.String,java.lang.String,java.lang.String,java.lang.String)>	$stack7 = new java.lang.IllegalArgumentException	168
<comp5111.assignment.cut.Subject$StringAlgorithms: java.lang.Boolean strToBoolean(java.lang.String,java.lang.String,java.lang.String,java.lang.String)> ::: 25	<comp5111.assignment.cut.Subject$StringAlgorithms: java.lang.Boolean strToBoolean(java.lang.String,java.lang.String,java.lang.String,java.lang.String)>	specialinvoke $stack7.<java.lang.IllegalArgumentException: void <init>()>()	168
<comp5111.assignment.cut.Subject$StringAlgorithms: java.lang.Boolean strToBoolean(java.lang.String,java.lang.String,java.lang.String,java.lang.String)> ::: 26	<comp5111.assignment.cut.Subject$StringAlgorithms: java.lang.Boolean strToBoolean(java.lang.String,java.lang.String,java.lang.String,java.lang.String)>	throw $stack7	168
<comp5111.assignment.cut.Subject$StringAlgorithms: boolean isOneOf(char,char[])> ::: 2	<comp5111.assignment.cut.Subject$StringAlgorithms: boolean isOneOf(char,char[])>	result = 0	180
<comp5111.assignment.cut.Subject$StringAlgorithms: boolean isOneOf(char,char[])> ::: 3	<comp5111.assignment.cut.Subject$StringAlgorithms: boolean isOneOf(char,char[])>	l6 = charray	181
<comp5111.assignment.cut.Subject$StringAlgorithms: boolean isOneOf(char,char[])> ::: 4	<comp5111.assignment.cut.Subject$StringAlgorithms: boolean isOneOf(char,char[])>	l5 = lengthof charray	181
<comp5111.assignment.cut.Subject$StringAlgorithms: boolean isOneOf(char,char[])> ::: 5	<comp5111.assignment.cut.Subject$StringAlgorithms: boolean isOneOf(char,char[])>	l4 = 0	181
<comp5111.assignment.cut.Subject$StringAlgorithms: boolean isOneOf(char,char[])> ::: 6	<comp5111.assignment.cut.Subject$StringAlgorithms: boolean isOneOf(char,char[])>	goto [?= (branch)]	181
<comp5111.assignment.cut.Subject$StringAlgorithms: boolean isOneOf(char,char[])> ::: 7	<comp5111.assignment.cut.Subject$StringAlgorithms: boolean isOneOf(char,char[])>	element = l6[l4]	181
<comp5111.assignment.cut.Subject$StringAlgorithms: boolean isOneOf(char,char[])> ::: 8	<comp5111.assignment.cut.Subject$StringAlgorithms: boolean isOneOf(char,char[])>	if ch != element goto l4 = l4 + 1	182
<comp5111.assignment.cut.Subject$StringAlgorithms: boolean isOneOf(char,char[])> ::: 9	<comp5111.assignment.cut.Subject$StringAlgorithms: boolean isOneOf(char,char[])>	result = 1	183
<comp5111.assignment.cut.Subject$StringAlgorithms: boolean isOneOf(char,char[])> ::: 10	<comp5111.assignment.cut.Subject$StringAlgorithms: boolean isOneOf(char,char[])>	goto [?= return result]	184
<comp5111.assignment.cut.Subject$StringAlgorithms: boolean isOneOf(char,char[])> ::: 11	<comp5111.assignment.cut.Subject$StringAlgorithms: boolean isOneOf(char,char[])>	l4 = l4 + 1	181
<comp5111.assignment.cut.Subject$StringAlgorithms: boolean isOneOf(char,char[])> ::: 12	<comp5111.assignment.cut.Subject$StringAlgorithms: boolean isOneOf(char,char[])>	if l4 < l5 goto staticinvoke <comp5111.assignment.CoverageRuntime: void hit(java.lang.String)>("<comp5111.assignment.cut.Subject$StringAlgorithms: boolean isOneOf(char,char[])> ::: 7")	181
<comp5111.assignment.cut.Subject$StringAlgorithms: boolean isOneOf(char,char[])> ::: 13	<comp5111.assignment.cut.Subject$StringAlgorithms: boolean isOneOf(char,char[])>	return result	187
<comp5111.assignment.cut.Subject$StringAlgorithms: java.lang.String parseToken(java.lang.String,char[])> ::: 2	<comp5111.assignment.cut.Subject$StringAlgorithms: java.lang.String parseToken(java.lang.String,char[])>	chars = virtualinvoke str.<java.lang.String: char[] toCharArray()>()	200
<comp5111.assignment.cut.Subject$StringAlgorithms: java.lang.String parseToken(java.lang.String,char[])> ::: 3	<comp5111.assignment.cut.Subject$StringAlgorithms: java.lang.String parseToken(java.lang.String,char[])>	pos = 0	201
<comp5111.assignment.cut.Subject$StringAlgorithms: java.lang.String parseToken(java.lang.String,char[])> ::: 4	<comp5111.assignment.cut.Subject$StringAlgorithms: java.lang.String parseToken(java.lang.String,char[])>	goto [?= $stack6 = lengthof chars]	202
<comp5111.assignment.cut.Subject$StringAlgorithms: java.lang.String parseToken(java.lang.String,char[])> ::: 5	<comp5111.assignment.cut.Subject$StringAlgorithms: java.lang.String parseToken(java.lang.String,char[])>	ch = chars[pos]	203
<comp5111.assignment.cut.Subject$StringAlgorithms: java.lang.String parseToken(java.lang.String,char[])> ::: 6	<comp5111.assignment.cut.Subject$StringAlgorithms: java.lang.String parseToken(java.lang.String,char[])>	$stack7 = staticinvoke <comp5111.assignment.cut.Subject$StringAlgorithms: boolean isOneOf(char,char[])>(ch, terminators)	204
<comp5111.assignment.cut.Subject$StringAlgorithms: java.lang.String parseToken(java.lang.String,char[])> ::: 7	<comp5111.assignment.cut.Subject$StringAlgorithms: java.lang.String parseToken(java.lang.String,char[])>	if $stack7 == 0 goto pos = pos + 1	204
<comp5111.assignment.cut.Subject$StringAlgorithms: java.lang.String parseToken(java.lang.String,char[])> ::: 8	<comp5111.assignment.cut.Subject$StringAlgorithms: java.lang.String parseToken(java.lang.String,char[])>	pos = pos + 1	205
<comp5111.assignment.cut.Subject$StringAlgorithms: java.lang.String parseToken(java.lang.String,char[])> ::: 9	<comp5111.assignment.cut.Subject$StringAlgorithms: java.lang.String parseToken(java.lang.String,char[])>	goto [?= $stack10 = virtualinvoke str.<java.lang.String: java.lang.String substring(int,int)>(0, pos)]	206
<comp5111.assignment.cut.Subject$StringAlgorithms: java.lang.String parseToken(java.lang.String,char[])> ::: 10	<comp5111.assignment.cut.Subject$StringAlgorithms: java.lang.String parseToken(java.lang.String,char[])>	pos = pos + 1	208
<comp5111.assignment.cut.Subject$StringAlgorithms: java.lang.String parseToken(java.lang.String,char[])> ::: 11	<comp5111.assignment.cut.Subject$StringAlgorithms: java.lang.String parseToken(java.lang.String,char[])>	$stack6 = lengthof chars	202
<comp5111.assignment.cut.Subject$StringAlgorithms: java.lang.String parseToken(java.lang.String,char[])> ::: 12	<comp5111.assignment.cut.Subject$StringAlgorithms: java.lang.String parseToken(java.lang.String,char[])>	if pos < $stack6 goto staticinvoke <comp5111.assignment.CoverageRuntime: void hit(java.lang.String)>("<comp5111.assignment.cut.Subject$StringAlgorithms: java.lang.String parseToken(java.lang.String,char[])> ::: 5")	202
<comp5111.assignment.cut.Subject$StringAlgorithms: java.lang.String parseToken(java.lang.String,char[])> ::: 13	<comp5111.assignment.cut.Subject$StringAlgorithms: java.lang.String parseToken(java.lang.String,char[])>	$stack10 = virtualinvoke str.<java.lang.String: java.lang.String substring(int,int)>(0, pos)	210
<comp5111.assignment.cut.Subject$StringAlgorithms: java.lang.String parseToken(java.lang.String,char[])> ::: 14	<comp5111.assignment.cut.Subject$StringAlgorithms: java.lang.String parseToken(java.lang.String,char[])>	return $stack10	210
<comp5111.assignment.cut.Subject$StringAlgorithms: boolean isDigits(java.lang.String)> ::: 1	<comp5111.assignment.cut.Subject$StringAlgorithms: boolean isDigits(java.lang.String)>	if str == null goto return 0	222
<comp5111.assignment.cut.Subject$StringAlgorithms: boolean isDigits(java.lang.String)> ::: 2	<comp5111.assignment.cut.Subject$StringAlgorithms: boolean isDigits(java.lang.String)>	$stack2 = virtualinvoke str.<java.lang.String: int length()>()	222
<comp5111.assignment.cut.Subject$StringAlgorithms: boolean isDigits(java.lang.String)> ::: 3	<comp5111.assignment.cut.Subject$StringAlgorithms: boolean isDigits(java.lang.String)>	if $stack2 != 0 goto i = 0	222
<comp5111.assignment.cut.Subject$StringAlgorithms: boolean isDigits(java.lang.String)> ::: 4	<comp5111.assignment.cut.Subject$StringAlgorithms: boolean isDigits(java.lang.String)>	return 0	223
<comp5111.assignment.cut.Subject$StringAlgorithms: boolean isDigits(java.lang.String)> ::: 5	<comp5111.assignment.cut.Subject$StringAlgorithms: boolean isDigits(java.lang.String)>	i = 0	224
<comp5111.assignment.cut.Subject$StringAlgorithms: boolean isDigits(java.lang.String)> ::: 6	<comp5111.assignment.cut.Subject$StringAlgorithms: boolean isDigits(java.lang.String)>	goto [?= $stack3 = virtualinvoke str.<java.lang.String: int length()>()]	224
<comp5111.assignment.cut.Subject$StringAlgorithms: boolean isDigits(java.lang.String)> ::: 7	<comp5111.assignment.cut.Subject$StringAlgorithms: boolean isDigits(java.lang.String)>	$stack4 = virtualinvoke str.<java.lang.String: char charAt(int)>(i)	225
<comp5111.assignment.cut.Subject$StringAlgorithms: boolean isDigits(java.lang.String)> ::: 8	<comp5111.assignment.cut.Subject$StringAlgorithms: boolean isDigits(java.lang.String)>	$stack5 = staticinvoke <java.lang.Character: boolean isDigit(char)>($stack4)	225
<comp5111.assignment.cut.Subject$StringAlgorithms: boolean isDigits(java.lang.String)> ::: 9	<comp5111.assignment.cut.Subject$StringAlgorithms: boolean isDigits(java.lang.String)>	if $stack5 != 0 goto i = i + 1	225
<comp5111.assignment.cut.Subject$StringAlgorithms: boolean isDigits(java.lang.String)> ::: 10	<comp5111.assignment.cut.Subject$StringAlgorithms: boolean isDigits(java.lang.String)>	return 0	226
<comp5111.assignment.cut.Subject$StringAlgorithms: boolean isDigits(java.lang.String)> ::: 11	<comp5111.assignment.cut.Subject$StringAlgorithms: boolean isDigits(java.lang.String)>	i = i + 1	224
<comp5111.assignment.cut.Subject$StringAlgorithms: boolean isDigits(java.lang.String)> ::: 12	<comp5111.assignment.cut.Subject$StringAlgorithms: boolean isDigits(java.lang.String)>	$stack3 = virtualinvoke str.<java.lang.String: int length()>()	224
<comp5111.assignment.cut.Subject$StringAlgorithms: boolean isDigits(java.lang.String)> ::: 13	<comp5111.assignment.cut.Subject$StringAlgorithms: boolean isDigits(java.lang.String)>	if i < $stack3 goto staticinvoke <comp5111.assignment.CoverageRuntime: void hit(java.lang.String)>("<comp5111.assignment.cut.Subject$StringAlgorithms: boolean isDigits(java.lang.String)> ::: 7")	224
<comp5111.assignment.cut.Subject$StringAlgorithms: boolean isDigits(java.lang.String)> ::: 14	<comp5111.assignment.cut.Subject$StringAlgorithms: boolean isDigits(java.lang.String)>	return 1	229
<comp5111.assignment.cut.Subject$StringAlgorithms: java.lang.Number parseNumber(java.lang.String)> ::: 1	<comp5111.assignment.cut.Subject$StringAlgorithms: java.lang.Number parseNumber(java.lang.String)>	if val == null goto return null	253
<comp5111.assignment.cut.Subject$StringAlgorithms: java.lang.Number parseNumber(java.lang.String)> ::: 2	<comp5111.assignment.cut.Subject$StringAlgorithms: java.lang.Number parseNumber(java.lang.String)>	$stack8 = virtualinvoke val.<java.lang.String: int length()>()	253
<comp5111.assignment.cut.Subject$StringAlgorithms: java.lang.Number parseNumber(java.lang.String)> ::: 3	<comp5111.assignment.cut.Subject$StringAlgorithms: java.lang.Number parseNumber(java.lang.String)>	if $stack8 == 0 goto return null	253
<comp5111.assignment.cut.Subject$StringAlgorithms: java.lang.Number parseNumber(java.lang.String)> ::: 4	<comp5111.assignment.cut.Subject$StringAlgorithms: java.lang.Number parseNumber(java.lang.String)>	$stack10 = virtualinvoke val.<java.lang.String: int length()>()	253
<comp5111.assignment.cut.Subject$StringAlgorithms: java.lang.Number parseNumber(java.lang.String)> ::: 5	<comp5111.assignment.cut.Subject$StringAlgorithms: java.lang.Number parseNumber(java.lang.String)>	if $stack10 != 1 goto $stack11 = virtualinvoke val.<java.lang.String: boolean startsWith(java.lang.String)>("--")	253
<comp5111.assignment.cut.Subject$StringAlgorithms: java.lang.Number parseNumber(java.lang.String)> ::: 6	<comp5111.assignment.cut.Subject$StringAlgorithms: java.lang.Number parseNumber(java.lang.String)>	$stack107 = virtualinvoke val.<java.lang.String: char charAt(int)>(0)	253
<comp5111.assignment.cut.Subject$StringAlgorithms: java.lang.Number parseNumber(java.lang.String)> ::: 7	<comp5111.assignment.cut.Subject$StringAlgorithms: java.lang.Number parseNumber(java.lang.String)>	$stack108 = staticinvoke <java.lang.Character: boolean isDigit(char)>($stack107)	253
<comp5111.assignment.cut.Subject$StringAlgorithms: java.lang.Number parseNumber(java.lang.String)> ::: 8	<comp5111.assignment.cut.Subject$StringAlgorithms: java.lang.Number parseNumber(java.lang.String)>	if $stack108 != 0 goto $stack11 = virtualinvoke val.<java.lang.String: boolean startsWith(java.lang.String)>("--")	253
<comp5111.assignment.cut.Subject$StringAlgorithms: java.lang.Number parseNumber(java.lang.String)> ::: 9	<comp5111.assignment.cut.Subject$StringAlgorithms: java.lang.Number parseNumber(java.lang.String)>	return null	254
<comp5111.assignment.cut.Subject$StringAlgorithms: java.lang.Number parseNumber(java.lang.String)> ::: 10	<comp5111.assignment.cut.Subject$StringAlgorithms: java.lang.Number parseNumber(java.lang.String)>	$stack11 = virtualinvoke val.<java.lang.String: boolean startsWith(java.lang.String)>("--")	256
<comp5111.assignment.cut.Subject$StringAlgorithms: java.lang.Number parseNumber(java.lang.String)> ::: 11	<comp5111.assignment.cut.Subject$StringAlgorithms: java.lang.Number parseNumber(java.lang.String)>	if $stack11 == 0 goto $stack12 = virtualinvoke val.<java.lang.String: boolean startsWith(java.lang.String)>("0x")	256
<comp5111.assignment.cut.Subject$StringAlgorithms: java.lang.Number parseNumber(java.lang.String)> ::: 12	<comp5111.assignment.cut.Subject$StringAlgorithms: java.lang.Number parseNumber(java.lang.String)>	return null	257
<comp5111.assignment.cut.Subject$StringAlgorithms: java.lang.Number parseNumber(java.lang.String)> ::: 13	<comp5111.assignment.cut.Subject$StringAlgorithms: java.lang.Number parseNumber(java.lang.String)>	$stack12 = virtualinvoke val.<java.lang.String: boolean startsWith(java.lang.String)>("0x")	259
<comp5111.assignment.cut.Subject$StringAlgorithms: java.lang.Number parseNumber(java.lang.String)> ::: 14	<comp5111.assignment.cut.Subject$StringAlgorithms: java.lang.Number parseNumber(java.lang.String)>	if $stack12 != 0 goto $stack13 = staticinvoke <java.lang.Integer: java.lang.Integer decode(java.lang.String)>(val)	259
<comp5111.assignment.cut.Subject$StringAlgorithms: java.lang.Number parseNumber(java.lang.String)> ::: 15	<comp5111.assignment.cut.Subject$StringAlgorithms: java.lang.Number parseNumber(java.lang.String)>	$stack14 = virtualinvoke val.<java.lang.String: boolean startsWith(java.lang.String)>("-0x")	259
<comp5111.assignment.cut.Subject$StringAlgorithms: java.lang.Number parseNumber(java.lang.String)> ::: 16	<comp5111.assignment.cut.Subject$StringAlgorithms: java.lang.Number parseNumber(java.lang.String)>	if $stack14 == 0 goto $stack15 = virtualinvoke val.<java.lang.String: int length()>()	259
<comp5111.assignment.cut.Subject$StringAlgorithms: java.lang.Number parseNumber(java.lang.String)> ::: 17	<comp5111.assignment.cut.Subject$StringAlgorithms: java.lang.Number parseNumber(java.lang.String)>	$stack13 = staticinvoke <java.lang.Integer: java.lang.Integer decode(java.lang.String)>(val)	260
<comp5111.assignment.cut.Subject$StringAlgorithms: java.lang.Number parseNumber(java.lang.String)> ::: 18	<comp5111.assignment.cut.Subject$StringAlgorithms: java.lang.Number parseNumber(java.lang.String)>	return $stack13	260
<comp5111.assignment.cut.Subject$StringAlgorithms: java.lang.Number parseNumber(java.lang.String)> ::: 19	<comp5111.assignment.cut.Subject$StringAlgorithms: java.lang.Number parseNumber(java.lang.String)>	$stack15 = virtualinvoke val.<java.lang.String: int length()>()	262
<comp5111.assignment.cut.Subject$StringAlgorithms: java.lang.Number parseNumber(java.lang.String)> ::: 20	<comp5111.assignment.cut.Subject$StringAlgorithms: java.lang.Number parseNumber(java.lang.String)>	$stack16 = $stack15 - 1	262
<comp5111.assignment.cut.Subject$StringAlgorithms: java.lang.Number parseNumber(java.lang.String)> ::: 21	<comp5111.assignment.cut.Subject$StringAlgorithms: java.lang.Number parseNumber(java.lang.String)>	lastChar = virtualinvoke val.<java.lang.String: char charAt(int)>($stack16)	262
<comp5111.assignment.cut.Subject$StringAlgorithms: java.lang.Number parseNumber(java.lang.String)> ::: 22	<comp5111.assignment.cut.Subject$StringAlgorithms: java.lang.Number parseNumber(java.lang.String)>	decPos = virtualinvoke val.<java.lang.String: int indexOf(int)>(46)	265
<comp5111.assignment.cut.Subject$StringAlgorithms: java.lang.Number parseNumber(java.lang.String)> ::: 23	<comp5111.assignment.cut.Subject$StringAlgorithms: java.lang.Number parseNumber(java.lang.String)>	$stack19 = virtualinvoke val.<java.lang.String: int indexOf(int)>(101)	266
<comp5111.assignment.cut.Subject$StringAlgorithms: java.lang.Number parseNumber(java.lang.String)> ::: 24	<comp5111.assignment.cut.Subject$StringAlgorithms: java.lang.Number parseNumber(java.lang.String)>	$stack20 = virtualinvoke val.<java.lang.String: int indexOf(int)>(69)	266
<comp5111.assignment.cut.Subject$StringAlgorithms: java.lang.Number parseNumber(java.lang.String)> ::: 25	<comp5111.assignment.cut.Subject$StringAlgorithms: java.lang.Number parseNumber(java.lang.String)>	$stack21 = $stack19 + $stack20	266
<comp5111.assignment.cut.Subject$StringAlgorithms: java.lang.Number parseNumber(java.lang.String)> ::: 26	<comp5111.assignment.cut.Subject$StringAlgorithms: java.lang.Number parseNumber(java.lang.String)>	expPos = $stack21 + 1	266
<comp5111.assignment.cut.Subject$StringAlgorithms: java.lang.Number parseNumber(java.lang.String)> ::: 27	<comp5111.assignment.cut.Subject$StringAlgorithms: java.lang.Number parseNumber(java.lang.String)>	if decPos <= -1 goto dec = null	267
<comp5111.assignment.cut.Subject$StringAlgorithms: java.lang.Number parseNumber(java.lang.String)> ::: 28	<comp5111.assignment.cut.Subject$StringAlgorithms: java.lang.Number parseNumber(java.lang.String)>	if expPos <= -1 goto $stack100 = decPos + 1	268
<comp5111.assignment.cut.Subject$StringAlgorithms: java.lang.Number parseNumber(java.lang.String)> ::: 29	<comp5111.assignment.cut.Subject$StringAlgorithms: java.lang.Number parseNumber(java.lang.String)>	if expPos >= decPos goto $stack103 = decPos + 1	269
<comp5111.assignment.cut.Subject$StringAlgorithms: java.lang.Number parseNumber(java.lang.String)> ::: 30	<comp5111.assignment.cut.Subject$StringAlgorithms: java.lang.Number parseNumber(java.lang.String)>	$stack105 = new java.lang.NumberFormatException	270
<comp5111.assignment.cut.Subject$StringAlgorithms: java.lang.Number parseNumber(java.lang.String)> ::: 31	<comp5111.assignment.cut.Subject$StringAlgorithms: java.lang.Number parseNumber(java.lang.String)>	specialinvoke $stack105.<java.lang.NumberFormatException: void <init>(java.lang.String)>(val)	270
<comp5111.assignment.cut.Subject$StringAlgorithms: java.lang.Number parseNumber(java.lang.String)> ::: 32	<comp5111.assignment.cut.Subject$StringAlgorithms: java.lang.Number parseNumber(java.lang.String)>	throw $stack105	270
<comp5111.assignment.cut.Subject$StringAlgorithms: java.lang.Number parseNumber(java.lang.String)> ::: 33	<comp5111.assignment.cut.Subject$StringAlgorithms: java.lang.Number parseNumber(java.lang.String)>	$stack103 = decPos + 1	272
<comp5111.assignment.cut.Subject$StringAlgorithms: java.lang.Number parseNumber(java.lang.String)> ::: 34	<comp5111.assignment.cut.Subject$StringAlgorithms: java.lang.Number parseNumber(java.lang.String)>	dec = virtualinvoke val.<java.lang.String: java.lang.String substring(int,int)>($stack103, expPos)	272
<comp5111.assignment.cut.Subject$StringAlgorithms: java.lang.Number parseNumber(java.lang.String)> ::: 35	<comp5111.assignment.cut.Subject$StringAlgorithms: java.lang.Number parseNumber(java.lang.String)>	goto [?= $stack22 = staticinvoke <java.lang.Character: boolean isDigit(char)>(lastChar)]	273
<comp5111.assignment.cut.Subject$StringAlgorithms: java.lang.Number parseNumber(java.lang.String)> ::: 36	<comp5111.assignment.cut.Subject$StringAlgorithms: java.lang.Number parseNumber(java.lang.String)>	$stack100 = decPos + 1	268
<comp5111.assignment.cut.Subject$StringAlgorithms: java.lang.Number parseNumber(java.lang.String)> ::: 37	<comp5111.assignment.cut.Subject$StringAlgorithms: java.lang.Number parseNumber(java.lang.String)>	dec = virtualinvoke val.<java.lang.String: java.lang.String substring(int)>($stack100)	268
<comp5111.assignment.cut.Subject$StringAlgorithms: java.lang.Number parseNumber(java.lang.String)> ::: 38	<comp5111.assignment.cut.Subject$StringAlgorithms: java.lang.Number parseNumber(java.lang.String)>	goto [?= $stack22 = staticinvoke <java.lang.Character: boolean isDigit(char)>(lastChar)]	274
<comp5111.assignment.cut.Subject$StringAlgorithms: java.lang.Number parseNumber(java.lang.String)> ::: 39	<comp5111.assignment.cut.Subject$StringAlgorithms: java.lang.Number parseNumber(java.lang.String)>	dec = null	267
<comp5111.assignment.cut.Subject$StringAlgorithms: java.lang.Number parseNumber(java.lang.String)> ::: 40	<comp5111.assignment.cut.Subject$StringAlgorithms: java.lang.Number parseNumber(java.lang.String)>	$stack22 = staticinvoke <java.lang.Character: boolean isDigit(char)>(lastChar)	275
<comp5111.assignment.cut.Subject$StringAlgorithms: java.lang.Number parseNumber(java.lang.String)> ::: 41	<comp5111.assignment.cut.Subject$StringAlgorithms: java.lang.Number parseNumber(java.lang.String)>	if $stack22 != 0 goto (branch)	275
<comp5111.assignment.cut.Subject$StringAlgorithms: java.lang.Number parseNumber(java.lang.String)> ::: 42	<comp5111.assignment.cut.Subject$StringAlgorithms: java.lang.Number parseNumber(java.lang.String)>	if expPos <= -1 goto exp = null	276
<comp5111.assignment.cut.Subject$StringAlgorithms: java.lang.Number parseNumber(java.lang.String)> ::: 43	<comp5111.assignment.cut.Subject$StringAlgorithms: java.lang.Number parseNumber(java.lang.String)>	$stack88 = virtualinvoke val.<java.lang.String: int length()>()	276
<comp5111.assignment.cut.Subject$StringAlgorithms: java.lang.Number parseNumber(java.lang.String)> ::: 44	<comp5111.assignment.cut.Subject$StringAlgorithms: java.lang.Number parseNumber(java.lang.String)>	$stack89 = $stack88 - 1	276
<comp5111.assignment.cut.Subject$StringAlgorithms: java.lang.Number parseNumber(java.lang.String)> ::: 45	<comp5111.assignment.cut.Subject$StringAlgorithms: java.lang.Number parseNumber(java.lang.String)>	if expPos >= $stack89 goto exp = null	276
<comp5111.assignment.cut.Subject$StringAlgorithms: java.lang.Number parseNumber(java.lang.String)> ::: 46	<comp5111.assignment.cut.Subject$StringAlgorithms: java.lang.Number parseNumber(java.lang.String)>	$stack96 = expPos + 1	277
<comp5111.assignment.cut.Subject$StringAlgorithms: java.lang.Number parseNumber(java.lang.String)> ::: 47	<comp5111.assignment.cut.Subject$StringAlgorithms: java.lang.Number parseNumber(java.lang.String)>	$stack97 = virtualinvoke val.<java.lang.String: int length()>()	277
<comp5111.assignment.cut.Subject$StringAlgorithms: java.lang.Number parseNumber(java.lang.String)> ::: 48	<comp5111.assignment.cut.Subject$StringAlgorithms: java.lang.Number parseNumber(java.lang.String)>	$stack98 = $stack97 - 1	277
<comp5111.assignment.cut.Subject$StringAlgorithms: java.lang.Number parseNumber(java.lang.String)> ::: 49	<comp5111.assignment.cut.Subject$StringAlgorithms: java.lang.Number parseNumber(java.lang.String)>	exp = virtualinvoke val.<java.lang.String: java.lang.String substring(int,int)>($stack96, $stack98)	277
<comp5111.assignment.cut.Subject$StringAlgorithms: java.lang.Number parseNumber(java.lang.String)> ::: 50	<comp5111.assignment.cut.Subject$StringAlgorithms: java.lang.Number parseNumber(java.lang.String)>	goto [?= $stack53 = virtualinvoke val.<java.lang.String: int length()>()]	278
<comp5111.assignment.cut.Subject$StringAlgorithms: java.lang.Number parseNumber(java.lang.String)> ::: 51	<comp5111.assignment.cut.Subject$StringAlgorithms: java.lang.Number parseNumber(java.lang.String)>	exp = null	276
<comp5111.assignment.cut.Subject$StringAlgorithms: java.lang.Number parseNumber(java.lang.String)> ::: 52	<comp5111.assignment.cut.Subject$StringAlgorithms: java.lang.Number parseNumber(java.lang.String)>	$stack53 = virtualinvoke val.<java.lang.String: int length()>()	279
<comp5111.assignment.cut.Subject$StringAlgorithms: java.lang.Number parseNumber(java.lang.String)> ::: 53	<comp5111.assignment.cut.Subject$StringAlgorithms: java.lang.Number parseNumber(java.lang.String)>	$stack54 = $stack53 - 1	279
<comp5111.assignment.cut.Subject$StringAlgorithms: java.lang.Number parseNumber(java.lang.String)> ::: 54	<comp5111.assignment.cut.Subject$StringAlgorithms: java.lang.Number parseNumber(java.lang.String)>	numeric = virtualinvoke val.<java.lang.String: java.lang.String substring(int,int)>(0, $stack54)	279
<comp5111.assignment.cut.Subject$StringAlgorithms: java.lang.Number parseNumber(java.lang.String)> ::: 55	<comp5111.assignment.cut.Subject$StringAlgorithms: java.lang.Number parseNumber(java.lang.String)>	if lastChar == 108 goto (branch)	281
<comp5111.assignment.cut.Subject$StringAlgorithms: java.lang.Number parseNumber(java.lang.String)> ::: 56	<comp5111.assignment.cut.Subject$StringAlgorithms: java.lang.Number parseNumber(java.lang.String)>	if lastChar != 76 goto (branch)	281
<comp5111.assignment.cut.Subject$StringAlgorithms: java.lang.Number parseNumber(java.lang.String)> ::: 57	<comp5111.assignment.cut.Subject$StringAlgorithms: java.lang.Number parseNumber(java.lang.String)>	if dec != null goto $stack56 = new java.lang.NumberFormatException	282
<comp5111.assignment.cut.Subject$StringAlgorithms: java.lang.Number parseNumber(java.lang.String)> ::: 58	<comp5111.assignment.cut.Subject$StringAlgorithms: java.lang.Number parseNumber(java.lang.String)>	if exp != null goto $stack56 = new java.lang.NumberFormatException	282
<comp5111.assignment.cut.Subject$StringAlgorithms: java.lang.Number parseNumber(java.lang.String)> ::: 59	<comp5111.assignment.cut.Subject$StringAlgorithms: java.lang.Number parseNumber(java.lang.String)>	$stack58 = virtualinvoke numeric.<java.lang.String: char charAt(int)>(0)	282
<comp5111.assignment.cut.Subject$StringAlgorithms: java.lang.Number parseNumber(java.lang.String)> ::: 60	<comp5111.assignment.cut.Subject$StringAlgorithms: java.lang.Number parseNumber(java.lang.String)>	if $stack58 != 45 goto $stack59 = staticinvoke <comp5111.assignment.cut.Subject$StringAlgorithms: boolean isDigits(java.lang.String)>(numeric)	282
<comp5111.assignment.cut.Subject$StringAlgorithms: java.lang.Number parseNumber(java.lang.String)> ::: 61	<comp5111.assignment.cut.Subject$StringAlgorithms: java.lang.Number parseNumber(java.lang.String)>	$stack70 = virtualinvoke numeric.<java.lang.String: java.lang.String substring(int)>(1)	282
<comp5111.assignment.cut.Subject$StringAlgorithms: java.lang.Number parseNumber(java.lang.String)> ::: 62	<comp5111.assignment.cut.Subject$StringAlgorithms: java.lang.Number parseNumber(java.lang.String)>	$stack71 = staticinvoke <comp5111.assignment.cut.Subject$StringAlgorithms: boolean isDigits(java.lang.String)>($stack70)	282
<comp5111.assignment.cut.Subject$StringAlgorithms: java.lang.Number parseNumber(java.lang.String)> ::: 63	<comp5111.assignment.cut.Subject$StringAlgorithms: java.lang.Number parseNumber(java.lang.String)>	if $stack71 != 0 goto $stack60 = new java.math.BigInteger	282
<comp5111.assignment.cut.Subject$StringAlgorithms: java.lang.Number parseNumber(java.lang.String)> ::: 64	<comp5111.assignment.cut.Subject$StringAlgorithms: java.lang.Number parseNumber(java.lang.String)>	$stack59 = staticinvoke <comp5111.assignment.cut.Subject$StringAlgorithms: boolean isDigits(java.lang.String)>(numeric)	282
<comp5111.assignment.cut.Subject$StringAlgorithms: java.lang.Number parseNumber(java.lang.String)> ::: 65	<comp5111.assignment.cut.Subject$StringAlgorithms: java.lang.Number parseNumber(java.lang.String)>	if $stack59 == 0 goto $stack56 = new java.lang.NumberFormatException	282
<comp5111.assignment.cut.Subject$StringAlgorithms: java.lang.Number parseNumber(java.lang.String)> ::: 66	<comp5111.assignment.cut.Subject$StringAlgorithms: java.lang.Number parseNumber(java.lang.String)>	$stack60 = new java.math.BigInteger	283
<comp5111.assignment.cut.Subject$StringAlgorithms: java.lang.Number parseNumber(java.lang.String)> ::: 67	<comp5111.assignment.cut.Subject$StringAlgorithms: java.lang.Number parseNumber(java.lang.String)>	specialinvoke $stack60.<java.math.BigInteger: void <init>(java.lang.String)>(numeric)	283
<comp5111.assignment.cut.Subject$StringAlgorithms: java.lang.Number parseNumber(java.lang.String)> ::: 68	<comp5111.assignment.cut.Subject$StringAlgorithms: java.lang.Number parseNumber(java.lang.String)>	res = $stack60	283
<comp5111.assignment.cut.Subject$StringAlgorithms: java.lang.Number parseNumber(java.lang.String)> ::: 69	<comp5111.assignment.cut.Subject$StringAlgorithms: java.lang.Number parseNumber(java.lang.String)>	$stack61 = virtualinvoke res.<java.math.BigInteger: int intValue()>()	284
<comp5111.assignment.cut.Subject$StringAlgorithms: java.lang.Number parseNumber(java.lang.String)> ::: 70	<comp5111.assignment.cut.Subject$StringAlgorithms: java.lang.Number parseNumber(java.lang.String)>	$stack62 = (long) $stack61	284
<comp5111.assignment.cut.Subject$StringAlgorithms: java.lang.Number parseNumber(java.lang.String)> ::: 71	<comp5111.assignment.cut.Subject$StringAlgorithms: java.lang.Number parseNumber(java.lang.String)>	$stack63 = staticinvoke <java.math.BigInteger: java.math.BigInteger valueOf(long)>($stack62)	284
<comp5111.assignment.cut.Subject$StringAlgorithms: java.lang.Number parseNumber(java.lang.String)> ::: 72	<comp5111.assignment.cut.Subject$StringAlgorithms: java.lang.Number parseNumber(java.lang.String)>	if res != $stack63 goto $stack64 = virtualinvoke res.<java.math.BigInteger: long longValue()>()	284
<comp5111.assignment.cut.Subject$StringAlgorithms: java.lang.Number parseNumber(java.lang.String)> ::: 73	<comp5111.assignment.cut.Subject$StringAlgorithms: java.lang.Number parseNumber(java.lang.String)>	$stack68 = virtualinvoke res.<java.math.BigInteger: int intValue()>()	285
<comp5111.assignment.cut.Subject$StringAlgorithms: java.lang.Number parseNumber(java.lang.String)> ::: 74	<comp5111.assignment.cut.Subject$StringAlgorithms: java.lang.Number parseNumber(java.lang.String)>	$stack69 = staticinvoke <java.lang.Integer: java.lang.Integer valueOf(int)>($stack68)	285
<comp5111.assignment.cut.Subject$StringAlgorithms: java.lang.Number parseNumber(java.lang.String)> ::: 75	<comp5111.assignment.cut.Subject$StringAlgorithms: java.lang.Number parseNumber(java.lang.String)>	return $stack69	285
<comp5111.assignment.cut.Subject$StringAlgorithms: java.lang.Number parseNumber(java.lang.String)> ::: 76	<comp5111.assignment.cut.Subject$StringAlgorithms: java.lang.Number parseNumber(java.lang.String)>	$stack64 = virtualinvoke res.<java.math.BigInteger: long longValue()>()	286
<comp5111.assignment.cut.Subject$StringAlgorithms: java.lang.Number parseNumber(java.lang.String)> ::: 77	<comp5111.assignment.cut.Subject$StringAlgorithms: java.lang.Number parseNumber(java.lang.String)>	$stack65 = staticinvoke <java.math.BigInteger: java.math.BigInteger valueOf(long)>($stack64)	286
<comp5111.assignment.cut.Subject$StringAlgorithms: java.lang.Number parseNumber(java.lang.String)> ::: 78	<comp5111.assignment.cut.Subject$StringAlgorithms: java.lang.Number parseNumber(java.lang.String)>	if res != $stack65 goto return res	286
<comp5111.assignment.cut.Subject$StringAlgorithms: java.lang.Number parseNumber(java.lang.String)> ::: 79	<comp5111.assignment.cut.Subject$StringAlgorithms: java.lang.Number parseNumber(java.lang.String)>	$stack66 = virtualinvoke res.<java.math.BigInteger: long longValue()>()	287
<comp5111.assignment.cut.Subject$StringAlgorithms: java.lang.Number parseNumber(java.lang.String)> ::: 80	<comp5111.assignment.cut.Subject$StringAlgorithms: java.lang.Number parseNumber(java.lang.String)>	$stack67 = staticinvoke <java.lang.Long: java.lang.Long valueOf(long)>($stack66)	287
<comp5111.assignment.cut.Subject$StringAlgorithms: java.lang.Number parseNumber(java.lang.String)> ::: 81	<comp5111.assignment.cut.Subject$StringAlgorithms: java.lang.Number parseNumber(java.lang.String)>	return $stack67	287
<comp5111.assignment.cut.Subject$StringAlgorithms: java.lang.Number parseNumber(java.lang.String)> ::: 82	<comp5111.assignment.cut.Subject$StringAlgorithms: java.lang.Number parseNumber(java.lang.String)>	return res	288
<comp5111.assignment.cut.Subject$StringAlgorithms: java.lang.Number parseNumber(java.lang.String)> ::: 83	<comp5111.assignment.cut.Subject$StringAlgorithms: java.lang.Number parseNumber(java.lang.String)>	$stack56 = new java.lang.NumberFormatException	290
<comp5111.assignment.cut.Subject$StringAlgorithms: java.lang.Number parseNumber(java.lang.String)> ::: 84	<comp5111.assignment.cut.Subject$StringAlgorithms: java.lang.Number parseNumber(java.lang.String)>	specialinvoke $stack56.<java.lang.NumberFormatException: void <init>(java.lang.String)>(val)	290
<comp5111.assignment.cut.Subject$StringAlgorithms: java.lang.Number parseNumber(java.lang.String)> ::: 85	<comp5111.assignment.cut.Subject$StringAlgorithms: java.lang.Number parseNumber(java.lang.String)>	throw $stack56	290
<comp5111.assignment.cut.Subject$StringAlgorithms: java.lang.Number parseNumber(java.lang.String)> ::: 86	<comp5111.assignment.cut.Subject$StringAlgorithms: java.lang.Number parseNumber(java.lang.String)>	if lastChar == 102 goto $stack76 = staticinvoke <java.lang.Float: java.lang.Float valueOf(java.lang.String)>(numeric)	291
<comp5111.assignment.cut.Subject$StringAlgorithms: java.lang.Number parseNumber(java.lang.String)> ::: 87	<comp5111.assignment.cut.Subject$StringAlgorithms: java.lang.Number parseNumber(java.lang.String)>	if lastChar != 70 goto (branch)	291
<comp5111.assignment.cut.Subject$StringAlgorithms: java.lang.Number parseNumber(java.lang.String)> ::: 88	<comp5111.assignment.cut.Subject$StringAlgorithms: java.lang.Number parseNumber(java.lang.String)>	$stack76 = staticinvoke <java.lang.Float: java.lang.Float valueOf(java.lang.String)>(numeric)	292
<comp5111.assignment.cut.Subject$StringAlgorithms: java.lang.Number parseNumber(java.lang.String)> ::: 89	<comp5111.assignment.cut.Subject$StringAlgorithms: java.lang.Number parseNumber(java.lang.String)>	return $stack76	292
<comp5111.assignment.cut.Subject$StringAlgorithms: java.lang.Number parseNumber(java.lang.String)> ::: 90	<comp5111.assignment.cut.Subject$StringAlgorithms: java.lang.Number parseNumber(java.lang.String)>	if lastChar == 100 goto $stack77 = new java.math.BigDecimal	293
<comp5111.assignment.cut.Subject$StringAlgorithms: java.lang.Number parseNumber(java.lang.String)> ::: 91	<comp5111.assignment.cut.Subject$StringAlgorithms: java.lang.Number parseNumber(java.lang.String)>	if lastChar != 68 goto $stack82 = new java.lang.NumberFormatException	293
<comp5111.assignment.cut.Subject$StringAlgorithms: java.lang.Number parseNumber(java.lang.String)> ::: 92	<comp5111.assignment.cut.Subject$StringAlgorithms: java.lang.Number parseNumber(java.lang.String)>	$stack77 = new java.math.BigDecimal	294
<comp5111.assignment.cut.Subject$StringAlgorithms: java.lang.Number parseNumber(java.lang.String)> ::: 93	<comp5111.assignment.cut.Subject$StringAlgorithms: java.lang.Number parseNumber(java.lang.String)>	specialinvoke $stack77.<java.math.BigDecimal: void <init>(java.lang.String)>(numeric)	294
<comp5111.assignment.cut.Subject$StringAlgorithms: java.lang.Number parseNumber(java.lang.String)> ::: 94	<comp5111.assignment.cut.Subject$StringAlgorithms: java.lang.Number parseNumber(java.lang.String)>	res#34 = $stack77	294
<comp5111.assignment.cut.Subject$StringAlgorithms: java.lang.Number parseNumber(java.lang.String)> ::: 95	<comp5111.assignment.cut.Subject$StringAlgorithms: java.lang.Number parseNumber(java.lang.String)>	$stack78 = virtualinvoke res#34.<java.math.BigDecimal: double doubleValue()>()	295
<comp5111.assignment.cut.Subject$StringAlgorithms: java.lang.Number parseNumber(java.lang.String)> ::: 96	<comp5111.assignment.cut.Subject$StringAlgorithms: java.lang.Number parseNumber(java.lang.String)>	$stack79 = staticinvoke <java.math.BigDecimal: java.math.BigDecimal valueOf(double)>($stack78)	295
<comp5111.assignment.cut.Subject$StringAlgorithms: java.lang.Number parseNumber(java.lang.String)> ::: 97	<comp5111.assignment.cut.Subject$StringAlgorithms: java.lang.Number parseNumber(java.lang.String)>	if res#34 != $stack79 goto return res#34	295
<comp5111.assignment.cut.Subject$StringAlgorithms: java.lang.Number parseNumber(java.lang.String)> ::: 98	<comp5111.assignment.cut.Subject$StringAlgorithms: java.lang.Number parseNumber(java.lang.String)>	$stack80 = virtualinvoke res#34.<java.math.BigDecimal: double doubleValue()>()	296
<comp5111.assignment.cut.Subject$StringAlgorithms: java.lang.Number parseNumber(java.lang.String)> ::: 99	<comp5111.assignment.cut.Subject$StringAlgorithms: java.lang.Number parseNumber(java.lang.String)>	$stack81 = staticinvoke <java.lang.Double: java.lang.Double valueOf(double)>($stack80)	296
<comp5111.assignment.cut.Subject$StringAlgorithms: java.lang.Number parseNumber(java.lang.String)> ::: 100	<comp5111.assignment.cut.Subject$StringAlgorithms: java.lang.Number parseNumber(java.lang.String)>	return $stack81	296
<comp5111.assignment.cut.Subject$StringAlgorithms: java.lang.Number parseNumber(java.lang.String)> ::: 101	<comp5111.assignment.cut.Subject$StringAlgorithms: java.lang.Number parseNumber(java.lang.String)>	return res#34	297
<comp5111.assignment.cut.Subject$StringAlgorithms: java.lang.Number parseNumber(java.lang.String)> ::: 102	<comp5111.assignment.cut.Subject$StringAlgorithms: java.lang.Number parseNumber(java.lang.String)>	$stack82 = new java.lang.NumberFormatException	299
<comp5111.assignment.cut.Subject$StringAlgorithms: java.lang.Number parseNumber(java.lang.String)> ::: 103	<comp5111.assignment.cut.Subject$StringAlgorithms: java.lang.Number parseNumber(java.lang.String)>	specialinvoke $stack82.<java.lang.NumberFormatException: void <init>(java.lang.String)>(val)	299
<comp5111.assignment.cut.Subject$StringAlgorithms: java.lang.Number parseNumber(java.lang.String)> ::: 104	<comp5111.assignment.cut.Subject$StringAlgorithms: java.lang.Number parseNumber(java.lang.String)>	throw $stack82	299
<comp5111.assignment.cut.Subject$StringAlgorithms: java.lang.Number parseNumber(java.lang.String)> ::: 105	<comp5111.assignment.cut.Subject$StringAlgorithms: java.lang.Number parseNumber(java.lang.String)>	if expPos <= -1 goto exp = null	302
<comp5111.assignment.cut.Subject$StringAlgorithms: java.lang.Number parseNumber(java.lang.String)> ::: 106	<comp5111.assignment.cut.Subject$StringAlgorithms: java.lang.Number parseNumber(java.lang.String)>	$stack46 = virtualinvoke val.<java.lang.String: int length()>()	302
<comp5111.assignment.cut.Subject$StringAlgorithms: java.lang.Number parseNumber(java.lang.String)> ::: 107	<comp5111.assignment.cut.Subject$StringAlgorithms: java.lang.Number parseNumber(java.lang.String)>	$stack47 = $stack46 - 1	302
<comp5111.assignment.cut.Subject$StringAlgorithms: java.lang.Number parseNumber(java.lang.String)> ::: 108	<comp5111.assignment.cut.Subject$StringAlgorithms: java.lang.Number parseNumber(java.lang.String)>	if expPos >= $stack47 goto exp = null	302
<comp5111.assignment.cut.Subject$StringAlgorithms: java.lang.Number parseNumber(java.lang.String)> ::: 109	<comp5111.assignment.cut.Subject$StringAlgorithms: java.lang.Number parseNumber(java.lang.String)>	$stack50 = expPos + 1	303
<comp5111.assignment.cut.Subject$StringAlgorithms: java.lang.Number parseNumber(java.lang.String)> ::: 110	<comp5111.assignment.cut.Subject$StringAlgorithms: java.lang.Number parseNumber(java.lang.String)>	exp = virtualinvoke val.<java.lang.String: java.lang.String substring(int)>($stack50)	303
<comp5111.assignment.cut.Subject$StringAlgorithms: java.lang.Number parseNumber(java.lang.String)> ::: 111	<comp5111.assignment.cut.Subject$StringAlgorithms: java.lang.Number parseNumber(java.lang.String)>	goto [?= (branch)]	304
<comp5111.assignment.cut.Subject$StringAlgorithms: java.lang.Number parseNumber(java.lang.String)> ::: 112	<comp5111.assignment.cut.Subject$StringAlgorithms: java.lang.Number parseNumber(java.lang.String)>	exp = null	305
<comp5111.assignment.cut.Subject$StringAlgorithms: java.lang.Number parseNumber(java.lang.String)> ::: 113	<comp5111.assignment.cut.Subject$StringAlgorithms: java.lang.Number parseNumber(java.lang.String)>	if dec != null goto $stack23 = new java.math.BigDecimal	306
<comp5111.assignment.cut.Subject$StringAlgorithms: java.lang.Number parseNumber(java.lang.String)> ::: 114	<comp5111.assignment.cut.Subject$StringAlgorithms: java.lang.Number parseNumber(java.lang.String)>	if exp != null goto $stack23 = new java.math.BigDecimal	306
<comp5111.assignment.cut.Subject$StringAlgorithms: java.lang.Number parseNumber(java.lang.String)> ::: 115	<comp5111.assignment.cut.Subject$StringAlgorithms: java.lang.Number parseNumber(java.lang.String)>	$stack36 = new java.math.BigInteger	308
<comp5111.assignment.cut.Subject$StringAlgorithms: java.lang.Number parseNumber(java.lang.String)> ::: 116	<comp5111.assignment.cut.Subject$StringAlgorithms: java.lang.Number parseNumber(java.lang.String)>	specialinvoke $stack36.<java.math.BigInteger: void <init>(java.lang.String)>(val)	308
<comp5111.assignment.cut.Subject$StringAlgorithms: java.lang.Number parseNumber(java.lang.String)> ::: 117	<comp5111.assignment.cut.Subject$StringAlgorithms: java.lang.Number parseNumber(java.lang.String)>	numeric#38 = $stack36	308
<comp5111.assignment.cut.Subject$StringAlgorithms: java.lang.Number parseNumber(java.lang.String)> ::: 118	<comp5111.assignment.cut.Subject$StringAlgorithms: java.lang.Number parseNumber(java.lang.String)>	$stack37 = virtualinvoke numeric#38.<java.math.BigInteger: int intValue()>()	309
<comp5111.assignment.cut.Subject$StringAlgorithms: java.lang.Number parseNumber(java.lang.String)> ::: 119	<comp5111.assignment.cut.Subject$StringAlgorithms: java.lang.Number parseNumber(java.lang.String)>	$stack38 = (long) $stack37	309
<comp5111.assignment.cut.Subject$StringAlgorithms: java.lang.Number parseNumber(java.lang.String)> ::: 120	<comp5111.assignment.cut.Subject$StringAlgorithms: java.lang.Number parseNumber(java.lang.String)>	$stack39 = staticinvoke <java.math.BigInteger: java.math.BigInteger valueOf(long)>($stack38)	309
<comp5111.assignment.cut.Subject$StringAlgorithms: java.lang.Number parseNumber(java.lang.String)> ::: 121	<comp5111.assignment.cut.Subject$StringAlgorithms: java.lang.Number parseNumber(java.lang.String)>	if numeric#38 != $stack39 goto $stack40 = virtualinvoke numeric#38.<java.math.BigInteger: long longValue()>()	309
<comp5111.assignment.cut.Subject$StringAlgorithms: java.lang.Number parseNumber(java.lang.String)> ::: 122	<comp5111.assignment.cut.Subject$StringAlgorithms: java.lang.Number parseNumber(java.lang.String)>	$stack44 = virtualinvoke numeric#38.<java.math.BigInteger: int intValue()>()	310
<comp5111.assignment.cut.Subject$StringAlgorithms: java.lang.Number parseNumber(java.lang.String)> ::: 123	<comp5111.assignment.cut.Subject$StringAlgorithms: java.lang.Number parseNumber(java.lang.String)>	$stack45 = staticinvoke <java.lang.Integer: java.lang.Integer valueOf(int)>($stack44)	310
<comp5111.assignment.cut.Subject$StringAlgorithms: java.lang.Number parseNumber(java.lang.String)> ::: 124	<comp5111.assignment.cut.Subject$StringAlgorithms: java.lang.Number parseNumber(java.lang.String)>	return $stack45	310
<comp5111.assignment.cut.Subject$StringAlgorithms: java.lang.Number parseNumber(java.lang.String)> ::: 125	<comp5111.assignment.cut.Subject$StringAlgorithms: java.lang.Number parseNumber(java.lang.String)>	$stack40 = virtualinvoke numeric#38.<java.math.BigInteger: long longValue()>()	311
<comp5111.assignment.cut.Subject$StringAlgorithms: java.lang.Number parseNumber(java.lang.String)> ::: 126	<comp5111.assignment.cut.Subject$StringAlgorithms: java.lang.Number parseNumber(java.lang.String)>	$stack41 = staticinvoke <java.math.BigInteger: java.math.BigInteger valueOf(long)>($stack40)	311
<comp5111.assignment.cut.Subject$StringAlgorithms: java.lang.Number parseNumber(java.lang.String)> ::: 127	<comp5111.assignment.cut.Subject$StringAlgorithms: java.lang.Number parseNumber(java.lang.String)>	if numeric#38 != $stack41 goto return numeric#38	311
<comp5111.assignment.cut.Subject$StringAlgorithms: java.lang.Number parseNumber(java.lang.String)> ::: 128	<comp5111.assignment.cut.Subject$StringAlgorithms: java.lang.Number parseNumber(java.lang.String)>	$stack42 = virtualinvoke numeric#38.<java.math.BigInteger: long longValue()>()	312
<comp5111.assignment.cut.Subject$StringAlgorithms: java.lang.Number parseNumber(java.lang.String)> ::: 129	<comp5111.assignment.cut.Subject$StringAlgorithms: java.lang.Number parseNumber(java.lang.String)>	$stack43 = staticinvoke <java.lang.Long: java.lang.Long valueOf(long)>($stack42)	312
<comp5111.assignment.cut.Subject$StringAlgorithms: java.lang.Number parseNumber(java.lang.String)> ::: 130	<comp5111.assignment.cut.Subject$StringAlgorithms: java.lang.Number parseNumber(java.lang.String)>	return $stack43	312
<comp5111.assignment.cut.Subject$StringAlgorithms: java.lang.Number parseNumber(java.lang.String)> ::: 131	<comp5111.assignment.cut.Subject$StringAlgorithms: java.lang.Number parseNumber(java.lang.String)>	return numeric#38	313
<comp5111.assignment.cut.Subject$StringAlgorithms: java.lang.Number parseNumber(java.lang.String)> ::: 132	<comp5111.assignment.cut.Subject$StringAlgorithms: java.lang.Number parseNumber(java.lang.String)>	$stack23 = new java.math.BigDecimal	316
<comp5111.assignment.cut.Subject$StringAlgorithms: java.lang.Number parseNumber(java.lang.String)> ::: 133	<comp5111.assignment.cut.Subject$StringAlgorithms: java.lang.Number parseNumber(java.lang.String)>	specialinvoke $stack23.<java.math.BigDecimal: void <init>(java.lang.String)>(val)	316
<comp5111.assignment.cut.Subject$StringAlgorithms: java.lang.Number parseNumber(java.lang.String)> ::: 134	<comp5111.assignment.cut.Subject$StringAlgorithms: java.lang.Number parseNumber(java.lang.String)>	numeric#39 = $stack23	316
<comp5111.assignment.cut.Subject$StringAlgorithms: java.lang.Number parseNumber(java.lang.String)> ::: 135	<comp5111.assignment.cut.Subject$StringAlgorithms: java.lang.Number parseNumber(java.lang.String)>	$stack24 = virtualinvoke numeric#39.<java.math.BigDecimal: float floatValue()>()	317
<comp5111.assignment.cut.Subject$StringAlgorithms: java.lang.Number parseNumber(java.lang.String)> ::: 136	<comp5111.assignment.cut.Subject$StringAlgorithms: java.lang.Number parseNumber(java.lang.String)>	$stack25 = (double) $stack24	317
<comp5111.assignment.cut.Subject$StringAlgorithms: java.lang.Number parseNumber(java.lang.String)> ::: 137	<comp5111.assignment.cut.Subject$StringAlgorithms: java.lang.Number parseNumber(java.lang.String)>	$stack26 = staticinvoke <java.math.BigDecimal: java.math.BigDecimal valueOf(double)>($stack25)	317
<comp5111.assignment.cut.Subject$StringAlgorithms: java.lang.Number parseNumber(java.lang.String)> ::: 138	<comp5111.assignment.cut.Subject$StringAlgorithms: java.lang.Number parseNumber(java.lang.String)>	if numeric#39 != $stack26 goto $stack27 = virtualinvoke numeric#39.<java.math.BigDecimal: double doubleValue()>()	317
<comp5111.assignment.cut.Subject$StringAlgorithms: java.lang.Number parseNumber(java.lang.String)> ::: 139	<comp5111.assignment.cut.Subject$StringAlgorithms: java.lang.Number parseNumber(java.lang.String)>	$stack31 = virtualinvoke numeric#39.<java.math.BigDecimal: float floatValue()>()	318
<comp5111.assignment.cut.Subject$StringAlgorithms: java.lang.Number parseNumber(java.lang.String)> ::: 140	<comp5111.assignment.cut.Subject$StringAlgorithms: java.lang.Number parseNumber(java.lang.String)>	$stack32 = staticinvoke <java.lang.Float: java.lang.Float valueOf(float)>($stack31)	318
<comp5111.assignment.cut.Subject$StringAlgorithms: java.lang.Number parseNumber(java.lang.String)> ::: 141	<comp5111.assignment.cut.Subject$StringAlgorithms: java.lang.Number parseNumber(java.lang.String)>	return $stack32	318
<comp5111.assignment.cut.Subject$StringAlgorithms: java.lang.Number parseNumber(java.lang.String)> ::: 142	<comp5111.assignment.cut.Subject$StringAlgorithms: java.lang.Number parseNumber(java.lang.String)>	$stack27 = virtualinvoke numeric#39.<java.math.BigDecimal: double doubleValue()>()	319
<comp5111.assignment.cut.Subject$StringAlgorithms: java.lang.Number parseNumber(java.lang.String)> ::: 143	<comp5111.assignment.cut.Subject$StringAlgorithms: java.lang.Number parseNumber(java.lang.String)>	$stack28 = staticinvoke <java.math.BigDecimal: java.math.BigDecimal valueOf(double)>($stack27)	319
<comp5111.assignment.cut.Subject$StringAlgorithms: java.lang.Number parseNumber(java.lang.String)> ::: 144	<comp5111.assignment.cut.Subject$StringAlgorithms: java.lang.Number parseNumber(java.lang.String)>	if numeric#39 != $stack28 goto return numeric#39	319
<comp5111.assignment.cut.Subject$StringAlgorithms: java.lang.Number parseNumber(java.lang.String)> ::: 145	<comp5111.assignment.cut.Subject$StringAlgorithms: java.lang.Number parseNumber(java.lang.String)>	$stack29 = virtualinvoke numeric#39.<java.math.BigDecimal: double doubleValue()>()	320
<comp5111.assignment.cut.Subject$StringAlgorithms: java.lang.Number parseNumber(java.lang.String)> ::: 146	<comp5111.assignment.cut.Subject$StringAlgorithms: java.lang.Number parseNumber(java.lang.String)>	$stack30 = staticinvoke <java.lang.Double: java.lang.Double valueOf(double)>($stack29)	320
<comp5111.assignment.cut.Subject$StringAlgorithms: java.lang.Number parseNumber(java.lang.String)> ::: 147	<comp5111.assignment.cut.Subject$StringAlgorithms: java.lang.Number parseNumber(java.lang.String)>	return $stack30	320
<comp5111.assignment.cut.Subject$StringAlgorithms: java.lang.Number parseNumber(java.lang.String)> ::: 148	<comp5111.assignment.cut.Subject$StringAlgorithms: java.lang.Number parseNumber(java.lang.String)>	return numeric#39	321
<comp5111.assignment.cut.Subject$StringAlgorithms: int extractIntInStr(java.lang.String)> ::: 1	<comp5111.assignment.cut.Subject$StringAlgorithms: int extractIntInStr(java.lang.String)>	if str == null goto return 0	337
<comp5111.assignment.cut.Subject$StringAlgorithms: int extractIntInStr(java.lang.String)> ::: 2	<comp5111.assignment.cut.Subject$StringAlgorithms: int extractIntInStr(java.lang.String)>	$stack4 = virtualinvoke str.<java.lang.String: int length()>()	337
<comp5111.assignment.cut.Subject$StringAlgorithms: int extractIntInStr(java.lang.String)> ::: 3	<comp5111.assignment.cut.Subject$StringAlgorithms: int extractIntInStr(java.lang.String)>	if $stack4 >= 1 goto num = 0	337
<comp5111.assignment.cut.Subject$StringAlgorithms: int extractIntInStr(java.lang.String)> ::: 4	<comp5111.assignment.cut.Subject$StringAlgorithms: int extractIntInStr(java.lang.String)>	return 0	338
<comp5111.assignment.cut.Subject$StringAlgorithms: int extractIntInStr(java.lang.String)> ::: 5	<comp5111.assignment.cut.Subject$StringAlgorithms: int extractIntInStr(java.lang.String)>	num = 0	340
<comp5111.assignment.cut.Subject$StringAlgorithms: int extractIntInStr(java.lang.String)> ::: 6	<comp5111.assignment.cut.Subject$StringAlgorithms: int extractIntInStr(java.lang.String)>	i = 0	341
<comp5111.assignment.cut.Subject$StringAlgorithms: int extractIntInStr(java.lang.String)> ::: 7	<comp5111.assignment.cut.Subject$StringAlgorithms: int extractIntInStr(java.lang.String)>	goto [?= $stack5 = virtualinvoke str.<java.lang.String: int length()>()]	341
<comp5111.assignment.cut.Subject$StringAlgorithms: int extractIntInStr(java.lang.String)> ::: 8	<comp5111.assignment.cut.Subject$StringAlgorithms: int extractIntInStr(java.lang.String)>	ch = virtualinvoke str.<java.lang.String: char charAt(int)>(i)	342
<comp5111.assignment.cut.Subject$StringAlgorithms: int extractIntInStr(java.lang.String)> ::: 9	<comp5111.assignment.cut.Subject$StringAlgorithms: int extractIntInStr(java.lang.String)>	if ch < 48 goto return num	343
<comp5111.assignment.cut.Subject$StringAlgorithms: int extractIntInStr(java.lang.String)> ::: 10	<comp5111.assignment.cut.Subject$StringAlgorithms: int extractIntInStr(java.lang.String)>	if ch <= 57 goto $stack8 = num * 10	343
<comp5111.assignment.cut.Subject$StringAlgorithms: int extractIntInStr(java.lang.String)> ::: 11	<comp5111.assignment.cut.Subject$StringAlgorithms: int extractIntInStr(java.lang.String)>	return num	344
<comp5111.assignment.cut.Subject$StringAlgorithms: int extractIntInStr(java.lang.String)> ::: 12	<comp5111.assignment.cut.Subject$StringAlgorithms: int extractIntInStr(java.lang.String)>	$stack8 = num * 10	346
<comp5111.assignment.cut.Subject$StringAlgorithms: int extractIntInStr(java.lang.String)> ::: 13	<comp5111.assignment.cut.Subject$StringAlgorithms: int extractIntInStr(java.lang.String)>	$stack7 = ch - 48	346
<comp5111.assignment.cut.Subject$StringAlgorithms: int extractIntInStr(java.lang.String)> ::: 14	<comp5111.assignment.cut.Subject$StringAlgorithms: int extractIntInStr(java.lang.String)>	num = $stack8 + $stack7	346
<comp5111.assignment.cut.Subject$StringAlgorithms: int extractIntInStr(java.lang.String)> ::: 15	<comp5111.assignment.cut.Subject$StringAlgorithms: int extractIntInStr(java.lang.String)>	i = i + 1	341
<comp5111.assignment.cut.Subject$StringAlgorithms: int extractIntInStr(java.lang.String)> ::: 16	<comp5111.assignment.cut.Subject$StringAlgorithms: int extractIntInStr(java.lang.String)>	$stack5 = virtualinvoke str.<java.lang.String: int length()>()	341
<comp5111.assignment.cut.Subject$StringAlgorithms: int extractIntInStr(java.lang.String)> ::: 17	<comp5111.assignment.cut.Subject$StringAlgorithms: int extractIntInStr(java.lang.String)>	if i < $stack5 goto staticinvoke <comp5111.assignment.CoverageRuntime: void hit(java.lang.String)>("<comp5111.assignment.cut.Subject$StringAlgorithms: int extractIntInStr(java.lang.String)> ::: 8")	341
<comp5111.assignment.cut.Subject$StringAlgorithms: int extractIntInStr(java.lang.String)> ::: 18	<comp5111.assignment.cut.Subject$StringAlgorithms: int extractIntInStr(java.lang.String)>	return num	349
<comp5111.assignment.cut.Subject$StringAlgorithms: int[] getVersionNo(java.lang.String)> ::: 1	<comp5111.assignment.cut.Subject$StringAlgorithms: int[] getVersionNo(java.lang.String)>	if versionString == null goto return null	362
<comp5111.assignment.cut.Subject$StringAlgorithms: int[] getVersionNo(java.lang.String)> ::: 2	<comp5111.assignment.cut.Subject$StringAlgorithms: int[] getVersionNo(java.lang.String)>	$stack6 = virtualinvoke versionString.<java.lang.String: int length()>()	362
<comp5111.assignment.cut.Subject$StringAlgorithms: int[] getVersionNo(java.lang.String)> ::: 3	<comp5111.assignment.cut.Subject$StringAlgorithms: int[] getVersionNo(java.lang.String)>	if $stack6 >= 1 goto vernos = newarray (int)[4]	362
<comp5111.assignment.cut.Subject$StringAlgorithms: int[] getVersionNo(java.lang.String)> ::: 4	<comp5111.assignment.cut.Subject$StringAlgorithms: int[] getVersionNo(java.lang.String)>	return null	363
<comp5111.assignment.cut.Subject$StringAlgorithms: int[] getVersionNo(java.lang.String)> ::: 5	<comp5111.assignment.cut.Subject$StringAlgorithms: int[] getVersionNo(java.lang.String)>	vernos = newarray (int)[4]	365
<comp5111.assignment.cut.Subject$StringAlgorithms: int[] getVersionNo(java.lang.String)> ::: 6	<comp5111.assignment.cut.Subject$StringAlgorithms: int[] getVersionNo(java.lang.String)>	vernos[3] = 0	366
<comp5111.assignment.cut.Subject$StringAlgorithms: int[] getVersionNo(java.lang.String)> ::: 7	<comp5111.assignment.cut.Subject$StringAlgorithms: int[] getVersionNo(java.lang.String)>	vernos[2] = 0	366
<comp5111.assignment.cut.Subject$StringAlgorithms: int[] getVersionNo(java.lang.String)> ::: 8	<comp5111.assignment.cut.Subject$StringAlgorithms: int[] getVersionNo(java.lang.String)>	vernos[1] = 0	366
<comp5111.assignment.cut.Subject$StringAlgorithms: int[] getVersionNo(java.lang.String)> ::: 9	<comp5111.assignment.cut.Subject$StringAlgorithms: int[] getVersionNo(java.lang.String)>	vernos[0] = 0	366
<comp5111.assignment.cut.Subject$StringAlgorithms: int[] getVersionNo(java.lang.String)> ::: 10	<comp5111.assignment.cut.Subject$StringAlgorithms: int[] getVersionNo(java.lang.String)>	index = 0	367
<comp5111.assignment.cut.Subject$StringAlgorithms: int[] getVersionNo(java.lang.String)> ::: 11	<comp5111.assignment.cut.Subject$StringAlgorithms: int[] getVersionNo(java.lang.String)>	cur = 0	367
<comp5111.assignment.cut.Subject$StringAlgorithms: int[] getVersionNo(java.lang.String)> ::: 12	<comp5111.assignment.cut.Subject$StringAlgorithms: int[] getVersionNo(java.lang.String)>	if index <= 3 goto pos = virtualinvoke versionString.<java.lang.String: int indexOf(int,int)>(46, cur)	369
<comp5111.assignment.cut.Subject$StringAlgorithms: int[] getVersionNo(java.lang.String)> ::: 13	<comp5111.assignment.cut.Subject$StringAlgorithms: int[] getVersionNo(java.lang.String)>	return null	370
<comp5111.assignment.cut.Subject$StringAlgorithms: int[] getVersionNo(java.lang.String)> ::: 14	<comp5111.assignment.cut.Subject$StringAlgorithms: int[] getVersionNo(java.lang.String)>	pos = virtualinvoke versionString.<java.lang.String: int indexOf(int,int)>(46, cur)	372
<comp5111.assignment.cut.Subject$StringAlgorithms: int[] getVersionNo(java.lang.String)> ::: 15	<comp5111.assignment.cut.Subject$StringAlgorithms: int[] getVersionNo(java.lang.String)>	if pos != -1 goto (branch)	373
<comp5111.assignment.cut.Subject$StringAlgorithms: int[] getVersionNo(java.lang.String)> ::: 16	<comp5111.assignment.cut.Subject$StringAlgorithms: int[] getVersionNo(java.lang.String)>	segment = virtualinvoke versionString.<java.lang.String: java.lang.String substring(int)>(cur)	374
<comp5111.assignment.cut.Subject$StringAlgorithms: int[] getVersionNo(java.lang.String)> ::: 17	<comp5111.assignment.cut.Subject$StringAlgorithms: int[] getVersionNo(java.lang.String)>	goto [?= $stack9 = staticinvoke <comp5111.assignment.cut.Subject$StringAlgorithms: int extractIntInStr(java.lang.String)>(segment)]	375
<comp5111.assignment.cut.Subject$StringAlgorithms: int[] getVersionNo(java.lang.String)> ::: 18	<comp5111.assignment.cut.Subject$StringAlgorithms: int[] getVersionNo(java.lang.String)>	if cur >= pos goto return null	373
<comp5111.assignment.cut.Subject$StringAlgorithms: int[] getVersionNo(java.lang.String)> ::: 19	<comp5111.assignment.cut.Subject$StringAlgorithms: int[] getVersionNo(java.lang.String)>	segment = virtualinvoke versionString.<java.lang.String: java.lang.String substring(int,int)>(cur, pos)	376
<comp5111.assignment.cut.Subject$StringAlgorithms: int[] getVersionNo(java.lang.String)> ::: 20	<comp5111.assignment.cut.Subject$StringAlgorithms: int[] getVersionNo(java.lang.String)>	goto [?= $stack9 = staticinvoke <comp5111.assignment.cut.Subject$StringAlgorithms: int extractIntInStr(java.lang.String)>(segment)]	377
<comp5111.assignment.cut.Subject$StringAlgorithms: int[] getVersionNo(java.lang.String)> ::: 21	<comp5111.assignment.cut.Subject$StringAlgorithms: int[] getVersionNo(java.lang.String)>	return null	373
<comp5111.assignment.cut.Subject$StringAlgorithms: int[] getVersionNo(java.lang.String)> ::: 22	<comp5111.assignment.cut.Subject$StringAlgorithms: int[] getVersionNo(java.lang.String)>	$stack9 = staticinvoke <comp5111.assignment.cut.Subject$StringAlgorithms: int extractIntInStr(java.lang.String)>(segment)	378
<comp5111.assignment.cut.Subject$StringAlgorithms: int[] getVersionNo(java.lang.String)> ::: 23	<comp5111.assignment.cut.Subject$StringAlgorithms: int[] getVersionNo(java.lang.String)>	vernos[index] = $stack9	378
<comp5111.assignment.cut.Subject$StringAlgorithms: int[] getVersionNo(java.lang.String)> ::: 24	<comp5111.assignment.cut.Subject$StringAlgorithms: int[] getVersionNo(java.lang.String)>	cur = pos + 1	379
<comp5111.assignment.cut.Subject$StringAlgorithms: int[] getVersionNo(java.lang.String)> ::: 25	<comp5111.assignment.cut.Subject$StringAlgorithms: int[] getVersionNo(java.lang.String)>	index = index + 1	380
<comp5111.assignment.cut.Subject$StringAlgorithms: int[] getVersionNo(java.lang.String)> ::: 26	<comp5111.assignment.cut.Subject$StringAlgorithms: int[] getVersionNo(java.lang.String)>	if pos > 0 goto staticinvoke <comp5111.assignment.CoverageRuntime: void hit(java.lang.String)>("<comp5111.assignment.cut.Subject$StringAlgorithms: int[] getVersionNo(java.lang.String)> ::: 12")	369
<comp5111.assignment.cut.Subject$StringAlgorithms: int[] getVersionNo(java.lang.String)> ::: 27	<comp5111.assignment.cut.Subject$StringAlgorithms: int[] getVersionNo(java.lang.String)>	return vernos	382
<comp5111.assignment.cut.Subject$StringAlgorithms: java.lang.String padLeft(java.lang.String,short,char)> ::: 3	<comp5111.assignment.cut.Subject$StringAlgorithms: java.lang.String padLeft(java.lang.String,short,char)>	if str != null goto $stack6 = virtualinvoke str.<java.lang.String: int length()>()	395
<comp5111.assignment.cut.Subject$StringAlgorithms: java.lang.String padLeft(java.lang.String,short,char)> ::: 4	<comp5111.assignment.cut.Subject$StringAlgorithms: java.lang.String padLeft(java.lang.String,short,char)>	str = ""	396
<comp5111.assignment.cut.Subject$StringAlgorithms: java.lang.String padLeft(java.lang.String,short,char)> ::: 5	<comp5111.assignment.cut.Subject$StringAlgorithms: java.lang.String padLeft(java.lang.String,short,char)>	$stack6 = virtualinvoke str.<java.lang.String: int length()>()	397
<comp5111.assignment.cut.Subject$StringAlgorithms: java.lang.String padLeft(java.lang.String,short,char)> ::: 6	<comp5111.assignment.cut.Subject$StringAlgorithms: java.lang.String padLeft(java.lang.String,short,char)>	pad = length - $stack6	397
<comp5111.assignment.cut.Subject$StringAlgorithms: java.lang.String padLeft(java.lang.String,short,char)> ::: 7	<comp5111.assignment.cut.Subject$StringAlgorithms: java.lang.String padLeft(java.lang.String,short,char)>	if pad > 0 goto $stack7 = new java.lang.StringBuilder	398
<comp5111.assignment.cut.Subject$StringAlgorithms: java.lang.String padLeft(java.lang.String,short,char)> ::: 8	<comp5111.assignment.cut.Subject$StringAlgorithms: java.lang.String padLeft(java.lang.String,short,char)>	return str	399
<comp5111.assignment.cut.Subject$StringAlgorithms: java.lang.String padLeft(java.lang.String,short,char)> ::: 9	<comp5111.assignment.cut.Subject$StringAlgorithms: java.lang.String padLeft(java.lang.String,short,char)>	$stack7 = new java.lang.StringBuilder	400
<comp5111.assignment.cut.Subject$StringAlgorithms: java.lang.String padLeft(java.lang.String,short,char)> ::: 10	<comp5111.assignment.cut.Subject$StringAlgorithms: java.lang.String padLeft(java.lang.String,short,char)>	specialinvoke $stack7.<java.lang.StringBuilder: void <init>()>()	400
<comp5111.assignment.cut.Subject$StringAlgorithms: java.lang.String padLeft(java.lang.String,short,char)> ::: 11	<comp5111.assignment.cut.Subject$StringAlgorithms: java.lang.String padLeft(java.lang.String,short,char)>	sb = $stack7	400
<comp5111.assignment.cut.Subject$StringAlgorithms: java.lang.String padLeft(java.lang.String,short,char)> ::: 12	<comp5111.assignment.cut.Subject$StringAlgorithms: java.lang.String padLeft(java.lang.String,short,char)>	i = 0	401
<comp5111.assignment.cut.Subject$StringAlgorithms: java.lang.String padLeft(java.lang.String,short,char)> ::: 13	<comp5111.assignment.cut.Subject$StringAlgorithms: java.lang.String padLeft(java.lang.String,short,char)>	goto [?= (branch)]	401
<comp5111.assignment.cut.Subject$StringAlgorithms: java.lang.String padLeft(java.lang.String,short,char)> ::: 14	<comp5111.assignment.cut.Subject$StringAlgorithms: java.lang.String padLeft(java.lang.String,short,char)>	virtualinvoke sb.<java.lang.StringBuilder: java.lang.StringBuilder append(char)>(padChar)	402
<comp5111.assignment.cut.Subject$StringAlgorithms: java.lang.String padLeft(java.lang.String,short,char)> ::: 15	<comp5111.assignment.cut.Subject$StringAlgorithms: java.lang.String padLeft(java.lang.String,short,char)>	i = i + 1	401
<comp5111.assignment.cut.Subject$StringAlgorithms: java.lang.String padLeft(java.lang.String,short,char)> ::: 16	<comp5111.assignment.cut.Subject$StringAlgorithms: java.lang.String padLeft(java.lang.String,short,char)>	if i < pad goto staticinvoke <comp5111.assignment.CoverageRuntime: void hit(java.lang.String)>("<comp5111.assignment.cut.Subject$StringAlgorithms: java.lang.String padLeft(java.lang.String,short,char)> ::: 14")	401
<comp5111.assignment.cut.Subject$StringAlgorithms: java.lang.String padLeft(java.lang.String,short,char)> ::: 17	<comp5111.assignment.cut.Subject$StringAlgorithms: java.lang.String padLeft(java.lang.String,short,char)>	virtualinvoke sb.<java.lang.StringBuilder: java.lang.StringBuilder append(java.lang.String)>(str)	403
<comp5111.assignment.cut.Subject$StringAlgorithms: java.lang.String padLeft(java.lang.String,short,char)> ::: 18	<comp5111.assignment.cut.Subject$StringAlgorithms: java.lang.String padLeft(java.lang.String,short,char)>	$stack12 = virtualinvoke sb.<java.lang.StringBuilder: java.lang.String toString()>()	404
<comp5111.assignment.cut.Subject$StringAlgorithms: java.lang.String padLeft(java.lang.String,short,char)> ::: 19	<comp5111.assignment.cut.Subject$StringAlgorithms: java.lang.String padLeft(java.lang.String,short,char)>	return $stack12	404
<comp5111.assignment.cut.Subject$StringAlgorithms: java.lang.String padRight(java.lang.String,short,char)> ::: 3	<comp5111.assignment.cut.Subject$StringAlgorithms: java.lang.String padRight(java.lang.String,short,char)>	if str != null goto $stack6 = virtualinvoke str.<java.lang.String: int length()>()	417
<comp5111.assignment.cut.Subject$StringAlgorithms: java.lang.String padRight(java.lang.String,short,char)> ::: 4	<comp5111.assignment.cut.Subject$StringAlgorithms: java.lang.String padRight(java.lang.String,short,char)>	str = ""	418
<comp5111.assignment.cut.Subject$StringAlgorithms: java.lang.String padRight(java.lang.String,short,char)> ::: 5	<comp5111.assignment.cut.Subject$StringAlgorithms: java.lang.String padRight(java.lang.String,short,char)>	$stack6 = virtualinvoke str.<java.lang.String: int length()>()	419
<comp5111.assignment.cut.Subject$StringAlgorithms: java.lang.String padRight(java.lang.String,short,char)> ::: 6	<comp5111.assignment.cut.Subject$StringAlgorithms: java.lang.String padRight(java.lang.String,short,char)>	pad = length - $stack6	419
<comp5111.assignment.cut.Subject$StringAlgorithms: java.lang.String padRight(java.lang.String,short,char)> ::: 7	<comp5111.assignment.cut.Subject$StringAlgorithms: java.lang.String padRight(java.lang.String,short,char)>	if pad > 0 goto $stack7 = new java.lang.StringBuilder	420
<comp5111.assignment.cut.Subject$StringAlgorithms: java.lang.String padRight(java.lang.String,short,char)> ::: 8	<comp5111.assignment.cut.Subject$StringAlgorithms: java.lang.String padRight(java.lang.String,short,char)>	return str	421
<comp5111.assignment.cut.Subject$StringAlgorithms: java.lang.String padRight(java.lang.String,short,char)> ::: 9	<comp5111.assignment.cut.Subject$StringAlgorithms: java.lang.String padRight(java.lang.String,short,char)>	$stack7 = new java.lang.StringBuilder	422
<comp5111.assignment.cut.Subject$StringAlgorithms: java.lang.String padRight(java.lang.String,short,char)> ::: 10	<comp5111.assignment.cut.Subject$StringAlgorithms: java.lang.String padRight(java.lang.String,short,char)>	specialinvoke $stack7.<java.lang.StringBuilder: void <init>(java.lang.String)>(str)	422
<comp5111.assignment.cut.Subject$StringAlgorithms: java.lang.String padRight(java.lang.String,short,char)> ::: 11	<comp5111.assignment.cut.Subject$StringAlgorithms: java.lang.String padRight(java.lang.String,short,char)>	sb = $stack7	422
<comp5111.assignment.cut.Subject$StringAlgorithms: java.lang.String padRight(java.lang.String,short,char)> ::: 12	<comp5111.assignment.cut.Subject$StringAlgorithms: java.lang.String padRight(java.lang.String,short,char)>	i = 0	423
<comp5111.assignment.cut.Subject$StringAlgorithms: java.lang.String padRight(java.lang.String,short,char)> ::: 13	<comp5111.assignment.cut.Subject$StringAlgorithms: java.lang.String padRight(java.lang.String,short,char)>	goto [?= (branch)]	423
<comp5111.assignment.cut.Subject$StringAlgorithms: java.lang.String padRight(java.lang.String,short,char)> ::: 14	<comp5111.assignment.cut.Subject$StringAlgorithms: java.lang.String padRight(java.lang.String,short,char)>	virtualinvoke sb.<java.lang.StringBuilder: java.lang.StringBuilder append(char)>(padChar)	424
<comp5111.assignment.cut.Subject$StringAlgorithms: java.lang.String padRight(java.lang.String,short,char)> ::: 15	<comp5111.assignment.cut.Subject$StringAlgorithms: java.lang.String padRight(java.lang.String,short,char)>	i = i + 1	423
<comp5111.assignment.cut.Subject$StringAlgorithms: java.lang.String padRight(java.lang.String,short,char)> ::: 16	<comp5111.assignment.cut.Subject$StringAlgorithms: java.lang.String padRight(java.lang.String,short,char)>	if i < pad goto staticinvoke <comp5111.assignment.CoverageRuntime: void hit(java.lang.String)>("<comp5111.assignment.cut.Subject$StringAlgorithms: java.lang.String padRight(java.lang.String,short,char)> ::: 14")	423
<comp5111.assignment.cut.Subject$StringAlgorithms: java.lang.String padRight(java.lang.String,short,char)> ::: 17	<comp5111.assignment.cut.Subject$StringAlgorithms: java.lang.String padRight(java.lang.String,short,char)>	$stack11 = virtualinvoke sb.<java.lang.StringBuilder: java.lang.String toString()>()	425
<comp5111.assignment.cut.Subject$StringAlgorithms: java.lang.String padRight(java.lang.String,short,char)> ::: 18	<comp5111.assignment.cut.Subject$StringAlgorithms: java.lang.String padRight(java.lang.String,short,char)>	return $stack11	425
